ISO-10303-21;
HEADER;
FILE_DESCRIPTION(('KiCad electronic assembly'),'2;1');
FILE_NAME('Diomedes Full.step','2026-09-08T22:21:39',('Pcbnew'),('Kicad'
    ),'Open CASCADE STEP processor 8.0','KiCad to STEP converter',
  'Unknown');
FILE_SCHEMA(('AUTOMOTIVE_DESIGN { 1 0 10303 214 1 1 1 1 }'));
ENDSEC;
DATA;
#1 = APPLICATION_PROTOCOL_DEFINITION('international standard',
  'automotive_design',2000,#2);
#2 = APPLICATION_CONTEXT(
  'core data for automotive mechanical design processes');
#3 = SHAPE_DEFINITION_REPRESENTATION(#4,#10);
#4 = PRODUCT_DEFINITION_SHAPE('','',#5);
#5 = PRODUCT_DEFINITION('design','',#6,#9);
#6 = PRODUCT_DEFINITION_FORMATION('','',#7);
#7 = PRODUCT('Diomedes Full 1','Diomedes Full 1','',(#8));
#8 = PRODUCT_CONTEXT('',#2,'mechanical');
#9 = PRODUCT_DEFINITION_CONTEXT('part definition',#2,'design');
#10 = SHAPE_REPRESENTATION('',(#11,#15,#19),#23);
#11 = AXIS2_PLACEMENT_3D('',#12,#13,#14);
#12 = CARTESIAN_POINT('',(0.,0.,0.));
#13 = DIRECTION('',(0.,0.,1.));
#14 = DIRECTION('',(1.,0.,-0.));
#15 = AXIS2_PLACEMENT_3D('',#16,#17,#18);
#16 = CARTESIAN_POINT('',(0.,0.,0.));
#17 = DIRECTION('',(0.,0.,1.));
#18 = DIRECTION('',(1.,0.,-0.));
#19 = AXIS2_PLACEMENT_3D('',#20,#21,#22);
#20 = CARTESIAN_POINT('',(0.,0.,0.));
#21 = DIRECTION('',(0.,0.,1.));
#22 = DIRECTION('',(1.,0.,-0.));
#23 = ( GEOMETRIC_REPRESENTATION_CONTEXT(3) 
GLOBAL_UNCERTAINTY_ASSIGNED_CONTEXT((#27)) GLOBAL_UNIT_ASSIGNED_CONTEXT(
(#24,#25,#26)) REPRESENTATION_CONTEXT('Context #1',
  '3D Context with UNIT and UNCERTAINTY') );
#24 = ( LENGTH_UNIT() NAMED_UNIT(*) SI_UNIT(.MILLI.,.METRE.) );
#25 = ( NAMED_UNIT(*) PLANE_ANGLE_UNIT() SI_UNIT($,.RADIAN.) );
#26 = ( NAMED_UNIT(*) SI_UNIT($,.STERADIAN.) SOLID_ANGLE_UNIT() );
#27 = UNCERTAINTY_MEASURE_WITH_UNIT(LENGTH_MEASURE(1.E-07),#24,
  'distance_accuracy_value','confusion accuracy');
#28 = PRODUCT_RELATED_PRODUCT_CATEGORY('part',$,(#7));
#29 = SHAPE_DEFINITION_REPRESENTATION(#30,#36);
#30 = PRODUCT_DEFINITION_SHAPE('','',#31);
#31 = PRODUCT_DEFINITION('design','',#32,#35);
#32 = PRODUCT_DEFINITION_FORMATION('','',#33);
#33 = PRODUCT('Diomedes Full-unsaved-export-oQOao5_PCB_1',
  'Diomedes Full-unsaved-export-oQOao5_PCB_1','',(#34));
#34 = PRODUCT_CONTEXT('',#2,'mechanical');
#35 = PRODUCT_DEFINITION_CONTEXT('part definition',#2,'design');
#36 = ADVANCED_BREP_SHAPE_REPRESENTATION('',(#11,#37),#9344);
#37 = MANIFOLD_SOLID_BREP('',#38);
#38 = CLOSED_SHELL('',(#39,#81,#112,#143,#2706,#5269,#5286,#5303,#5320,
    #5337,#5354,#5371,#5388,#5405,#5422,#5439,#5456,#5473,#5490,#5507,
    #5524,#5541,#5558,#5575,#5592,#5609,#5621,#5638,#5655,#5672,#5689,
    #5706,#5723,#5740,#5757,#5774,#5791,#5808,#5825,#5842,#5859,#5876,
    #5893,#5910,#5927,#5944,#5961,#5978,#5995,#6012,#6029,#6046,#6063,
    #6080,#6097,#6114,#6131,#6148,#6165,#6182,#6199,#6216,#6233,#6250,
    #6267,#6284,#6301,#6318,#6335,#6352,#6369,#6386,#6403,#6420,#6437,
    #6454,#6471,#6488,#6505,#6522,#6539,#6556,#6573,#6590,#6607,#6624,
    #6641,#6658,#6675,#6692,#6709,#6726,#6743,#6760,#6777,#6794,#6811,
    #6828,#6845,#6862,#6879,#6896,#6913,#6930,#6947,#6964,#6981,#6998,
    #7015,#7032,#7049,#7066,#7083,#7100,#7117,#7134,#7151,#7168,#7185,
    #7202,#7219,#7236,#7253,#7270,#7287,#7304,#7321,#7338,#7355,#7372,
    #7389,#7406,#7423,#7440,#7457,#7474,#7491,#7508,#7525,#7542,#7559,
    #7576,#7593,#7610,#7627,#7644,#7661,#7678,#7695,#7712,#7729,#7746,
    #7763,#7780,#7797,#7814,#7831,#7848,#7865,#7882,#7899,#7916,#7933,
    #7950,#7967,#7984,#8001,#8018,#8035,#8052,#8069,#8086,#8103,#8120,
    #8137,#8154,#8171,#8188,#8210,#8227,#8244,#8256,#8273,#8295,#8312,
    #8329,#8341,#8358,#8380,#8397,#8414,#8426,#8443,#8460,#8477,#8499,
    #8516,#8533,#8545,#8562,#8579,#8596,#8613,#8630,#8647,#8664,#8681,
    #8698,#8715,#8732,#8749,#8766,#8783,#8800,#8817,#8834,#8851,#8868,
    #8885,#8902,#8919,#8936,#8953,#8970,#8987,#9004,#9021,#9038,#9055,
    #9072,#9089,#9106,#9123,#9140,#9157,#9174,#9191,#9208,#9225,#9242,
    #9259,#9276,#9293,#9310,#9327));
#39 = ADVANCED_FACE('',(#40),#76,.T.);
#40 = FACE_BOUND('',#41,.T.);
#41 = EDGE_LOOP('',(#42,#52,#61,#69));
#42 = ORIENTED_EDGE('',*,*,#43,.T.);
#43 = EDGE_CURVE('',#44,#46,#48,.T.);
#44 = VERTEX_POINT('',#45);
#45 = CARTESIAN_POINT('',(275.165,-151.764679,0.));
#46 = VERTEX_POINT('',#47);
#47 = CARTESIAN_POINT('',(275.165,-151.764679,1.51));
#48 = LINE('',#49,#50);
#49 = CARTESIAN_POINT('',(275.165,-151.764679,0.));
#50 = VECTOR('',#51,1.);
#51 = DIRECTION('',(0.,0.,1.));
#52 = ORIENTED_EDGE('',*,*,#53,.T.);
#53 = EDGE_CURVE('',#46,#54,#56,.T.);
#54 = VERTEX_POINT('',#55);
#55 = CARTESIAN_POINT('',(276.165,-152.764679,1.51));
#56 = CIRCLE('',#57,0.999999252925);
#57 = AXIS2_PLACEMENT_3D('',#58,#59,#60);
#58 = CARTESIAN_POINT('',(275.16500074707,-152.7646782529,1.51));
#59 = DIRECTION('',(0.,0.,-1.));
#60 = DIRECTION('',(-7.470758202191E-07,1.,0.));
#61 = ORIENTED_EDGE('',*,*,#62,.F.);
#62 = EDGE_CURVE('',#63,#54,#65,.T.);
#63 = VERTEX_POINT('',#64);
#64 = CARTESIAN_POINT('',(276.165,-152.764679,0.));
#65 = LINE('',#66,#67);
#66 = CARTESIAN_POINT('',(276.165,-152.764679,0.));
#67 = VECTOR('',#68,1.);
#68 = DIRECTION('',(0.,0.,1.));
#69 = ORIENTED_EDGE('',*,*,#70,.F.);
#70 = EDGE_CURVE('',#44,#63,#71,.T.);
#71 = CIRCLE('',#72,0.999999252925);
#72 = AXIS2_PLACEMENT_3D('',#73,#74,#75);
#73 = CARTESIAN_POINT('',(275.16500074707,-152.7646782529,0.));
#74 = DIRECTION('',(0.,0.,-1.));
#75 = DIRECTION('',(-7.470758202191E-07,1.,0.));
#76 = CYLINDRICAL_SURFACE('',#77,0.999999252925);
#77 = AXIS2_PLACEMENT_3D('',#78,#79,#80);
#78 = CARTESIAN_POINT('',(275.16500074707,-152.7646782529,0.));
#79 = DIRECTION('',(0.,0.,-1.));
#80 = DIRECTION('',(-7.470758202191E-07,1.,0.));
#81 = ADVANCED_FACE('',(#82),#107,.T.);
#82 = FACE_BOUND('',#83,.T.);
#83 = EDGE_LOOP('',(#84,#94,#100,#101));
#84 = ORIENTED_EDGE('',*,*,#85,.T.);
#85 = EDGE_CURVE('',#86,#88,#90,.T.);
#86 = VERTEX_POINT('',#87);
#87 = CARTESIAN_POINT('',(110.4775,-151.764679,0.));
#88 = VERTEX_POINT('',#89);
#89 = CARTESIAN_POINT('',(110.4775,-151.764679,1.51));
#90 = LINE('',#91,#92);
#91 = CARTESIAN_POINT('',(110.4775,-151.764679,0.));
#92 = VECTOR('',#93,1.);
#93 = DIRECTION('',(0.,0.,1.));
#94 = ORIENTED_EDGE('',*,*,#95,.T.);
#95 = EDGE_CURVE('',#88,#46,#96,.T.);
#96 = LINE('',#97,#98);
#97 = CARTESIAN_POINT('',(110.4775,-151.764679,1.51));
#98 = VECTOR('',#99,1.);
#99 = DIRECTION('',(1.,0.,0.));
#100 = ORIENTED_EDGE('',*,*,#43,.F.);
#101 = ORIENTED_EDGE('',*,*,#102,.F.);
#102 = EDGE_CURVE('',#86,#44,#103,.T.);
#103 = LINE('',#104,#105);
#104 = CARTESIAN_POINT('',(110.4775,-151.764679,0.));
#105 = VECTOR('',#106,1.);
#106 = DIRECTION('',(1.,0.,0.));
#107 = PLANE('',#108);
#108 = AXIS2_PLACEMENT_3D('',#109,#110,#111);
#109 = CARTESIAN_POINT('',(110.4775,-151.764679,0.));
#110 = DIRECTION('',(0.,1.,0.));
#111 = DIRECTION('',(1.,0.,0.));
#112 = ADVANCED_FACE('',(#113),#138,.T.);
#113 = FACE_BOUND('',#114,.T.);
#114 = EDGE_LOOP('',(#115,#116,#124,#132));
#115 = ORIENTED_EDGE('',*,*,#62,.T.);
#116 = ORIENTED_EDGE('',*,*,#117,.T.);
#117 = EDGE_CURVE('',#54,#118,#120,.T.);
#118 = VERTEX_POINT('',#119);
#119 = CARTESIAN_POINT('',(276.165,-153.36,1.51));
#120 = LINE('',#121,#122);
#121 = CARTESIAN_POINT('',(276.165,-152.764679,1.51));
#122 = VECTOR('',#123,1.);
#123 = DIRECTION('',(0.,-1.,0.));
#124 = ORIENTED_EDGE('',*,*,#125,.F.);
#125 = EDGE_CURVE('',#126,#118,#128,.T.);
#126 = VERTEX_POINT('',#127);
#127 = CARTESIAN_POINT('',(276.165,-153.36,0.));
#128 = LINE('',#129,#130);
#129 = CARTESIAN_POINT('',(276.165,-153.36,0.));
#130 = VECTOR('',#131,1.);
#131 = DIRECTION('',(0.,0.,1.));
#132 = ORIENTED_EDGE('',*,*,#133,.F.);
#133 = EDGE_CURVE('',#63,#126,#134,.T.);
#134 = LINE('',#135,#136);
#135 = CARTESIAN_POINT('',(276.165,-152.764679,0.));
#136 = VECTOR('',#137,1.);
#137 = DIRECTION('',(0.,-1.,0.));
#138 = PLANE('',#139);
#139 = AXIS2_PLACEMENT_3D('',#140,#141,#142);
#140 = CARTESIAN_POINT('',(276.165,-152.764679,0.));
#141 = DIRECTION('',(1.,0.,-0.));
#142 = DIRECTION('',(0.,-1.,0.));
#143 = ADVANCED_FACE('',(#144,#324,#335,#346,#357,#368,#379,#390,#401,
    #412,#423,#434,#445,#456,#467,#478,#489,#500,#511,#522,#533,#544,
    #555,#566,#577,#588,#599,#610,#621,#632,#643,#654,#665,#676,#687,
    #698,#709,#720,#731,#742,#753,#764,#775,#786,#797,#808,#819,#830,
    #841,#852,#863,#874,#885,#896,#907,#918,#929,#940,#951,#962,#973,
    #984,#995,#1006,#1017,#1028,#1039,#1050,#1061,#1072,#1083,#1094,
    #1105,#1116,#1127,#1138,#1149,#1160,#1171,#1182,#1193,#1204,#1215,
    #1226,#1237,#1248,#1259,#1270,#1281,#1292,#1303,#1314,#1325,#1336,
    #1347,#1358,#1369,#1380,#1391,#1402,#1413,#1424,#1435,#1446,#1457,
    #1468,#1479,#1490,#1501,#1512,#1523,#1534,#1545,#1556,#1567,#1578,
    #1589,#1600,#1611,#1622,#1633,#1644,#1655,#1666,#1677,#1688,#1699,
    #1710,#1721,#1732,#1743,#1754,#1765,#1776,#1787,#1798,#1809,#1820,
    #1831,#1842,#1853,#1864,#1875,#1886,#1897,#1908,#1919,#1930,#1941,
    #1952,#1963,#1974,#1985,#2021,#2032,#2068,#2079,#2115,#2126,#2137,
    #2148,#2184,#2195,#2206,#2217,#2228,#2239,#2250,#2261,#2272,#2283,
    #2294,#2305,#2316,#2327,#2338,#2349,#2360,#2371,#2382,#2393,#2404,
    #2415,#2426,#2437,#2448,#2459,#2470,#2481,#2492,#2503,#2514,#2525,
    #2536,#2547,#2558,#2569,#2580,#2591,#2602,#2613,#2624,#2635,#2646,
    #2657,#2668,#2679,#2690),#2701,.F.);
#144 = FACE_BOUND('',#145,.F.);
#145 = EDGE_LOOP('',(#146,#147,#148,#157,#165,#173,#181,#190,#198,#207,
    #215,#223,#232,#240,#249,#257,#266,#274,#283,#291,#300,#308,#317,
    #323));
#146 = ORIENTED_EDGE('',*,*,#70,.F.);
#147 = ORIENTED_EDGE('',*,*,#102,.F.);
#148 = ORIENTED_EDGE('',*,*,#149,.F.);
#149 = EDGE_CURVE('',#150,#86,#152,.T.);
#150 = VERTEX_POINT('',#151);
#151 = CARTESIAN_POINT('',(109.4775,-152.764679,0.));
#152 = CIRCLE('',#153,1.000036811565);
#153 = AXIS2_PLACEMENT_3D('',#154,#155,#156);
#154 = CARTESIAN_POINT('',(110.47753681088,-152.7647158108,0.));
#155 = DIRECTION('',(0.,0.,-1.));
#156 = DIRECTION('',(-0.999999999323,3.680953220726E-05,0.));
#157 = ORIENTED_EDGE('',*,*,#158,.F.);
#158 = EDGE_CURVE('',#159,#150,#161,.T.);
#159 = VERTEX_POINT('',#160);
#160 = CARTESIAN_POINT('',(109.4775,-153.36,0.));
#161 = LINE('',#162,#163);
#162 = CARTESIAN_POINT('',(109.4775,-153.36,0.));
#163 = VECTOR('',#164,1.);
#164 = DIRECTION('',(0.,1.,0.));
#165 = ORIENTED_EDGE('',*,*,#166,.F.);
#166 = EDGE_CURVE('',#167,#159,#169,.T.);
#167 = VERTEX_POINT('',#168);
#168 = CARTESIAN_POINT('',(109.4775,-227.56,0.));
#169 = LINE('',#170,#171);
#170 = CARTESIAN_POINT('',(109.4775,-227.56,0.));
#171 = VECTOR('',#172,1.);
#172 = DIRECTION('',(0.,1.,0.));
#173 = ORIENTED_EDGE('',*,*,#174,.F.);
#174 = EDGE_CURVE('',#175,#167,#177,.T.);
#175 = VERTEX_POINT('',#176);
#176 = CARTESIAN_POINT('',(109.4775,-230.585,0.));
#177 = LINE('',#178,#179);
#178 = CARTESIAN_POINT('',(109.4775,-230.585,0.));
#179 = VECTOR('',#180,1.);
#180 = DIRECTION('',(0.,1.,0.));
#181 = ORIENTED_EDGE('',*,*,#182,.F.);
#182 = EDGE_CURVE('',#183,#175,#185,.T.);
#183 = VERTEX_POINT('',#184);
#184 = CARTESIAN_POINT('',(110.4775,-231.585,0.));
#185 = CIRCLE('',#186,0.999999252925);
#186 = AXIS2_PLACEMENT_3D('',#187,#188,#189);
#187 = CARTESIAN_POINT('',(110.47749925292,-230.585000747,0.));
#188 = DIRECTION('',(0.,0.,-1.));
#189 = DIRECTION('',(7.47075720743E-07,-1.,0.));
#190 = ORIENTED_EDGE('',*,*,#191,.F.);
#191 = EDGE_CURVE('',#192,#183,#194,.T.);
#192 = VERTEX_POINT('',#193);
#193 = CARTESIAN_POINT('',(260.8775,-231.585,0.));
#194 = LINE('',#195,#196);
#195 = CARTESIAN_POINT('',(260.8775,-231.585,0.));
#196 = VECTOR('',#197,1.);
#197 = DIRECTION('',(-1.,0.,0.));
#198 = ORIENTED_EDGE('',*,*,#199,.F.);
#199 = EDGE_CURVE('',#200,#192,#202,.T.);
#200 = VERTEX_POINT('',#201);
#201 = CARTESIAN_POINT('',(261.8775,-230.585,0.));
#202 = CIRCLE('',#203,0.999999252925);
#203 = AXIS2_PLACEMENT_3D('',#204,#205,#206);
#204 = CARTESIAN_POINT('',(260.87750074707,-230.585000747,0.));
#205 = DIRECTION('',(0.,0.,-1.));
#206 = DIRECTION('',(1.,7.470757349539E-07,0.));
#207 = ORIENTED_EDGE('',*,*,#208,.F.);
#208 = EDGE_CURVE('',#209,#200,#211,.T.);
#209 = VERTEX_POINT('',#210);
#210 = CARTESIAN_POINT('',(261.8775,-227.56,0.));
#211 = LINE('',#212,#213);
#212 = CARTESIAN_POINT('',(261.8775,-227.56,0.));
#213 = VECTOR('',#214,1.);
#214 = DIRECTION('',(0.,-1.,0.));
#215 = ORIENTED_EDGE('',*,*,#216,.F.);
#216 = EDGE_CURVE('',#217,#209,#219,.T.);
#217 = VERTEX_POINT('',#218);
#218 = CARTESIAN_POINT('',(261.8775,-210.51,0.));
#219 = LINE('',#220,#221);
#220 = CARTESIAN_POINT('',(261.8775,-210.51,0.));
#221 = VECTOR('',#222,1.);
#222 = DIRECTION('',(0.,-1.,0.));
#223 = ORIENTED_EDGE('',*,*,#224,.F.);
#224 = EDGE_CURVE('',#225,#217,#227,.T.);
#225 = VERTEX_POINT('',#226);
#226 = CARTESIAN_POINT('',(262.8775,-209.51,0.));
#227 = CIRCLE('',#228,0.999999252925);
#228 = AXIS2_PLACEMENT_3D('',#229,#230,#231);
#229 = CARTESIAN_POINT('',(262.87749925292,-210.5099992529,0.));
#230 = DIRECTION('',(0.,0.,1.));
#231 = DIRECTION('',(7.470757633756E-07,1.,-0.));
#232 = ORIENTED_EDGE('',*,*,#233,.F.);
#233 = EDGE_CURVE('',#234,#225,#236,.T.);
#234 = VERTEX_POINT('',#235);
#235 = CARTESIAN_POINT('',(270.4025,-209.51,0.));
#236 = LINE('',#237,#238);
#237 = CARTESIAN_POINT('',(270.4025,-209.51,0.));
#238 = VECTOR('',#239,1.);
#239 = DIRECTION('',(-1.,0.,0.));
#240 = ORIENTED_EDGE('',*,*,#241,.F.);
#241 = EDGE_CURVE('',#242,#234,#244,.T.);
#242 = VERTEX_POINT('',#243);
#243 = CARTESIAN_POINT('',(271.4025,-208.51,0.));
#244 = CIRCLE('',#245,0.999999252925);
#245 = AXIS2_PLACEMENT_3D('',#246,#247,#248);
#246 = CARTESIAN_POINT('',(270.40250074707,-208.510000747,0.));
#247 = DIRECTION('',(0.,0.,-1.));
#248 = DIRECTION('',(1.,7.470757633757E-07,0.));
#249 = ORIENTED_EDGE('',*,*,#250,.F.);
#250 = EDGE_CURVE('',#251,#242,#253,.T.);
#251 = VERTEX_POINT('',#252);
#252 = CARTESIAN_POINT('',(271.4025,-191.46,0.));
#253 = LINE('',#254,#255);
#254 = CARTESIAN_POINT('',(271.4025,-191.46,0.));
#255 = VECTOR('',#256,1.);
#256 = DIRECTION('',(0.,-1.,0.));
#257 = ORIENTED_EDGE('',*,*,#258,.F.);
#258 = EDGE_CURVE('',#259,#251,#261,.T.);
#259 = VERTEX_POINT('',#260);
#260 = CARTESIAN_POINT('',(270.4025,-190.46,0.));
#261 = CIRCLE('',#262,0.999999252925);
#262 = AXIS2_PLACEMENT_3D('',#263,#264,#265);
#263 = CARTESIAN_POINT('',(270.40250074707,-191.4599992529,0.));
#264 = DIRECTION('',(0.,0.,-1.));
#265 = DIRECTION('',(-7.470758202191E-07,1.,0.));
#266 = ORIENTED_EDGE('',*,*,#267,.F.);
#267 = EDGE_CURVE('',#268,#259,#270,.T.);
#268 = VERTEX_POINT('',#269);
#269 = CARTESIAN_POINT('',(262.8775,-190.46,0.));
#270 = LINE('',#271,#272);
#271 = CARTESIAN_POINT('',(262.8775,-190.46,0.));
#272 = VECTOR('',#273,1.);
#273 = DIRECTION('',(1.,0.,0.));
#274 = ORIENTED_EDGE('',*,*,#275,.F.);
#275 = EDGE_CURVE('',#276,#268,#278,.T.);
#276 = VERTEX_POINT('',#277);
#277 = CARTESIAN_POINT('',(261.8775,-189.46,0.));
#278 = CIRCLE('',#279,0.999999252925);
#279 = AXIS2_PLACEMENT_3D('',#280,#281,#282);
#280 = CARTESIAN_POINT('',(262.87749925292,-189.460000747,0.));
#281 = DIRECTION('',(0.,0.,1.));
#282 = DIRECTION('',(-1.,7.470757349539E-07,0.));
#283 = ORIENTED_EDGE('',*,*,#284,.F.);
#284 = EDGE_CURVE('',#285,#276,#287,.T.);
#285 = VERTEX_POINT('',#286);
#286 = CARTESIAN_POINT('',(261.8775,-172.41,0.));
#287 = LINE('',#288,#289);
#288 = CARTESIAN_POINT('',(261.8775,-172.41,0.));
#289 = VECTOR('',#290,1.);
#290 = DIRECTION('',(0.,-1.,0.));
#291 = ORIENTED_EDGE('',*,*,#292,.F.);
#292 = EDGE_CURVE('',#293,#285,#295,.T.);
#293 = VERTEX_POINT('',#294);
#294 = CARTESIAN_POINT('',(262.8775,-171.41,0.));
#295 = CIRCLE('',#296,0.999999252925);
#296 = AXIS2_PLACEMENT_3D('',#297,#298,#299);
#297 = CARTESIAN_POINT('',(262.87749925292,-172.4099992529,0.));
#298 = DIRECTION('',(0.,0.,1.));
#299 = DIRECTION('',(7.470758202191E-07,1.,-0.));
#300 = ORIENTED_EDGE('',*,*,#301,.F.);
#301 = EDGE_CURVE('',#302,#293,#304,.T.);
#302 = VERTEX_POINT('',#303);
#303 = CARTESIAN_POINT('',(275.165,-171.41,0.));
#304 = LINE('',#305,#306);
#305 = CARTESIAN_POINT('',(275.165,-171.41,0.));
#306 = VECTOR('',#307,1.);
#307 = DIRECTION('',(-1.,0.,0.));
#308 = ORIENTED_EDGE('',*,*,#309,.F.);
#309 = EDGE_CURVE('',#310,#302,#312,.T.);
#310 = VERTEX_POINT('',#311);
#311 = CARTESIAN_POINT('',(276.165,-170.41,0.));
#312 = CIRCLE('',#313,0.999999252925);
#313 = AXIS2_PLACEMENT_3D('',#314,#315,#316);
#314 = CARTESIAN_POINT('',(275.16500074707,-170.410000747,0.));
#315 = DIRECTION('',(0.,0.,-1.));
#316 = DIRECTION('',(1.,7.470757633757E-07,0.));
#317 = ORIENTED_EDGE('',*,*,#318,.F.);
#318 = EDGE_CURVE('',#126,#310,#319,.T.);
#319 = LINE('',#320,#321);
#320 = CARTESIAN_POINT('',(276.165,-153.36,0.));
#321 = VECTOR('',#322,1.);
#322 = DIRECTION('',(0.,-1.,0.));
#323 = ORIENTED_EDGE('',*,*,#133,.F.);
#324 = FACE_BOUND('',#325,.F.);
#325 = EDGE_LOOP('',(#326));
#326 = ORIENTED_EDGE('',*,*,#327,.F.);
#327 = EDGE_CURVE('',#328,#328,#330,.T.);
#328 = VERTEX_POINT('',#329);
#329 = CARTESIAN_POINT('',(113.644659,-228.560056,0.));
#330 = CIRCLE('',#331,1.190626);
#331 = AXIS2_PLACEMENT_3D('',#332,#333,#334);
#332 = CARTESIAN_POINT('',(112.454033,-228.560056,0.));
#333 = DIRECTION('',(0.,0.,1.));
#334 = DIRECTION('',(1.,0.,0.));
#335 = FACE_BOUND('',#336,.F.);
#336 = EDGE_LOOP('',(#337));
#337 = ORIENTED_EDGE('',*,*,#338,.F.);
#338 = EDGE_CURVE('',#339,#339,#341,.T.);
#339 = VERTEX_POINT('',#340);
#340 = CARTESIAN_POINT('',(131.504049,-228.560056,0.));
#341 = CIRCLE('',#342,1.190626);
#342 = AXIS2_PLACEMENT_3D('',#343,#344,#345);
#343 = CARTESIAN_POINT('',(130.313423,-228.560056,0.));
#344 = DIRECTION('',(0.,0.,1.));
#345 = DIRECTION('',(1.,0.,0.));
#346 = FACE_BOUND('',#347,.F.);
#347 = EDGE_LOOP('',(#348));
#348 = ORIENTED_EDGE('',*,*,#349,.T.);
#349 = EDGE_CURVE('',#350,#350,#352,.T.);
#350 = VERTEX_POINT('',#351);
#351 = CARTESIAN_POINT('',(114.239972,-221.34004,0.));
#352 = CIRCLE('',#353,0.4);
#353 = AXIS2_PLACEMENT_3D('',#354,#355,#356);
#354 = CARTESIAN_POINT('',(114.239972,-220.94004,0.));
#355 = DIRECTION('',(-0.,0.,-1.));
#356 = DIRECTION('',(-0.,-1.,0.));
#357 = FACE_BOUND('',#358,.F.);
#358 = EDGE_LOOP('',(#359));
#359 = ORIENTED_EDGE('',*,*,#360,.T.);
#360 = EDGE_CURVE('',#361,#361,#363,.T.);
#361 = VERTEX_POINT('',#362);
#362 = CARTESIAN_POINT('',(116.621224,-221.34004,0.));
#363 = CIRCLE('',#364,0.4);
#364 = AXIS2_PLACEMENT_3D('',#365,#366,#367);
#365 = CARTESIAN_POINT('',(116.621224,-220.94004,0.));
#366 = DIRECTION('',(-0.,0.,-1.));
#367 = DIRECTION('',(-3.5527136788E-14,-1.,0.));
#368 = FACE_BOUND('',#369,.F.);
#369 = EDGE_LOOP('',(#370));
#370 = ORIENTED_EDGE('',*,*,#371,.T.);
#371 = EDGE_CURVE('',#372,#372,#374,.T.);
#372 = VERTEX_POINT('',#373);
#373 = CARTESIAN_POINT('',(119.002476,-221.34004,0.));
#374 = CIRCLE('',#375,0.4);
#375 = AXIS2_PLACEMENT_3D('',#376,#377,#378);
#376 = CARTESIAN_POINT('',(119.002476,-220.94004,0.));
#377 = DIRECTION('',(-0.,0.,-1.));
#378 = DIRECTION('',(-0.,-1.,0.));
#379 = FACE_BOUND('',#380,.F.);
#380 = EDGE_LOOP('',(#381));
#381 = ORIENTED_EDGE('',*,*,#382,.T.);
#382 = EDGE_CURVE('',#383,#383,#385,.T.);
#383 = VERTEX_POINT('',#384);
#384 = CARTESIAN_POINT('',(121.383728,-221.34004,0.));
#385 = CIRCLE('',#386,0.4);
#386 = AXIS2_PLACEMENT_3D('',#387,#388,#389);
#387 = CARTESIAN_POINT('',(121.383728,-220.94004,0.));
#388 = DIRECTION('',(-0.,0.,-1.));
#389 = DIRECTION('',(3.5527136788E-14,-1.,-0.));
#390 = FACE_BOUND('',#391,.F.);
#391 = EDGE_LOOP('',(#392));
#392 = ORIENTED_EDGE('',*,*,#393,.T.);
#393 = EDGE_CURVE('',#394,#394,#396,.T.);
#394 = VERTEX_POINT('',#395);
#395 = CARTESIAN_POINT('',(123.76498,-221.34004,0.));
#396 = CIRCLE('',#397,0.4);
#397 = AXIS2_PLACEMENT_3D('',#398,#399,#400);
#398 = CARTESIAN_POINT('',(123.76498,-220.94004,0.));
#399 = DIRECTION('',(-0.,0.,-1.));
#400 = DIRECTION('',(-3.5527136788E-14,-1.,0.));
#401 = FACE_BOUND('',#402,.F.);
#402 = EDGE_LOOP('',(#403));
#403 = ORIENTED_EDGE('',*,*,#404,.T.);
#404 = EDGE_CURVE('',#405,#405,#407,.T.);
#405 = VERTEX_POINT('',#406);
#406 = CARTESIAN_POINT('',(126.146232,-221.34004,0.));
#407 = CIRCLE('',#408,0.4);
#408 = AXIS2_PLACEMENT_3D('',#409,#410,#411);
#409 = CARTESIAN_POINT('',(126.146232,-220.94004,0.));
#410 = DIRECTION('',(-0.,0.,-1.));
#411 = DIRECTION('',(-0.,-1.,0.));
#412 = FACE_BOUND('',#413,.F.);
#413 = EDGE_LOOP('',(#414));
#414 = ORIENTED_EDGE('',*,*,#415,.T.);
#415 = EDGE_CURVE('',#416,#416,#418,.T.);
#416 = VERTEX_POINT('',#417);
#417 = CARTESIAN_POINT('',(128.5275,-221.345,0.));
#418 = CIRCLE('',#419,0.4);
#419 = AXIS2_PLACEMENT_3D('',#420,#421,#422);
#420 = CARTESIAN_POINT('',(128.5275,-220.945,0.));
#421 = DIRECTION('',(-0.,0.,-1.));
#422 = DIRECTION('',(-0.,-1.,0.));
#423 = FACE_BOUND('',#424,.F.);
#424 = EDGE_LOOP('',(#425));
#425 = ORIENTED_EDGE('',*,*,#426,.T.);
#426 = EDGE_CURVE('',#427,#427,#429,.T.);
#427 = VERTEX_POINT('',#428);
#428 = CARTESIAN_POINT('',(114.239972,-213.72004,0.));
#429 = CIRCLE('',#430,0.4);
#430 = AXIS2_PLACEMENT_3D('',#431,#432,#433);
#431 = CARTESIAN_POINT('',(114.239972,-213.32004,0.));
#432 = DIRECTION('',(-0.,0.,-1.));
#433 = DIRECTION('',(-0.,-1.,0.));
#434 = FACE_BOUND('',#435,.F.);
#435 = EDGE_LOOP('',(#436));
#436 = ORIENTED_EDGE('',*,*,#437,.T.);
#437 = EDGE_CURVE('',#438,#438,#440,.T.);
#438 = VERTEX_POINT('',#439);
#439 = CARTESIAN_POINT('',(116.621224,-213.72004,0.));
#440 = CIRCLE('',#441,0.4);
#441 = AXIS2_PLACEMENT_3D('',#442,#443,#444);
#442 = CARTESIAN_POINT('',(116.621224,-213.32004,0.));
#443 = DIRECTION('',(-0.,0.,-1.));
#444 = DIRECTION('',(-3.5527136788E-14,-1.,0.));
#445 = FACE_BOUND('',#446,.F.);
#446 = EDGE_LOOP('',(#447));
#447 = ORIENTED_EDGE('',*,*,#448,.T.);
#448 = EDGE_CURVE('',#449,#449,#451,.T.);
#449 = VERTEX_POINT('',#450);
#450 = CARTESIAN_POINT('',(119.002476,-213.72004,0.));
#451 = CIRCLE('',#452,0.4);
#452 = AXIS2_PLACEMENT_3D('',#453,#454,#455);
#453 = CARTESIAN_POINT('',(119.002476,-213.32004,0.));
#454 = DIRECTION('',(-0.,0.,-1.));
#455 = DIRECTION('',(-0.,-1.,0.));
#456 = FACE_BOUND('',#457,.F.);
#457 = EDGE_LOOP('',(#458));
#458 = ORIENTED_EDGE('',*,*,#459,.T.);
#459 = EDGE_CURVE('',#460,#460,#462,.T.);
#460 = VERTEX_POINT('',#461);
#461 = CARTESIAN_POINT('',(111.85872,-211.57691,0.));
#462 = CIRCLE('',#463,0.4);
#463 = AXIS2_PLACEMENT_3D('',#464,#465,#466);
#464 = CARTESIAN_POINT('',(111.85872,-211.17691,0.));
#465 = DIRECTION('',(-0.,0.,-1.));
#466 = DIRECTION('',(-0.,-1.,0.));
#467 = FACE_BOUND('',#468,.F.);
#468 = EDGE_LOOP('',(#469));
#469 = ORIENTED_EDGE('',*,*,#470,.T.);
#470 = EDGE_CURVE('',#471,#471,#473,.T.);
#471 = VERTEX_POINT('',#472);
#472 = CARTESIAN_POINT('',(114.239972,-211.57691,0.));
#473 = CIRCLE('',#474,0.4);
#474 = AXIS2_PLACEMENT_3D('',#475,#476,#477);
#475 = CARTESIAN_POINT('',(114.239972,-211.17691,0.));
#476 = DIRECTION('',(-0.,0.,-1.));
#477 = DIRECTION('',(-0.,-1.,0.));
#478 = FACE_BOUND('',#479,.F.);
#479 = EDGE_LOOP('',(#480));
#480 = ORIENTED_EDGE('',*,*,#481,.T.);
#481 = EDGE_CURVE('',#482,#482,#484,.T.);
#482 = VERTEX_POINT('',#483);
#483 = CARTESIAN_POINT('',(116.621224,-211.57691,0.));
#484 = CIRCLE('',#485,0.4);
#485 = AXIS2_PLACEMENT_3D('',#486,#487,#488);
#486 = CARTESIAN_POINT('',(116.621224,-211.17691,0.));
#487 = DIRECTION('',(-0.,0.,-1.));
#488 = DIRECTION('',(-3.552713678801E-14,-1.,0.));
#489 = FACE_BOUND('',#490,.F.);
#490 = EDGE_LOOP('',(#491));
#491 = ORIENTED_EDGE('',*,*,#492,.T.);
#492 = EDGE_CURVE('',#493,#493,#495,.T.);
#493 = VERTEX_POINT('',#494);
#494 = CARTESIAN_POINT('',(119.002476,-211.57691,0.));
#495 = CIRCLE('',#496,0.4);
#496 = AXIS2_PLACEMENT_3D('',#497,#498,#499);
#497 = CARTESIAN_POINT('',(119.002476,-211.17691,0.));
#498 = DIRECTION('',(-0.,0.,-1.));
#499 = DIRECTION('',(-0.,-1.,0.));
#500 = FACE_BOUND('',#501,.F.);
#501 = EDGE_LOOP('',(#502));
#502 = ORIENTED_EDGE('',*,*,#503,.T.);
#503 = EDGE_CURVE('',#504,#504,#506,.T.);
#504 = VERTEX_POINT('',#505);
#505 = CARTESIAN_POINT('',(121.383728,-213.72004,0.));
#506 = CIRCLE('',#507,0.4);
#507 = AXIS2_PLACEMENT_3D('',#508,#509,#510);
#508 = CARTESIAN_POINT('',(121.383728,-213.32004,0.));
#509 = DIRECTION('',(-0.,0.,-1.));
#510 = DIRECTION('',(3.5527136788E-14,-1.,-0.));
#511 = FACE_BOUND('',#512,.F.);
#512 = EDGE_LOOP('',(#513));
#513 = ORIENTED_EDGE('',*,*,#514,.T.);
#514 = EDGE_CURVE('',#515,#515,#517,.T.);
#515 = VERTEX_POINT('',#516);
#516 = CARTESIAN_POINT('',(123.76498,-213.72004,0.));
#517 = CIRCLE('',#518,0.4);
#518 = AXIS2_PLACEMENT_3D('',#519,#520,#521);
#519 = CARTESIAN_POINT('',(123.76498,-213.32004,0.));
#520 = DIRECTION('',(-0.,0.,-1.));
#521 = DIRECTION('',(-3.5527136788E-14,-1.,0.));
#522 = FACE_BOUND('',#523,.F.);
#523 = EDGE_LOOP('',(#524));
#524 = ORIENTED_EDGE('',*,*,#525,.T.);
#525 = EDGE_CURVE('',#526,#526,#528,.T.);
#526 = VERTEX_POINT('',#527);
#527 = CARTESIAN_POINT('',(126.146232,-213.72004,0.));
#528 = CIRCLE('',#529,0.4);
#529 = AXIS2_PLACEMENT_3D('',#530,#531,#532);
#530 = CARTESIAN_POINT('',(126.146232,-213.32004,0.));
#531 = DIRECTION('',(-0.,0.,-1.));
#532 = DIRECTION('',(-0.,-1.,0.));
#533 = FACE_BOUND('',#534,.F.);
#534 = EDGE_LOOP('',(#535));
#535 = ORIENTED_EDGE('',*,*,#536,.T.);
#536 = EDGE_CURVE('',#537,#537,#539,.T.);
#537 = VERTEX_POINT('',#538);
#538 = CARTESIAN_POINT('',(128.5275,-213.725,0.));
#539 = CIRCLE('',#540,0.4);
#540 = AXIS2_PLACEMENT_3D('',#541,#542,#543);
#541 = CARTESIAN_POINT('',(128.5275,-213.325,0.));
#542 = DIRECTION('',(-0.,0.,-1.));
#543 = DIRECTION('',(-0.,-1.,0.));
#544 = FACE_BOUND('',#545,.F.);
#545 = EDGE_LOOP('',(#546));
#546 = ORIENTED_EDGE('',*,*,#547,.T.);
#547 = EDGE_CURVE('',#548,#548,#550,.T.);
#548 = VERTEX_POINT('',#549);
#549 = CARTESIAN_POINT('',(121.383728,-211.57691,0.));
#550 = CIRCLE('',#551,0.4);
#551 = AXIS2_PLACEMENT_3D('',#552,#553,#554);
#552 = CARTESIAN_POINT('',(121.383728,-211.17691,0.));
#553 = DIRECTION('',(-0.,0.,-1.));
#554 = DIRECTION('',(3.5527136788E-14,-1.,-0.));
#555 = FACE_BOUND('',#556,.F.);
#556 = EDGE_LOOP('',(#557));
#557 = ORIENTED_EDGE('',*,*,#558,.T.);
#558 = EDGE_CURVE('',#559,#559,#561,.T.);
#559 = VERTEX_POINT('',#560);
#560 = CARTESIAN_POINT('',(123.76498,-211.57691,0.));
#561 = CIRCLE('',#562,0.4);
#562 = AXIS2_PLACEMENT_3D('',#563,#564,#565);
#563 = CARTESIAN_POINT('',(123.76498,-211.17691,0.));
#564 = DIRECTION('',(-0.,0.,-1.));
#565 = DIRECTION('',(-3.552713678801E-14,-1.,0.));
#566 = FACE_BOUND('',#567,.F.);
#567 = EDGE_LOOP('',(#568));
#568 = ORIENTED_EDGE('',*,*,#569,.T.);
#569 = EDGE_CURVE('',#570,#570,#572,.T.);
#570 = VERTEX_POINT('',#571);
#571 = CARTESIAN_POINT('',(126.146232,-211.57691,0.));
#572 = CIRCLE('',#573,0.4);
#573 = AXIS2_PLACEMENT_3D('',#574,#575,#576);
#574 = CARTESIAN_POINT('',(126.146232,-211.17691,0.));
#575 = DIRECTION('',(-0.,0.,-1.));
#576 = DIRECTION('',(-0.,-1.,0.));
#577 = FACE_BOUND('',#578,.F.);
#578 = EDGE_LOOP('',(#579));
#579 = ORIENTED_EDGE('',*,*,#580,.T.);
#580 = EDGE_CURVE('',#581,#581,#583,.T.);
#581 = VERTEX_POINT('',#582);
#582 = CARTESIAN_POINT('',(128.527484,-211.57691,0.));
#583 = CIRCLE('',#584,0.4);
#584 = AXIS2_PLACEMENT_3D('',#585,#586,#587);
#585 = CARTESIAN_POINT('',(128.527484,-211.17691,0.));
#586 = DIRECTION('',(-0.,0.,-1.));
#587 = DIRECTION('',(-7.105427357601E-14,-1.,0.));
#588 = FACE_BOUND('',#589,.F.);
#589 = EDGE_LOOP('',(#590));
#590 = ORIENTED_EDGE('',*,*,#591,.T.);
#591 = EDGE_CURVE('',#592,#592,#594,.T.);
#592 = VERTEX_POINT('',#593);
#593 = CARTESIAN_POINT('',(130.908736,-211.57691,0.));
#594 = CIRCLE('',#595,0.4);
#595 = AXIS2_PLACEMENT_3D('',#596,#597,#598);
#596 = CARTESIAN_POINT('',(130.908736,-211.17691,0.));
#597 = DIRECTION('',(-0.,0.,-1.));
#598 = DIRECTION('',(-0.,-1.,0.));
#599 = FACE_BOUND('',#600,.F.);
#600 = EDGE_LOOP('',(#601));
#601 = ORIENTED_EDGE('',*,*,#602,.T.);
#602 = EDGE_CURVE('',#603,#603,#605,.T.);
#603 = VERTEX_POINT('',#604);
#604 = CARTESIAN_POINT('',(142.4975,-219.91,0.));
#605 = CIRCLE('',#606,0.875);
#606 = AXIS2_PLACEMENT_3D('',#607,#608,#609);
#607 = CARTESIAN_POINT('',(142.4975,-219.035,0.));
#608 = DIRECTION('',(-0.,0.,-1.));
#609 = DIRECTION('',(-0.,-1.,0.));
#610 = FACE_BOUND('',#611,.F.);
#611 = EDGE_LOOP('',(#612));
#612 = ORIENTED_EDGE('',*,*,#613,.T.);
#613 = EDGE_CURVE('',#614,#614,#616,.T.);
#614 = VERTEX_POINT('',#615);
#615 = CARTESIAN_POINT('',(147.5775,-221.035,0.));
#616 = CIRCLE('',#617,2.);
#617 = AXIS2_PLACEMENT_3D('',#618,#619,#620);
#618 = CARTESIAN_POINT('',(147.5775,-219.035,0.));
#619 = DIRECTION('',(-0.,0.,-1.));
#620 = DIRECTION('',(-0.,-1.,0.));
#621 = FACE_BOUND('',#622,.F.);
#622 = EDGE_LOOP('',(#623));
#623 = ORIENTED_EDGE('',*,*,#624,.T.);
#624 = EDGE_CURVE('',#625,#625,#627,.T.);
#625 = VERTEX_POINT('',#626);
#626 = CARTESIAN_POINT('',(143.7675,-217.245,0.));
#627 = CIRCLE('',#628,0.75);
#628 = AXIS2_PLACEMENT_3D('',#629,#630,#631);
#629 = CARTESIAN_POINT('',(143.7675,-216.495,0.));
#630 = DIRECTION('',(-0.,0.,-1.));
#631 = DIRECTION('',(-0.,-1.,0.));
#632 = FACE_BOUND('',#633,.F.);
#633 = EDGE_LOOP('',(#634));
#634 = ORIENTED_EDGE('',*,*,#635,.T.);
#635 = EDGE_CURVE('',#636,#636,#638,.T.);
#636 = VERTEX_POINT('',#637);
#637 = CARTESIAN_POINT('',(150.1175,-214.705,0.));
#638 = CIRCLE('',#639,0.75);
#639 = AXIS2_PLACEMENT_3D('',#640,#641,#642);
#640 = CARTESIAN_POINT('',(150.1175,-213.955,0.));
#641 = DIRECTION('',(-0.,0.,-1.));
#642 = DIRECTION('',(-0.,-1.,0.));
#643 = FACE_BOUND('',#644,.F.);
#644 = EDGE_LOOP('',(#645));
#645 = ORIENTED_EDGE('',*,*,#646,.T.);
#646 = EDGE_CURVE('',#647,#647,#649,.T.);
#647 = VERTEX_POINT('',#648);
#648 = CARTESIAN_POINT('',(152.6575,-219.91,0.));
#649 = CIRCLE('',#650,0.875);
#650 = AXIS2_PLACEMENT_3D('',#651,#652,#653);
#651 = CARTESIAN_POINT('',(152.6575,-219.035,0.));
#652 = DIRECTION('',(-0.,0.,-1.));
#653 = DIRECTION('',(-0.,-1.,0.));
#654 = FACE_BOUND('',#655,.F.);
#655 = EDGE_LOOP('',(#656));
#656 = ORIENTED_EDGE('',*,*,#657,.T.);
#657 = EDGE_CURVE('',#658,#658,#660,.T.);
#658 = VERTEX_POINT('',#659);
#659 = CARTESIAN_POINT('',(171.0725,-219.91,0.));
#660 = CIRCLE('',#661,0.875);
#661 = AXIS2_PLACEMENT_3D('',#662,#663,#664);
#662 = CARTESIAN_POINT('',(171.0725,-219.035,0.));
#663 = DIRECTION('',(-0.,0.,-1.));
#664 = DIRECTION('',(-0.,-1.,0.));
#665 = FACE_BOUND('',#666,.F.);
#666 = EDGE_LOOP('',(#667));
#667 = ORIENTED_EDGE('',*,*,#668,.T.);
#668 = EDGE_CURVE('',#669,#669,#671,.T.);
#669 = VERTEX_POINT('',#670);
#670 = CARTESIAN_POINT('',(176.1525,-221.035,0.));
#671 = CIRCLE('',#672,2.);
#672 = AXIS2_PLACEMENT_3D('',#673,#674,#675);
#673 = CARTESIAN_POINT('',(176.1525,-219.035,0.));
#674 = DIRECTION('',(-0.,0.,-1.));
#675 = DIRECTION('',(-0.,-1.,0.));
#676 = FACE_BOUND('',#677,.F.);
#677 = EDGE_LOOP('',(#678));
#678 = ORIENTED_EDGE('',*,*,#679,.T.);
#679 = EDGE_CURVE('',#680,#680,#682,.T.);
#680 = VERTEX_POINT('',#681);
#681 = CARTESIAN_POINT('',(181.2325,-219.91,0.));
#682 = CIRCLE('',#683,0.875);
#683 = AXIS2_PLACEMENT_3D('',#684,#685,#686);
#684 = CARTESIAN_POINT('',(181.2325,-219.035,0.));
#685 = DIRECTION('',(-0.,0.,-1.));
#686 = DIRECTION('',(-0.,-1.,0.));
#687 = FACE_BOUND('',#688,.F.);
#688 = EDGE_LOOP('',(#689));
#689 = ORIENTED_EDGE('',*,*,#690,.T.);
#690 = EDGE_CURVE('',#691,#691,#693,.T.);
#691 = VERTEX_POINT('',#692);
#692 = CARTESIAN_POINT('',(172.3425,-217.245,0.));
#693 = CIRCLE('',#694,0.75);
#694 = AXIS2_PLACEMENT_3D('',#695,#696,#697);
#695 = CARTESIAN_POINT('',(172.3425,-216.495,0.));
#696 = DIRECTION('',(-0.,0.,-1.));
#697 = DIRECTION('',(-0.,-1.,0.));
#698 = FACE_BOUND('',#699,.F.);
#699 = EDGE_LOOP('',(#700));
#700 = ORIENTED_EDGE('',*,*,#701,.T.);
#701 = EDGE_CURVE('',#702,#702,#704,.T.);
#702 = VERTEX_POINT('',#703);
#703 = CARTESIAN_POINT('',(178.6925,-214.705,0.));
#704 = CIRCLE('',#705,0.75);
#705 = AXIS2_PLACEMENT_3D('',#706,#707,#708);
#706 = CARTESIAN_POINT('',(178.6925,-213.955,0.));
#707 = DIRECTION('',(-0.,0.,-1.));
#708 = DIRECTION('',(-0.,-1.,0.));
#709 = FACE_BOUND('',#710,.F.);
#710 = EDGE_LOOP('',(#711));
#711 = ORIENTED_EDGE('',*,*,#712,.T.);
#712 = EDGE_CURVE('',#713,#713,#715,.T.);
#713 = VERTEX_POINT('',#714);
#714 = CARTESIAN_POINT('',(111.85872,-203.95691,0.));
#715 = CIRCLE('',#716,0.4);
#716 = AXIS2_PLACEMENT_3D('',#717,#718,#719);
#717 = CARTESIAN_POINT('',(111.85872,-203.55691,0.));
#718 = DIRECTION('',(-0.,0.,-1.));
#719 = DIRECTION('',(-0.,-1.,0.));
#720 = FACE_BOUND('',#721,.F.);
#721 = EDGE_LOOP('',(#722));
#722 = ORIENTED_EDGE('',*,*,#723,.T.);
#723 = EDGE_CURVE('',#724,#724,#726,.T.);
#724 = VERTEX_POINT('',#725);
#725 = CARTESIAN_POINT('',(114.239972,-203.95691,0.));
#726 = CIRCLE('',#727,0.4);
#727 = AXIS2_PLACEMENT_3D('',#728,#729,#730);
#728 = CARTESIAN_POINT('',(114.239972,-203.55691,0.));
#729 = DIRECTION('',(-0.,0.,-1.));
#730 = DIRECTION('',(-0.,-1.,0.));
#731 = FACE_BOUND('',#732,.F.);
#732 = EDGE_LOOP('',(#733));
#733 = ORIENTED_EDGE('',*,*,#734,.T.);
#734 = EDGE_CURVE('',#735,#735,#737,.T.);
#735 = VERTEX_POINT('',#736);
#736 = CARTESIAN_POINT('',(116.621224,-203.95691,0.));
#737 = CIRCLE('',#738,0.4);
#738 = AXIS2_PLACEMENT_3D('',#739,#740,#741);
#739 = CARTESIAN_POINT('',(116.621224,-203.55691,0.));
#740 = DIRECTION('',(-0.,0.,-1.));
#741 = DIRECTION('',(-3.552713678801E-14,-1.,0.));
#742 = FACE_BOUND('',#743,.F.);
#743 = EDGE_LOOP('',(#744));
#744 = ORIENTED_EDGE('',*,*,#745,.T.);
#745 = EDGE_CURVE('',#746,#746,#748,.T.);
#746 = VERTEX_POINT('',#747);
#747 = CARTESIAN_POINT('',(119.002476,-203.95691,0.));
#748 = CIRCLE('',#749,0.4);
#749 = AXIS2_PLACEMENT_3D('',#750,#751,#752);
#750 = CARTESIAN_POINT('',(119.002476,-203.55691,0.));
#751 = DIRECTION('',(-0.,0.,-1.));
#752 = DIRECTION('',(-0.,-1.,0.));
#753 = FACE_BOUND('',#754,.F.);
#754 = EDGE_LOOP('',(#755));
#755 = ORIENTED_EDGE('',*,*,#756,.T.);
#756 = EDGE_CURVE('',#757,#757,#759,.T.);
#757 = VERTEX_POINT('',#758);
#758 = CARTESIAN_POINT('',(114.239972,-201.694711,0.));
#759 = CIRCLE('',#760,0.4);
#760 = AXIS2_PLACEMENT_3D('',#761,#762,#763);
#761 = CARTESIAN_POINT('',(114.239972,-201.294711,0.));
#762 = DIRECTION('',(-0.,0.,-1.));
#763 = DIRECTION('',(-0.,-1.,0.));
#764 = FACE_BOUND('',#765,.F.);
#765 = EDGE_LOOP('',(#766));
#766 = ORIENTED_EDGE('',*,*,#767,.T.);
#767 = EDGE_CURVE('',#768,#768,#770,.T.);
#768 = VERTEX_POINT('',#769);
#769 = CARTESIAN_POINT('',(116.621224,-201.694711,0.));
#770 = CIRCLE('',#771,0.4);
#771 = AXIS2_PLACEMENT_3D('',#772,#773,#774);
#772 = CARTESIAN_POINT('',(116.621224,-201.294711,0.));
#773 = DIRECTION('',(-0.,0.,-1.));
#774 = DIRECTION('',(-3.5527136788E-14,-1.,0.));
#775 = FACE_BOUND('',#776,.F.);
#776 = EDGE_LOOP('',(#777));
#777 = ORIENTED_EDGE('',*,*,#778,.T.);
#778 = EDGE_CURVE('',#779,#779,#781,.T.);
#779 = VERTEX_POINT('',#780);
#780 = CARTESIAN_POINT('',(119.002476,-201.694711,0.));
#781 = CIRCLE('',#782,0.4);
#782 = AXIS2_PLACEMENT_3D('',#783,#784,#785);
#783 = CARTESIAN_POINT('',(119.002476,-201.294711,0.));
#784 = DIRECTION('',(-0.,0.,-1.));
#785 = DIRECTION('',(-0.,-1.,0.));
#786 = FACE_BOUND('',#787,.F.);
#787 = EDGE_LOOP('',(#788));
#788 = ORIENTED_EDGE('',*,*,#789,.T.);
#789 = EDGE_CURVE('',#790,#790,#792,.T.);
#790 = VERTEX_POINT('',#791);
#791 = CARTESIAN_POINT('',(121.383728,-203.95691,0.));
#792 = CIRCLE('',#793,0.4);
#793 = AXIS2_PLACEMENT_3D('',#794,#795,#796);
#794 = CARTESIAN_POINT('',(121.383728,-203.55691,0.));
#795 = DIRECTION('',(-0.,0.,-1.));
#796 = DIRECTION('',(3.5527136788E-14,-1.,-0.));
#797 = FACE_BOUND('',#798,.F.);
#798 = EDGE_LOOP('',(#799));
#799 = ORIENTED_EDGE('',*,*,#800,.T.);
#800 = EDGE_CURVE('',#801,#801,#803,.T.);
#801 = VERTEX_POINT('',#802);
#802 = CARTESIAN_POINT('',(123.76498,-203.95691,0.));
#803 = CIRCLE('',#804,0.4);
#804 = AXIS2_PLACEMENT_3D('',#805,#806,#807);
#805 = CARTESIAN_POINT('',(123.76498,-203.55691,0.));
#806 = DIRECTION('',(-0.,0.,-1.));
#807 = DIRECTION('',(-3.552713678801E-14,-1.,0.));
#808 = FACE_BOUND('',#809,.F.);
#809 = EDGE_LOOP('',(#810));
#810 = ORIENTED_EDGE('',*,*,#811,.T.);
#811 = EDGE_CURVE('',#812,#812,#814,.T.);
#812 = VERTEX_POINT('',#813);
#813 = CARTESIAN_POINT('',(126.146232,-203.95691,0.));
#814 = CIRCLE('',#815,0.4);
#815 = AXIS2_PLACEMENT_3D('',#816,#817,#818);
#816 = CARTESIAN_POINT('',(126.146232,-203.55691,0.));
#817 = DIRECTION('',(-0.,0.,-1.));
#818 = DIRECTION('',(-0.,-1.,0.));
#819 = FACE_BOUND('',#820,.F.);
#820 = EDGE_LOOP('',(#821));
#821 = ORIENTED_EDGE('',*,*,#822,.T.);
#822 = EDGE_CURVE('',#823,#823,#825,.T.);
#823 = VERTEX_POINT('',#824);
#824 = CARTESIAN_POINT('',(128.527484,-203.95691,0.));
#825 = CIRCLE('',#826,0.4);
#826 = AXIS2_PLACEMENT_3D('',#827,#828,#829);
#827 = CARTESIAN_POINT('',(128.527484,-203.55691,0.));
#828 = DIRECTION('',(-0.,0.,-1.));
#829 = DIRECTION('',(-7.105427357601E-14,-1.,0.));
#830 = FACE_BOUND('',#831,.F.);
#831 = EDGE_LOOP('',(#832));
#832 = ORIENTED_EDGE('',*,*,#833,.T.);
#833 = EDGE_CURVE('',#834,#834,#836,.T.);
#834 = VERTEX_POINT('',#835);
#835 = CARTESIAN_POINT('',(130.908736,-203.95691,0.));
#836 = CIRCLE('',#837,0.4);
#837 = AXIS2_PLACEMENT_3D('',#838,#839,#840);
#838 = CARTESIAN_POINT('',(130.908736,-203.55691,0.));
#839 = DIRECTION('',(-0.,0.,-1.));
#840 = DIRECTION('',(-0.,-1.,0.));
#841 = FACE_BOUND('',#842,.F.);
#842 = EDGE_LOOP('',(#843));
#843 = ORIENTED_EDGE('',*,*,#844,.T.);
#844 = EDGE_CURVE('',#845,#845,#847,.T.);
#845 = VERTEX_POINT('',#846);
#846 = CARTESIAN_POINT('',(121.383728,-201.694711,0.));
#847 = CIRCLE('',#848,0.4);
#848 = AXIS2_PLACEMENT_3D('',#849,#850,#851);
#849 = CARTESIAN_POINT('',(121.383728,-201.294711,0.));
#850 = DIRECTION('',(-0.,0.,-1.));
#851 = DIRECTION('',(3.5527136788E-14,-1.,-0.));
#852 = FACE_BOUND('',#853,.F.);
#853 = EDGE_LOOP('',(#854));
#854 = ORIENTED_EDGE('',*,*,#855,.T.);
#855 = EDGE_CURVE('',#856,#856,#858,.T.);
#856 = VERTEX_POINT('',#857);
#857 = CARTESIAN_POINT('',(123.76498,-201.694711,0.));
#858 = CIRCLE('',#859,0.4);
#859 = AXIS2_PLACEMENT_3D('',#860,#861,#862);
#860 = CARTESIAN_POINT('',(123.76498,-201.294711,0.));
#861 = DIRECTION('',(-0.,0.,-1.));
#862 = DIRECTION('',(-3.5527136788E-14,-1.,0.));
#863 = FACE_BOUND('',#864,.F.);
#864 = EDGE_LOOP('',(#865));
#865 = ORIENTED_EDGE('',*,*,#866,.T.);
#866 = EDGE_CURVE('',#867,#867,#869,.T.);
#867 = VERTEX_POINT('',#868);
#868 = CARTESIAN_POINT('',(126.146232,-201.694711,0.));
#869 = CIRCLE('',#870,0.4);
#870 = AXIS2_PLACEMENT_3D('',#871,#872,#873);
#871 = CARTESIAN_POINT('',(126.146232,-201.294711,0.));
#872 = DIRECTION('',(-0.,0.,-1.));
#873 = DIRECTION('',(-0.,-1.,0.));
#874 = FACE_BOUND('',#875,.F.);
#875 = EDGE_LOOP('',(#876));
#876 = ORIENTED_EDGE('',*,*,#877,.T.);
#877 = EDGE_CURVE('',#878,#878,#880,.T.);
#878 = VERTEX_POINT('',#879);
#879 = CARTESIAN_POINT('',(128.527484,-201.694711,0.));
#880 = CIRCLE('',#881,0.4);
#881 = AXIS2_PLACEMENT_3D('',#882,#883,#884);
#882 = CARTESIAN_POINT('',(128.527484,-201.294711,0.));
#883 = DIRECTION('',(-0.,0.,-1.));
#884 = DIRECTION('',(-7.105427357601E-14,-1.,0.));
#885 = FACE_BOUND('',#886,.F.);
#886 = EDGE_LOOP('',(#887));
#887 = ORIENTED_EDGE('',*,*,#888,.T.);
#888 = EDGE_CURVE('',#889,#889,#891,.T.);
#889 = VERTEX_POINT('',#890);
#890 = CARTESIAN_POINT('',(142.783256,-210.203932,0.));
#891 = CIRCLE('',#892,1.9939);
#892 = AXIS2_PLACEMENT_3D('',#893,#894,#895);
#893 = CARTESIAN_POINT('',(142.783256,-208.210032,0.));
#894 = DIRECTION('',(-0.,0.,-1.));
#895 = DIRECTION('',(-0.,-1.,0.));
#896 = FACE_BOUND('',#897,.F.);
#897 = EDGE_LOOP('',(#898));
#898 = ORIENTED_EDGE('',*,*,#899,.T.);
#899 = EDGE_CURVE('',#900,#900,#902,.T.);
#900 = VERTEX_POINT('',#901);
#901 = CARTESIAN_POINT('',(114.239972,-194.074711,0.));
#902 = CIRCLE('',#903,0.4);
#903 = AXIS2_PLACEMENT_3D('',#904,#905,#906);
#904 = CARTESIAN_POINT('',(114.239972,-193.674711,0.));
#905 = DIRECTION('',(-0.,0.,-1.));
#906 = DIRECTION('',(-0.,-1.,0.));
#907 = FACE_BOUND('',#908,.F.);
#908 = EDGE_LOOP('',(#909));
#909 = ORIENTED_EDGE('',*,*,#910,.T.);
#910 = EDGE_CURVE('',#911,#911,#913,.T.);
#911 = VERTEX_POINT('',#912);
#912 = CARTESIAN_POINT('',(116.621224,-194.074711,0.));
#913 = CIRCLE('',#914,0.4);
#914 = AXIS2_PLACEMENT_3D('',#915,#916,#917);
#915 = CARTESIAN_POINT('',(116.621224,-193.674711,0.));
#916 = DIRECTION('',(-0.,0.,-1.));
#917 = DIRECTION('',(-3.5527136788E-14,-1.,0.));
#918 = FACE_BOUND('',#919,.F.);
#919 = EDGE_LOOP('',(#920));
#920 = ORIENTED_EDGE('',*,*,#921,.T.);
#921 = EDGE_CURVE('',#922,#922,#924,.T.);
#922 = VERTEX_POINT('',#923);
#923 = CARTESIAN_POINT('',(119.002476,-194.074711,0.));
#924 = CIRCLE('',#925,0.4);
#925 = AXIS2_PLACEMENT_3D('',#926,#927,#928);
#926 = CARTESIAN_POINT('',(119.002476,-193.674711,0.));
#927 = DIRECTION('',(-0.,0.,-1.));
#928 = DIRECTION('',(-0.,-1.,0.));
#929 = FACE_BOUND('',#930,.F.);
#930 = EDGE_LOOP('',(#931));
#931 = ORIENTED_EDGE('',*,*,#932,.T.);
#932 = EDGE_CURVE('',#933,#933,#935,.T.);
#933 = VERTEX_POINT('',#934);
#934 = CARTESIAN_POINT('',(121.383728,-194.074711,0.));
#935 = CIRCLE('',#936,0.4);
#936 = AXIS2_PLACEMENT_3D('',#937,#938,#939);
#937 = CARTESIAN_POINT('',(121.383728,-193.674711,0.));
#938 = DIRECTION('',(-0.,0.,-1.));
#939 = DIRECTION('',(3.5527136788E-14,-1.,-0.));
#940 = FACE_BOUND('',#941,.F.);
#941 = EDGE_LOOP('',(#942));
#942 = ORIENTED_EDGE('',*,*,#943,.T.);
#943 = EDGE_CURVE('',#944,#944,#946,.T.);
#944 = VERTEX_POINT('',#945);
#945 = CARTESIAN_POINT('',(123.76498,-194.074711,0.));
#946 = CIRCLE('',#947,0.4);
#947 = AXIS2_PLACEMENT_3D('',#948,#949,#950);
#948 = CARTESIAN_POINT('',(123.76498,-193.674711,0.));
#949 = DIRECTION('',(-0.,0.,-1.));
#950 = DIRECTION('',(-3.5527136788E-14,-1.,0.));
#951 = FACE_BOUND('',#952,.F.);
#952 = EDGE_LOOP('',(#953));
#953 = ORIENTED_EDGE('',*,*,#954,.T.);
#954 = EDGE_CURVE('',#955,#955,#957,.T.);
#955 = VERTEX_POINT('',#956);
#956 = CARTESIAN_POINT('',(126.146232,-194.074711,0.));
#957 = CIRCLE('',#958,0.4);
#958 = AXIS2_PLACEMENT_3D('',#959,#960,#961);
#959 = CARTESIAN_POINT('',(126.146232,-193.674711,0.));
#960 = DIRECTION('',(-0.,0.,-1.));
#961 = DIRECTION('',(-0.,-1.,0.));
#962 = FACE_BOUND('',#963,.F.);
#963 = EDGE_LOOP('',(#964));
#964 = ORIENTED_EDGE('',*,*,#965,.T.);
#965 = EDGE_CURVE('',#966,#966,#968,.T.);
#966 = VERTEX_POINT('',#967);
#967 = CARTESIAN_POINT('',(128.527484,-194.074711,0.));
#968 = CIRCLE('',#969,0.4);
#969 = AXIS2_PLACEMENT_3D('',#970,#971,#972);
#970 = CARTESIAN_POINT('',(128.527484,-193.674711,0.));
#971 = DIRECTION('',(-0.,0.,-1.));
#972 = DIRECTION('',(-7.105427357601E-14,-1.,0.));
#973 = FACE_BOUND('',#974,.F.);
#974 = EDGE_LOOP('',(#975));
#975 = ORIENTED_EDGE('',*,*,#976,.T.);
#976 = EDGE_CURVE('',#977,#977,#979,.T.);
#977 = VERTEX_POINT('',#978);
#978 = CARTESIAN_POINT('',(149.64125,-200.86,0.));
#979 = CIRCLE('',#980,0.875);
#980 = AXIS2_PLACEMENT_3D('',#981,#982,#983);
#981 = CARTESIAN_POINT('',(149.64125,-199.985,0.));
#982 = DIRECTION('',(-0.,0.,-1.));
#983 = DIRECTION('',(-0.,-1.,0.));
#984 = FACE_BOUND('',#985,.F.);
#985 = EDGE_LOOP('',(#986));
#986 = ORIENTED_EDGE('',*,*,#987,.T.);
#987 = EDGE_CURVE('',#988,#988,#990,.T.);
#988 = VERTEX_POINT('',#989);
#989 = CARTESIAN_POINT('',(150.91125,-198.195,0.));
#990 = CIRCLE('',#991,0.75);
#991 = AXIS2_PLACEMENT_3D('',#992,#993,#994);
#992 = CARTESIAN_POINT('',(150.91125,-197.445,0.));
#993 = DIRECTION('',(-0.,0.,-1.));
#994 = DIRECTION('',(-0.,-1.,0.));
#995 = FACE_BOUND('',#996,.F.);
#996 = EDGE_LOOP('',(#997));
#997 = ORIENTED_EDGE('',*,*,#998,.T.);
#998 = EDGE_CURVE('',#999,#999,#1001,.T.);
#999 = VERTEX_POINT('',#1000);
#1000 = CARTESIAN_POINT('',(142.783256,-194.524032,0.));
#1001 = CIRCLE('',#1002,1.524);
#1002 = AXIS2_PLACEMENT_3D('',#1003,#1004,#1005);
#1003 = CARTESIAN_POINT('',(142.783256,-193.000032,0.));
#1004 = DIRECTION('',(-0.,0.,-1.));
#1005 = DIRECTION('',(-0.,-1.,0.));
#1006 = FACE_BOUND('',#1007,.F.);
#1007 = EDGE_LOOP('',(#1008));
#1008 = ORIENTED_EDGE('',*,*,#1009,.T.);
#1009 = EDGE_CURVE('',#1010,#1010,#1012,.T.);
#1010 = VERTEX_POINT('',#1011);
#1011 = CARTESIAN_POINT('',(166.659256,-210.203932,0.));
#1012 = CIRCLE('',#1013,1.9939);
#1013 = AXIS2_PLACEMENT_3D('',#1014,#1015,#1016);
#1014 = CARTESIAN_POINT('',(166.659256,-208.210032,0.));
#1015 = DIRECTION('',(-0.,0.,-1.));
#1016 = DIRECTION('',(-0.,-1.,0.));
#1017 = FACE_BOUND('',#1018,.F.);
#1018 = EDGE_LOOP('',(#1019));
#1019 = ORIENTED_EDGE('',*,*,#1020,.T.);
#1020 = EDGE_CURVE('',#1021,#1021,#1023,.T.);
#1021 = VERTEX_POINT('',#1022);
#1022 = CARTESIAN_POINT('',(154.72125,-201.985,0.));
#1023 = CIRCLE('',#1024,2.);
#1024 = AXIS2_PLACEMENT_3D('',#1025,#1026,#1027);
#1025 = CARTESIAN_POINT('',(154.72125,-199.985,0.));
#1026 = DIRECTION('',(-0.,0.,-1.));
#1027 = DIRECTION('',(-0.,-1.,0.));
#1028 = FACE_BOUND('',#1029,.F.);
#1029 = EDGE_LOOP('',(#1030));
#1030 = ORIENTED_EDGE('',*,*,#1031,.T.);
#1031 = EDGE_CURVE('',#1032,#1032,#1034,.T.);
#1032 = VERTEX_POINT('',#1033);
#1033 = CARTESIAN_POINT('',(159.80125,-200.86,0.));
#1034 = CIRCLE('',#1035,0.875);
#1035 = AXIS2_PLACEMENT_3D('',#1036,#1037,#1038);
#1036 = CARTESIAN_POINT('',(159.80125,-199.985,0.));
#1037 = DIRECTION('',(-0.,0.,-1.));
#1038 = DIRECTION('',(-0.,-1.,0.));
#1039 = FACE_BOUND('',#1040,.F.);
#1040 = EDGE_LOOP('',(#1041));
#1041 = ORIENTED_EDGE('',*,*,#1042,.T.);
#1042 = EDGE_CURVE('',#1043,#1043,#1045,.T.);
#1043 = VERTEX_POINT('',#1044);
#1044 = CARTESIAN_POINT('',(157.26125,-195.655,0.));
#1045 = CIRCLE('',#1046,0.75);
#1046 = AXIS2_PLACEMENT_3D('',#1047,#1048,#1049);
#1047 = CARTESIAN_POINT('',(157.26125,-194.905,0.));
#1048 = DIRECTION('',(-0.,0.,-1.));
#1049 = DIRECTION('',(-0.,-1.,0.));
#1050 = FACE_BOUND('',#1051,.F.);
#1051 = EDGE_LOOP('',(#1052));
#1052 = ORIENTED_EDGE('',*,*,#1053,.T.);
#1053 = EDGE_CURVE('',#1054,#1054,#1056,.T.);
#1054 = VERTEX_POINT('',#1055);
#1055 = CARTESIAN_POINT('',(166.659256,-194.524032,0.));
#1056 = CIRCLE('',#1057,1.524);
#1057 = AXIS2_PLACEMENT_3D('',#1058,#1059,#1060);
#1058 = CARTESIAN_POINT('',(166.659256,-193.000032,0.));
#1059 = DIRECTION('',(-0.,0.,-1.));
#1060 = DIRECTION('',(-0.,-1.,0.));
#1061 = FACE_BOUND('',#1062,.F.);
#1062 = EDGE_LOOP('',(#1063));
#1063 = ORIENTED_EDGE('',*,*,#1064,.T.);
#1064 = EDGE_CURVE('',#1065,#1065,#1067,.T.);
#1065 = VERTEX_POINT('',#1066);
#1066 = CARTESIAN_POINT('',(180.5975,-200.86,0.));
#1067 = CIRCLE('',#1068,0.875);
#1068 = AXIS2_PLACEMENT_3D('',#1069,#1070,#1071);
#1069 = CARTESIAN_POINT('',(180.5975,-199.985,0.));
#1070 = DIRECTION('',(-0.,0.,-1.));
#1071 = DIRECTION('',(-0.,-1.,0.));
#1072 = FACE_BOUND('',#1073,.F.);
#1073 = EDGE_LOOP('',(#1074));
#1074 = ORIENTED_EDGE('',*,*,#1075,.T.);
#1075 = EDGE_CURVE('',#1076,#1076,#1078,.T.);
#1076 = VERTEX_POINT('',#1077);
#1077 = CARTESIAN_POINT('',(185.6775,-201.985,0.));
#1078 = CIRCLE('',#1079,2.);
#1079 = AXIS2_PLACEMENT_3D('',#1080,#1081,#1082);
#1080 = CARTESIAN_POINT('',(185.6775,-199.985,0.));
#1081 = DIRECTION('',(-0.,0.,-1.));
#1082 = DIRECTION('',(-0.,-1.,0.));
#1083 = FACE_BOUND('',#1084,.F.);
#1084 = EDGE_LOOP('',(#1085));
#1085 = ORIENTED_EDGE('',*,*,#1086,.T.);
#1086 = EDGE_CURVE('',#1087,#1087,#1089,.T.);
#1087 = VERTEX_POINT('',#1088);
#1088 = CARTESIAN_POINT('',(190.7575,-200.86,0.));
#1089 = CIRCLE('',#1090,0.875);
#1090 = AXIS2_PLACEMENT_3D('',#1091,#1092,#1093);
#1091 = CARTESIAN_POINT('',(190.7575,-199.985,0.));
#1092 = DIRECTION('',(-0.,0.,-1.));
#1093 = DIRECTION('',(-0.,-1.,0.));
#1094 = FACE_BOUND('',#1095,.F.);
#1095 = EDGE_LOOP('',(#1096));
#1096 = ORIENTED_EDGE('',*,*,#1097,.T.);
#1097 = EDGE_CURVE('',#1098,#1098,#1100,.T.);
#1098 = VERTEX_POINT('',#1099);
#1099 = CARTESIAN_POINT('',(181.8675,-198.195,0.));
#1100 = CIRCLE('',#1101,0.75);
#1101 = AXIS2_PLACEMENT_3D('',#1102,#1103,#1104);
#1102 = CARTESIAN_POINT('',(181.8675,-197.445,0.));
#1103 = DIRECTION('',(-0.,0.,-1.));
#1104 = DIRECTION('',(-0.,-1.,0.));
#1105 = FACE_BOUND('',#1106,.F.);
#1106 = EDGE_LOOP('',(#1107));
#1107 = ORIENTED_EDGE('',*,*,#1108,.T.);
#1108 = EDGE_CURVE('',#1109,#1109,#1111,.T.);
#1109 = VERTEX_POINT('',#1110);
#1110 = CARTESIAN_POINT('',(188.2175,-195.655,0.));
#1111 = CIRCLE('',#1112,0.75);
#1112 = AXIS2_PLACEMENT_3D('',#1113,#1114,#1115);
#1113 = CARTESIAN_POINT('',(188.2175,-194.905,0.));
#1114 = DIRECTION('',(-0.,0.,-1.));
#1115 = DIRECTION('',(-0.,-1.,0.));
#1116 = FACE_BOUND('',#1117,.F.);
#1117 = EDGE_LOOP('',(#1118));
#1118 = ORIENTED_EDGE('',*,*,#1119,.T.);
#1119 = EDGE_CURVE('',#1120,#1120,#1122,.T.);
#1120 = VERTEX_POINT('',#1121);
#1121 = CARTESIAN_POINT('',(228.508328,-229.253948,0.));
#1122 = CIRCLE('',#1123,1.9939);
#1123 = AXIS2_PLACEMENT_3D('',#1124,#1125,#1126);
#1124 = CARTESIAN_POINT('',(228.508328,-227.260048,0.));
#1125 = DIRECTION('',(-0.,0.,-1.));
#1126 = DIRECTION('',(-0.,-1.,0.));
#1127 = FACE_BOUND('',#1128,.F.);
#1128 = EDGE_LOOP('',(#1129));
#1129 = ORIENTED_EDGE('',*,*,#1130,.T.);
#1130 = EDGE_CURVE('',#1131,#1131,#1133,.T.);
#1131 = VERTEX_POINT('',#1132);
#1132 = CARTESIAN_POINT('',(199.6475,-219.91,0.));
#1133 = CIRCLE('',#1134,0.875);
#1134 = AXIS2_PLACEMENT_3D('',#1135,#1136,#1137);
#1135 = CARTESIAN_POINT('',(199.6475,-219.035,0.));
#1136 = DIRECTION('',(-0.,0.,-1.));
#1137 = DIRECTION('',(-0.,-1.,0.));
#1138 = FACE_BOUND('',#1139,.F.);
#1139 = EDGE_LOOP('',(#1140));
#1140 = ORIENTED_EDGE('',*,*,#1141,.T.);
#1141 = EDGE_CURVE('',#1142,#1142,#1144,.T.);
#1142 = VERTEX_POINT('',#1143);
#1143 = CARTESIAN_POINT('',(200.9175,-217.245,0.));
#1144 = CIRCLE('',#1145,0.75);
#1145 = AXIS2_PLACEMENT_3D('',#1146,#1147,#1148);
#1146 = CARTESIAN_POINT('',(200.9175,-216.495,0.));
#1147 = DIRECTION('',(-0.,0.,-1.));
#1148 = DIRECTION('',(-0.,-1.,0.));
#1149 = FACE_BOUND('',#1150,.F.);
#1150 = EDGE_LOOP('',(#1151));
#1151 = ORIENTED_EDGE('',*,*,#1152,.T.);
#1152 = EDGE_CURVE('',#1153,#1153,#1155,.T.);
#1153 = VERTEX_POINT('',#1154);
#1154 = CARTESIAN_POINT('',(204.7275,-221.035,0.));
#1155 = CIRCLE('',#1156,2.);
#1156 = AXIS2_PLACEMENT_3D('',#1157,#1158,#1159);
#1157 = CARTESIAN_POINT('',(204.7275,-219.035,0.));
#1158 = DIRECTION('',(-0.,0.,-1.));
#1159 = DIRECTION('',(-0.,-1.,0.));
#1160 = FACE_BOUND('',#1161,.F.);
#1161 = EDGE_LOOP('',(#1162));
#1162 = ORIENTED_EDGE('',*,*,#1163,.T.);
#1163 = EDGE_CURVE('',#1164,#1164,#1166,.T.);
#1164 = VERTEX_POINT('',#1165);
#1165 = CARTESIAN_POINT('',(209.8075,-219.91,0.));
#1166 = CIRCLE('',#1167,0.875);
#1167 = AXIS2_PLACEMENT_3D('',#1168,#1169,#1170);
#1168 = CARTESIAN_POINT('',(209.8075,-219.035,0.));
#1169 = DIRECTION('',(-0.,0.,-1.));
#1170 = DIRECTION('',(-0.,-1.,0.));
#1171 = FACE_BOUND('',#1172,.F.);
#1172 = EDGE_LOOP('',(#1173));
#1173 = ORIENTED_EDGE('',*,*,#1174,.T.);
#1174 = EDGE_CURVE('',#1175,#1175,#1177,.T.);
#1175 = VERTEX_POINT('',#1176);
#1176 = CARTESIAN_POINT('',(207.2675,-214.705,0.));
#1177 = CIRCLE('',#1178,0.75);
#1178 = AXIS2_PLACEMENT_3D('',#1179,#1180,#1181);
#1179 = CARTESIAN_POINT('',(207.2675,-213.955,0.));
#1180 = DIRECTION('',(-0.,0.,-1.));
#1181 = DIRECTION('',(-0.,-1.,0.));
#1182 = FACE_BOUND('',#1183,.F.);
#1183 = EDGE_LOOP('',(#1184));
#1184 = ORIENTED_EDGE('',*,*,#1185,.T.);
#1185 = EDGE_CURVE('',#1186,#1186,#1188,.T.);
#1186 = VERTEX_POINT('',#1187);
#1187 = CARTESIAN_POINT('',(228.508328,-213.574048,0.));
#1188 = CIRCLE('',#1189,1.524);
#1189 = AXIS2_PLACEMENT_3D('',#1190,#1191,#1192);
#1190 = CARTESIAN_POINT('',(228.508328,-212.050048,0.));
#1191 = DIRECTION('',(-0.,0.,-1.));
#1192 = DIRECTION('',(-0.,-1.,0.));
#1193 = FACE_BOUND('',#1194,.F.);
#1194 = EDGE_LOOP('',(#1195));
#1195 = ORIENTED_EDGE('',*,*,#1196,.T.);
#1196 = EDGE_CURVE('',#1197,#1197,#1199,.T.);
#1197 = VERTEX_POINT('',#1198);
#1198 = CARTESIAN_POINT('',(252.384328,-229.253948,0.));
#1199 = CIRCLE('',#1200,1.9939);
#1200 = AXIS2_PLACEMENT_3D('',#1201,#1202,#1203);
#1201 = CARTESIAN_POINT('',(252.384328,-227.260048,0.));
#1202 = DIRECTION('',(-0.,0.,-1.));
#1203 = DIRECTION('',(-0.,-1.,0.));
#1204 = FACE_BOUND('',#1205,.F.);
#1205 = EDGE_LOOP('',(#1206));
#1206 = ORIENTED_EDGE('',*,*,#1207,.F.);
#1207 = EDGE_CURVE('',#1208,#1208,#1210,.T.);
#1208 = VERTEX_POINT('',#1209);
#1209 = CARTESIAN_POINT('',(260.091657,-228.560056,0.));
#1210 = CIRCLE('',#1211,1.190626);
#1211 = AXIS2_PLACEMENT_3D('',#1212,#1213,#1214);
#1212 = CARTESIAN_POINT('',(258.901031,-228.560056,0.));
#1213 = DIRECTION('',(0.,0.,1.));
#1214 = DIRECTION('',(1.,0.,0.));
#1215 = FACE_BOUND('',#1216,.F.);
#1216 = EDGE_LOOP('',(#1217));
#1217 = ORIENTED_EDGE('',*,*,#1218,.T.);
#1218 = EDGE_CURVE('',#1219,#1219,#1221,.T.);
#1219 = VERTEX_POINT('',#1220);
#1220 = CARTESIAN_POINT('',(235.36625,-219.91,0.));
#1221 = CIRCLE('',#1222,0.875);
#1222 = AXIS2_PLACEMENT_3D('',#1223,#1224,#1225);
#1223 = CARTESIAN_POINT('',(235.36625,-219.035,0.));
#1224 = DIRECTION('',(-0.,0.,-1.));
#1225 = DIRECTION('',(-0.,-1.,0.));
#1226 = FACE_BOUND('',#1227,.F.);
#1227 = EDGE_LOOP('',(#1228));
#1228 = ORIENTED_EDGE('',*,*,#1229,.T.);
#1229 = EDGE_CURVE('',#1230,#1230,#1232,.T.);
#1230 = VERTEX_POINT('',#1231);
#1231 = CARTESIAN_POINT('',(240.44625,-221.035,0.));
#1232 = CIRCLE('',#1233,2.);
#1233 = AXIS2_PLACEMENT_3D('',#1234,#1235,#1236);
#1234 = CARTESIAN_POINT('',(240.44625,-219.035,0.));
#1235 = DIRECTION('',(-0.,0.,-1.));
#1236 = DIRECTION('',(-0.,-1.,0.));
#1237 = FACE_BOUND('',#1238,.F.);
#1238 = EDGE_LOOP('',(#1239));
#1239 = ORIENTED_EDGE('',*,*,#1240,.T.);
#1240 = EDGE_CURVE('',#1241,#1241,#1243,.T.);
#1241 = VERTEX_POINT('',#1242);
#1242 = CARTESIAN_POINT('',(236.63625,-217.245,0.));
#1243 = CIRCLE('',#1244,0.75);
#1244 = AXIS2_PLACEMENT_3D('',#1245,#1246,#1247);
#1245 = CARTESIAN_POINT('',(236.63625,-216.495,0.));
#1246 = DIRECTION('',(-0.,0.,-1.));
#1247 = DIRECTION('',(-0.,-1.,0.));
#1248 = FACE_BOUND('',#1249,.F.);
#1249 = EDGE_LOOP('',(#1250));
#1250 = ORIENTED_EDGE('',*,*,#1251,.T.);
#1251 = EDGE_CURVE('',#1252,#1252,#1254,.T.);
#1252 = VERTEX_POINT('',#1253);
#1253 = CARTESIAN_POINT('',(245.52625,-219.91,0.));
#1254 = CIRCLE('',#1255,0.875);
#1255 = AXIS2_PLACEMENT_3D('',#1256,#1257,#1258);
#1256 = CARTESIAN_POINT('',(245.52625,-219.035,0.));
#1257 = DIRECTION('',(-0.,0.,-1.));
#1258 = DIRECTION('',(-0.,-1.,0.));
#1259 = FACE_BOUND('',#1260,.F.);
#1260 = EDGE_LOOP('',(#1261));
#1261 = ORIENTED_EDGE('',*,*,#1262,.T.);
#1262 = EDGE_CURVE('',#1263,#1263,#1265,.T.);
#1263 = VERTEX_POINT('',#1264);
#1264 = CARTESIAN_POINT('',(242.98625,-214.705,0.));
#1265 = CIRCLE('',#1266,0.75);
#1266 = AXIS2_PLACEMENT_3D('',#1267,#1268,#1269);
#1267 = CARTESIAN_POINT('',(242.98625,-213.955,0.));
#1268 = DIRECTION('',(-0.,0.,-1.));
#1269 = DIRECTION('',(-0.,-1.,0.));
#1270 = FACE_BOUND('',#1271,.F.);
#1271 = EDGE_LOOP('',(#1272));
#1272 = ORIENTED_EDGE('',*,*,#1273,.T.);
#1273 = EDGE_CURVE('',#1274,#1274,#1276,.T.);
#1274 = VERTEX_POINT('',#1275);
#1275 = CARTESIAN_POINT('',(252.384328,-213.574048,0.));
#1276 = CIRCLE('',#1277,1.524);
#1277 = AXIS2_PLACEMENT_3D('',#1278,#1279,#1280);
#1278 = CARTESIAN_POINT('',(252.384328,-212.050048,0.));
#1279 = DIRECTION('',(-0.,0.,-1.));
#1280 = DIRECTION('',(-0.,-1.,0.));
#1281 = FACE_BOUND('',#1282,.F.);
#1282 = EDGE_LOOP('',(#1283));
#1283 = ORIENTED_EDGE('',*,*,#1284,.T.);
#1284 = EDGE_CURVE('',#1285,#1285,#1287,.T.);
#1285 = VERTEX_POINT('',#1286);
#1286 = CARTESIAN_POINT('',(199.6475,-200.86,0.));
#1287 = CIRCLE('',#1288,0.875);
#1288 = AXIS2_PLACEMENT_3D('',#1289,#1290,#1291);
#1289 = CARTESIAN_POINT('',(199.6475,-199.985,0.));
#1290 = DIRECTION('',(-0.,0.,-1.));
#1291 = DIRECTION('',(-0.,-1.,0.));
#1292 = FACE_BOUND('',#1293,.F.);
#1293 = EDGE_LOOP('',(#1294));
#1294 = ORIENTED_EDGE('',*,*,#1295,.T.);
#1295 = EDGE_CURVE('',#1296,#1296,#1298,.T.);
#1296 = VERTEX_POINT('',#1297);
#1297 = CARTESIAN_POINT('',(200.9175,-198.195,0.));
#1298 = CIRCLE('',#1299,0.75);
#1299 = AXIS2_PLACEMENT_3D('',#1300,#1301,#1302);
#1300 = CARTESIAN_POINT('',(200.9175,-197.445,0.));
#1301 = DIRECTION('',(-0.,0.,-1.));
#1302 = DIRECTION('',(-0.,-1.,0.));
#1303 = FACE_BOUND('',#1304,.F.);
#1304 = EDGE_LOOP('',(#1305));
#1305 = ORIENTED_EDGE('',*,*,#1306,.T.);
#1306 = EDGE_CURVE('',#1307,#1307,#1309,.T.);
#1307 = VERTEX_POINT('',#1308);
#1308 = CARTESIAN_POINT('',(204.7275,-201.985,0.));
#1309 = CIRCLE('',#1310,2.);
#1310 = AXIS2_PLACEMENT_3D('',#1311,#1312,#1313);
#1311 = CARTESIAN_POINT('',(204.7275,-199.985,0.));
#1312 = DIRECTION('',(-0.,0.,-1.));
#1313 = DIRECTION('',(-0.,-1.,0.));
#1314 = FACE_BOUND('',#1315,.F.);
#1315 = EDGE_LOOP('',(#1316));
#1316 = ORIENTED_EDGE('',*,*,#1317,.T.);
#1317 = EDGE_CURVE('',#1318,#1318,#1320,.T.);
#1318 = VERTEX_POINT('',#1319);
#1319 = CARTESIAN_POINT('',(209.8075,-200.86,0.));
#1320 = CIRCLE('',#1321,0.875);
#1321 = AXIS2_PLACEMENT_3D('',#1322,#1323,#1324);
#1322 = CARTESIAN_POINT('',(209.8075,-199.985,0.));
#1323 = DIRECTION('',(-0.,0.,-1.));
#1324 = DIRECTION('',(-0.,-1.,0.));
#1325 = FACE_BOUND('',#1326,.F.);
#1326 = EDGE_LOOP('',(#1327));
#1327 = ORIENTED_EDGE('',*,*,#1328,.T.);
#1328 = EDGE_CURVE('',#1329,#1329,#1331,.T.);
#1329 = VERTEX_POINT('',#1330);
#1330 = CARTESIAN_POINT('',(207.2675,-195.655,0.));
#1331 = CIRCLE('',#1332,0.75);
#1332 = AXIS2_PLACEMENT_3D('',#1333,#1334,#1335);
#1333 = CARTESIAN_POINT('',(207.2675,-194.905,0.));
#1334 = DIRECTION('',(-0.,0.,-1.));
#1335 = DIRECTION('',(-0.,-1.,0.));
#1336 = FACE_BOUND('',#1337,.F.);
#1337 = EDGE_LOOP('',(#1338));
#1338 = ORIENTED_EDGE('',*,*,#1339,.T.);
#1339 = EDGE_CURVE('',#1340,#1340,#1342,.T.);
#1340 = VERTEX_POINT('',#1341);
#1341 = CARTESIAN_POINT('',(218.6975,-200.86,0.));
#1342 = CIRCLE('',#1343,0.875);
#1343 = AXIS2_PLACEMENT_3D('',#1344,#1345,#1346);
#1344 = CARTESIAN_POINT('',(218.6975,-199.985,0.));
#1345 = DIRECTION('',(-0.,0.,-1.));
#1346 = DIRECTION('',(-0.,-1.,0.));
#1347 = FACE_BOUND('',#1348,.F.);
#1348 = EDGE_LOOP('',(#1349));
#1349 = ORIENTED_EDGE('',*,*,#1350,.T.);
#1350 = EDGE_CURVE('',#1351,#1351,#1353,.T.);
#1351 = VERTEX_POINT('',#1352);
#1352 = CARTESIAN_POINT('',(219.9675,-198.195,0.));
#1353 = CIRCLE('',#1354,0.75);
#1354 = AXIS2_PLACEMENT_3D('',#1355,#1356,#1357);
#1355 = CARTESIAN_POINT('',(219.9675,-197.445,0.));
#1356 = DIRECTION('',(-0.,0.,-1.));
#1357 = DIRECTION('',(-0.,-1.,0.));
#1358 = FACE_BOUND('',#1359,.F.);
#1359 = EDGE_LOOP('',(#1360));
#1360 = ORIENTED_EDGE('',*,*,#1361,.T.);
#1361 = EDGE_CURVE('',#1362,#1362,#1364,.T.);
#1362 = VERTEX_POINT('',#1363);
#1363 = CARTESIAN_POINT('',(223.7775,-201.985,0.));
#1364 = CIRCLE('',#1365,2.);
#1365 = AXIS2_PLACEMENT_3D('',#1366,#1367,#1368);
#1366 = CARTESIAN_POINT('',(223.7775,-199.985,0.));
#1367 = DIRECTION('',(-0.,0.,-1.));
#1368 = DIRECTION('',(-0.,-1.,0.));
#1369 = FACE_BOUND('',#1370,.F.);
#1370 = EDGE_LOOP('',(#1371));
#1371 = ORIENTED_EDGE('',*,*,#1372,.T.);
#1372 = EDGE_CURVE('',#1373,#1373,#1375,.T.);
#1373 = VERTEX_POINT('',#1374);
#1374 = CARTESIAN_POINT('',(228.8575,-200.86,0.));
#1375 = CIRCLE('',#1376,0.875);
#1376 = AXIS2_PLACEMENT_3D('',#1377,#1378,#1379);
#1377 = CARTESIAN_POINT('',(228.8575,-199.985,0.));
#1378 = DIRECTION('',(-0.,0.,-1.));
#1379 = DIRECTION('',(-0.,-1.,0.));
#1380 = FACE_BOUND('',#1381,.F.);
#1381 = EDGE_LOOP('',(#1382));
#1382 = ORIENTED_EDGE('',*,*,#1383,.T.);
#1383 = EDGE_CURVE('',#1384,#1384,#1386,.T.);
#1384 = VERTEX_POINT('',#1385);
#1385 = CARTESIAN_POINT('',(226.3175,-195.655,0.));
#1386 = CIRCLE('',#1387,0.75);
#1387 = AXIS2_PLACEMENT_3D('',#1388,#1389,#1390);
#1388 = CARTESIAN_POINT('',(226.3175,-194.905,0.));
#1389 = DIRECTION('',(-0.,0.,-1.));
#1390 = DIRECTION('',(-0.,-1.,0.));
#1391 = FACE_BOUND('',#1392,.F.);
#1392 = EDGE_LOOP('',(#1393));
#1393 = ORIENTED_EDGE('',*,*,#1394,.T.);
#1394 = EDGE_CURVE('',#1395,#1395,#1397,.T.);
#1395 = VERTEX_POINT('',#1396);
#1396 = CARTESIAN_POINT('',(237.7475,-200.86,0.));
#1397 = CIRCLE('',#1398,0.875);
#1398 = AXIS2_PLACEMENT_3D('',#1399,#1400,#1401);
#1399 = CARTESIAN_POINT('',(237.7475,-199.985,0.));
#1400 = DIRECTION('',(-0.,0.,-1.));
#1401 = DIRECTION('',(-0.,-1.,0.));
#1402 = FACE_BOUND('',#1403,.F.);
#1403 = EDGE_LOOP('',(#1404));
#1404 = ORIENTED_EDGE('',*,*,#1405,.T.);
#1405 = EDGE_CURVE('',#1406,#1406,#1408,.T.);
#1406 = VERTEX_POINT('',#1407);
#1407 = CARTESIAN_POINT('',(239.0175,-198.195,0.));
#1408 = CIRCLE('',#1409,0.75);
#1409 = AXIS2_PLACEMENT_3D('',#1410,#1411,#1412);
#1410 = CARTESIAN_POINT('',(239.0175,-197.445,0.));
#1411 = DIRECTION('',(-0.,0.,-1.));
#1412 = DIRECTION('',(-0.,-1.,0.));
#1413 = FACE_BOUND('',#1414,.F.);
#1414 = EDGE_LOOP('',(#1415));
#1415 = ORIENTED_EDGE('',*,*,#1416,.T.);
#1416 = EDGE_CURVE('',#1417,#1417,#1419,.T.);
#1417 = VERTEX_POINT('',#1418);
#1418 = CARTESIAN_POINT('',(242.8275,-201.985,0.));
#1419 = CIRCLE('',#1420,2.);
#1420 = AXIS2_PLACEMENT_3D('',#1421,#1422,#1423);
#1421 = CARTESIAN_POINT('',(242.8275,-199.985,0.));
#1422 = DIRECTION('',(-0.,0.,-1.));
#1423 = DIRECTION('',(-0.,-1.,0.));
#1424 = FACE_BOUND('',#1425,.F.);
#1425 = EDGE_LOOP('',(#1426));
#1426 = ORIENTED_EDGE('',*,*,#1427,.T.);
#1427 = EDGE_CURVE('',#1428,#1428,#1430,.T.);
#1428 = VERTEX_POINT('',#1429);
#1429 = CARTESIAN_POINT('',(247.9075,-200.86,0.));
#1430 = CIRCLE('',#1431,0.875);
#1431 = AXIS2_PLACEMENT_3D('',#1432,#1433,#1434);
#1432 = CARTESIAN_POINT('',(247.9075,-199.985,0.));
#1433 = DIRECTION('',(-0.,0.,-1.));
#1434 = DIRECTION('',(-0.,-1.,0.));
#1435 = FACE_BOUND('',#1436,.F.);
#1436 = EDGE_LOOP('',(#1437));
#1437 = ORIENTED_EDGE('',*,*,#1438,.T.);
#1438 = EDGE_CURVE('',#1439,#1439,#1441,.T.);
#1439 = VERTEX_POINT('',#1440);
#1440 = CARTESIAN_POINT('',(245.3675,-195.655,0.));
#1441 = CIRCLE('',#1442,0.75);
#1442 = AXIS2_PLACEMENT_3D('',#1443,#1444,#1445);
#1443 = CARTESIAN_POINT('',(245.3675,-194.905,0.));
#1444 = DIRECTION('',(-0.,0.,-1.));
#1445 = DIRECTION('',(-0.,-1.,0.));
#1446 = FACE_BOUND('',#1447,.F.);
#1447 = EDGE_LOOP('',(#1448));
#1448 = ORIENTED_EDGE('',*,*,#1449,.T.);
#1449 = EDGE_CURVE('',#1450,#1450,#1452,.T.);
#1450 = VERTEX_POINT('',#1451);
#1451 = CARTESIAN_POINT('',(256.7975,-200.86,0.));
#1452 = CIRCLE('',#1453,0.875);
#1453 = AXIS2_PLACEMENT_3D('',#1454,#1455,#1456);
#1454 = CARTESIAN_POINT('',(256.7975,-199.985,0.));
#1455 = DIRECTION('',(-0.,0.,-1.));
#1456 = DIRECTION('',(-0.,-1.,0.));
#1457 = FACE_BOUND('',#1458,.F.);
#1458 = EDGE_LOOP('',(#1459));
#1459 = ORIENTED_EDGE('',*,*,#1460,.T.);
#1460 = EDGE_CURVE('',#1461,#1461,#1463,.T.);
#1461 = VERTEX_POINT('',#1462);
#1462 = CARTESIAN_POINT('',(261.8775,-201.985,0.));
#1463 = CIRCLE('',#1464,2.);
#1464 = AXIS2_PLACEMENT_3D('',#1465,#1466,#1467);
#1465 = CARTESIAN_POINT('',(261.8775,-199.985,0.));
#1466 = DIRECTION('',(-0.,0.,-1.));
#1467 = DIRECTION('',(-0.,-1.,0.));
#1468 = FACE_BOUND('',#1469,.F.);
#1469 = EDGE_LOOP('',(#1470));
#1470 = ORIENTED_EDGE('',*,*,#1471,.T.);
#1471 = EDGE_CURVE('',#1472,#1472,#1474,.T.);
#1472 = VERTEX_POINT('',#1473);
#1473 = CARTESIAN_POINT('',(258.0675,-198.195,0.));
#1474 = CIRCLE('',#1475,0.75);
#1475 = AXIS2_PLACEMENT_3D('',#1476,#1477,#1478);
#1476 = CARTESIAN_POINT('',(258.0675,-197.445,0.));
#1477 = DIRECTION('',(-0.,0.,-1.));
#1478 = DIRECTION('',(-0.,-1.,0.));
#1479 = FACE_BOUND('',#1480,.F.);
#1480 = EDGE_LOOP('',(#1481));
#1481 = ORIENTED_EDGE('',*,*,#1482,.T.);
#1482 = EDGE_CURVE('',#1483,#1483,#1485,.T.);
#1483 = VERTEX_POINT('',#1484);
#1484 = CARTESIAN_POINT('',(266.9575,-200.86,0.));
#1485 = CIRCLE('',#1486,0.875);
#1486 = AXIS2_PLACEMENT_3D('',#1487,#1488,#1489);
#1487 = CARTESIAN_POINT('',(266.9575,-199.985,0.));
#1488 = DIRECTION('',(-0.,0.,-1.));
#1489 = DIRECTION('',(-0.,-1.,0.));
#1490 = FACE_BOUND('',#1491,.F.);
#1491 = EDGE_LOOP('',(#1492));
#1492 = ORIENTED_EDGE('',*,*,#1493,.T.);
#1493 = EDGE_CURVE('',#1494,#1494,#1496,.T.);
#1494 = VERTEX_POINT('',#1495);
#1495 = CARTESIAN_POINT('',(264.4175,-195.655,0.));
#1496 = CIRCLE('',#1497,0.75);
#1497 = AXIS2_PLACEMENT_3D('',#1498,#1499,#1500);
#1498 = CARTESIAN_POINT('',(264.4175,-194.905,0.));
#1499 = DIRECTION('',(-0.,0.,-1.));
#1500 = DIRECTION('',(-0.,-1.,0.));
#1501 = FACE_BOUND('',#1502,.F.);
#1502 = EDGE_LOOP('',(#1503));
#1503 = ORIENTED_EDGE('',*,*,#1504,.T.);
#1504 = EDGE_CURVE('',#1505,#1505,#1507,.T.);
#1505 = VERTEX_POINT('',#1506);
#1506 = CARTESIAN_POINT('',(118.9075,-184.565,0.));
#1507 = CIRCLE('',#1508,0.5);
#1508 = AXIS2_PLACEMENT_3D('',#1509,#1510,#1511);
#1509 = CARTESIAN_POINT('',(118.9075,-184.065,0.));
#1510 = DIRECTION('',(-0.,0.,-1.));
#1511 = DIRECTION('',(-0.,-1.,0.));
#1512 = FACE_BOUND('',#1513,.F.);
#1513 = EDGE_LOOP('',(#1514));
#1514 = ORIENTED_EDGE('',*,*,#1515,.T.);
#1515 = EDGE_CURVE('',#1516,#1516,#1518,.T.);
#1516 = VERTEX_POINT('',#1517);
#1517 = CARTESIAN_POINT('',(134.1475,-184.565,0.));
#1518 = CIRCLE('',#1519,0.5);
#1519 = AXIS2_PLACEMENT_3D('',#1520,#1521,#1522);
#1520 = CARTESIAN_POINT('',(134.1475,-184.065,0.));
#1521 = DIRECTION('',(-0.,0.,-1.));
#1522 = DIRECTION('',(-0.,-1.,0.));
#1523 = FACE_BOUND('',#1524,.F.);
#1524 = EDGE_LOOP('',(#1525));
#1525 = ORIENTED_EDGE('',*,*,#1526,.T.);
#1526 = EDGE_CURVE('',#1527,#1527,#1529,.T.);
#1527 = VERTEX_POINT('',#1528);
#1528 = CARTESIAN_POINT('',(118.9075,-182.025,0.));
#1529 = CIRCLE('',#1530,0.5);
#1530 = AXIS2_PLACEMENT_3D('',#1531,#1532,#1533);
#1531 = CARTESIAN_POINT('',(118.9075,-181.525,0.));
#1532 = DIRECTION('',(-0.,0.,-1.));
#1533 = DIRECTION('',(-0.,-1.,0.));
#1534 = FACE_BOUND('',#1535,.F.);
#1535 = EDGE_LOOP('',(#1536));
#1536 = ORIENTED_EDGE('',*,*,#1537,.T.);
#1537 = EDGE_CURVE('',#1538,#1538,#1540,.T.);
#1538 = VERTEX_POINT('',#1539);
#1539 = CARTESIAN_POINT('',(118.9075,-179.485,0.));
#1540 = CIRCLE('',#1541,0.5);
#1541 = AXIS2_PLACEMENT_3D('',#1542,#1543,#1544);
#1542 = CARTESIAN_POINT('',(118.9075,-178.985,0.));
#1543 = DIRECTION('',(-0.,0.,-1.));
#1544 = DIRECTION('',(-0.,-1.,0.));
#1545 = FACE_BOUND('',#1546,.F.);
#1546 = EDGE_LOOP('',(#1547));
#1547 = ORIENTED_EDGE('',*,*,#1548,.T.);
#1548 = EDGE_CURVE('',#1549,#1549,#1551,.T.);
#1549 = VERTEX_POINT('',#1550);
#1550 = CARTESIAN_POINT('',(118.9075,-176.945,0.));
#1551 = CIRCLE('',#1552,0.5);
#1552 = AXIS2_PLACEMENT_3D('',#1553,#1554,#1555);
#1553 = CARTESIAN_POINT('',(118.9075,-176.445,0.));
#1554 = DIRECTION('',(-0.,0.,-1.));
#1555 = DIRECTION('',(-0.,-1.,0.));
#1556 = FACE_BOUND('',#1557,.F.);
#1557 = EDGE_LOOP('',(#1558));
#1558 = ORIENTED_EDGE('',*,*,#1559,.T.);
#1559 = EDGE_CURVE('',#1560,#1560,#1562,.T.);
#1560 = VERTEX_POINT('',#1561);
#1561 = CARTESIAN_POINT('',(118.9075,-174.405,0.));
#1562 = CIRCLE('',#1563,0.5);
#1563 = AXIS2_PLACEMENT_3D('',#1564,#1565,#1566);
#1564 = CARTESIAN_POINT('',(118.9075,-173.905,0.));
#1565 = DIRECTION('',(-0.,0.,-1.));
#1566 = DIRECTION('',(-0.,-1.,0.));
#1567 = FACE_BOUND('',#1568,.F.);
#1568 = EDGE_LOOP('',(#1569));
#1569 = ORIENTED_EDGE('',*,*,#1570,.T.);
#1570 = EDGE_CURVE('',#1571,#1571,#1573,.T.);
#1571 = VERTEX_POINT('',#1572);
#1572 = CARTESIAN_POINT('',(134.1475,-182.025,0.));
#1573 = CIRCLE('',#1574,0.5);
#1574 = AXIS2_PLACEMENT_3D('',#1575,#1576,#1577);
#1575 = CARTESIAN_POINT('',(134.1475,-181.525,0.));
#1576 = DIRECTION('',(-0.,0.,-1.));
#1577 = DIRECTION('',(-0.,-1.,0.));
#1578 = FACE_BOUND('',#1579,.F.);
#1579 = EDGE_LOOP('',(#1580));
#1580 = ORIENTED_EDGE('',*,*,#1581,.T.);
#1581 = EDGE_CURVE('',#1582,#1582,#1584,.T.);
#1582 = VERTEX_POINT('',#1583);
#1583 = CARTESIAN_POINT('',(134.1475,-179.485,0.));
#1584 = CIRCLE('',#1585,0.5);
#1585 = AXIS2_PLACEMENT_3D('',#1586,#1587,#1588);
#1586 = CARTESIAN_POINT('',(134.1475,-178.985,0.));
#1587 = DIRECTION('',(-0.,0.,-1.));
#1588 = DIRECTION('',(-0.,-1.,0.));
#1589 = FACE_BOUND('',#1590,.F.);
#1590 = EDGE_LOOP('',(#1591));
#1591 = ORIENTED_EDGE('',*,*,#1592,.T.);
#1592 = EDGE_CURVE('',#1593,#1593,#1595,.T.);
#1593 = VERTEX_POINT('',#1594);
#1594 = CARTESIAN_POINT('',(144.87875,-181.81,0.));
#1595 = CIRCLE('',#1596,0.875);
#1596 = AXIS2_PLACEMENT_3D('',#1597,#1598,#1599);
#1597 = CARTESIAN_POINT('',(144.87875,-180.935,0.));
#1598 = DIRECTION('',(-0.,0.,-1.));
#1599 = DIRECTION('',(-0.,-1.,0.));
#1600 = FACE_BOUND('',#1601,.F.);
#1601 = EDGE_LOOP('',(#1602));
#1602 = ORIENTED_EDGE('',*,*,#1603,.T.);
#1603 = EDGE_CURVE('',#1604,#1604,#1606,.T.);
#1604 = VERTEX_POINT('',#1605);
#1605 = CARTESIAN_POINT('',(149.95875,-182.935,0.));
#1606 = CIRCLE('',#1607,2.);
#1607 = AXIS2_PLACEMENT_3D('',#1608,#1609,#1610);
#1608 = CARTESIAN_POINT('',(149.95875,-180.935,0.));
#1609 = DIRECTION('',(-0.,0.,-1.));
#1610 = DIRECTION('',(-0.,-1.,0.));
#1611 = FACE_BOUND('',#1612,.F.);
#1612 = EDGE_LOOP('',(#1613));
#1613 = ORIENTED_EDGE('',*,*,#1614,.T.);
#1614 = EDGE_CURVE('',#1615,#1615,#1617,.T.);
#1615 = VERTEX_POINT('',#1616);
#1616 = CARTESIAN_POINT('',(146.14875,-179.145,0.));
#1617 = CIRCLE('',#1618,0.75);
#1618 = AXIS2_PLACEMENT_3D('',#1619,#1620,#1621);
#1619 = CARTESIAN_POINT('',(146.14875,-178.395,0.));
#1620 = DIRECTION('',(-0.,0.,-1.));
#1621 = DIRECTION('',(-0.,-1.,0.));
#1622 = FACE_BOUND('',#1623,.F.);
#1623 = EDGE_LOOP('',(#1624));
#1624 = ORIENTED_EDGE('',*,*,#1625,.T.);
#1625 = EDGE_CURVE('',#1626,#1626,#1628,.T.);
#1626 = VERTEX_POINT('',#1627);
#1627 = CARTESIAN_POINT('',(134.1475,-176.945,0.));
#1628 = CIRCLE('',#1629,0.5);
#1629 = AXIS2_PLACEMENT_3D('',#1630,#1631,#1632);
#1630 = CARTESIAN_POINT('',(134.1475,-176.445,0.));
#1631 = DIRECTION('',(-0.,0.,-1.));
#1632 = DIRECTION('',(-0.,-1.,0.));
#1633 = FACE_BOUND('',#1634,.F.);
#1634 = EDGE_LOOP('',(#1635));
#1635 = ORIENTED_EDGE('',*,*,#1636,.T.);
#1636 = EDGE_CURVE('',#1637,#1637,#1639,.T.);
#1637 = VERTEX_POINT('',#1638);
#1638 = CARTESIAN_POINT('',(134.1475,-174.405,0.));
#1639 = CIRCLE('',#1640,0.5);
#1640 = AXIS2_PLACEMENT_3D('',#1641,#1642,#1643);
#1641 = CARTESIAN_POINT('',(134.1475,-173.905,0.));
#1642 = DIRECTION('',(-0.,0.,-1.));
#1643 = DIRECTION('',(-0.,-1.,0.));
#1644 = FACE_BOUND('',#1645,.F.);
#1645 = EDGE_LOOP('',(#1646));
#1646 = ORIENTED_EDGE('',*,*,#1647,.T.);
#1647 = EDGE_CURVE('',#1648,#1648,#1650,.T.);
#1648 = VERTEX_POINT('',#1649);
#1649 = CARTESIAN_POINT('',(155.03875,-181.81,0.));
#1650 = CIRCLE('',#1651,0.875);
#1651 = AXIS2_PLACEMENT_3D('',#1652,#1653,#1654);
#1652 = CARTESIAN_POINT('',(155.03875,-180.935,0.));
#1653 = DIRECTION('',(-0.,0.,-1.));
#1654 = DIRECTION('',(-0.,-1.,0.));
#1655 = FACE_BOUND('',#1656,.F.);
#1656 = EDGE_LOOP('',(#1657));
#1657 = ORIENTED_EDGE('',*,*,#1658,.T.);
#1658 = EDGE_CURVE('',#1659,#1659,#1661,.T.);
#1659 = VERTEX_POINT('',#1660);
#1660 = CARTESIAN_POINT('',(171.0725,-181.81,0.));
#1661 = CIRCLE('',#1662,0.875);
#1662 = AXIS2_PLACEMENT_3D('',#1663,#1664,#1665);
#1663 = CARTESIAN_POINT('',(171.0725,-180.935,0.));
#1664 = DIRECTION('',(-0.,0.,-1.));
#1665 = DIRECTION('',(-0.,-1.,0.));
#1666 = FACE_BOUND('',#1667,.F.);
#1667 = EDGE_LOOP('',(#1668));
#1668 = ORIENTED_EDGE('',*,*,#1669,.T.);
#1669 = EDGE_CURVE('',#1670,#1670,#1672,.T.);
#1670 = VERTEX_POINT('',#1671);
#1671 = CARTESIAN_POINT('',(152.49875,-176.605,0.));
#1672 = CIRCLE('',#1673,0.75);
#1673 = AXIS2_PLACEMENT_3D('',#1674,#1675,#1676);
#1674 = CARTESIAN_POINT('',(152.49875,-175.855,0.));
#1675 = DIRECTION('',(-0.,0.,-1.));
#1676 = DIRECTION('',(-0.,-1.,0.));
#1677 = FACE_BOUND('',#1678,.F.);
#1678 = EDGE_LOOP('',(#1679));
#1679 = ORIENTED_EDGE('',*,*,#1680,.T.);
#1680 = EDGE_CURVE('',#1681,#1681,#1683,.T.);
#1681 = VERTEX_POINT('',#1682);
#1682 = CARTESIAN_POINT('',(176.1525,-182.935,0.));
#1683 = CIRCLE('',#1684,2.);
#1684 = AXIS2_PLACEMENT_3D('',#1685,#1686,#1687);
#1685 = CARTESIAN_POINT('',(176.1525,-180.935,0.));
#1686 = DIRECTION('',(-0.,0.,-1.));
#1687 = DIRECTION('',(-0.,-1.,0.));
#1688 = FACE_BOUND('',#1689,.F.);
#1689 = EDGE_LOOP('',(#1690));
#1690 = ORIENTED_EDGE('',*,*,#1691,.T.);
#1691 = EDGE_CURVE('',#1692,#1692,#1694,.T.);
#1692 = VERTEX_POINT('',#1693);
#1693 = CARTESIAN_POINT('',(181.2325,-181.81,0.));
#1694 = CIRCLE('',#1695,0.875);
#1695 = AXIS2_PLACEMENT_3D('',#1696,#1697,#1698);
#1696 = CARTESIAN_POINT('',(181.2325,-180.935,0.));
#1697 = DIRECTION('',(-0.,0.,-1.));
#1698 = DIRECTION('',(-0.,-1.,0.));
#1699 = FACE_BOUND('',#1700,.F.);
#1700 = EDGE_LOOP('',(#1701));
#1701 = ORIENTED_EDGE('',*,*,#1702,.T.);
#1702 = EDGE_CURVE('',#1703,#1703,#1705,.T.);
#1703 = VERTEX_POINT('',#1704);
#1704 = CARTESIAN_POINT('',(172.3425,-179.145,0.));
#1705 = CIRCLE('',#1706,0.75);
#1706 = AXIS2_PLACEMENT_3D('',#1707,#1708,#1709);
#1707 = CARTESIAN_POINT('',(172.3425,-178.395,0.));
#1708 = DIRECTION('',(-0.,0.,-1.));
#1709 = DIRECTION('',(-0.,-1.,0.));
#1710 = FACE_BOUND('',#1711,.F.);
#1711 = EDGE_LOOP('',(#1712));
#1712 = ORIENTED_EDGE('',*,*,#1713,.T.);
#1713 = EDGE_CURVE('',#1714,#1714,#1716,.T.);
#1714 = VERTEX_POINT('',#1715);
#1715 = CARTESIAN_POINT('',(190.1225,-181.81,0.));
#1716 = CIRCLE('',#1717,0.875);
#1717 = AXIS2_PLACEMENT_3D('',#1718,#1719,#1720);
#1718 = CARTESIAN_POINT('',(190.1225,-180.935,0.));
#1719 = DIRECTION('',(-0.,0.,-1.));
#1720 = DIRECTION('',(-0.,-1.,0.));
#1721 = FACE_BOUND('',#1722,.F.);
#1722 = EDGE_LOOP('',(#1723));
#1723 = ORIENTED_EDGE('',*,*,#1724,.T.);
#1724 = EDGE_CURVE('',#1725,#1725,#1727,.T.);
#1725 = VERTEX_POINT('',#1726);
#1726 = CARTESIAN_POINT('',(191.3925,-179.145,0.));
#1727 = CIRCLE('',#1728,0.75);
#1728 = AXIS2_PLACEMENT_3D('',#1729,#1730,#1731);
#1729 = CARTESIAN_POINT('',(191.3925,-178.395,0.));
#1730 = DIRECTION('',(-0.,0.,-1.));
#1731 = DIRECTION('',(-0.,-1.,0.));
#1732 = FACE_BOUND('',#1733,.F.);
#1733 = EDGE_LOOP('',(#1734));
#1734 = ORIENTED_EDGE('',*,*,#1735,.T.);
#1735 = EDGE_CURVE('',#1736,#1736,#1738,.T.);
#1736 = VERTEX_POINT('',#1737);
#1737 = CARTESIAN_POINT('',(178.6925,-176.605,0.));
#1738 = CIRCLE('',#1739,0.75);
#1739 = AXIS2_PLACEMENT_3D('',#1740,#1741,#1742);
#1740 = CARTESIAN_POINT('',(178.6925,-175.855,0.));
#1741 = DIRECTION('',(-0.,0.,-1.));
#1742 = DIRECTION('',(-0.,-1.,0.));
#1743 = FACE_BOUND('',#1744,.F.);
#1744 = EDGE_LOOP('',(#1745));
#1745 = ORIENTED_EDGE('',*,*,#1746,.T.);
#1746 = EDGE_CURVE('',#1747,#1747,#1749,.T.);
#1747 = VERTEX_POINT('',#1748);
#1748 = CARTESIAN_POINT('',(118.9075,-171.865,0.));
#1749 = CIRCLE('',#1750,0.5);
#1750 = AXIS2_PLACEMENT_3D('',#1751,#1752,#1753);
#1751 = CARTESIAN_POINT('',(118.9075,-171.365,0.));
#1752 = DIRECTION('',(-0.,0.,-1.));
#1753 = DIRECTION('',(-0.,-1.,0.));
#1754 = FACE_BOUND('',#1755,.F.);
#1755 = EDGE_LOOP('',(#1756));
#1756 = ORIENTED_EDGE('',*,*,#1757,.T.);
#1757 = EDGE_CURVE('',#1758,#1758,#1760,.T.);
#1758 = VERTEX_POINT('',#1759);
#1759 = CARTESIAN_POINT('',(118.9075,-169.325,0.));
#1760 = CIRCLE('',#1761,0.5);
#1761 = AXIS2_PLACEMENT_3D('',#1762,#1763,#1764);
#1762 = CARTESIAN_POINT('',(118.9075,-168.825,0.));
#1763 = DIRECTION('',(-0.,0.,-1.));
#1764 = DIRECTION('',(-0.,-1.,0.));
#1765 = FACE_BOUND('',#1766,.F.);
#1766 = EDGE_LOOP('',(#1767));
#1767 = ORIENTED_EDGE('',*,*,#1768,.T.);
#1768 = EDGE_CURVE('',#1769,#1769,#1771,.T.);
#1769 = VERTEX_POINT('',#1770);
#1770 = CARTESIAN_POINT('',(118.9075,-166.785,0.));
#1771 = CIRCLE('',#1772,0.5);
#1772 = AXIS2_PLACEMENT_3D('',#1773,#1774,#1775);
#1773 = CARTESIAN_POINT('',(118.9075,-166.285,0.));
#1774 = DIRECTION('',(-0.,0.,-1.));
#1775 = DIRECTION('',(-0.,-1.,0.));
#1776 = FACE_BOUND('',#1777,.F.);
#1777 = EDGE_LOOP('',(#1778));
#1778 = ORIENTED_EDGE('',*,*,#1779,.T.);
#1779 = EDGE_CURVE('',#1780,#1780,#1782,.T.);
#1780 = VERTEX_POINT('',#1781);
#1781 = CARTESIAN_POINT('',(118.9075,-164.245,0.));
#1782 = CIRCLE('',#1783,0.5);
#1783 = AXIS2_PLACEMENT_3D('',#1784,#1785,#1786);
#1784 = CARTESIAN_POINT('',(118.9075,-163.745,0.));
#1785 = DIRECTION('',(-0.,0.,-1.));
#1786 = DIRECTION('',(-0.,-1.,0.));
#1787 = FACE_BOUND('',#1788,.F.);
#1788 = EDGE_LOOP('',(#1789));
#1789 = ORIENTED_EDGE('',*,*,#1790,.T.);
#1790 = EDGE_CURVE('',#1791,#1791,#1793,.T.);
#1791 = VERTEX_POINT('',#1792);
#1792 = CARTESIAN_POINT('',(134.1475,-171.865,0.));
#1793 = CIRCLE('',#1794,0.5);
#1794 = AXIS2_PLACEMENT_3D('',#1795,#1796,#1797);
#1795 = CARTESIAN_POINT('',(134.1475,-171.365,0.));
#1796 = DIRECTION('',(-0.,0.,-1.));
#1797 = DIRECTION('',(-0.,-1.,0.));
#1798 = FACE_BOUND('',#1799,.F.);
#1799 = EDGE_LOOP('',(#1800));
#1800 = ORIENTED_EDGE('',*,*,#1801,.F.);
#1801 = EDGE_CURVE('',#1802,#1802,#1804,.T.);
#1802 = VERTEX_POINT('',#1803);
#1803 = CARTESIAN_POINT('',(141.62437,-171.410008,0.));
#1804 = CIRCLE('',#1805,1.190626);
#1805 = AXIS2_PLACEMENT_3D('',#1806,#1807,#1808);
#1806 = CARTESIAN_POINT('',(140.433744,-171.410008,0.));
#1807 = DIRECTION('',(0.,0.,1.));
#1808 = DIRECTION('',(1.,0.,0.));
#1809 = FACE_BOUND('',#1810,.F.);
#1810 = EDGE_LOOP('',(#1811));
#1811 = ORIENTED_EDGE('',*,*,#1812,.T.);
#1812 = EDGE_CURVE('',#1813,#1813,#1815,.T.);
#1813 = VERTEX_POINT('',#1814);
#1814 = CARTESIAN_POINT('',(134.1475,-169.325,0.));
#1815 = CIRCLE('',#1816,0.5);
#1816 = AXIS2_PLACEMENT_3D('',#1817,#1818,#1819);
#1817 = CARTESIAN_POINT('',(134.1475,-168.825,0.));
#1818 = DIRECTION('',(-0.,0.,-1.));
#1819 = DIRECTION('',(-0.,-1.,0.));
#1820 = FACE_BOUND('',#1821,.F.);
#1821 = EDGE_LOOP('',(#1822));
#1822 = ORIENTED_EDGE('',*,*,#1823,.T.);
#1823 = EDGE_CURVE('',#1824,#1824,#1826,.T.);
#1824 = VERTEX_POINT('',#1825);
#1825 = CARTESIAN_POINT('',(134.1475,-166.785,0.));
#1826 = CIRCLE('',#1827,0.5);
#1827 = AXIS2_PLACEMENT_3D('',#1828,#1829,#1830);
#1828 = CARTESIAN_POINT('',(134.1475,-166.285,0.));
#1829 = DIRECTION('',(-0.,0.,-1.));
#1830 = DIRECTION('',(-0.,-1.,0.));
#1831 = FACE_BOUND('',#1832,.F.);
#1832 = EDGE_LOOP('',(#1833));
#1833 = ORIENTED_EDGE('',*,*,#1834,.T.);
#1834 = EDGE_CURVE('',#1835,#1835,#1837,.T.);
#1835 = VERTEX_POINT('',#1836);
#1836 = CARTESIAN_POINT('',(134.1475,-164.245,0.));
#1837 = CIRCLE('',#1838,0.5);
#1838 = AXIS2_PLACEMENT_3D('',#1839,#1840,#1841);
#1839 = CARTESIAN_POINT('',(134.1475,-163.745,0.));
#1840 = DIRECTION('',(-0.,0.,-1.));
#1841 = DIRECTION('',(-0.,-1.,0.));
#1842 = FACE_BOUND('',#1843,.F.);
#1843 = EDGE_LOOP('',(#1844));
#1844 = ORIENTED_EDGE('',*,*,#1845,.T.);
#1845 = EDGE_CURVE('',#1846,#1846,#1848,.T.);
#1846 = VERTEX_POINT('',#1847);
#1847 = CARTESIAN_POINT('',(118.9075,-161.705,0.));
#1848 = CIRCLE('',#1849,0.5);
#1849 = AXIS2_PLACEMENT_3D('',#1850,#1851,#1852);
#1850 = CARTESIAN_POINT('',(118.9075,-161.205,0.));
#1851 = DIRECTION('',(-0.,0.,-1.));
#1852 = DIRECTION('',(-0.,-1.,0.));
#1853 = FACE_BOUND('',#1854,.F.);
#1854 = EDGE_LOOP('',(#1855));
#1855 = ORIENTED_EDGE('',*,*,#1856,.T.);
#1856 = EDGE_CURVE('',#1857,#1857,#1859,.T.);
#1857 = VERTEX_POINT('',#1858);
#1858 = CARTESIAN_POINT('',(118.9075,-159.165,0.));
#1859 = CIRCLE('',#1860,0.5);
#1860 = AXIS2_PLACEMENT_3D('',#1861,#1862,#1863);
#1861 = CARTESIAN_POINT('',(118.9075,-158.665,0.));
#1862 = DIRECTION('',(-0.,0.,-1.));
#1863 = DIRECTION('',(-0.,-1.,0.));
#1864 = FACE_BOUND('',#1865,.F.);
#1865 = EDGE_LOOP('',(#1866));
#1866 = ORIENTED_EDGE('',*,*,#1867,.T.);
#1867 = EDGE_CURVE('',#1868,#1868,#1870,.T.);
#1868 = VERTEX_POINT('',#1869);
#1869 = CARTESIAN_POINT('',(118.9075,-156.625,0.));
#1870 = CIRCLE('',#1871,0.5);
#1871 = AXIS2_PLACEMENT_3D('',#1872,#1873,#1874);
#1872 = CARTESIAN_POINT('',(118.9075,-156.125,0.));
#1873 = DIRECTION('',(-0.,0.,-1.));
#1874 = DIRECTION('',(-0.,-1.,0.));
#1875 = FACE_BOUND('',#1876,.F.);
#1876 = EDGE_LOOP('',(#1877));
#1877 = ORIENTED_EDGE('',*,*,#1878,.F.);
#1878 = EDGE_CURVE('',#1879,#1879,#1881,.T.);
#1879 = VERTEX_POINT('',#1880);
#1880 = CARTESIAN_POINT('',(113.644659,-155.336557,0.));
#1881 = CIRCLE('',#1882,1.190626);
#1882 = AXIS2_PLACEMENT_3D('',#1883,#1884,#1885);
#1883 = CARTESIAN_POINT('',(112.454033,-155.336557,0.));
#1884 = DIRECTION('',(0.,0.,1.));
#1885 = DIRECTION('',(1.,0.,0.));
#1886 = FACE_BOUND('',#1887,.F.);
#1887 = EDGE_LOOP('',(#1888));
#1888 = ORIENTED_EDGE('',*,*,#1889,.T.);
#1889 = EDGE_CURVE('',#1890,#1890,#1892,.T.);
#1890 = VERTEX_POINT('',#1891);
#1891 = CARTESIAN_POINT('',(118.9075,-154.085,0.));
#1892 = CIRCLE('',#1893,0.5);
#1893 = AXIS2_PLACEMENT_3D('',#1894,#1895,#1896);
#1894 = CARTESIAN_POINT('',(118.9075,-153.585,0.));
#1895 = DIRECTION('',(-0.,0.,-1.));
#1896 = DIRECTION('',(-0.,-1.,0.));
#1897 = FACE_BOUND('',#1898,.F.);
#1898 = EDGE_LOOP('',(#1899));
#1899 = ORIENTED_EDGE('',*,*,#1900,.T.);
#1900 = EDGE_CURVE('',#1901,#1901,#1903,.T.);
#1901 = VERTEX_POINT('',#1902);
#1902 = CARTESIAN_POINT('',(134.1475,-161.705,0.));
#1903 = CIRCLE('',#1904,0.5);
#1904 = AXIS2_PLACEMENT_3D('',#1905,#1906,#1907);
#1905 = CARTESIAN_POINT('',(134.1475,-161.205,0.));
#1906 = DIRECTION('',(-0.,0.,-1.));
#1907 = DIRECTION('',(-0.,-1.,0.));
#1908 = FACE_BOUND('',#1909,.F.);
#1909 = EDGE_LOOP('',(#1910));
#1910 = ORIENTED_EDGE('',*,*,#1911,.T.);
#1911 = EDGE_CURVE('',#1912,#1912,#1914,.T.);
#1912 = VERTEX_POINT('',#1913);
#1913 = CARTESIAN_POINT('',(134.1475,-159.165,0.));
#1914 = CIRCLE('',#1915,0.5);
#1915 = AXIS2_PLACEMENT_3D('',#1916,#1917,#1918);
#1916 = CARTESIAN_POINT('',(134.1475,-158.665,0.));
#1917 = DIRECTION('',(-0.,0.,-1.));
#1918 = DIRECTION('',(-0.,-1.,0.));
#1919 = FACE_BOUND('',#1920,.F.);
#1920 = EDGE_LOOP('',(#1921));
#1921 = ORIENTED_EDGE('',*,*,#1922,.T.);
#1922 = EDGE_CURVE('',#1923,#1923,#1925,.T.);
#1923 = VERTEX_POINT('',#1924);
#1924 = CARTESIAN_POINT('',(142.4975,-162.76,0.));
#1925 = CIRCLE('',#1926,0.875);
#1926 = AXIS2_PLACEMENT_3D('',#1927,#1928,#1929);
#1927 = CARTESIAN_POINT('',(142.4975,-161.885,0.));
#1928 = DIRECTION('',(-0.,0.,-1.));
#1929 = DIRECTION('',(-0.,-1.,0.));
#1930 = FACE_BOUND('',#1931,.F.);
#1931 = EDGE_LOOP('',(#1932));
#1932 = ORIENTED_EDGE('',*,*,#1933,.T.);
#1933 = EDGE_CURVE('',#1934,#1934,#1936,.T.);
#1934 = VERTEX_POINT('',#1935);
#1935 = CARTESIAN_POINT('',(147.5775,-163.885,0.));
#1936 = CIRCLE('',#1937,2.);
#1937 = AXIS2_PLACEMENT_3D('',#1938,#1939,#1940);
#1938 = CARTESIAN_POINT('',(147.5775,-161.885,0.));
#1939 = DIRECTION('',(-0.,0.,-1.));
#1940 = DIRECTION('',(-0.,-1.,0.));
#1941 = FACE_BOUND('',#1942,.F.);
#1942 = EDGE_LOOP('',(#1943));
#1943 = ORIENTED_EDGE('',*,*,#1944,.T.);
#1944 = EDGE_CURVE('',#1945,#1945,#1947,.T.);
#1945 = VERTEX_POINT('',#1946);
#1946 = CARTESIAN_POINT('',(143.7675,-160.095,0.));
#1947 = CIRCLE('',#1948,0.75);
#1948 = AXIS2_PLACEMENT_3D('',#1949,#1950,#1951);
#1949 = CARTESIAN_POINT('',(143.7675,-159.345,0.));
#1950 = DIRECTION('',(-0.,0.,-1.));
#1951 = DIRECTION('',(-0.,-1.,0.));
#1952 = FACE_BOUND('',#1953,.F.);
#1953 = EDGE_LOOP('',(#1954));
#1954 = ORIENTED_EDGE('',*,*,#1955,.T.);
#1955 = EDGE_CURVE('',#1956,#1956,#1958,.T.);
#1956 = VERTEX_POINT('',#1957);
#1957 = CARTESIAN_POINT('',(134.1475,-156.625,0.));
#1958 = CIRCLE('',#1959,0.5);
#1959 = AXIS2_PLACEMENT_3D('',#1960,#1961,#1962);
#1960 = CARTESIAN_POINT('',(134.1475,-156.125,0.));
#1961 = DIRECTION('',(-0.,0.,-1.));
#1962 = DIRECTION('',(-0.,-1.,0.));
#1963 = FACE_BOUND('',#1964,.F.);
#1964 = EDGE_LOOP('',(#1965));
#1965 = ORIENTED_EDGE('',*,*,#1966,.T.);
#1966 = EDGE_CURVE('',#1967,#1967,#1969,.T.);
#1967 = VERTEX_POINT('',#1968);
#1968 = CARTESIAN_POINT('',(134.1475,-154.085,0.));
#1969 = CIRCLE('',#1970,0.5);
#1970 = AXIS2_PLACEMENT_3D('',#1971,#1972,#1973);
#1971 = CARTESIAN_POINT('',(134.1475,-153.585,0.));
#1972 = DIRECTION('',(-0.,0.,-1.));
#1973 = DIRECTION('',(-0.,-1.,0.));
#1974 = FACE_BOUND('',#1975,.F.);
#1975 = EDGE_LOOP('',(#1976));
#1976 = ORIENTED_EDGE('',*,*,#1977,.T.);
#1977 = EDGE_CURVE('',#1978,#1978,#1980,.T.);
#1978 = VERTEX_POINT('',#1979);
#1979 = CARTESIAN_POINT('',(150.1175,-157.555,0.));
#1980 = CIRCLE('',#1981,0.75);
#1981 = AXIS2_PLACEMENT_3D('',#1982,#1983,#1984);
#1982 = CARTESIAN_POINT('',(150.1175,-156.805,0.));
#1983 = DIRECTION('',(-0.,0.,-1.));
#1984 = DIRECTION('',(-0.,-1.,0.));
#1985 = FACE_BOUND('',#1986,.F.);
#1986 = EDGE_LOOP('',(#1987,#1998,#2006,#2015));
#1987 = ORIENTED_EDGE('',*,*,#1988,.T.);
#1988 = EDGE_CURVE('',#1989,#1991,#1993,.T.);
#1989 = VERTEX_POINT('',#1990);
#1990 = CARTESIAN_POINT('',(161.6775,-162.945,0.));
#1991 = VERTEX_POINT('',#1992);
#1992 = CARTESIAN_POINT('',(162.5775,-162.945,0.));
#1993 = CIRCLE('',#1994,0.45);
#1994 = AXIS2_PLACEMENT_3D('',#1995,#1996,#1997);
#1995 = CARTESIAN_POINT('',(162.1275,-162.945,0.));
#1996 = DIRECTION('',(0.,-0.,-1.));
#1997 = DIRECTION('',(1.,0.,-0.));
#1998 = ORIENTED_EDGE('',*,*,#1999,.T.);
#1999 = EDGE_CURVE('',#1991,#2000,#2002,.T.);
#2000 = VERTEX_POINT('',#2001);
#2001 = CARTESIAN_POINT('',(162.5775,-163.345,0.));
#2002 = LINE('',#2003,#2004);
#2003 = CARTESIAN_POINT('',(162.5775,-81.6725,0.));
#2004 = VECTOR('',#2005,1.);
#2005 = DIRECTION('',(0.,-1.,0.));
#2006 = ORIENTED_EDGE('',*,*,#2007,.T.);
#2007 = EDGE_CURVE('',#2000,#2008,#2010,.T.);
#2008 = VERTEX_POINT('',#2009);
#2009 = CARTESIAN_POINT('',(161.6775,-163.345,0.));
#2010 = CIRCLE('',#2011,0.45);
#2011 = AXIS2_PLACEMENT_3D('',#2012,#2013,#2014);
#2012 = CARTESIAN_POINT('',(162.1275,-163.345,0.));
#2013 = DIRECTION('',(-0.,0.,-1.));
#2014 = DIRECTION('',(-1.,0.,0.));
#2015 = ORIENTED_EDGE('',*,*,#2016,.T.);
#2016 = EDGE_CURVE('',#2008,#1989,#2017,.T.);
#2017 = LINE('',#2018,#2019);
#2018 = CARTESIAN_POINT('',(161.6775,-81.4725,0.));
#2019 = VECTOR('',#2020,1.);
#2020 = DIRECTION('',(-0.,1.,0.));
#2021 = FACE_BOUND('',#2022,.F.);
#2022 = EDGE_LOOP('',(#2023));
#2023 = ORIENTED_EDGE('',*,*,#2024,.T.);
#2024 = EDGE_CURVE('',#2025,#2025,#2027,.T.);
#2025 = VERTEX_POINT('',#2026);
#2026 = CARTESIAN_POINT('',(152.6575,-162.76,0.));
#2027 = CIRCLE('',#2028,0.875);
#2028 = AXIS2_PLACEMENT_3D('',#2029,#2030,#2031);
#2029 = CARTESIAN_POINT('',(152.6575,-161.885,0.));
#2030 = DIRECTION('',(-0.,0.,-1.));
#2031 = DIRECTION('',(-0.,-1.,0.));
#2032 = FACE_BOUND('',#2033,.F.);
#2033 = EDGE_LOOP('',(#2034,#2045,#2053,#2062));
#2034 = ORIENTED_EDGE('',*,*,#2035,.T.);
#2035 = EDGE_CURVE('',#2036,#2038,#2040,.T.);
#2036 = VERTEX_POINT('',#2037);
#2037 = CARTESIAN_POINT('',(157.0775,-161.845,0.));
#2038 = VERTEX_POINT('',#2039);
#2039 = CARTESIAN_POINT('',(157.9775,-161.845,0.));
#2040 = CIRCLE('',#2041,0.45);
#2041 = AXIS2_PLACEMENT_3D('',#2042,#2043,#2044);
#2042 = CARTESIAN_POINT('',(157.5275,-161.845,0.));
#2043 = DIRECTION('',(0.,-0.,-1.));
#2044 = DIRECTION('',(1.,0.,-0.));
#2045 = ORIENTED_EDGE('',*,*,#2046,.T.);
#2046 = EDGE_CURVE('',#2038,#2047,#2049,.T.);
#2047 = VERTEX_POINT('',#2048);
#2048 = CARTESIAN_POINT('',(157.9775,-162.245,0.));
#2049 = LINE('',#2050,#2051);
#2050 = CARTESIAN_POINT('',(157.9775,-81.1225,0.));
#2051 = VECTOR('',#2052,1.);
#2052 = DIRECTION('',(0.,-1.,0.));
#2053 = ORIENTED_EDGE('',*,*,#2054,.T.);
#2054 = EDGE_CURVE('',#2047,#2055,#2057,.T.);
#2055 = VERTEX_POINT('',#2056);
#2056 = CARTESIAN_POINT('',(157.0775,-162.245,0.));
#2057 = CIRCLE('',#2058,0.45);
#2058 = AXIS2_PLACEMENT_3D('',#2059,#2060,#2061);
#2059 = CARTESIAN_POINT('',(157.5275,-162.245,0.));
#2060 = DIRECTION('',(-0.,0.,-1.));
#2061 = DIRECTION('',(-1.,0.,0.));
#2062 = ORIENTED_EDGE('',*,*,#2063,.T.);
#2063 = EDGE_CURVE('',#2055,#2036,#2064,.T.);
#2064 = LINE('',#2065,#2066);
#2065 = CARTESIAN_POINT('',(157.0775,-80.9225,0.));
#2066 = VECTOR('',#2067,1.);
#2067 = DIRECTION('',(-0.,1.,0.));
#2068 = FACE_BOUND('',#2069,.F.);
#2069 = EDGE_LOOP('',(#2070));
#2070 = ORIENTED_EDGE('',*,*,#2071,.T.);
#2071 = EDGE_CURVE('',#2072,#2072,#2074,.T.);
#2072 = VERTEX_POINT('',#2073);
#2073 = CARTESIAN_POINT('',(159.8275,-160.845,0.));
#2074 = CIRCLE('',#2075,0.4);
#2075 = AXIS2_PLACEMENT_3D('',#2076,#2077,#2078);
#2076 = CARTESIAN_POINT('',(159.8275,-160.445,0.));
#2077 = DIRECTION('',(-0.,0.,-1.));
#2078 = DIRECTION('',(-0.,-1.,0.));
#2079 = FACE_BOUND('',#2080,.F.);
#2080 = EDGE_LOOP('',(#2081,#2092,#2100,#2109));
#2081 = ORIENTED_EDGE('',*,*,#2082,.T.);
#2082 = EDGE_CURVE('',#2083,#2085,#2087,.T.);
#2083 = VERTEX_POINT('',#2084);
#2084 = CARTESIAN_POINT('',(157.0775,-157.845,0.));
#2085 = VERTEX_POINT('',#2086);
#2086 = CARTESIAN_POINT('',(157.9775,-157.845,0.));
#2087 = CIRCLE('',#2088,0.45);
#2088 = AXIS2_PLACEMENT_3D('',#2089,#2090,#2091);
#2089 = CARTESIAN_POINT('',(157.5275,-157.845,0.));
#2090 = DIRECTION('',(0.,-0.,-1.));
#2091 = DIRECTION('',(1.,0.,-0.));
#2092 = ORIENTED_EDGE('',*,*,#2093,.T.);
#2093 = EDGE_CURVE('',#2085,#2094,#2096,.T.);
#2094 = VERTEX_POINT('',#2095);
#2095 = CARTESIAN_POINT('',(157.9775,-158.245,0.));
#2096 = LINE('',#2097,#2098);
#2097 = CARTESIAN_POINT('',(157.9775,-79.1225,0.));
#2098 = VECTOR('',#2099,1.);
#2099 = DIRECTION('',(0.,-1.,0.));
#2100 = ORIENTED_EDGE('',*,*,#2101,.T.);
#2101 = EDGE_CURVE('',#2094,#2102,#2104,.T.);
#2102 = VERTEX_POINT('',#2103);
#2103 = CARTESIAN_POINT('',(157.0775,-158.245,0.));
#2104 = CIRCLE('',#2105,0.45);
#2105 = AXIS2_PLACEMENT_3D('',#2106,#2107,#2108);
#2106 = CARTESIAN_POINT('',(157.5275,-158.245,0.));
#2107 = DIRECTION('',(-0.,0.,-1.));
#2108 = DIRECTION('',(-1.,0.,0.));
#2109 = ORIENTED_EDGE('',*,*,#2110,.T.);
#2110 = EDGE_CURVE('',#2102,#2083,#2111,.T.);
#2111 = LINE('',#2112,#2113);
#2112 = CARTESIAN_POINT('',(157.0775,-78.9225,0.));
#2113 = VECTOR('',#2114,1.);
#2114 = DIRECTION('',(-0.,1.,0.));
#2115 = FACE_BOUND('',#2116,.F.);
#2116 = EDGE_LOOP('',(#2117));
#2117 = ORIENTED_EDGE('',*,*,#2118,.T.);
#2118 = EDGE_CURVE('',#2119,#2119,#2121,.T.);
#2119 = VERTEX_POINT('',#2120);
#2120 = CARTESIAN_POINT('',(166.31,-162.76,0.));
#2121 = CIRCLE('',#2122,0.875);
#2122 = AXIS2_PLACEMENT_3D('',#2123,#2124,#2125);
#2123 = CARTESIAN_POINT('',(166.31,-161.885,0.));
#2124 = DIRECTION('',(-0.,0.,-1.));
#2125 = DIRECTION('',(-0.,-1.,0.));
#2126 = FACE_BOUND('',#2127,.F.);
#2127 = EDGE_LOOP('',(#2128));
#2128 = ORIENTED_EDGE('',*,*,#2129,.T.);
#2129 = EDGE_CURVE('',#2130,#2130,#2132,.T.);
#2130 = VERTEX_POINT('',#2131);
#2131 = CARTESIAN_POINT('',(171.39,-163.885,0.));
#2132 = CIRCLE('',#2133,2.);
#2133 = AXIS2_PLACEMENT_3D('',#2134,#2135,#2136);
#2134 = CARTESIAN_POINT('',(171.39,-161.885,0.));
#2135 = DIRECTION('',(-0.,0.,-1.));
#2136 = DIRECTION('',(-0.,-1.,0.));
#2137 = FACE_BOUND('',#2138,.F.);
#2138 = EDGE_LOOP('',(#2139));
#2139 = ORIENTED_EDGE('',*,*,#2140,.T.);
#2140 = EDGE_CURVE('',#2141,#2141,#2143,.T.);
#2141 = VERTEX_POINT('',#2142);
#2142 = CARTESIAN_POINT('',(167.58,-160.095,0.));
#2143 = CIRCLE('',#2144,0.75);
#2144 = AXIS2_PLACEMENT_3D('',#2145,#2146,#2147);
#2145 = CARTESIAN_POINT('',(167.58,-159.345,0.));
#2146 = DIRECTION('',(-0.,0.,-1.));
#2147 = DIRECTION('',(-0.,-1.,0.));
#2148 = FACE_BOUND('',#2149,.F.);
#2149 = EDGE_LOOP('',(#2150,#2161,#2169,#2178));
#2150 = ORIENTED_EDGE('',*,*,#2151,.T.);
#2151 = EDGE_CURVE('',#2152,#2154,#2156,.T.);
#2152 = VERTEX_POINT('',#2153);
#2153 = CARTESIAN_POINT('',(157.0775,-154.845,0.));
#2154 = VERTEX_POINT('',#2155);
#2155 = CARTESIAN_POINT('',(157.9775,-154.845,0.));
#2156 = CIRCLE('',#2157,0.45);
#2157 = AXIS2_PLACEMENT_3D('',#2158,#2159,#2160);
#2158 = CARTESIAN_POINT('',(157.5275,-154.845,0.));
#2159 = DIRECTION('',(0.,-0.,-1.));
#2160 = DIRECTION('',(1.,0.,-0.));
#2161 = ORIENTED_EDGE('',*,*,#2162,.T.);
#2162 = EDGE_CURVE('',#2154,#2163,#2165,.T.);
#2163 = VERTEX_POINT('',#2164);
#2164 = CARTESIAN_POINT('',(157.9775,-155.245,0.));
#2165 = LINE('',#2166,#2167);
#2166 = CARTESIAN_POINT('',(157.9775,-77.6225,0.));
#2167 = VECTOR('',#2168,1.);
#2168 = DIRECTION('',(0.,-1.,0.));
#2169 = ORIENTED_EDGE('',*,*,#2170,.T.);
#2170 = EDGE_CURVE('',#2163,#2171,#2173,.T.);
#2171 = VERTEX_POINT('',#2172);
#2172 = CARTESIAN_POINT('',(157.0775,-155.245,0.));
#2173 = CIRCLE('',#2174,0.45);
#2174 = AXIS2_PLACEMENT_3D('',#2175,#2176,#2177);
#2175 = CARTESIAN_POINT('',(157.5275,-155.245,0.));
#2176 = DIRECTION('',(-0.,0.,-1.));
#2177 = DIRECTION('',(-1.,0.,0.));
#2178 = ORIENTED_EDGE('',*,*,#2179,.T.);
#2179 = EDGE_CURVE('',#2171,#2152,#2180,.T.);
#2180 = LINE('',#2181,#2182);
#2181 = CARTESIAN_POINT('',(157.0775,-77.4225,0.));
#2182 = VECTOR('',#2183,1.);
#2183 = DIRECTION('',(-0.,1.,0.));
#2184 = FACE_BOUND('',#2185,.F.);
#2185 = EDGE_LOOP('',(#2186));
#2186 = ORIENTED_EDGE('',*,*,#2187,.T.);
#2187 = EDGE_CURVE('',#2188,#2188,#2190,.T.);
#2188 = VERTEX_POINT('',#2189);
#2189 = CARTESIAN_POINT('',(159.8275,-153.845,0.));
#2190 = CIRCLE('',#2191,0.4);
#2191 = AXIS2_PLACEMENT_3D('',#2192,#2193,#2194);
#2192 = CARTESIAN_POINT('',(159.8275,-153.445,0.));
#2193 = DIRECTION('',(-0.,0.,-1.));
#2194 = DIRECTION('',(-0.,-1.,0.));
#2195 = FACE_BOUND('',#2196,.F.);
#2196 = EDGE_LOOP('',(#2197));
#2197 = ORIENTED_EDGE('',*,*,#2198,.T.);
#2198 = EDGE_CURVE('',#2199,#2199,#2201,.T.);
#2199 = VERTEX_POINT('',#2200);
#2200 = CARTESIAN_POINT('',(176.47,-162.76,0.));
#2201 = CIRCLE('',#2202,0.875);
#2202 = AXIS2_PLACEMENT_3D('',#2203,#2204,#2205);
#2203 = CARTESIAN_POINT('',(176.47,-161.885,0.));
#2204 = DIRECTION('',(-0.,0.,-1.));
#2205 = DIRECTION('',(-0.,-1.,0.));
#2206 = FACE_BOUND('',#2207,.F.);
#2207 = EDGE_LOOP('',(#2208));
#2208 = ORIENTED_EDGE('',*,*,#2209,.T.);
#2209 = EDGE_CURVE('',#2210,#2210,#2212,.T.);
#2210 = VERTEX_POINT('',#2211);
#2211 = CARTESIAN_POINT('',(185.36,-162.76,0.));
#2212 = CIRCLE('',#2213,0.875);
#2213 = AXIS2_PLACEMENT_3D('',#2214,#2215,#2216);
#2214 = CARTESIAN_POINT('',(185.36,-161.885,0.));
#2215 = DIRECTION('',(-0.,0.,-1.));
#2216 = DIRECTION('',(-0.,-1.,0.));
#2217 = FACE_BOUND('',#2218,.F.);
#2218 = EDGE_LOOP('',(#2219));
#2219 = ORIENTED_EDGE('',*,*,#2220,.T.);
#2220 = EDGE_CURVE('',#2221,#2221,#2223,.T.);
#2221 = VERTEX_POINT('',#2222);
#2222 = CARTESIAN_POINT('',(190.44,-163.885,0.));
#2223 = CIRCLE('',#2224,2.);
#2224 = AXIS2_PLACEMENT_3D('',#2225,#2226,#2227);
#2225 = CARTESIAN_POINT('',(190.44,-161.885,0.));
#2226 = DIRECTION('',(-0.,0.,-1.));
#2227 = DIRECTION('',(-0.,-1.,0.));
#2228 = FACE_BOUND('',#2229,.F.);
#2229 = EDGE_LOOP('',(#2230));
#2230 = ORIENTED_EDGE('',*,*,#2231,.T.);
#2231 = EDGE_CURVE('',#2232,#2232,#2234,.T.);
#2232 = VERTEX_POINT('',#2233);
#2233 = CARTESIAN_POINT('',(186.63,-160.095,0.));
#2234 = CIRCLE('',#2235,0.75);
#2235 = AXIS2_PLACEMENT_3D('',#2236,#2237,#2238);
#2236 = CARTESIAN_POINT('',(186.63,-159.345,0.));
#2237 = DIRECTION('',(-0.,0.,-1.));
#2238 = DIRECTION('',(-0.,-1.,0.));
#2239 = FACE_BOUND('',#2240,.F.);
#2240 = EDGE_LOOP('',(#2241));
#2241 = ORIENTED_EDGE('',*,*,#2242,.T.);
#2242 = EDGE_CURVE('',#2243,#2243,#2245,.T.);
#2243 = VERTEX_POINT('',#2244);
#2244 = CARTESIAN_POINT('',(173.93,-157.555,0.));
#2245 = CIRCLE('',#2246,0.75);
#2246 = AXIS2_PLACEMENT_3D('',#2247,#2248,#2249);
#2247 = CARTESIAN_POINT('',(173.93,-156.805,0.));
#2248 = DIRECTION('',(-0.,0.,-1.));
#2249 = DIRECTION('',(-0.,-1.,0.));
#2250 = FACE_BOUND('',#2251,.F.);
#2251 = EDGE_LOOP('',(#2252));
#2252 = ORIENTED_EDGE('',*,*,#2253,.T.);
#2253 = EDGE_CURVE('',#2254,#2254,#2256,.T.);
#2254 = VERTEX_POINT('',#2255);
#2255 = CARTESIAN_POINT('',(195.2025,-182.935,0.));
#2256 = CIRCLE('',#2257,2.);
#2257 = AXIS2_PLACEMENT_3D('',#2258,#2259,#2260);
#2258 = CARTESIAN_POINT('',(195.2025,-180.935,0.));
#2259 = DIRECTION('',(-0.,0.,-1.));
#2260 = DIRECTION('',(-0.,-1.,0.));
#2261 = FACE_BOUND('',#2262,.F.);
#2262 = EDGE_LOOP('',(#2263));
#2263 = ORIENTED_EDGE('',*,*,#2264,.T.);
#2264 = EDGE_CURVE('',#2265,#2265,#2267,.T.);
#2265 = VERTEX_POINT('',#2266);
#2266 = CARTESIAN_POINT('',(200.2825,-181.81,0.));
#2267 = CIRCLE('',#2268,0.875);
#2268 = AXIS2_PLACEMENT_3D('',#2269,#2270,#2271);
#2269 = CARTESIAN_POINT('',(200.2825,-180.935,0.));
#2270 = DIRECTION('',(-0.,0.,-1.));
#2271 = DIRECTION('',(-0.,-1.,0.));
#2272 = FACE_BOUND('',#2273,.F.);
#2273 = EDGE_LOOP('',(#2274));
#2274 = ORIENTED_EDGE('',*,*,#2275,.T.);
#2275 = EDGE_CURVE('',#2276,#2276,#2278,.T.);
#2276 = VERTEX_POINT('',#2277);
#2277 = CARTESIAN_POINT('',(209.1725,-181.81,0.));
#2278 = CIRCLE('',#2279,0.875);
#2279 = AXIS2_PLACEMENT_3D('',#2280,#2281,#2282);
#2280 = CARTESIAN_POINT('',(209.1725,-180.935,0.));
#2281 = DIRECTION('',(-0.,0.,-1.));
#2282 = DIRECTION('',(-0.,-1.,0.));
#2283 = FACE_BOUND('',#2284,.F.);
#2284 = EDGE_LOOP('',(#2285));
#2285 = ORIENTED_EDGE('',*,*,#2286,.T.);
#2286 = EDGE_CURVE('',#2287,#2287,#2289,.T.);
#2287 = VERTEX_POINT('',#2288);
#2288 = CARTESIAN_POINT('',(210.4425,-179.145,0.));
#2289 = CIRCLE('',#2290,0.75);
#2290 = AXIS2_PLACEMENT_3D('',#2291,#2292,#2293);
#2291 = CARTESIAN_POINT('',(210.4425,-178.395,0.));
#2292 = DIRECTION('',(-0.,0.,-1.));
#2293 = DIRECTION('',(-0.,-1.,0.));
#2294 = FACE_BOUND('',#2295,.F.);
#2295 = EDGE_LOOP('',(#2296));
#2296 = ORIENTED_EDGE('',*,*,#2297,.T.);
#2297 = EDGE_CURVE('',#2298,#2298,#2300,.T.);
#2298 = VERTEX_POINT('',#2299);
#2299 = CARTESIAN_POINT('',(197.7425,-176.605,0.));
#2300 = CIRCLE('',#2301,0.75);
#2301 = AXIS2_PLACEMENT_3D('',#2302,#2303,#2304);
#2302 = CARTESIAN_POINT('',(197.7425,-175.855,0.));
#2303 = DIRECTION('',(-0.,0.,-1.));
#2304 = DIRECTION('',(-0.,-1.,0.));
#2305 = FACE_BOUND('',#2306,.F.);
#2306 = EDGE_LOOP('',(#2307));
#2307 = ORIENTED_EDGE('',*,*,#2308,.T.);
#2308 = EDGE_CURVE('',#2309,#2309,#2311,.T.);
#2309 = VERTEX_POINT('',#2310);
#2310 = CARTESIAN_POINT('',(214.2525,-182.935,0.));
#2311 = CIRCLE('',#2312,2.);
#2312 = AXIS2_PLACEMENT_3D('',#2313,#2314,#2315);
#2313 = CARTESIAN_POINT('',(214.2525,-180.935,0.));
#2314 = DIRECTION('',(-0.,0.,-1.));
#2315 = DIRECTION('',(-0.,-1.,0.));
#2316 = FACE_BOUND('',#2317,.F.);
#2317 = EDGE_LOOP('',(#2318));
#2318 = ORIENTED_EDGE('',*,*,#2319,.T.);
#2319 = EDGE_CURVE('',#2320,#2320,#2322,.T.);
#2320 = VERTEX_POINT('',#2321);
#2321 = CARTESIAN_POINT('',(219.3325,-181.81,0.));
#2322 = CIRCLE('',#2323,0.875);
#2323 = AXIS2_PLACEMENT_3D('',#2324,#2325,#2326);
#2324 = CARTESIAN_POINT('',(219.3325,-180.935,0.));
#2325 = DIRECTION('',(-0.,0.,-1.));
#2326 = DIRECTION('',(-0.,-1.,0.));
#2327 = FACE_BOUND('',#2328,.F.);
#2328 = EDGE_LOOP('',(#2329));
#2329 = ORIENTED_EDGE('',*,*,#2330,.T.);
#2330 = EDGE_CURVE('',#2331,#2331,#2333,.T.);
#2331 = VERTEX_POINT('',#2332);
#2332 = CARTESIAN_POINT('',(228.2225,-181.81,0.));
#2333 = CIRCLE('',#2334,0.875);
#2334 = AXIS2_PLACEMENT_3D('',#2335,#2336,#2337);
#2335 = CARTESIAN_POINT('',(228.2225,-180.935,0.));
#2336 = DIRECTION('',(-0.,0.,-1.));
#2337 = DIRECTION('',(-0.,-1.,0.));
#2338 = FACE_BOUND('',#2339,.F.);
#2339 = EDGE_LOOP('',(#2340));
#2340 = ORIENTED_EDGE('',*,*,#2341,.T.);
#2341 = EDGE_CURVE('',#2342,#2342,#2344,.T.);
#2342 = VERTEX_POINT('',#2343);
#2343 = CARTESIAN_POINT('',(229.4925,-179.145,0.));
#2344 = CIRCLE('',#2345,0.75);
#2345 = AXIS2_PLACEMENT_3D('',#2346,#2347,#2348);
#2346 = CARTESIAN_POINT('',(229.4925,-178.395,0.));
#2347 = DIRECTION('',(-0.,0.,-1.));
#2348 = DIRECTION('',(-0.,-1.,0.));
#2349 = FACE_BOUND('',#2350,.F.);
#2350 = EDGE_LOOP('',(#2351));
#2351 = ORIENTED_EDGE('',*,*,#2352,.T.);
#2352 = EDGE_CURVE('',#2353,#2353,#2355,.T.);
#2353 = VERTEX_POINT('',#2354);
#2354 = CARTESIAN_POINT('',(216.7925,-176.605,0.));
#2355 = CIRCLE('',#2356,0.75);
#2356 = AXIS2_PLACEMENT_3D('',#2357,#2358,#2359);
#2357 = CARTESIAN_POINT('',(216.7925,-175.855,0.));
#2358 = DIRECTION('',(-0.,0.,-1.));
#2359 = DIRECTION('',(-0.,-1.,0.));
#2360 = FACE_BOUND('',#2361,.F.);
#2361 = EDGE_LOOP('',(#2362));
#2362 = ORIENTED_EDGE('',*,*,#2363,.T.);
#2363 = EDGE_CURVE('',#2364,#2364,#2366,.T.);
#2364 = VERTEX_POINT('',#2365);
#2365 = CARTESIAN_POINT('',(233.3025,-182.935,0.));
#2366 = CIRCLE('',#2367,2.);
#2367 = AXIS2_PLACEMENT_3D('',#2368,#2369,#2370);
#2368 = CARTESIAN_POINT('',(233.3025,-180.935,0.));
#2369 = DIRECTION('',(-0.,0.,-1.));
#2370 = DIRECTION('',(-0.,-1.,0.));
#2371 = FACE_BOUND('',#2372,.F.);
#2372 = EDGE_LOOP('',(#2373));
#2373 = ORIENTED_EDGE('',*,*,#2374,.T.);
#2374 = EDGE_CURVE('',#2375,#2375,#2377,.T.);
#2375 = VERTEX_POINT('',#2376);
#2376 = CARTESIAN_POINT('',(238.3825,-181.81,0.));
#2377 = CIRCLE('',#2378,0.875);
#2378 = AXIS2_PLACEMENT_3D('',#2379,#2380,#2381);
#2379 = CARTESIAN_POINT('',(238.3825,-180.935,0.));
#2380 = DIRECTION('',(-0.,0.,-1.));
#2381 = DIRECTION('',(-0.,-1.,0.));
#2382 = FACE_BOUND('',#2383,.F.);
#2383 = EDGE_LOOP('',(#2384));
#2384 = ORIENTED_EDGE('',*,*,#2385,.T.);
#2385 = EDGE_CURVE('',#2386,#2386,#2388,.T.);
#2386 = VERTEX_POINT('',#2387);
#2387 = CARTESIAN_POINT('',(247.2725,-181.81,0.));
#2388 = CIRCLE('',#2389,0.875);
#2389 = AXIS2_PLACEMENT_3D('',#2390,#2391,#2392);
#2390 = CARTESIAN_POINT('',(247.2725,-180.935,0.));
#2391 = DIRECTION('',(-0.,0.,-1.));
#2392 = DIRECTION('',(-0.,-1.,0.));
#2393 = FACE_BOUND('',#2394,.F.);
#2394 = EDGE_LOOP('',(#2395));
#2395 = ORIENTED_EDGE('',*,*,#2396,.T.);
#2396 = EDGE_CURVE('',#2397,#2397,#2399,.T.);
#2397 = VERTEX_POINT('',#2398);
#2398 = CARTESIAN_POINT('',(252.3525,-182.935,0.));
#2399 = CIRCLE('',#2400,2.);
#2400 = AXIS2_PLACEMENT_3D('',#2401,#2402,#2403);
#2401 = CARTESIAN_POINT('',(252.3525,-180.935,0.));
#2402 = DIRECTION('',(-0.,0.,-1.));
#2403 = DIRECTION('',(-0.,-1.,0.));
#2404 = FACE_BOUND('',#2405,.F.);
#2405 = EDGE_LOOP('',(#2406));
#2406 = ORIENTED_EDGE('',*,*,#2407,.T.);
#2407 = EDGE_CURVE('',#2408,#2408,#2410,.T.);
#2408 = VERTEX_POINT('',#2409);
#2409 = CARTESIAN_POINT('',(248.5425,-179.145,0.));
#2410 = CIRCLE('',#2411,0.75);
#2411 = AXIS2_PLACEMENT_3D('',#2412,#2413,#2414);
#2412 = CARTESIAN_POINT('',(248.5425,-178.395,0.));
#2413 = DIRECTION('',(-0.,0.,-1.));
#2414 = DIRECTION('',(-0.,-1.,0.));
#2415 = FACE_BOUND('',#2416,.F.);
#2416 = EDGE_LOOP('',(#2417));
#2417 = ORIENTED_EDGE('',*,*,#2418,.T.);
#2418 = EDGE_CURVE('',#2419,#2419,#2421,.T.);
#2419 = VERTEX_POINT('',#2420);
#2420 = CARTESIAN_POINT('',(235.8425,-176.605,0.));
#2421 = CIRCLE('',#2422,0.75);
#2422 = AXIS2_PLACEMENT_3D('',#2423,#2424,#2425);
#2423 = CARTESIAN_POINT('',(235.8425,-175.855,0.));
#2424 = DIRECTION('',(-0.,0.,-1.));
#2425 = DIRECTION('',(-0.,-1.,0.));
#2426 = FACE_BOUND('',#2427,.F.);
#2427 = EDGE_LOOP('',(#2428));
#2428 = ORIENTED_EDGE('',*,*,#2429,.T.);
#2429 = EDGE_CURVE('',#2430,#2430,#2432,.T.);
#2430 = VERTEX_POINT('',#2431);
#2431 = CARTESIAN_POINT('',(257.4325,-181.81,0.));
#2432 = CIRCLE('',#2433,0.875);
#2433 = AXIS2_PLACEMENT_3D('',#2434,#2435,#2436);
#2434 = CARTESIAN_POINT('',(257.4325,-180.935,0.));
#2435 = DIRECTION('',(-0.,0.,-1.));
#2436 = DIRECTION('',(-0.,-1.,0.));
#2437 = FACE_BOUND('',#2438,.F.);
#2438 = EDGE_LOOP('',(#2439));
#2439 = ORIENTED_EDGE('',*,*,#2440,.T.);
#2440 = EDGE_CURVE('',#2441,#2441,#2443,.T.);
#2441 = VERTEX_POINT('',#2442);
#2442 = CARTESIAN_POINT('',(254.8925,-176.605,0.));
#2443 = CIRCLE('',#2444,0.75);
#2444 = AXIS2_PLACEMENT_3D('',#2445,#2446,#2447);
#2445 = CARTESIAN_POINT('',(254.8925,-175.855,0.));
#2446 = DIRECTION('',(-0.,0.,-1.));
#2447 = DIRECTION('',(-0.,-1.,0.));
#2448 = FACE_BOUND('',#2449,.F.);
#2449 = EDGE_LOOP('',(#2450));
#2450 = ORIENTED_EDGE('',*,*,#2451,.T.);
#2451 = EDGE_CURVE('',#2452,#2452,#2454,.T.);
#2452 = VERTEX_POINT('',#2453);
#2453 = CARTESIAN_POINT('',(195.52,-162.76,0.));
#2454 = CIRCLE('',#2455,0.875);
#2455 = AXIS2_PLACEMENT_3D('',#2456,#2457,#2458);
#2456 = CARTESIAN_POINT('',(195.52,-161.885,0.));
#2457 = DIRECTION('',(-0.,0.,-1.));
#2458 = DIRECTION('',(-0.,-1.,0.));
#2459 = FACE_BOUND('',#2460,.F.);
#2460 = EDGE_LOOP('',(#2461));
#2461 = ORIENTED_EDGE('',*,*,#2462,.T.);
#2462 = EDGE_CURVE('',#2463,#2463,#2465,.T.);
#2463 = VERTEX_POINT('',#2464);
#2464 = CARTESIAN_POINT('',(204.41,-162.76,0.));
#2465 = CIRCLE('',#2466,0.875);
#2466 = AXIS2_PLACEMENT_3D('',#2467,#2468,#2469);
#2467 = CARTESIAN_POINT('',(204.41,-161.885,0.));
#2468 = DIRECTION('',(-0.,0.,-1.));
#2469 = DIRECTION('',(-0.,-1.,0.));
#2470 = FACE_BOUND('',#2471,.F.);
#2471 = EDGE_LOOP('',(#2472));
#2472 = ORIENTED_EDGE('',*,*,#2473,.T.);
#2473 = EDGE_CURVE('',#2474,#2474,#2476,.T.);
#2474 = VERTEX_POINT('',#2475);
#2475 = CARTESIAN_POINT('',(209.49,-163.885,0.));
#2476 = CIRCLE('',#2477,2.);
#2477 = AXIS2_PLACEMENT_3D('',#2478,#2479,#2480);
#2478 = CARTESIAN_POINT('',(209.49,-161.885,0.));
#2479 = DIRECTION('',(-0.,0.,-1.));
#2480 = DIRECTION('',(-0.,-1.,0.));
#2481 = FACE_BOUND('',#2482,.F.);
#2482 = EDGE_LOOP('',(#2483));
#2483 = ORIENTED_EDGE('',*,*,#2484,.T.);
#2484 = EDGE_CURVE('',#2485,#2485,#2487,.T.);
#2485 = VERTEX_POINT('',#2486);
#2486 = CARTESIAN_POINT('',(205.68,-160.095,0.));
#2487 = CIRCLE('',#2488,0.75);
#2488 = AXIS2_PLACEMENT_3D('',#2489,#2490,#2491);
#2489 = CARTESIAN_POINT('',(205.68,-159.345,0.));
#2490 = DIRECTION('',(-0.,0.,-1.));
#2491 = DIRECTION('',(-0.,-1.,0.));
#2492 = FACE_BOUND('',#2493,.F.);
#2493 = EDGE_LOOP('',(#2494));
#2494 = ORIENTED_EDGE('',*,*,#2495,.T.);
#2495 = EDGE_CURVE('',#2496,#2496,#2498,.T.);
#2496 = VERTEX_POINT('',#2497);
#2497 = CARTESIAN_POINT('',(192.98,-157.555,0.));
#2498 = CIRCLE('',#2499,0.75);
#2499 = AXIS2_PLACEMENT_3D('',#2500,#2501,#2502);
#2500 = CARTESIAN_POINT('',(192.98,-156.805,0.));
#2501 = DIRECTION('',(-0.,0.,-1.));
#2502 = DIRECTION('',(-0.,-1.,0.));
#2503 = FACE_BOUND('',#2504,.F.);
#2504 = EDGE_LOOP('',(#2505));
#2505 = ORIENTED_EDGE('',*,*,#2506,.T.);
#2506 = EDGE_CURVE('',#2507,#2507,#2509,.T.);
#2507 = VERTEX_POINT('',#2508);
#2508 = CARTESIAN_POINT('',(212.03,-157.555,0.));
#2509 = CIRCLE('',#2510,0.75);
#2510 = AXIS2_PLACEMENT_3D('',#2511,#2512,#2513);
#2511 = CARTESIAN_POINT('',(212.03,-156.805,0.));
#2512 = DIRECTION('',(-0.,0.,-1.));
#2513 = DIRECTION('',(-0.,-1.,0.));
#2514 = FACE_BOUND('',#2515,.F.);
#2515 = EDGE_LOOP('',(#2516));
#2516 = ORIENTED_EDGE('',*,*,#2517,.T.);
#2517 = EDGE_CURVE('',#2518,#2518,#2520,.T.);
#2518 = VERTEX_POINT('',#2519);
#2519 = CARTESIAN_POINT('',(214.57,-162.76,0.));
#2520 = CIRCLE('',#2521,0.875);
#2521 = AXIS2_PLACEMENT_3D('',#2522,#2523,#2524);
#2522 = CARTESIAN_POINT('',(214.57,-161.885,0.));
#2523 = DIRECTION('',(-0.,0.,-1.));
#2524 = DIRECTION('',(-0.,-1.,0.));
#2525 = FACE_BOUND('',#2526,.F.);
#2526 = EDGE_LOOP('',(#2527));
#2527 = ORIENTED_EDGE('',*,*,#2528,.T.);
#2528 = EDGE_CURVE('',#2529,#2529,#2531,.T.);
#2529 = VERTEX_POINT('',#2530);
#2530 = CARTESIAN_POINT('',(223.46,-162.76,0.));
#2531 = CIRCLE('',#2532,0.875);
#2532 = AXIS2_PLACEMENT_3D('',#2533,#2534,#2535);
#2533 = CARTESIAN_POINT('',(223.46,-161.885,0.));
#2534 = DIRECTION('',(-0.,0.,-1.));
#2535 = DIRECTION('',(-0.,-1.,0.));
#2536 = FACE_BOUND('',#2537,.F.);
#2537 = EDGE_LOOP('',(#2538));
#2538 = ORIENTED_EDGE('',*,*,#2539,.T.);
#2539 = EDGE_CURVE('',#2540,#2540,#2542,.T.);
#2540 = VERTEX_POINT('',#2541);
#2541 = CARTESIAN_POINT('',(228.54,-163.885,0.));
#2542 = CIRCLE('',#2543,2.);
#2543 = AXIS2_PLACEMENT_3D('',#2544,#2545,#2546);
#2544 = CARTESIAN_POINT('',(228.54,-161.885,0.));
#2545 = DIRECTION('',(-0.,0.,-1.));
#2546 = DIRECTION('',(-0.,-1.,0.));
#2547 = FACE_BOUND('',#2548,.F.);
#2548 = EDGE_LOOP('',(#2549));
#2549 = ORIENTED_EDGE('',*,*,#2550,.T.);
#2550 = EDGE_CURVE('',#2551,#2551,#2553,.T.);
#2551 = VERTEX_POINT('',#2552);
#2552 = CARTESIAN_POINT('',(224.73,-160.095,0.));
#2553 = CIRCLE('',#2554,0.75);
#2554 = AXIS2_PLACEMENT_3D('',#2555,#2556,#2557);
#2555 = CARTESIAN_POINT('',(224.73,-159.345,0.));
#2556 = DIRECTION('',(-0.,0.,-1.));
#2557 = DIRECTION('',(-0.,-1.,0.));
#2558 = FACE_BOUND('',#2559,.F.);
#2559 = EDGE_LOOP('',(#2560));
#2560 = ORIENTED_EDGE('',*,*,#2561,.T.);
#2561 = EDGE_CURVE('',#2562,#2562,#2564,.T.);
#2562 = VERTEX_POINT('',#2563);
#2563 = CARTESIAN_POINT('',(231.08,-157.555,0.));
#2564 = CIRCLE('',#2565,0.75);
#2565 = AXIS2_PLACEMENT_3D('',#2566,#2567,#2568);
#2566 = CARTESIAN_POINT('',(231.08,-156.805,0.));
#2567 = DIRECTION('',(-0.,0.,-1.));
#2568 = DIRECTION('',(-0.,-1.,0.));
#2569 = FACE_BOUND('',#2570,.F.);
#2570 = EDGE_LOOP('',(#2571));
#2571 = ORIENTED_EDGE('',*,*,#2572,.T.);
#2572 = EDGE_CURVE('',#2573,#2573,#2575,.T.);
#2573 = VERTEX_POINT('',#2574);
#2574 = CARTESIAN_POINT('',(233.62,-162.76,0.));
#2575 = CIRCLE('',#2576,0.875);
#2576 = AXIS2_PLACEMENT_3D('',#2577,#2578,#2579);
#2577 = CARTESIAN_POINT('',(233.62,-161.885,0.));
#2578 = DIRECTION('',(-0.,0.,-1.));
#2579 = DIRECTION('',(-0.,-1.,0.));
#2580 = FACE_BOUND('',#2581,.F.);
#2581 = EDGE_LOOP('',(#2582));
#2582 = ORIENTED_EDGE('',*,*,#2583,.T.);
#2583 = EDGE_CURVE('',#2584,#2584,#2586,.T.);
#2584 = VERTEX_POINT('',#2585);
#2585 = CARTESIAN_POINT('',(242.51,-162.76,0.));
#2586 = CIRCLE('',#2587,0.875);
#2587 = AXIS2_PLACEMENT_3D('',#2588,#2589,#2590);
#2588 = CARTESIAN_POINT('',(242.51,-161.885,0.));
#2589 = DIRECTION('',(-0.,0.,-1.));
#2590 = DIRECTION('',(-0.,-1.,0.));
#2591 = FACE_BOUND('',#2592,.F.);
#2592 = EDGE_LOOP('',(#2593));
#2593 = ORIENTED_EDGE('',*,*,#2594,.T.);
#2594 = EDGE_CURVE('',#2595,#2595,#2597,.T.);
#2595 = VERTEX_POINT('',#2596);
#2596 = CARTESIAN_POINT('',(247.59,-163.885,0.));
#2597 = CIRCLE('',#2598,2.);
#2598 = AXIS2_PLACEMENT_3D('',#2599,#2600,#2601);
#2599 = CARTESIAN_POINT('',(247.59,-161.885,0.));
#2600 = DIRECTION('',(-0.,0.,-1.));
#2601 = DIRECTION('',(-0.,-1.,0.));
#2602 = FACE_BOUND('',#2603,.F.);
#2603 = EDGE_LOOP('',(#2604));
#2604 = ORIENTED_EDGE('',*,*,#2605,.T.);
#2605 = EDGE_CURVE('',#2606,#2606,#2608,.T.);
#2606 = VERTEX_POINT('',#2607);
#2607 = CARTESIAN_POINT('',(243.78,-160.095,0.));
#2608 = CIRCLE('',#2609,0.75);
#2609 = AXIS2_PLACEMENT_3D('',#2610,#2611,#2612);
#2610 = CARTESIAN_POINT('',(243.78,-159.345,0.));
#2611 = DIRECTION('',(-0.,0.,-1.));
#2612 = DIRECTION('',(-0.,-1.,0.));
#2613 = FACE_BOUND('',#2614,.F.);
#2614 = EDGE_LOOP('',(#2615));
#2615 = ORIENTED_EDGE('',*,*,#2616,.T.);
#2616 = EDGE_CURVE('',#2617,#2617,#2619,.T.);
#2617 = VERTEX_POINT('',#2618);
#2618 = CARTESIAN_POINT('',(250.13,-157.555,0.));
#2619 = CIRCLE('',#2620,0.75);
#2620 = AXIS2_PLACEMENT_3D('',#2621,#2622,#2623);
#2621 = CARTESIAN_POINT('',(250.13,-156.805,0.));
#2622 = DIRECTION('',(-0.,0.,-1.));
#2623 = DIRECTION('',(-0.,-1.,0.));
#2624 = FACE_BOUND('',#2625,.F.);
#2625 = EDGE_LOOP('',(#2626));
#2626 = ORIENTED_EDGE('',*,*,#2627,.T.);
#2627 = EDGE_CURVE('',#2628,#2628,#2630,.T.);
#2628 = VERTEX_POINT('',#2629);
#2629 = CARTESIAN_POINT('',(252.67,-162.76,0.));
#2630 = CIRCLE('',#2631,0.875);
#2631 = AXIS2_PLACEMENT_3D('',#2632,#2633,#2634);
#2632 = CARTESIAN_POINT('',(252.67,-161.885,0.));
#2633 = DIRECTION('',(-0.,0.,-1.));
#2634 = DIRECTION('',(-0.,-1.,0.));
#2635 = FACE_BOUND('',#2636,.F.);
#2636 = EDGE_LOOP('',(#2637));
#2637 = ORIENTED_EDGE('',*,*,#2638,.T.);
#2638 = EDGE_CURVE('',#2639,#2639,#2641,.T.);
#2639 = VERTEX_POINT('',#2640);
#2640 = CARTESIAN_POINT('',(261.56,-162.76,0.));
#2641 = CIRCLE('',#2642,0.875);
#2642 = AXIS2_PLACEMENT_3D('',#2643,#2644,#2645);
#2643 = CARTESIAN_POINT('',(261.56,-161.885,0.));
#2644 = DIRECTION('',(-0.,0.,-1.));
#2645 = DIRECTION('',(-0.,-1.,0.));
#2646 = FACE_BOUND('',#2647,.F.);
#2647 = EDGE_LOOP('',(#2648));
#2648 = ORIENTED_EDGE('',*,*,#2649,.T.);
#2649 = EDGE_CURVE('',#2650,#2650,#2652,.T.);
#2650 = VERTEX_POINT('',#2651);
#2651 = CARTESIAN_POINT('',(266.64,-163.885,0.));
#2652 = CIRCLE('',#2653,2.);
#2653 = AXIS2_PLACEMENT_3D('',#2654,#2655,#2656);
#2654 = CARTESIAN_POINT('',(266.64,-161.885,0.));
#2655 = DIRECTION('',(-0.,0.,-1.));
#2656 = DIRECTION('',(-0.,-1.,0.));
#2657 = FACE_BOUND('',#2658,.F.);
#2658 = EDGE_LOOP('',(#2659));
#2659 = ORIENTED_EDGE('',*,*,#2660,.T.);
#2660 = EDGE_CURVE('',#2661,#2661,#2663,.T.);
#2661 = VERTEX_POINT('',#2662);
#2662 = CARTESIAN_POINT('',(271.72,-162.76,0.));
#2663 = CIRCLE('',#2664,0.875);
#2664 = AXIS2_PLACEMENT_3D('',#2665,#2666,#2667);
#2665 = CARTESIAN_POINT('',(271.72,-161.885,0.));
#2666 = DIRECTION('',(-0.,0.,-1.));
#2667 = DIRECTION('',(-0.,-1.,0.));
#2668 = FACE_BOUND('',#2669,.F.);
#2669 = EDGE_LOOP('',(#2670));
#2670 = ORIENTED_EDGE('',*,*,#2671,.T.);
#2671 = EDGE_CURVE('',#2672,#2672,#2674,.T.);
#2672 = VERTEX_POINT('',#2673);
#2673 = CARTESIAN_POINT('',(262.83,-160.095,0.));
#2674 = CIRCLE('',#2675,0.75);
#2675 = AXIS2_PLACEMENT_3D('',#2676,#2677,#2678);
#2676 = CARTESIAN_POINT('',(262.83,-159.345,0.));
#2677 = DIRECTION('',(-0.,0.,-1.));
#2678 = DIRECTION('',(-0.,-1.,0.));
#2679 = FACE_BOUND('',#2680,.F.);
#2680 = EDGE_LOOP('',(#2681));
#2681 = ORIENTED_EDGE('',*,*,#2682,.F.);
#2682 = EDGE_CURVE('',#2683,#2683,#2685,.T.);
#2683 = VERTEX_POINT('',#2684);
#2684 = CARTESIAN_POINT('',(258.305718,-154.741244,0.));
#2685 = CIRCLE('',#2686,1.190626);
#2686 = AXIS2_PLACEMENT_3D('',#2687,#2688,#2689);
#2687 = CARTESIAN_POINT('',(257.115092,-154.741244,0.));
#2688 = DIRECTION('',(0.,0.,1.));
#2689 = DIRECTION('',(1.,0.,0.));
#2690 = FACE_BOUND('',#2691,.F.);
#2691 = EDGE_LOOP('',(#2692));
#2692 = ORIENTED_EDGE('',*,*,#2693,.T.);
#2693 = EDGE_CURVE('',#2694,#2694,#2696,.T.);
#2694 = VERTEX_POINT('',#2695);
#2695 = CARTESIAN_POINT('',(269.18,-157.555,0.));
#2696 = CIRCLE('',#2697,0.75);
#2697 = AXIS2_PLACEMENT_3D('',#2698,#2699,#2700);
#2698 = CARTESIAN_POINT('',(269.18,-156.805,0.));
#2699 = DIRECTION('',(-0.,0.,-1.));
#2700 = DIRECTION('',(-0.,-1.,0.));
#2701 = PLANE('',#2702);
#2702 = AXIS2_PLACEMENT_3D('',#2703,#2704,#2705);
#2703 = CARTESIAN_POINT('',(0.,0.,0.));
#2704 = DIRECTION('',(0.,0.,1.));
#2705 = DIRECTION('',(1.,0.,-0.));
#2706 = ADVANCED_FACE('',(#2707,#2887,#2898,#2909,#2920,#2931,#2942,
    #2953,#2964,#2975,#2986,#2997,#3008,#3019,#3030,#3041,#3052,#3063,
    #3074,#3085,#3096,#3107,#3118,#3129,#3140,#3151,#3162,#3173,#3184,
    #3195,#3206,#3217,#3228,#3239,#3250,#3261,#3272,#3283,#3294,#3305,
    #3316,#3327,#3338,#3349,#3360,#3371,#3382,#3393,#3404,#3415,#3426,
    #3437,#3448,#3459,#3470,#3481,#3492,#3503,#3514,#3525,#3536,#3547,
    #3558,#3569,#3580,#3591,#3602,#3613,#3624,#3635,#3646,#3657,#3668,
    #3679,#3690,#3701,#3712,#3723,#3734,#3745,#3756,#3767,#3778,#3789,
    #3800,#3811,#3822,#3833,#3844,#3855,#3866,#3877,#3888,#3899,#3910,
    #3921,#3932,#3943,#3954,#3965,#3976,#3987,#3998,#4009,#4020,#4031,
    #4042,#4053,#4064,#4075,#4086,#4097,#4108,#4119,#4130,#4141,#4152,
    #4163,#4174,#4185,#4196,#4207,#4218,#4229,#4240,#4251,#4262,#4273,
    #4284,#4295,#4306,#4317,#4328,#4339,#4350,#4361,#4372,#4383,#4394,
    #4405,#4416,#4427,#4438,#4449,#4460,#4471,#4482,#4493,#4504,#4515,
    #4526,#4537,#4548,#4584,#4595,#4631,#4642,#4678,#4689,#4700,#4711,
    #4747,#4758,#4769,#4780,#4791,#4802,#4813,#4824,#4835,#4846,#4857,
    #4868,#4879,#4890,#4901,#4912,#4923,#4934,#4945,#4956,#4967,#4978,
    #4989,#5000,#5011,#5022,#5033,#5044,#5055,#5066,#5077,#5088,#5099,
    #5110,#5121,#5132,#5143,#5154,#5165,#5176,#5187,#5198,#5209,#5220,
    #5231,#5242,#5253),#5264,.T.);
#2707 = FACE_BOUND('',#2708,.T.);
#2708 = EDGE_LOOP('',(#2709,#2710,#2711,#2720,#2728,#2736,#2744,#2753,
    #2761,#2770,#2778,#2786,#2795,#2803,#2812,#2820,#2829,#2837,#2846,
    #2854,#2863,#2871,#2880,#2886));
#2709 = ORIENTED_EDGE('',*,*,#53,.F.);
#2710 = ORIENTED_EDGE('',*,*,#95,.F.);
#2711 = ORIENTED_EDGE('',*,*,#2712,.F.);
#2712 = EDGE_CURVE('',#2713,#88,#2715,.T.);
#2713 = VERTEX_POINT('',#2714);
#2714 = CARTESIAN_POINT('',(109.4775,-152.764679,1.51));
#2715 = CIRCLE('',#2716,1.000036811565);
#2716 = AXIS2_PLACEMENT_3D('',#2717,#2718,#2719);
#2717 = CARTESIAN_POINT('',(110.47753681088,-152.7647158108,1.51));
#2718 = DIRECTION('',(0.,0.,-1.));
#2719 = DIRECTION('',(-0.999999999323,3.680953220726E-05,0.));
#2720 = ORIENTED_EDGE('',*,*,#2721,.F.);
#2721 = EDGE_CURVE('',#2722,#2713,#2724,.T.);
#2722 = VERTEX_POINT('',#2723);
#2723 = CARTESIAN_POINT('',(109.4775,-153.36,1.51));
#2724 = LINE('',#2725,#2726);
#2725 = CARTESIAN_POINT('',(109.4775,-153.36,1.51));
#2726 = VECTOR('',#2727,1.);
#2727 = DIRECTION('',(0.,1.,0.));
#2728 = ORIENTED_EDGE('',*,*,#2729,.F.);
#2729 = EDGE_CURVE('',#2730,#2722,#2732,.T.);
#2730 = VERTEX_POINT('',#2731);
#2731 = CARTESIAN_POINT('',(109.4775,-227.56,1.51));
#2732 = LINE('',#2733,#2734);
#2733 = CARTESIAN_POINT('',(109.4775,-227.56,1.51));
#2734 = VECTOR('',#2735,1.);
#2735 = DIRECTION('',(0.,1.,0.));
#2736 = ORIENTED_EDGE('',*,*,#2737,.F.);
#2737 = EDGE_CURVE('',#2738,#2730,#2740,.T.);
#2738 = VERTEX_POINT('',#2739);
#2739 = CARTESIAN_POINT('',(109.4775,-230.585,1.51));
#2740 = LINE('',#2741,#2742);
#2741 = CARTESIAN_POINT('',(109.4775,-230.585,1.51));
#2742 = VECTOR('',#2743,1.);
#2743 = DIRECTION('',(0.,1.,0.));
#2744 = ORIENTED_EDGE('',*,*,#2745,.F.);
#2745 = EDGE_CURVE('',#2746,#2738,#2748,.T.);
#2746 = VERTEX_POINT('',#2747);
#2747 = CARTESIAN_POINT('',(110.4775,-231.585,1.51));
#2748 = CIRCLE('',#2749,0.999999252925);
#2749 = AXIS2_PLACEMENT_3D('',#2750,#2751,#2752);
#2750 = CARTESIAN_POINT('',(110.47749925292,-230.585000747,1.51));
#2751 = DIRECTION('',(0.,0.,-1.));
#2752 = DIRECTION('',(7.47075720743E-07,-1.,0.));
#2753 = ORIENTED_EDGE('',*,*,#2754,.F.);
#2754 = EDGE_CURVE('',#2755,#2746,#2757,.T.);
#2755 = VERTEX_POINT('',#2756);
#2756 = CARTESIAN_POINT('',(260.8775,-231.585,1.51));
#2757 = LINE('',#2758,#2759);
#2758 = CARTESIAN_POINT('',(260.8775,-231.585,1.51));
#2759 = VECTOR('',#2760,1.);
#2760 = DIRECTION('',(-1.,0.,0.));
#2761 = ORIENTED_EDGE('',*,*,#2762,.F.);
#2762 = EDGE_CURVE('',#2763,#2755,#2765,.T.);
#2763 = VERTEX_POINT('',#2764);
#2764 = CARTESIAN_POINT('',(261.8775,-230.585,1.51));
#2765 = CIRCLE('',#2766,0.999999252925);
#2766 = AXIS2_PLACEMENT_3D('',#2767,#2768,#2769);
#2767 = CARTESIAN_POINT('',(260.87750074707,-230.585000747,1.51));
#2768 = DIRECTION('',(0.,0.,-1.));
#2769 = DIRECTION('',(1.,7.470757349539E-07,0.));
#2770 = ORIENTED_EDGE('',*,*,#2771,.F.);
#2771 = EDGE_CURVE('',#2772,#2763,#2774,.T.);
#2772 = VERTEX_POINT('',#2773);
#2773 = CARTESIAN_POINT('',(261.8775,-227.56,1.51));
#2774 = LINE('',#2775,#2776);
#2775 = CARTESIAN_POINT('',(261.8775,-227.56,1.51));
#2776 = VECTOR('',#2777,1.);
#2777 = DIRECTION('',(0.,-1.,0.));
#2778 = ORIENTED_EDGE('',*,*,#2779,.F.);
#2779 = EDGE_CURVE('',#2780,#2772,#2782,.T.);
#2780 = VERTEX_POINT('',#2781);
#2781 = CARTESIAN_POINT('',(261.8775,-210.51,1.51));
#2782 = LINE('',#2783,#2784);
#2783 = CARTESIAN_POINT('',(261.8775,-210.51,1.51));
#2784 = VECTOR('',#2785,1.);
#2785 = DIRECTION('',(0.,-1.,0.));
#2786 = ORIENTED_EDGE('',*,*,#2787,.F.);
#2787 = EDGE_CURVE('',#2788,#2780,#2790,.T.);
#2788 = VERTEX_POINT('',#2789);
#2789 = CARTESIAN_POINT('',(262.8775,-209.51,1.51));
#2790 = CIRCLE('',#2791,0.999999252925);
#2791 = AXIS2_PLACEMENT_3D('',#2792,#2793,#2794);
#2792 = CARTESIAN_POINT('',(262.87749925292,-210.5099992529,1.51));
#2793 = DIRECTION('',(0.,0.,1.));
#2794 = DIRECTION('',(7.470757633756E-07,1.,-0.));
#2795 = ORIENTED_EDGE('',*,*,#2796,.F.);
#2796 = EDGE_CURVE('',#2797,#2788,#2799,.T.);
#2797 = VERTEX_POINT('',#2798);
#2798 = CARTESIAN_POINT('',(270.4025,-209.51,1.51));
#2799 = LINE('',#2800,#2801);
#2800 = CARTESIAN_POINT('',(270.4025,-209.51,1.51));
#2801 = VECTOR('',#2802,1.);
#2802 = DIRECTION('',(-1.,0.,0.));
#2803 = ORIENTED_EDGE('',*,*,#2804,.F.);
#2804 = EDGE_CURVE('',#2805,#2797,#2807,.T.);
#2805 = VERTEX_POINT('',#2806);
#2806 = CARTESIAN_POINT('',(271.4025,-208.51,1.51));
#2807 = CIRCLE('',#2808,0.999999252925);
#2808 = AXIS2_PLACEMENT_3D('',#2809,#2810,#2811);
#2809 = CARTESIAN_POINT('',(270.40250074707,-208.510000747,1.51));
#2810 = DIRECTION('',(0.,0.,-1.));
#2811 = DIRECTION('',(1.,7.470757633757E-07,0.));
#2812 = ORIENTED_EDGE('',*,*,#2813,.F.);
#2813 = EDGE_CURVE('',#2814,#2805,#2816,.T.);
#2814 = VERTEX_POINT('',#2815);
#2815 = CARTESIAN_POINT('',(271.4025,-191.46,1.51));
#2816 = LINE('',#2817,#2818);
#2817 = CARTESIAN_POINT('',(271.4025,-191.46,1.51));
#2818 = VECTOR('',#2819,1.);
#2819 = DIRECTION('',(0.,-1.,0.));
#2820 = ORIENTED_EDGE('',*,*,#2821,.F.);
#2821 = EDGE_CURVE('',#2822,#2814,#2824,.T.);
#2822 = VERTEX_POINT('',#2823);
#2823 = CARTESIAN_POINT('',(270.4025,-190.46,1.51));
#2824 = CIRCLE('',#2825,0.999999252925);
#2825 = AXIS2_PLACEMENT_3D('',#2826,#2827,#2828);
#2826 = CARTESIAN_POINT('',(270.40250074707,-191.4599992529,1.51));
#2827 = DIRECTION('',(0.,0.,-1.));
#2828 = DIRECTION('',(-7.470758202191E-07,1.,0.));
#2829 = ORIENTED_EDGE('',*,*,#2830,.F.);
#2830 = EDGE_CURVE('',#2831,#2822,#2833,.T.);
#2831 = VERTEX_POINT('',#2832);
#2832 = CARTESIAN_POINT('',(262.8775,-190.46,1.51));
#2833 = LINE('',#2834,#2835);
#2834 = CARTESIAN_POINT('',(262.8775,-190.46,1.51));
#2835 = VECTOR('',#2836,1.);
#2836 = DIRECTION('',(1.,0.,0.));
#2837 = ORIENTED_EDGE('',*,*,#2838,.F.);
#2838 = EDGE_CURVE('',#2839,#2831,#2841,.T.);
#2839 = VERTEX_POINT('',#2840);
#2840 = CARTESIAN_POINT('',(261.8775,-189.46,1.51));
#2841 = CIRCLE('',#2842,0.999999252925);
#2842 = AXIS2_PLACEMENT_3D('',#2843,#2844,#2845);
#2843 = CARTESIAN_POINT('',(262.87749925292,-189.460000747,1.51));
#2844 = DIRECTION('',(0.,0.,1.));
#2845 = DIRECTION('',(-1.,7.470757349539E-07,0.));
#2846 = ORIENTED_EDGE('',*,*,#2847,.F.);
#2847 = EDGE_CURVE('',#2848,#2839,#2850,.T.);
#2848 = VERTEX_POINT('',#2849);
#2849 = CARTESIAN_POINT('',(261.8775,-172.41,1.51));
#2850 = LINE('',#2851,#2852);
#2851 = CARTESIAN_POINT('',(261.8775,-172.41,1.51));
#2852 = VECTOR('',#2853,1.);
#2853 = DIRECTION('',(0.,-1.,0.));
#2854 = ORIENTED_EDGE('',*,*,#2855,.F.);
#2855 = EDGE_CURVE('',#2856,#2848,#2858,.T.);
#2856 = VERTEX_POINT('',#2857);
#2857 = CARTESIAN_POINT('',(262.8775,-171.41,1.51));
#2858 = CIRCLE('',#2859,0.999999252925);
#2859 = AXIS2_PLACEMENT_3D('',#2860,#2861,#2862);
#2860 = CARTESIAN_POINT('',(262.87749925292,-172.4099992529,1.51));
#2861 = DIRECTION('',(0.,0.,1.));
#2862 = DIRECTION('',(7.470758202191E-07,1.,-0.));
#2863 = ORIENTED_EDGE('',*,*,#2864,.F.);
#2864 = EDGE_CURVE('',#2865,#2856,#2867,.T.);
#2865 = VERTEX_POINT('',#2866);
#2866 = CARTESIAN_POINT('',(275.165,-171.41,1.51));
#2867 = LINE('',#2868,#2869);
#2868 = CARTESIAN_POINT('',(275.165,-171.41,1.51));
#2869 = VECTOR('',#2870,1.);
#2870 = DIRECTION('',(-1.,0.,0.));
#2871 = ORIENTED_EDGE('',*,*,#2872,.F.);
#2872 = EDGE_CURVE('',#2873,#2865,#2875,.T.);
#2873 = VERTEX_POINT('',#2874);
#2874 = CARTESIAN_POINT('',(276.165,-170.41,1.51));
#2875 = CIRCLE('',#2876,0.999999252925);
#2876 = AXIS2_PLACEMENT_3D('',#2877,#2878,#2879);
#2877 = CARTESIAN_POINT('',(275.16500074707,-170.410000747,1.51));
#2878 = DIRECTION('',(0.,0.,-1.));
#2879 = DIRECTION('',(1.,7.470757633757E-07,0.));
#2880 = ORIENTED_EDGE('',*,*,#2881,.F.);
#2881 = EDGE_CURVE('',#118,#2873,#2882,.T.);
#2882 = LINE('',#2883,#2884);
#2883 = CARTESIAN_POINT('',(276.165,-153.36,1.51));
#2884 = VECTOR('',#2885,1.);
#2885 = DIRECTION('',(0.,-1.,0.));
#2886 = ORIENTED_EDGE('',*,*,#117,.F.);
#2887 = FACE_BOUND('',#2888,.T.);
#2888 = EDGE_LOOP('',(#2889));
#2889 = ORIENTED_EDGE('',*,*,#2890,.F.);
#2890 = EDGE_CURVE('',#2891,#2891,#2893,.T.);
#2891 = VERTEX_POINT('',#2892);
#2892 = CARTESIAN_POINT('',(113.644659,-228.560056,1.51));
#2893 = CIRCLE('',#2894,1.190626);
#2894 = AXIS2_PLACEMENT_3D('',#2895,#2896,#2897);
#2895 = CARTESIAN_POINT('',(112.454033,-228.560056,1.51));
#2896 = DIRECTION('',(0.,0.,1.));
#2897 = DIRECTION('',(1.,0.,0.));
#2898 = FACE_BOUND('',#2899,.T.);
#2899 = EDGE_LOOP('',(#2900));
#2900 = ORIENTED_EDGE('',*,*,#2901,.F.);
#2901 = EDGE_CURVE('',#2902,#2902,#2904,.T.);
#2902 = VERTEX_POINT('',#2903);
#2903 = CARTESIAN_POINT('',(131.504049,-228.560056,1.51));
#2904 = CIRCLE('',#2905,1.190626);
#2905 = AXIS2_PLACEMENT_3D('',#2906,#2907,#2908);
#2906 = CARTESIAN_POINT('',(130.313423,-228.560056,1.51));
#2907 = DIRECTION('',(0.,0.,1.));
#2908 = DIRECTION('',(1.,0.,0.));
#2909 = FACE_BOUND('',#2910,.T.);
#2910 = EDGE_LOOP('',(#2911));
#2911 = ORIENTED_EDGE('',*,*,#2912,.T.);
#2912 = EDGE_CURVE('',#2913,#2913,#2915,.T.);
#2913 = VERTEX_POINT('',#2914);
#2914 = CARTESIAN_POINT('',(114.239972,-221.34004,1.51));
#2915 = CIRCLE('',#2916,0.4);
#2916 = AXIS2_PLACEMENT_3D('',#2917,#2918,#2919);
#2917 = CARTESIAN_POINT('',(114.239972,-220.94004,1.51));
#2918 = DIRECTION('',(-0.,0.,-1.));
#2919 = DIRECTION('',(-0.,-1.,0.));
#2920 = FACE_BOUND('',#2921,.T.);
#2921 = EDGE_LOOP('',(#2922));
#2922 = ORIENTED_EDGE('',*,*,#2923,.T.);
#2923 = EDGE_CURVE('',#2924,#2924,#2926,.T.);
#2924 = VERTEX_POINT('',#2925);
#2925 = CARTESIAN_POINT('',(116.621224,-221.34004,1.51));
#2926 = CIRCLE('',#2927,0.4);
#2927 = AXIS2_PLACEMENT_3D('',#2928,#2929,#2930);
#2928 = CARTESIAN_POINT('',(116.621224,-220.94004,1.51));
#2929 = DIRECTION('',(-0.,0.,-1.));
#2930 = DIRECTION('',(-3.5527136788E-14,-1.,0.));
#2931 = FACE_BOUND('',#2932,.T.);
#2932 = EDGE_LOOP('',(#2933));
#2933 = ORIENTED_EDGE('',*,*,#2934,.T.);
#2934 = EDGE_CURVE('',#2935,#2935,#2937,.T.);
#2935 = VERTEX_POINT('',#2936);
#2936 = CARTESIAN_POINT('',(119.002476,-221.34004,1.51));
#2937 = CIRCLE('',#2938,0.4);
#2938 = AXIS2_PLACEMENT_3D('',#2939,#2940,#2941);
#2939 = CARTESIAN_POINT('',(119.002476,-220.94004,1.51));
#2940 = DIRECTION('',(-0.,0.,-1.));
#2941 = DIRECTION('',(-0.,-1.,0.));
#2942 = FACE_BOUND('',#2943,.T.);
#2943 = EDGE_LOOP('',(#2944));
#2944 = ORIENTED_EDGE('',*,*,#2945,.T.);
#2945 = EDGE_CURVE('',#2946,#2946,#2948,.T.);
#2946 = VERTEX_POINT('',#2947);
#2947 = CARTESIAN_POINT('',(121.383728,-221.34004,1.51));
#2948 = CIRCLE('',#2949,0.4);
#2949 = AXIS2_PLACEMENT_3D('',#2950,#2951,#2952);
#2950 = CARTESIAN_POINT('',(121.383728,-220.94004,1.51));
#2951 = DIRECTION('',(-0.,0.,-1.));
#2952 = DIRECTION('',(3.5527136788E-14,-1.,-0.));
#2953 = FACE_BOUND('',#2954,.T.);
#2954 = EDGE_LOOP('',(#2955));
#2955 = ORIENTED_EDGE('',*,*,#2956,.T.);
#2956 = EDGE_CURVE('',#2957,#2957,#2959,.T.);
#2957 = VERTEX_POINT('',#2958);
#2958 = CARTESIAN_POINT('',(123.76498,-221.34004,1.51));
#2959 = CIRCLE('',#2960,0.4);
#2960 = AXIS2_PLACEMENT_3D('',#2961,#2962,#2963);
#2961 = CARTESIAN_POINT('',(123.76498,-220.94004,1.51));
#2962 = DIRECTION('',(-0.,0.,-1.));
#2963 = DIRECTION('',(-3.5527136788E-14,-1.,0.));
#2964 = FACE_BOUND('',#2965,.T.);
#2965 = EDGE_LOOP('',(#2966));
#2966 = ORIENTED_EDGE('',*,*,#2967,.T.);
#2967 = EDGE_CURVE('',#2968,#2968,#2970,.T.);
#2968 = VERTEX_POINT('',#2969);
#2969 = CARTESIAN_POINT('',(126.146232,-221.34004,1.51));
#2970 = CIRCLE('',#2971,0.4);
#2971 = AXIS2_PLACEMENT_3D('',#2972,#2973,#2974);
#2972 = CARTESIAN_POINT('',(126.146232,-220.94004,1.51));
#2973 = DIRECTION('',(-0.,0.,-1.));
#2974 = DIRECTION('',(-0.,-1.,0.));
#2975 = FACE_BOUND('',#2976,.T.);
#2976 = EDGE_LOOP('',(#2977));
#2977 = ORIENTED_EDGE('',*,*,#2978,.T.);
#2978 = EDGE_CURVE('',#2979,#2979,#2981,.T.);
#2979 = VERTEX_POINT('',#2980);
#2980 = CARTESIAN_POINT('',(128.5275,-221.345,1.51));
#2981 = CIRCLE('',#2982,0.4);
#2982 = AXIS2_PLACEMENT_3D('',#2983,#2984,#2985);
#2983 = CARTESIAN_POINT('',(128.5275,-220.945,1.51));
#2984 = DIRECTION('',(-0.,0.,-1.));
#2985 = DIRECTION('',(-0.,-1.,0.));
#2986 = FACE_BOUND('',#2987,.T.);
#2987 = EDGE_LOOP('',(#2988));
#2988 = ORIENTED_EDGE('',*,*,#2989,.T.);
#2989 = EDGE_CURVE('',#2990,#2990,#2992,.T.);
#2990 = VERTEX_POINT('',#2991);
#2991 = CARTESIAN_POINT('',(114.239972,-213.72004,1.51));
#2992 = CIRCLE('',#2993,0.4);
#2993 = AXIS2_PLACEMENT_3D('',#2994,#2995,#2996);
#2994 = CARTESIAN_POINT('',(114.239972,-213.32004,1.51));
#2995 = DIRECTION('',(-0.,0.,-1.));
#2996 = DIRECTION('',(-0.,-1.,0.));
#2997 = FACE_BOUND('',#2998,.T.);
#2998 = EDGE_LOOP('',(#2999));
#2999 = ORIENTED_EDGE('',*,*,#3000,.T.);
#3000 = EDGE_CURVE('',#3001,#3001,#3003,.T.);
#3001 = VERTEX_POINT('',#3002);
#3002 = CARTESIAN_POINT('',(116.621224,-213.72004,1.51));
#3003 = CIRCLE('',#3004,0.4);
#3004 = AXIS2_PLACEMENT_3D('',#3005,#3006,#3007);
#3005 = CARTESIAN_POINT('',(116.621224,-213.32004,1.51));
#3006 = DIRECTION('',(-0.,0.,-1.));
#3007 = DIRECTION('',(-3.5527136788E-14,-1.,0.));
#3008 = FACE_BOUND('',#3009,.T.);
#3009 = EDGE_LOOP('',(#3010));
#3010 = ORIENTED_EDGE('',*,*,#3011,.T.);
#3011 = EDGE_CURVE('',#3012,#3012,#3014,.T.);
#3012 = VERTEX_POINT('',#3013);
#3013 = CARTESIAN_POINT('',(119.002476,-213.72004,1.51));
#3014 = CIRCLE('',#3015,0.4);
#3015 = AXIS2_PLACEMENT_3D('',#3016,#3017,#3018);
#3016 = CARTESIAN_POINT('',(119.002476,-213.32004,1.51));
#3017 = DIRECTION('',(-0.,0.,-1.));
#3018 = DIRECTION('',(-0.,-1.,0.));
#3019 = FACE_BOUND('',#3020,.T.);
#3020 = EDGE_LOOP('',(#3021));
#3021 = ORIENTED_EDGE('',*,*,#3022,.T.);
#3022 = EDGE_CURVE('',#3023,#3023,#3025,.T.);
#3023 = VERTEX_POINT('',#3024);
#3024 = CARTESIAN_POINT('',(111.85872,-211.57691,1.51));
#3025 = CIRCLE('',#3026,0.4);
#3026 = AXIS2_PLACEMENT_3D('',#3027,#3028,#3029);
#3027 = CARTESIAN_POINT('',(111.85872,-211.17691,1.51));
#3028 = DIRECTION('',(-0.,0.,-1.));
#3029 = DIRECTION('',(-0.,-1.,0.));
#3030 = FACE_BOUND('',#3031,.T.);
#3031 = EDGE_LOOP('',(#3032));
#3032 = ORIENTED_EDGE('',*,*,#3033,.T.);
#3033 = EDGE_CURVE('',#3034,#3034,#3036,.T.);
#3034 = VERTEX_POINT('',#3035);
#3035 = CARTESIAN_POINT('',(114.239972,-211.57691,1.51));
#3036 = CIRCLE('',#3037,0.4);
#3037 = AXIS2_PLACEMENT_3D('',#3038,#3039,#3040);
#3038 = CARTESIAN_POINT('',(114.239972,-211.17691,1.51));
#3039 = DIRECTION('',(-0.,0.,-1.));
#3040 = DIRECTION('',(-0.,-1.,0.));
#3041 = FACE_BOUND('',#3042,.T.);
#3042 = EDGE_LOOP('',(#3043));
#3043 = ORIENTED_EDGE('',*,*,#3044,.T.);
#3044 = EDGE_CURVE('',#3045,#3045,#3047,.T.);
#3045 = VERTEX_POINT('',#3046);
#3046 = CARTESIAN_POINT('',(116.621224,-211.57691,1.51));
#3047 = CIRCLE('',#3048,0.4);
#3048 = AXIS2_PLACEMENT_3D('',#3049,#3050,#3051);
#3049 = CARTESIAN_POINT('',(116.621224,-211.17691,1.51));
#3050 = DIRECTION('',(-0.,0.,-1.));
#3051 = DIRECTION('',(-3.552713678801E-14,-1.,0.));
#3052 = FACE_BOUND('',#3053,.T.);
#3053 = EDGE_LOOP('',(#3054));
#3054 = ORIENTED_EDGE('',*,*,#3055,.T.);
#3055 = EDGE_CURVE('',#3056,#3056,#3058,.T.);
#3056 = VERTEX_POINT('',#3057);
#3057 = CARTESIAN_POINT('',(119.002476,-211.57691,1.51));
#3058 = CIRCLE('',#3059,0.4);
#3059 = AXIS2_PLACEMENT_3D('',#3060,#3061,#3062);
#3060 = CARTESIAN_POINT('',(119.002476,-211.17691,1.51));
#3061 = DIRECTION('',(-0.,0.,-1.));
#3062 = DIRECTION('',(-0.,-1.,0.));
#3063 = FACE_BOUND('',#3064,.T.);
#3064 = EDGE_LOOP('',(#3065));
#3065 = ORIENTED_EDGE('',*,*,#3066,.T.);
#3066 = EDGE_CURVE('',#3067,#3067,#3069,.T.);
#3067 = VERTEX_POINT('',#3068);
#3068 = CARTESIAN_POINT('',(121.383728,-213.72004,1.51));
#3069 = CIRCLE('',#3070,0.4);
#3070 = AXIS2_PLACEMENT_3D('',#3071,#3072,#3073);
#3071 = CARTESIAN_POINT('',(121.383728,-213.32004,1.51));
#3072 = DIRECTION('',(-0.,0.,-1.));
#3073 = DIRECTION('',(3.5527136788E-14,-1.,-0.));
#3074 = FACE_BOUND('',#3075,.T.);
#3075 = EDGE_LOOP('',(#3076));
#3076 = ORIENTED_EDGE('',*,*,#3077,.T.);
#3077 = EDGE_CURVE('',#3078,#3078,#3080,.T.);
#3078 = VERTEX_POINT('',#3079);
#3079 = CARTESIAN_POINT('',(123.76498,-213.72004,1.51));
#3080 = CIRCLE('',#3081,0.4);
#3081 = AXIS2_PLACEMENT_3D('',#3082,#3083,#3084);
#3082 = CARTESIAN_POINT('',(123.76498,-213.32004,1.51));
#3083 = DIRECTION('',(-0.,0.,-1.));
#3084 = DIRECTION('',(-3.5527136788E-14,-1.,0.));
#3085 = FACE_BOUND('',#3086,.T.);
#3086 = EDGE_LOOP('',(#3087));
#3087 = ORIENTED_EDGE('',*,*,#3088,.T.);
#3088 = EDGE_CURVE('',#3089,#3089,#3091,.T.);
#3089 = VERTEX_POINT('',#3090);
#3090 = CARTESIAN_POINT('',(126.146232,-213.72004,1.51));
#3091 = CIRCLE('',#3092,0.4);
#3092 = AXIS2_PLACEMENT_3D('',#3093,#3094,#3095);
#3093 = CARTESIAN_POINT('',(126.146232,-213.32004,1.51));
#3094 = DIRECTION('',(-0.,0.,-1.));
#3095 = DIRECTION('',(-0.,-1.,0.));
#3096 = FACE_BOUND('',#3097,.T.);
#3097 = EDGE_LOOP('',(#3098));
#3098 = ORIENTED_EDGE('',*,*,#3099,.T.);
#3099 = EDGE_CURVE('',#3100,#3100,#3102,.T.);
#3100 = VERTEX_POINT('',#3101);
#3101 = CARTESIAN_POINT('',(128.5275,-213.725,1.51));
#3102 = CIRCLE('',#3103,0.4);
#3103 = AXIS2_PLACEMENT_3D('',#3104,#3105,#3106);
#3104 = CARTESIAN_POINT('',(128.5275,-213.325,1.51));
#3105 = DIRECTION('',(-0.,0.,-1.));
#3106 = DIRECTION('',(-0.,-1.,0.));
#3107 = FACE_BOUND('',#3108,.T.);
#3108 = EDGE_LOOP('',(#3109));
#3109 = ORIENTED_EDGE('',*,*,#3110,.T.);
#3110 = EDGE_CURVE('',#3111,#3111,#3113,.T.);
#3111 = VERTEX_POINT('',#3112);
#3112 = CARTESIAN_POINT('',(121.383728,-211.57691,1.51));
#3113 = CIRCLE('',#3114,0.4);
#3114 = AXIS2_PLACEMENT_3D('',#3115,#3116,#3117);
#3115 = CARTESIAN_POINT('',(121.383728,-211.17691,1.51));
#3116 = DIRECTION('',(-0.,0.,-1.));
#3117 = DIRECTION('',(3.5527136788E-14,-1.,-0.));
#3118 = FACE_BOUND('',#3119,.T.);
#3119 = EDGE_LOOP('',(#3120));
#3120 = ORIENTED_EDGE('',*,*,#3121,.T.);
#3121 = EDGE_CURVE('',#3122,#3122,#3124,.T.);
#3122 = VERTEX_POINT('',#3123);
#3123 = CARTESIAN_POINT('',(123.76498,-211.57691,1.51));
#3124 = CIRCLE('',#3125,0.4);
#3125 = AXIS2_PLACEMENT_3D('',#3126,#3127,#3128);
#3126 = CARTESIAN_POINT('',(123.76498,-211.17691,1.51));
#3127 = DIRECTION('',(-0.,0.,-1.));
#3128 = DIRECTION('',(-3.552713678801E-14,-1.,0.));
#3129 = FACE_BOUND('',#3130,.T.);
#3130 = EDGE_LOOP('',(#3131));
#3131 = ORIENTED_EDGE('',*,*,#3132,.T.);
#3132 = EDGE_CURVE('',#3133,#3133,#3135,.T.);
#3133 = VERTEX_POINT('',#3134);
#3134 = CARTESIAN_POINT('',(126.146232,-211.57691,1.51));
#3135 = CIRCLE('',#3136,0.4);
#3136 = AXIS2_PLACEMENT_3D('',#3137,#3138,#3139);
#3137 = CARTESIAN_POINT('',(126.146232,-211.17691,1.51));
#3138 = DIRECTION('',(-0.,0.,-1.));
#3139 = DIRECTION('',(-0.,-1.,0.));
#3140 = FACE_BOUND('',#3141,.T.);
#3141 = EDGE_LOOP('',(#3142));
#3142 = ORIENTED_EDGE('',*,*,#3143,.T.);
#3143 = EDGE_CURVE('',#3144,#3144,#3146,.T.);
#3144 = VERTEX_POINT('',#3145);
#3145 = CARTESIAN_POINT('',(128.527484,-211.57691,1.51));
#3146 = CIRCLE('',#3147,0.4);
#3147 = AXIS2_PLACEMENT_3D('',#3148,#3149,#3150);
#3148 = CARTESIAN_POINT('',(128.527484,-211.17691,1.51));
#3149 = DIRECTION('',(-0.,0.,-1.));
#3150 = DIRECTION('',(-7.105427357601E-14,-1.,0.));
#3151 = FACE_BOUND('',#3152,.T.);
#3152 = EDGE_LOOP('',(#3153));
#3153 = ORIENTED_EDGE('',*,*,#3154,.T.);
#3154 = EDGE_CURVE('',#3155,#3155,#3157,.T.);
#3155 = VERTEX_POINT('',#3156);
#3156 = CARTESIAN_POINT('',(130.908736,-211.57691,1.51));
#3157 = CIRCLE('',#3158,0.4);
#3158 = AXIS2_PLACEMENT_3D('',#3159,#3160,#3161);
#3159 = CARTESIAN_POINT('',(130.908736,-211.17691,1.51));
#3160 = DIRECTION('',(-0.,0.,-1.));
#3161 = DIRECTION('',(-0.,-1.,0.));
#3162 = FACE_BOUND('',#3163,.T.);
#3163 = EDGE_LOOP('',(#3164));
#3164 = ORIENTED_EDGE('',*,*,#3165,.T.);
#3165 = EDGE_CURVE('',#3166,#3166,#3168,.T.);
#3166 = VERTEX_POINT('',#3167);
#3167 = CARTESIAN_POINT('',(142.4975,-219.91,1.51));
#3168 = CIRCLE('',#3169,0.875);
#3169 = AXIS2_PLACEMENT_3D('',#3170,#3171,#3172);
#3170 = CARTESIAN_POINT('',(142.4975,-219.035,1.51));
#3171 = DIRECTION('',(-0.,0.,-1.));
#3172 = DIRECTION('',(-0.,-1.,0.));
#3173 = FACE_BOUND('',#3174,.T.);
#3174 = EDGE_LOOP('',(#3175));
#3175 = ORIENTED_EDGE('',*,*,#3176,.T.);
#3176 = EDGE_CURVE('',#3177,#3177,#3179,.T.);
#3177 = VERTEX_POINT('',#3178);
#3178 = CARTESIAN_POINT('',(147.5775,-221.035,1.51));
#3179 = CIRCLE('',#3180,2.);
#3180 = AXIS2_PLACEMENT_3D('',#3181,#3182,#3183);
#3181 = CARTESIAN_POINT('',(147.5775,-219.035,1.51));
#3182 = DIRECTION('',(-0.,0.,-1.));
#3183 = DIRECTION('',(-0.,-1.,0.));
#3184 = FACE_BOUND('',#3185,.T.);
#3185 = EDGE_LOOP('',(#3186));
#3186 = ORIENTED_EDGE('',*,*,#3187,.T.);
#3187 = EDGE_CURVE('',#3188,#3188,#3190,.T.);
#3188 = VERTEX_POINT('',#3189);
#3189 = CARTESIAN_POINT('',(143.7675,-217.245,1.51));
#3190 = CIRCLE('',#3191,0.75);
#3191 = AXIS2_PLACEMENT_3D('',#3192,#3193,#3194);
#3192 = CARTESIAN_POINT('',(143.7675,-216.495,1.51));
#3193 = DIRECTION('',(-0.,0.,-1.));
#3194 = DIRECTION('',(-0.,-1.,0.));
#3195 = FACE_BOUND('',#3196,.T.);
#3196 = EDGE_LOOP('',(#3197));
#3197 = ORIENTED_EDGE('',*,*,#3198,.T.);
#3198 = EDGE_CURVE('',#3199,#3199,#3201,.T.);
#3199 = VERTEX_POINT('',#3200);
#3200 = CARTESIAN_POINT('',(150.1175,-214.705,1.51));
#3201 = CIRCLE('',#3202,0.75);
#3202 = AXIS2_PLACEMENT_3D('',#3203,#3204,#3205);
#3203 = CARTESIAN_POINT('',(150.1175,-213.955,1.51));
#3204 = DIRECTION('',(-0.,0.,-1.));
#3205 = DIRECTION('',(-0.,-1.,0.));
#3206 = FACE_BOUND('',#3207,.T.);
#3207 = EDGE_LOOP('',(#3208));
#3208 = ORIENTED_EDGE('',*,*,#3209,.T.);
#3209 = EDGE_CURVE('',#3210,#3210,#3212,.T.);
#3210 = VERTEX_POINT('',#3211);
#3211 = CARTESIAN_POINT('',(152.6575,-219.91,1.51));
#3212 = CIRCLE('',#3213,0.875);
#3213 = AXIS2_PLACEMENT_3D('',#3214,#3215,#3216);
#3214 = CARTESIAN_POINT('',(152.6575,-219.035,1.51));
#3215 = DIRECTION('',(-0.,0.,-1.));
#3216 = DIRECTION('',(-0.,-1.,0.));
#3217 = FACE_BOUND('',#3218,.T.);
#3218 = EDGE_LOOP('',(#3219));
#3219 = ORIENTED_EDGE('',*,*,#3220,.T.);
#3220 = EDGE_CURVE('',#3221,#3221,#3223,.T.);
#3221 = VERTEX_POINT('',#3222);
#3222 = CARTESIAN_POINT('',(171.0725,-219.91,1.51));
#3223 = CIRCLE('',#3224,0.875);
#3224 = AXIS2_PLACEMENT_3D('',#3225,#3226,#3227);
#3225 = CARTESIAN_POINT('',(171.0725,-219.035,1.51));
#3226 = DIRECTION('',(-0.,0.,-1.));
#3227 = DIRECTION('',(-0.,-1.,0.));
#3228 = FACE_BOUND('',#3229,.T.);
#3229 = EDGE_LOOP('',(#3230));
#3230 = ORIENTED_EDGE('',*,*,#3231,.T.);
#3231 = EDGE_CURVE('',#3232,#3232,#3234,.T.);
#3232 = VERTEX_POINT('',#3233);
#3233 = CARTESIAN_POINT('',(176.1525,-221.035,1.51));
#3234 = CIRCLE('',#3235,2.);
#3235 = AXIS2_PLACEMENT_3D('',#3236,#3237,#3238);
#3236 = CARTESIAN_POINT('',(176.1525,-219.035,1.51));
#3237 = DIRECTION('',(-0.,0.,-1.));
#3238 = DIRECTION('',(-0.,-1.,0.));
#3239 = FACE_BOUND('',#3240,.T.);
#3240 = EDGE_LOOP('',(#3241));
#3241 = ORIENTED_EDGE('',*,*,#3242,.T.);
#3242 = EDGE_CURVE('',#3243,#3243,#3245,.T.);
#3243 = VERTEX_POINT('',#3244);
#3244 = CARTESIAN_POINT('',(181.2325,-219.91,1.51));
#3245 = CIRCLE('',#3246,0.875);
#3246 = AXIS2_PLACEMENT_3D('',#3247,#3248,#3249);
#3247 = CARTESIAN_POINT('',(181.2325,-219.035,1.51));
#3248 = DIRECTION('',(-0.,0.,-1.));
#3249 = DIRECTION('',(-0.,-1.,0.));
#3250 = FACE_BOUND('',#3251,.T.);
#3251 = EDGE_LOOP('',(#3252));
#3252 = ORIENTED_EDGE('',*,*,#3253,.T.);
#3253 = EDGE_CURVE('',#3254,#3254,#3256,.T.);
#3254 = VERTEX_POINT('',#3255);
#3255 = CARTESIAN_POINT('',(172.3425,-217.245,1.51));
#3256 = CIRCLE('',#3257,0.75);
#3257 = AXIS2_PLACEMENT_3D('',#3258,#3259,#3260);
#3258 = CARTESIAN_POINT('',(172.3425,-216.495,1.51));
#3259 = DIRECTION('',(-0.,0.,-1.));
#3260 = DIRECTION('',(-0.,-1.,0.));
#3261 = FACE_BOUND('',#3262,.T.);
#3262 = EDGE_LOOP('',(#3263));
#3263 = ORIENTED_EDGE('',*,*,#3264,.T.);
#3264 = EDGE_CURVE('',#3265,#3265,#3267,.T.);
#3265 = VERTEX_POINT('',#3266);
#3266 = CARTESIAN_POINT('',(178.6925,-214.705,1.51));
#3267 = CIRCLE('',#3268,0.75);
#3268 = AXIS2_PLACEMENT_3D('',#3269,#3270,#3271);
#3269 = CARTESIAN_POINT('',(178.6925,-213.955,1.51));
#3270 = DIRECTION('',(-0.,0.,-1.));
#3271 = DIRECTION('',(-0.,-1.,0.));
#3272 = FACE_BOUND('',#3273,.T.);
#3273 = EDGE_LOOP('',(#3274));
#3274 = ORIENTED_EDGE('',*,*,#3275,.T.);
#3275 = EDGE_CURVE('',#3276,#3276,#3278,.T.);
#3276 = VERTEX_POINT('',#3277);
#3277 = CARTESIAN_POINT('',(111.85872,-203.95691,1.51));
#3278 = CIRCLE('',#3279,0.4);
#3279 = AXIS2_PLACEMENT_3D('',#3280,#3281,#3282);
#3280 = CARTESIAN_POINT('',(111.85872,-203.55691,1.51));
#3281 = DIRECTION('',(-0.,0.,-1.));
#3282 = DIRECTION('',(-0.,-1.,0.));
#3283 = FACE_BOUND('',#3284,.T.);
#3284 = EDGE_LOOP('',(#3285));
#3285 = ORIENTED_EDGE('',*,*,#3286,.T.);
#3286 = EDGE_CURVE('',#3287,#3287,#3289,.T.);
#3287 = VERTEX_POINT('',#3288);
#3288 = CARTESIAN_POINT('',(114.239972,-203.95691,1.51));
#3289 = CIRCLE('',#3290,0.4);
#3290 = AXIS2_PLACEMENT_3D('',#3291,#3292,#3293);
#3291 = CARTESIAN_POINT('',(114.239972,-203.55691,1.51));
#3292 = DIRECTION('',(-0.,0.,-1.));
#3293 = DIRECTION('',(-0.,-1.,0.));
#3294 = FACE_BOUND('',#3295,.T.);
#3295 = EDGE_LOOP('',(#3296));
#3296 = ORIENTED_EDGE('',*,*,#3297,.T.);
#3297 = EDGE_CURVE('',#3298,#3298,#3300,.T.);
#3298 = VERTEX_POINT('',#3299);
#3299 = CARTESIAN_POINT('',(116.621224,-203.95691,1.51));
#3300 = CIRCLE('',#3301,0.4);
#3301 = AXIS2_PLACEMENT_3D('',#3302,#3303,#3304);
#3302 = CARTESIAN_POINT('',(116.621224,-203.55691,1.51));
#3303 = DIRECTION('',(-0.,0.,-1.));
#3304 = DIRECTION('',(-3.552713678801E-14,-1.,0.));
#3305 = FACE_BOUND('',#3306,.T.);
#3306 = EDGE_LOOP('',(#3307));
#3307 = ORIENTED_EDGE('',*,*,#3308,.T.);
#3308 = EDGE_CURVE('',#3309,#3309,#3311,.T.);
#3309 = VERTEX_POINT('',#3310);
#3310 = CARTESIAN_POINT('',(119.002476,-203.95691,1.51));
#3311 = CIRCLE('',#3312,0.4);
#3312 = AXIS2_PLACEMENT_3D('',#3313,#3314,#3315);
#3313 = CARTESIAN_POINT('',(119.002476,-203.55691,1.51));
#3314 = DIRECTION('',(-0.,0.,-1.));
#3315 = DIRECTION('',(-0.,-1.,0.));
#3316 = FACE_BOUND('',#3317,.T.);
#3317 = EDGE_LOOP('',(#3318));
#3318 = ORIENTED_EDGE('',*,*,#3319,.T.);
#3319 = EDGE_CURVE('',#3320,#3320,#3322,.T.);
#3320 = VERTEX_POINT('',#3321);
#3321 = CARTESIAN_POINT('',(114.239972,-201.694711,1.51));
#3322 = CIRCLE('',#3323,0.4);
#3323 = AXIS2_PLACEMENT_3D('',#3324,#3325,#3326);
#3324 = CARTESIAN_POINT('',(114.239972,-201.294711,1.51));
#3325 = DIRECTION('',(-0.,0.,-1.));
#3326 = DIRECTION('',(-0.,-1.,0.));
#3327 = FACE_BOUND('',#3328,.T.);
#3328 = EDGE_LOOP('',(#3329));
#3329 = ORIENTED_EDGE('',*,*,#3330,.T.);
#3330 = EDGE_CURVE('',#3331,#3331,#3333,.T.);
#3331 = VERTEX_POINT('',#3332);
#3332 = CARTESIAN_POINT('',(116.621224,-201.694711,1.51));
#3333 = CIRCLE('',#3334,0.4);
#3334 = AXIS2_PLACEMENT_3D('',#3335,#3336,#3337);
#3335 = CARTESIAN_POINT('',(116.621224,-201.294711,1.51));
#3336 = DIRECTION('',(-0.,0.,-1.));
#3337 = DIRECTION('',(-3.5527136788E-14,-1.,0.));
#3338 = FACE_BOUND('',#3339,.T.);
#3339 = EDGE_LOOP('',(#3340));
#3340 = ORIENTED_EDGE('',*,*,#3341,.T.);
#3341 = EDGE_CURVE('',#3342,#3342,#3344,.T.);
#3342 = VERTEX_POINT('',#3343);
#3343 = CARTESIAN_POINT('',(119.002476,-201.694711,1.51));
#3344 = CIRCLE('',#3345,0.4);
#3345 = AXIS2_PLACEMENT_3D('',#3346,#3347,#3348);
#3346 = CARTESIAN_POINT('',(119.002476,-201.294711,1.51));
#3347 = DIRECTION('',(-0.,0.,-1.));
#3348 = DIRECTION('',(-0.,-1.,0.));
#3349 = FACE_BOUND('',#3350,.T.);
#3350 = EDGE_LOOP('',(#3351));
#3351 = ORIENTED_EDGE('',*,*,#3352,.T.);
#3352 = EDGE_CURVE('',#3353,#3353,#3355,.T.);
#3353 = VERTEX_POINT('',#3354);
#3354 = CARTESIAN_POINT('',(121.383728,-203.95691,1.51));
#3355 = CIRCLE('',#3356,0.4);
#3356 = AXIS2_PLACEMENT_3D('',#3357,#3358,#3359);
#3357 = CARTESIAN_POINT('',(121.383728,-203.55691,1.51));
#3358 = DIRECTION('',(-0.,0.,-1.));
#3359 = DIRECTION('',(3.5527136788E-14,-1.,-0.));
#3360 = FACE_BOUND('',#3361,.T.);
#3361 = EDGE_LOOP('',(#3362));
#3362 = ORIENTED_EDGE('',*,*,#3363,.T.);
#3363 = EDGE_CURVE('',#3364,#3364,#3366,.T.);
#3364 = VERTEX_POINT('',#3365);
#3365 = CARTESIAN_POINT('',(123.76498,-203.95691,1.51));
#3366 = CIRCLE('',#3367,0.4);
#3367 = AXIS2_PLACEMENT_3D('',#3368,#3369,#3370);
#3368 = CARTESIAN_POINT('',(123.76498,-203.55691,1.51));
#3369 = DIRECTION('',(-0.,0.,-1.));
#3370 = DIRECTION('',(-3.552713678801E-14,-1.,0.));
#3371 = FACE_BOUND('',#3372,.T.);
#3372 = EDGE_LOOP('',(#3373));
#3373 = ORIENTED_EDGE('',*,*,#3374,.T.);
#3374 = EDGE_CURVE('',#3375,#3375,#3377,.T.);
#3375 = VERTEX_POINT('',#3376);
#3376 = CARTESIAN_POINT('',(126.146232,-203.95691,1.51));
#3377 = CIRCLE('',#3378,0.4);
#3378 = AXIS2_PLACEMENT_3D('',#3379,#3380,#3381);
#3379 = CARTESIAN_POINT('',(126.146232,-203.55691,1.51));
#3380 = DIRECTION('',(-0.,0.,-1.));
#3381 = DIRECTION('',(-0.,-1.,0.));
#3382 = FACE_BOUND('',#3383,.T.);
#3383 = EDGE_LOOP('',(#3384));
#3384 = ORIENTED_EDGE('',*,*,#3385,.T.);
#3385 = EDGE_CURVE('',#3386,#3386,#3388,.T.);
#3386 = VERTEX_POINT('',#3387);
#3387 = CARTESIAN_POINT('',(128.527484,-203.95691,1.51));
#3388 = CIRCLE('',#3389,0.4);
#3389 = AXIS2_PLACEMENT_3D('',#3390,#3391,#3392);
#3390 = CARTESIAN_POINT('',(128.527484,-203.55691,1.51));
#3391 = DIRECTION('',(-0.,0.,-1.));
#3392 = DIRECTION('',(-7.105427357601E-14,-1.,0.));
#3393 = FACE_BOUND('',#3394,.T.);
#3394 = EDGE_LOOP('',(#3395));
#3395 = ORIENTED_EDGE('',*,*,#3396,.T.);
#3396 = EDGE_CURVE('',#3397,#3397,#3399,.T.);
#3397 = VERTEX_POINT('',#3398);
#3398 = CARTESIAN_POINT('',(130.908736,-203.95691,1.51));
#3399 = CIRCLE('',#3400,0.4);
#3400 = AXIS2_PLACEMENT_3D('',#3401,#3402,#3403);
#3401 = CARTESIAN_POINT('',(130.908736,-203.55691,1.51));
#3402 = DIRECTION('',(-0.,0.,-1.));
#3403 = DIRECTION('',(-0.,-1.,0.));
#3404 = FACE_BOUND('',#3405,.T.);
#3405 = EDGE_LOOP('',(#3406));
#3406 = ORIENTED_EDGE('',*,*,#3407,.T.);
#3407 = EDGE_CURVE('',#3408,#3408,#3410,.T.);
#3408 = VERTEX_POINT('',#3409);
#3409 = CARTESIAN_POINT('',(121.383728,-201.694711,1.51));
#3410 = CIRCLE('',#3411,0.4);
#3411 = AXIS2_PLACEMENT_3D('',#3412,#3413,#3414);
#3412 = CARTESIAN_POINT('',(121.383728,-201.294711,1.51));
#3413 = DIRECTION('',(-0.,0.,-1.));
#3414 = DIRECTION('',(3.5527136788E-14,-1.,-0.));
#3415 = FACE_BOUND('',#3416,.T.);
#3416 = EDGE_LOOP('',(#3417));
#3417 = ORIENTED_EDGE('',*,*,#3418,.T.);
#3418 = EDGE_CURVE('',#3419,#3419,#3421,.T.);
#3419 = VERTEX_POINT('',#3420);
#3420 = CARTESIAN_POINT('',(123.76498,-201.694711,1.51));
#3421 = CIRCLE('',#3422,0.4);
#3422 = AXIS2_PLACEMENT_3D('',#3423,#3424,#3425);
#3423 = CARTESIAN_POINT('',(123.76498,-201.294711,1.51));
#3424 = DIRECTION('',(-0.,0.,-1.));
#3425 = DIRECTION('',(-3.5527136788E-14,-1.,0.));
#3426 = FACE_BOUND('',#3427,.T.);
#3427 = EDGE_LOOP('',(#3428));
#3428 = ORIENTED_EDGE('',*,*,#3429,.T.);
#3429 = EDGE_CURVE('',#3430,#3430,#3432,.T.);
#3430 = VERTEX_POINT('',#3431);
#3431 = CARTESIAN_POINT('',(126.146232,-201.694711,1.51));
#3432 = CIRCLE('',#3433,0.4);
#3433 = AXIS2_PLACEMENT_3D('',#3434,#3435,#3436);
#3434 = CARTESIAN_POINT('',(126.146232,-201.294711,1.51));
#3435 = DIRECTION('',(-0.,0.,-1.));
#3436 = DIRECTION('',(-0.,-1.,0.));
#3437 = FACE_BOUND('',#3438,.T.);
#3438 = EDGE_LOOP('',(#3439));
#3439 = ORIENTED_EDGE('',*,*,#3440,.T.);
#3440 = EDGE_CURVE('',#3441,#3441,#3443,.T.);
#3441 = VERTEX_POINT('',#3442);
#3442 = CARTESIAN_POINT('',(128.527484,-201.694711,1.51));
#3443 = CIRCLE('',#3444,0.4);
#3444 = AXIS2_PLACEMENT_3D('',#3445,#3446,#3447);
#3445 = CARTESIAN_POINT('',(128.527484,-201.294711,1.51));
#3446 = DIRECTION('',(-0.,0.,-1.));
#3447 = DIRECTION('',(-7.105427357601E-14,-1.,0.));
#3448 = FACE_BOUND('',#3449,.T.);
#3449 = EDGE_LOOP('',(#3450));
#3450 = ORIENTED_EDGE('',*,*,#3451,.T.);
#3451 = EDGE_CURVE('',#3452,#3452,#3454,.T.);
#3452 = VERTEX_POINT('',#3453);
#3453 = CARTESIAN_POINT('',(142.783256,-210.203932,1.51));
#3454 = CIRCLE('',#3455,1.9939);
#3455 = AXIS2_PLACEMENT_3D('',#3456,#3457,#3458);
#3456 = CARTESIAN_POINT('',(142.783256,-208.210032,1.51));
#3457 = DIRECTION('',(-0.,0.,-1.));
#3458 = DIRECTION('',(-0.,-1.,0.));
#3459 = FACE_BOUND('',#3460,.T.);
#3460 = EDGE_LOOP('',(#3461));
#3461 = ORIENTED_EDGE('',*,*,#3462,.T.);
#3462 = EDGE_CURVE('',#3463,#3463,#3465,.T.);
#3463 = VERTEX_POINT('',#3464);
#3464 = CARTESIAN_POINT('',(114.239972,-194.074711,1.51));
#3465 = CIRCLE('',#3466,0.4);
#3466 = AXIS2_PLACEMENT_3D('',#3467,#3468,#3469);
#3467 = CARTESIAN_POINT('',(114.239972,-193.674711,1.51));
#3468 = DIRECTION('',(-0.,0.,-1.));
#3469 = DIRECTION('',(-0.,-1.,0.));
#3470 = FACE_BOUND('',#3471,.T.);
#3471 = EDGE_LOOP('',(#3472));
#3472 = ORIENTED_EDGE('',*,*,#3473,.T.);
#3473 = EDGE_CURVE('',#3474,#3474,#3476,.T.);
#3474 = VERTEX_POINT('',#3475);
#3475 = CARTESIAN_POINT('',(116.621224,-194.074711,1.51));
#3476 = CIRCLE('',#3477,0.4);
#3477 = AXIS2_PLACEMENT_3D('',#3478,#3479,#3480);
#3478 = CARTESIAN_POINT('',(116.621224,-193.674711,1.51));
#3479 = DIRECTION('',(-0.,0.,-1.));
#3480 = DIRECTION('',(-3.5527136788E-14,-1.,0.));
#3481 = FACE_BOUND('',#3482,.T.);
#3482 = EDGE_LOOP('',(#3483));
#3483 = ORIENTED_EDGE('',*,*,#3484,.T.);
#3484 = EDGE_CURVE('',#3485,#3485,#3487,.T.);
#3485 = VERTEX_POINT('',#3486);
#3486 = CARTESIAN_POINT('',(119.002476,-194.074711,1.51));
#3487 = CIRCLE('',#3488,0.4);
#3488 = AXIS2_PLACEMENT_3D('',#3489,#3490,#3491);
#3489 = CARTESIAN_POINT('',(119.002476,-193.674711,1.51));
#3490 = DIRECTION('',(-0.,0.,-1.));
#3491 = DIRECTION('',(-0.,-1.,0.));
#3492 = FACE_BOUND('',#3493,.T.);
#3493 = EDGE_LOOP('',(#3494));
#3494 = ORIENTED_EDGE('',*,*,#3495,.T.);
#3495 = EDGE_CURVE('',#3496,#3496,#3498,.T.);
#3496 = VERTEX_POINT('',#3497);
#3497 = CARTESIAN_POINT('',(121.383728,-194.074711,1.51));
#3498 = CIRCLE('',#3499,0.4);
#3499 = AXIS2_PLACEMENT_3D('',#3500,#3501,#3502);
#3500 = CARTESIAN_POINT('',(121.383728,-193.674711,1.51));
#3501 = DIRECTION('',(-0.,0.,-1.));
#3502 = DIRECTION('',(3.5527136788E-14,-1.,-0.));
#3503 = FACE_BOUND('',#3504,.T.);
#3504 = EDGE_LOOP('',(#3505));
#3505 = ORIENTED_EDGE('',*,*,#3506,.T.);
#3506 = EDGE_CURVE('',#3507,#3507,#3509,.T.);
#3507 = VERTEX_POINT('',#3508);
#3508 = CARTESIAN_POINT('',(123.76498,-194.074711,1.51));
#3509 = CIRCLE('',#3510,0.4);
#3510 = AXIS2_PLACEMENT_3D('',#3511,#3512,#3513);
#3511 = CARTESIAN_POINT('',(123.76498,-193.674711,1.51));
#3512 = DIRECTION('',(-0.,0.,-1.));
#3513 = DIRECTION('',(-3.5527136788E-14,-1.,0.));
#3514 = FACE_BOUND('',#3515,.T.);
#3515 = EDGE_LOOP('',(#3516));
#3516 = ORIENTED_EDGE('',*,*,#3517,.T.);
#3517 = EDGE_CURVE('',#3518,#3518,#3520,.T.);
#3518 = VERTEX_POINT('',#3519);
#3519 = CARTESIAN_POINT('',(126.146232,-194.074711,1.51));
#3520 = CIRCLE('',#3521,0.4);
#3521 = AXIS2_PLACEMENT_3D('',#3522,#3523,#3524);
#3522 = CARTESIAN_POINT('',(126.146232,-193.674711,1.51));
#3523 = DIRECTION('',(-0.,0.,-1.));
#3524 = DIRECTION('',(-0.,-1.,0.));
#3525 = FACE_BOUND('',#3526,.T.);
#3526 = EDGE_LOOP('',(#3527));
#3527 = ORIENTED_EDGE('',*,*,#3528,.T.);
#3528 = EDGE_CURVE('',#3529,#3529,#3531,.T.);
#3529 = VERTEX_POINT('',#3530);
#3530 = CARTESIAN_POINT('',(128.527484,-194.074711,1.51));
#3531 = CIRCLE('',#3532,0.4);
#3532 = AXIS2_PLACEMENT_3D('',#3533,#3534,#3535);
#3533 = CARTESIAN_POINT('',(128.527484,-193.674711,1.51));
#3534 = DIRECTION('',(-0.,0.,-1.));
#3535 = DIRECTION('',(-7.105427357601E-14,-1.,0.));
#3536 = FACE_BOUND('',#3537,.T.);
#3537 = EDGE_LOOP('',(#3538));
#3538 = ORIENTED_EDGE('',*,*,#3539,.T.);
#3539 = EDGE_CURVE('',#3540,#3540,#3542,.T.);
#3540 = VERTEX_POINT('',#3541);
#3541 = CARTESIAN_POINT('',(149.64125,-200.86,1.51));
#3542 = CIRCLE('',#3543,0.875);
#3543 = AXIS2_PLACEMENT_3D('',#3544,#3545,#3546);
#3544 = CARTESIAN_POINT('',(149.64125,-199.985,1.51));
#3545 = DIRECTION('',(-0.,0.,-1.));
#3546 = DIRECTION('',(-0.,-1.,0.));
#3547 = FACE_BOUND('',#3548,.T.);
#3548 = EDGE_LOOP('',(#3549));
#3549 = ORIENTED_EDGE('',*,*,#3550,.T.);
#3550 = EDGE_CURVE('',#3551,#3551,#3553,.T.);
#3551 = VERTEX_POINT('',#3552);
#3552 = CARTESIAN_POINT('',(150.91125,-198.195,1.51));
#3553 = CIRCLE('',#3554,0.75);
#3554 = AXIS2_PLACEMENT_3D('',#3555,#3556,#3557);
#3555 = CARTESIAN_POINT('',(150.91125,-197.445,1.51));
#3556 = DIRECTION('',(-0.,0.,-1.));
#3557 = DIRECTION('',(-0.,-1.,0.));
#3558 = FACE_BOUND('',#3559,.T.);
#3559 = EDGE_LOOP('',(#3560));
#3560 = ORIENTED_EDGE('',*,*,#3561,.T.);
#3561 = EDGE_CURVE('',#3562,#3562,#3564,.T.);
#3562 = VERTEX_POINT('',#3563);
#3563 = CARTESIAN_POINT('',(142.783256,-194.524032,1.51));
#3564 = CIRCLE('',#3565,1.524);
#3565 = AXIS2_PLACEMENT_3D('',#3566,#3567,#3568);
#3566 = CARTESIAN_POINT('',(142.783256,-193.000032,1.51));
#3567 = DIRECTION('',(-0.,0.,-1.));
#3568 = DIRECTION('',(-0.,-1.,0.));
#3569 = FACE_BOUND('',#3570,.T.);
#3570 = EDGE_LOOP('',(#3571));
#3571 = ORIENTED_EDGE('',*,*,#3572,.T.);
#3572 = EDGE_CURVE('',#3573,#3573,#3575,.T.);
#3573 = VERTEX_POINT('',#3574);
#3574 = CARTESIAN_POINT('',(166.659256,-210.203932,1.51));
#3575 = CIRCLE('',#3576,1.9939);
#3576 = AXIS2_PLACEMENT_3D('',#3577,#3578,#3579);
#3577 = CARTESIAN_POINT('',(166.659256,-208.210032,1.51));
#3578 = DIRECTION('',(-0.,0.,-1.));
#3579 = DIRECTION('',(-0.,-1.,0.));
#3580 = FACE_BOUND('',#3581,.T.);
#3581 = EDGE_LOOP('',(#3582));
#3582 = ORIENTED_EDGE('',*,*,#3583,.T.);
#3583 = EDGE_CURVE('',#3584,#3584,#3586,.T.);
#3584 = VERTEX_POINT('',#3585);
#3585 = CARTESIAN_POINT('',(154.72125,-201.985,1.51));
#3586 = CIRCLE('',#3587,2.);
#3587 = AXIS2_PLACEMENT_3D('',#3588,#3589,#3590);
#3588 = CARTESIAN_POINT('',(154.72125,-199.985,1.51));
#3589 = DIRECTION('',(-0.,0.,-1.));
#3590 = DIRECTION('',(-0.,-1.,0.));
#3591 = FACE_BOUND('',#3592,.T.);
#3592 = EDGE_LOOP('',(#3593));
#3593 = ORIENTED_EDGE('',*,*,#3594,.T.);
#3594 = EDGE_CURVE('',#3595,#3595,#3597,.T.);
#3595 = VERTEX_POINT('',#3596);
#3596 = CARTESIAN_POINT('',(159.80125,-200.86,1.51));
#3597 = CIRCLE('',#3598,0.875);
#3598 = AXIS2_PLACEMENT_3D('',#3599,#3600,#3601);
#3599 = CARTESIAN_POINT('',(159.80125,-199.985,1.51));
#3600 = DIRECTION('',(-0.,0.,-1.));
#3601 = DIRECTION('',(-0.,-1.,0.));
#3602 = FACE_BOUND('',#3603,.T.);
#3603 = EDGE_LOOP('',(#3604));
#3604 = ORIENTED_EDGE('',*,*,#3605,.T.);
#3605 = EDGE_CURVE('',#3606,#3606,#3608,.T.);
#3606 = VERTEX_POINT('',#3607);
#3607 = CARTESIAN_POINT('',(157.26125,-195.655,1.51));
#3608 = CIRCLE('',#3609,0.75);
#3609 = AXIS2_PLACEMENT_3D('',#3610,#3611,#3612);
#3610 = CARTESIAN_POINT('',(157.26125,-194.905,1.51));
#3611 = DIRECTION('',(-0.,0.,-1.));
#3612 = DIRECTION('',(-0.,-1.,0.));
#3613 = FACE_BOUND('',#3614,.T.);
#3614 = EDGE_LOOP('',(#3615));
#3615 = ORIENTED_EDGE('',*,*,#3616,.T.);
#3616 = EDGE_CURVE('',#3617,#3617,#3619,.T.);
#3617 = VERTEX_POINT('',#3618);
#3618 = CARTESIAN_POINT('',(166.659256,-194.524032,1.51));
#3619 = CIRCLE('',#3620,1.524);
#3620 = AXIS2_PLACEMENT_3D('',#3621,#3622,#3623);
#3621 = CARTESIAN_POINT('',(166.659256,-193.000032,1.51));
#3622 = DIRECTION('',(-0.,0.,-1.));
#3623 = DIRECTION('',(-0.,-1.,0.));
#3624 = FACE_BOUND('',#3625,.T.);
#3625 = EDGE_LOOP('',(#3626));
#3626 = ORIENTED_EDGE('',*,*,#3627,.T.);
#3627 = EDGE_CURVE('',#3628,#3628,#3630,.T.);
#3628 = VERTEX_POINT('',#3629);
#3629 = CARTESIAN_POINT('',(180.5975,-200.86,1.51));
#3630 = CIRCLE('',#3631,0.875);
#3631 = AXIS2_PLACEMENT_3D('',#3632,#3633,#3634);
#3632 = CARTESIAN_POINT('',(180.5975,-199.985,1.51));
#3633 = DIRECTION('',(-0.,0.,-1.));
#3634 = DIRECTION('',(-0.,-1.,0.));
#3635 = FACE_BOUND('',#3636,.T.);
#3636 = EDGE_LOOP('',(#3637));
#3637 = ORIENTED_EDGE('',*,*,#3638,.T.);
#3638 = EDGE_CURVE('',#3639,#3639,#3641,.T.);
#3639 = VERTEX_POINT('',#3640);
#3640 = CARTESIAN_POINT('',(185.6775,-201.985,1.51));
#3641 = CIRCLE('',#3642,2.);
#3642 = AXIS2_PLACEMENT_3D('',#3643,#3644,#3645);
#3643 = CARTESIAN_POINT('',(185.6775,-199.985,1.51));
#3644 = DIRECTION('',(-0.,0.,-1.));
#3645 = DIRECTION('',(-0.,-1.,0.));
#3646 = FACE_BOUND('',#3647,.T.);
#3647 = EDGE_LOOP('',(#3648));
#3648 = ORIENTED_EDGE('',*,*,#3649,.T.);
#3649 = EDGE_CURVE('',#3650,#3650,#3652,.T.);
#3650 = VERTEX_POINT('',#3651);
#3651 = CARTESIAN_POINT('',(190.7575,-200.86,1.51));
#3652 = CIRCLE('',#3653,0.875);
#3653 = AXIS2_PLACEMENT_3D('',#3654,#3655,#3656);
#3654 = CARTESIAN_POINT('',(190.7575,-199.985,1.51));
#3655 = DIRECTION('',(-0.,0.,-1.));
#3656 = DIRECTION('',(-0.,-1.,0.));
#3657 = FACE_BOUND('',#3658,.T.);
#3658 = EDGE_LOOP('',(#3659));
#3659 = ORIENTED_EDGE('',*,*,#3660,.T.);
#3660 = EDGE_CURVE('',#3661,#3661,#3663,.T.);
#3661 = VERTEX_POINT('',#3662);
#3662 = CARTESIAN_POINT('',(181.8675,-198.195,1.51));
#3663 = CIRCLE('',#3664,0.75);
#3664 = AXIS2_PLACEMENT_3D('',#3665,#3666,#3667);
#3665 = CARTESIAN_POINT('',(181.8675,-197.445,1.51));
#3666 = DIRECTION('',(-0.,0.,-1.));
#3667 = DIRECTION('',(-0.,-1.,0.));
#3668 = FACE_BOUND('',#3669,.T.);
#3669 = EDGE_LOOP('',(#3670));
#3670 = ORIENTED_EDGE('',*,*,#3671,.T.);
#3671 = EDGE_CURVE('',#3672,#3672,#3674,.T.);
#3672 = VERTEX_POINT('',#3673);
#3673 = CARTESIAN_POINT('',(188.2175,-195.655,1.51));
#3674 = CIRCLE('',#3675,0.75);
#3675 = AXIS2_PLACEMENT_3D('',#3676,#3677,#3678);
#3676 = CARTESIAN_POINT('',(188.2175,-194.905,1.51));
#3677 = DIRECTION('',(-0.,0.,-1.));
#3678 = DIRECTION('',(-0.,-1.,0.));
#3679 = FACE_BOUND('',#3680,.T.);
#3680 = EDGE_LOOP('',(#3681));
#3681 = ORIENTED_EDGE('',*,*,#3682,.T.);
#3682 = EDGE_CURVE('',#3683,#3683,#3685,.T.);
#3683 = VERTEX_POINT('',#3684);
#3684 = CARTESIAN_POINT('',(228.508328,-229.253948,1.51));
#3685 = CIRCLE('',#3686,1.9939);
#3686 = AXIS2_PLACEMENT_3D('',#3687,#3688,#3689);
#3687 = CARTESIAN_POINT('',(228.508328,-227.260048,1.51));
#3688 = DIRECTION('',(-0.,0.,-1.));
#3689 = DIRECTION('',(-0.,-1.,0.));
#3690 = FACE_BOUND('',#3691,.T.);
#3691 = EDGE_LOOP('',(#3692));
#3692 = ORIENTED_EDGE('',*,*,#3693,.T.);
#3693 = EDGE_CURVE('',#3694,#3694,#3696,.T.);
#3694 = VERTEX_POINT('',#3695);
#3695 = CARTESIAN_POINT('',(199.6475,-219.91,1.51));
#3696 = CIRCLE('',#3697,0.875);
#3697 = AXIS2_PLACEMENT_3D('',#3698,#3699,#3700);
#3698 = CARTESIAN_POINT('',(199.6475,-219.035,1.51));
#3699 = DIRECTION('',(-0.,0.,-1.));
#3700 = DIRECTION('',(-0.,-1.,0.));
#3701 = FACE_BOUND('',#3702,.T.);
#3702 = EDGE_LOOP('',(#3703));
#3703 = ORIENTED_EDGE('',*,*,#3704,.T.);
#3704 = EDGE_CURVE('',#3705,#3705,#3707,.T.);
#3705 = VERTEX_POINT('',#3706);
#3706 = CARTESIAN_POINT('',(200.9175,-217.245,1.51));
#3707 = CIRCLE('',#3708,0.75);
#3708 = AXIS2_PLACEMENT_3D('',#3709,#3710,#3711);
#3709 = CARTESIAN_POINT('',(200.9175,-216.495,1.51));
#3710 = DIRECTION('',(-0.,0.,-1.));
#3711 = DIRECTION('',(-0.,-1.,0.));
#3712 = FACE_BOUND('',#3713,.T.);
#3713 = EDGE_LOOP('',(#3714));
#3714 = ORIENTED_EDGE('',*,*,#3715,.T.);
#3715 = EDGE_CURVE('',#3716,#3716,#3718,.T.);
#3716 = VERTEX_POINT('',#3717);
#3717 = CARTESIAN_POINT('',(204.7275,-221.035,1.51));
#3718 = CIRCLE('',#3719,2.);
#3719 = AXIS2_PLACEMENT_3D('',#3720,#3721,#3722);
#3720 = CARTESIAN_POINT('',(204.7275,-219.035,1.51));
#3721 = DIRECTION('',(-0.,0.,-1.));
#3722 = DIRECTION('',(-0.,-1.,0.));
#3723 = FACE_BOUND('',#3724,.T.);
#3724 = EDGE_LOOP('',(#3725));
#3725 = ORIENTED_EDGE('',*,*,#3726,.T.);
#3726 = EDGE_CURVE('',#3727,#3727,#3729,.T.);
#3727 = VERTEX_POINT('',#3728);
#3728 = CARTESIAN_POINT('',(209.8075,-219.91,1.51));
#3729 = CIRCLE('',#3730,0.875);
#3730 = AXIS2_PLACEMENT_3D('',#3731,#3732,#3733);
#3731 = CARTESIAN_POINT('',(209.8075,-219.035,1.51));
#3732 = DIRECTION('',(-0.,0.,-1.));
#3733 = DIRECTION('',(-0.,-1.,0.));
#3734 = FACE_BOUND('',#3735,.T.);
#3735 = EDGE_LOOP('',(#3736));
#3736 = ORIENTED_EDGE('',*,*,#3737,.T.);
#3737 = EDGE_CURVE('',#3738,#3738,#3740,.T.);
#3738 = VERTEX_POINT('',#3739);
#3739 = CARTESIAN_POINT('',(207.2675,-214.705,1.51));
#3740 = CIRCLE('',#3741,0.75);
#3741 = AXIS2_PLACEMENT_3D('',#3742,#3743,#3744);
#3742 = CARTESIAN_POINT('',(207.2675,-213.955,1.51));
#3743 = DIRECTION('',(-0.,0.,-1.));
#3744 = DIRECTION('',(-0.,-1.,0.));
#3745 = FACE_BOUND('',#3746,.T.);
#3746 = EDGE_LOOP('',(#3747));
#3747 = ORIENTED_EDGE('',*,*,#3748,.T.);
#3748 = EDGE_CURVE('',#3749,#3749,#3751,.T.);
#3749 = VERTEX_POINT('',#3750);
#3750 = CARTESIAN_POINT('',(228.508328,-213.574048,1.51));
#3751 = CIRCLE('',#3752,1.524);
#3752 = AXIS2_PLACEMENT_3D('',#3753,#3754,#3755);
#3753 = CARTESIAN_POINT('',(228.508328,-212.050048,1.51));
#3754 = DIRECTION('',(-0.,0.,-1.));
#3755 = DIRECTION('',(-0.,-1.,0.));
#3756 = FACE_BOUND('',#3757,.T.);
#3757 = EDGE_LOOP('',(#3758));
#3758 = ORIENTED_EDGE('',*,*,#3759,.T.);
#3759 = EDGE_CURVE('',#3760,#3760,#3762,.T.);
#3760 = VERTEX_POINT('',#3761);
#3761 = CARTESIAN_POINT('',(252.384328,-229.253948,1.51));
#3762 = CIRCLE('',#3763,1.9939);
#3763 = AXIS2_PLACEMENT_3D('',#3764,#3765,#3766);
#3764 = CARTESIAN_POINT('',(252.384328,-227.260048,1.51));
#3765 = DIRECTION('',(-0.,0.,-1.));
#3766 = DIRECTION('',(-0.,-1.,0.));
#3767 = FACE_BOUND('',#3768,.T.);
#3768 = EDGE_LOOP('',(#3769));
#3769 = ORIENTED_EDGE('',*,*,#3770,.F.);
#3770 = EDGE_CURVE('',#3771,#3771,#3773,.T.);
#3771 = VERTEX_POINT('',#3772);
#3772 = CARTESIAN_POINT('',(260.091657,-228.560056,1.51));
#3773 = CIRCLE('',#3774,1.190626);
#3774 = AXIS2_PLACEMENT_3D('',#3775,#3776,#3777);
#3775 = CARTESIAN_POINT('',(258.901031,-228.560056,1.51));
#3776 = DIRECTION('',(0.,0.,1.));
#3777 = DIRECTION('',(1.,0.,0.));
#3778 = FACE_BOUND('',#3779,.T.);
#3779 = EDGE_LOOP('',(#3780));
#3780 = ORIENTED_EDGE('',*,*,#3781,.T.);
#3781 = EDGE_CURVE('',#3782,#3782,#3784,.T.);
#3782 = VERTEX_POINT('',#3783);
#3783 = CARTESIAN_POINT('',(235.36625,-219.91,1.51));
#3784 = CIRCLE('',#3785,0.875);
#3785 = AXIS2_PLACEMENT_3D('',#3786,#3787,#3788);
#3786 = CARTESIAN_POINT('',(235.36625,-219.035,1.51));
#3787 = DIRECTION('',(-0.,0.,-1.));
#3788 = DIRECTION('',(-0.,-1.,0.));
#3789 = FACE_BOUND('',#3790,.T.);
#3790 = EDGE_LOOP('',(#3791));
#3791 = ORIENTED_EDGE('',*,*,#3792,.T.);
#3792 = EDGE_CURVE('',#3793,#3793,#3795,.T.);
#3793 = VERTEX_POINT('',#3794);
#3794 = CARTESIAN_POINT('',(240.44625,-221.035,1.51));
#3795 = CIRCLE('',#3796,2.);
#3796 = AXIS2_PLACEMENT_3D('',#3797,#3798,#3799);
#3797 = CARTESIAN_POINT('',(240.44625,-219.035,1.51));
#3798 = DIRECTION('',(-0.,0.,-1.));
#3799 = DIRECTION('',(-0.,-1.,0.));
#3800 = FACE_BOUND('',#3801,.T.);
#3801 = EDGE_LOOP('',(#3802));
#3802 = ORIENTED_EDGE('',*,*,#3803,.T.);
#3803 = EDGE_CURVE('',#3804,#3804,#3806,.T.);
#3804 = VERTEX_POINT('',#3805);
#3805 = CARTESIAN_POINT('',(236.63625,-217.245,1.51));
#3806 = CIRCLE('',#3807,0.75);
#3807 = AXIS2_PLACEMENT_3D('',#3808,#3809,#3810);
#3808 = CARTESIAN_POINT('',(236.63625,-216.495,1.51));
#3809 = DIRECTION('',(-0.,0.,-1.));
#3810 = DIRECTION('',(-0.,-1.,0.));
#3811 = FACE_BOUND('',#3812,.T.);
#3812 = EDGE_LOOP('',(#3813));
#3813 = ORIENTED_EDGE('',*,*,#3814,.T.);
#3814 = EDGE_CURVE('',#3815,#3815,#3817,.T.);
#3815 = VERTEX_POINT('',#3816);
#3816 = CARTESIAN_POINT('',(245.52625,-219.91,1.51));
#3817 = CIRCLE('',#3818,0.875);
#3818 = AXIS2_PLACEMENT_3D('',#3819,#3820,#3821);
#3819 = CARTESIAN_POINT('',(245.52625,-219.035,1.51));
#3820 = DIRECTION('',(-0.,0.,-1.));
#3821 = DIRECTION('',(-0.,-1.,0.));
#3822 = FACE_BOUND('',#3823,.T.);
#3823 = EDGE_LOOP('',(#3824));
#3824 = ORIENTED_EDGE('',*,*,#3825,.T.);
#3825 = EDGE_CURVE('',#3826,#3826,#3828,.T.);
#3826 = VERTEX_POINT('',#3827);
#3827 = CARTESIAN_POINT('',(242.98625,-214.705,1.51));
#3828 = CIRCLE('',#3829,0.75);
#3829 = AXIS2_PLACEMENT_3D('',#3830,#3831,#3832);
#3830 = CARTESIAN_POINT('',(242.98625,-213.955,1.51));
#3831 = DIRECTION('',(-0.,0.,-1.));
#3832 = DIRECTION('',(-0.,-1.,0.));
#3833 = FACE_BOUND('',#3834,.T.);
#3834 = EDGE_LOOP('',(#3835));
#3835 = ORIENTED_EDGE('',*,*,#3836,.T.);
#3836 = EDGE_CURVE('',#3837,#3837,#3839,.T.);
#3837 = VERTEX_POINT('',#3838);
#3838 = CARTESIAN_POINT('',(252.384328,-213.574048,1.51));
#3839 = CIRCLE('',#3840,1.524);
#3840 = AXIS2_PLACEMENT_3D('',#3841,#3842,#3843);
#3841 = CARTESIAN_POINT('',(252.384328,-212.050048,1.51));
#3842 = DIRECTION('',(-0.,0.,-1.));
#3843 = DIRECTION('',(-0.,-1.,0.));
#3844 = FACE_BOUND('',#3845,.T.);
#3845 = EDGE_LOOP('',(#3846));
#3846 = ORIENTED_EDGE('',*,*,#3847,.T.);
#3847 = EDGE_CURVE('',#3848,#3848,#3850,.T.);
#3848 = VERTEX_POINT('',#3849);
#3849 = CARTESIAN_POINT('',(199.6475,-200.86,1.51));
#3850 = CIRCLE('',#3851,0.875);
#3851 = AXIS2_PLACEMENT_3D('',#3852,#3853,#3854);
#3852 = CARTESIAN_POINT('',(199.6475,-199.985,1.51));
#3853 = DIRECTION('',(-0.,0.,-1.));
#3854 = DIRECTION('',(-0.,-1.,0.));
#3855 = FACE_BOUND('',#3856,.T.);
#3856 = EDGE_LOOP('',(#3857));
#3857 = ORIENTED_EDGE('',*,*,#3858,.T.);
#3858 = EDGE_CURVE('',#3859,#3859,#3861,.T.);
#3859 = VERTEX_POINT('',#3860);
#3860 = CARTESIAN_POINT('',(200.9175,-198.195,1.51));
#3861 = CIRCLE('',#3862,0.75);
#3862 = AXIS2_PLACEMENT_3D('',#3863,#3864,#3865);
#3863 = CARTESIAN_POINT('',(200.9175,-197.445,1.51));
#3864 = DIRECTION('',(-0.,0.,-1.));
#3865 = DIRECTION('',(-0.,-1.,0.));
#3866 = FACE_BOUND('',#3867,.T.);
#3867 = EDGE_LOOP('',(#3868));
#3868 = ORIENTED_EDGE('',*,*,#3869,.T.);
#3869 = EDGE_CURVE('',#3870,#3870,#3872,.T.);
#3870 = VERTEX_POINT('',#3871);
#3871 = CARTESIAN_POINT('',(204.7275,-201.985,1.51));
#3872 = CIRCLE('',#3873,2.);
#3873 = AXIS2_PLACEMENT_3D('',#3874,#3875,#3876);
#3874 = CARTESIAN_POINT('',(204.7275,-199.985,1.51));
#3875 = DIRECTION('',(-0.,0.,-1.));
#3876 = DIRECTION('',(-0.,-1.,0.));
#3877 = FACE_BOUND('',#3878,.T.);
#3878 = EDGE_LOOP('',(#3879));
#3879 = ORIENTED_EDGE('',*,*,#3880,.T.);
#3880 = EDGE_CURVE('',#3881,#3881,#3883,.T.);
#3881 = VERTEX_POINT('',#3882);
#3882 = CARTESIAN_POINT('',(209.8075,-200.86,1.51));
#3883 = CIRCLE('',#3884,0.875);
#3884 = AXIS2_PLACEMENT_3D('',#3885,#3886,#3887);
#3885 = CARTESIAN_POINT('',(209.8075,-199.985,1.51));
#3886 = DIRECTION('',(-0.,0.,-1.));
#3887 = DIRECTION('',(-0.,-1.,0.));
#3888 = FACE_BOUND('',#3889,.T.);
#3889 = EDGE_LOOP('',(#3890));
#3890 = ORIENTED_EDGE('',*,*,#3891,.T.);
#3891 = EDGE_CURVE('',#3892,#3892,#3894,.T.);
#3892 = VERTEX_POINT('',#3893);
#3893 = CARTESIAN_POINT('',(207.2675,-195.655,1.51));
#3894 = CIRCLE('',#3895,0.75);
#3895 = AXIS2_PLACEMENT_3D('',#3896,#3897,#3898);
#3896 = CARTESIAN_POINT('',(207.2675,-194.905,1.51));
#3897 = DIRECTION('',(-0.,0.,-1.));
#3898 = DIRECTION('',(-0.,-1.,0.));
#3899 = FACE_BOUND('',#3900,.T.);
#3900 = EDGE_LOOP('',(#3901));
#3901 = ORIENTED_EDGE('',*,*,#3902,.T.);
#3902 = EDGE_CURVE('',#3903,#3903,#3905,.T.);
#3903 = VERTEX_POINT('',#3904);
#3904 = CARTESIAN_POINT('',(218.6975,-200.86,1.51));
#3905 = CIRCLE('',#3906,0.875);
#3906 = AXIS2_PLACEMENT_3D('',#3907,#3908,#3909);
#3907 = CARTESIAN_POINT('',(218.6975,-199.985,1.51));
#3908 = DIRECTION('',(-0.,0.,-1.));
#3909 = DIRECTION('',(-0.,-1.,0.));
#3910 = FACE_BOUND('',#3911,.T.);
#3911 = EDGE_LOOP('',(#3912));
#3912 = ORIENTED_EDGE('',*,*,#3913,.T.);
#3913 = EDGE_CURVE('',#3914,#3914,#3916,.T.);
#3914 = VERTEX_POINT('',#3915);
#3915 = CARTESIAN_POINT('',(219.9675,-198.195,1.51));
#3916 = CIRCLE('',#3917,0.75);
#3917 = AXIS2_PLACEMENT_3D('',#3918,#3919,#3920);
#3918 = CARTESIAN_POINT('',(219.9675,-197.445,1.51));
#3919 = DIRECTION('',(-0.,0.,-1.));
#3920 = DIRECTION('',(-0.,-1.,0.));
#3921 = FACE_BOUND('',#3922,.T.);
#3922 = EDGE_LOOP('',(#3923));
#3923 = ORIENTED_EDGE('',*,*,#3924,.T.);
#3924 = EDGE_CURVE('',#3925,#3925,#3927,.T.);
#3925 = VERTEX_POINT('',#3926);
#3926 = CARTESIAN_POINT('',(223.7775,-201.985,1.51));
#3927 = CIRCLE('',#3928,2.);
#3928 = AXIS2_PLACEMENT_3D('',#3929,#3930,#3931);
#3929 = CARTESIAN_POINT('',(223.7775,-199.985,1.51));
#3930 = DIRECTION('',(-0.,0.,-1.));
#3931 = DIRECTION('',(-0.,-1.,0.));
#3932 = FACE_BOUND('',#3933,.T.);
#3933 = EDGE_LOOP('',(#3934));
#3934 = ORIENTED_EDGE('',*,*,#3935,.T.);
#3935 = EDGE_CURVE('',#3936,#3936,#3938,.T.);
#3936 = VERTEX_POINT('',#3937);
#3937 = CARTESIAN_POINT('',(228.8575,-200.86,1.51));
#3938 = CIRCLE('',#3939,0.875);
#3939 = AXIS2_PLACEMENT_3D('',#3940,#3941,#3942);
#3940 = CARTESIAN_POINT('',(228.8575,-199.985,1.51));
#3941 = DIRECTION('',(-0.,0.,-1.));
#3942 = DIRECTION('',(-0.,-1.,0.));
#3943 = FACE_BOUND('',#3944,.T.);
#3944 = EDGE_LOOP('',(#3945));
#3945 = ORIENTED_EDGE('',*,*,#3946,.T.);
#3946 = EDGE_CURVE('',#3947,#3947,#3949,.T.);
#3947 = VERTEX_POINT('',#3948);
#3948 = CARTESIAN_POINT('',(226.3175,-195.655,1.51));
#3949 = CIRCLE('',#3950,0.75);
#3950 = AXIS2_PLACEMENT_3D('',#3951,#3952,#3953);
#3951 = CARTESIAN_POINT('',(226.3175,-194.905,1.51));
#3952 = DIRECTION('',(-0.,0.,-1.));
#3953 = DIRECTION('',(-0.,-1.,0.));
#3954 = FACE_BOUND('',#3955,.T.);
#3955 = EDGE_LOOP('',(#3956));
#3956 = ORIENTED_EDGE('',*,*,#3957,.T.);
#3957 = EDGE_CURVE('',#3958,#3958,#3960,.T.);
#3958 = VERTEX_POINT('',#3959);
#3959 = CARTESIAN_POINT('',(237.7475,-200.86,1.51));
#3960 = CIRCLE('',#3961,0.875);
#3961 = AXIS2_PLACEMENT_3D('',#3962,#3963,#3964);
#3962 = CARTESIAN_POINT('',(237.7475,-199.985,1.51));
#3963 = DIRECTION('',(-0.,0.,-1.));
#3964 = DIRECTION('',(-0.,-1.,0.));
#3965 = FACE_BOUND('',#3966,.T.);
#3966 = EDGE_LOOP('',(#3967));
#3967 = ORIENTED_EDGE('',*,*,#3968,.T.);
#3968 = EDGE_CURVE('',#3969,#3969,#3971,.T.);
#3969 = VERTEX_POINT('',#3970);
#3970 = CARTESIAN_POINT('',(239.0175,-198.195,1.51));
#3971 = CIRCLE('',#3972,0.75);
#3972 = AXIS2_PLACEMENT_3D('',#3973,#3974,#3975);
#3973 = CARTESIAN_POINT('',(239.0175,-197.445,1.51));
#3974 = DIRECTION('',(-0.,0.,-1.));
#3975 = DIRECTION('',(-0.,-1.,0.));
#3976 = FACE_BOUND('',#3977,.T.);
#3977 = EDGE_LOOP('',(#3978));
#3978 = ORIENTED_EDGE('',*,*,#3979,.T.);
#3979 = EDGE_CURVE('',#3980,#3980,#3982,.T.);
#3980 = VERTEX_POINT('',#3981);
#3981 = CARTESIAN_POINT('',(242.8275,-201.985,1.51));
#3982 = CIRCLE('',#3983,2.);
#3983 = AXIS2_PLACEMENT_3D('',#3984,#3985,#3986);
#3984 = CARTESIAN_POINT('',(242.8275,-199.985,1.51));
#3985 = DIRECTION('',(-0.,0.,-1.));
#3986 = DIRECTION('',(-0.,-1.,0.));
#3987 = FACE_BOUND('',#3988,.T.);
#3988 = EDGE_LOOP('',(#3989));
#3989 = ORIENTED_EDGE('',*,*,#3990,.T.);
#3990 = EDGE_CURVE('',#3991,#3991,#3993,.T.);
#3991 = VERTEX_POINT('',#3992);
#3992 = CARTESIAN_POINT('',(247.9075,-200.86,1.51));
#3993 = CIRCLE('',#3994,0.875);
#3994 = AXIS2_PLACEMENT_3D('',#3995,#3996,#3997);
#3995 = CARTESIAN_POINT('',(247.9075,-199.985,1.51));
#3996 = DIRECTION('',(-0.,0.,-1.));
#3997 = DIRECTION('',(-0.,-1.,0.));
#3998 = FACE_BOUND('',#3999,.T.);
#3999 = EDGE_LOOP('',(#4000));
#4000 = ORIENTED_EDGE('',*,*,#4001,.T.);
#4001 = EDGE_CURVE('',#4002,#4002,#4004,.T.);
#4002 = VERTEX_POINT('',#4003);
#4003 = CARTESIAN_POINT('',(245.3675,-195.655,1.51));
#4004 = CIRCLE('',#4005,0.75);
#4005 = AXIS2_PLACEMENT_3D('',#4006,#4007,#4008);
#4006 = CARTESIAN_POINT('',(245.3675,-194.905,1.51));
#4007 = DIRECTION('',(-0.,0.,-1.));
#4008 = DIRECTION('',(-0.,-1.,0.));
#4009 = FACE_BOUND('',#4010,.T.);
#4010 = EDGE_LOOP('',(#4011));
#4011 = ORIENTED_EDGE('',*,*,#4012,.T.);
#4012 = EDGE_CURVE('',#4013,#4013,#4015,.T.);
#4013 = VERTEX_POINT('',#4014);
#4014 = CARTESIAN_POINT('',(256.7975,-200.86,1.51));
#4015 = CIRCLE('',#4016,0.875);
#4016 = AXIS2_PLACEMENT_3D('',#4017,#4018,#4019);
#4017 = CARTESIAN_POINT('',(256.7975,-199.985,1.51));
#4018 = DIRECTION('',(-0.,0.,-1.));
#4019 = DIRECTION('',(-0.,-1.,0.));
#4020 = FACE_BOUND('',#4021,.T.);
#4021 = EDGE_LOOP('',(#4022));
#4022 = ORIENTED_EDGE('',*,*,#4023,.T.);
#4023 = EDGE_CURVE('',#4024,#4024,#4026,.T.);
#4024 = VERTEX_POINT('',#4025);
#4025 = CARTESIAN_POINT('',(261.8775,-201.985,1.51));
#4026 = CIRCLE('',#4027,2.);
#4027 = AXIS2_PLACEMENT_3D('',#4028,#4029,#4030);
#4028 = CARTESIAN_POINT('',(261.8775,-199.985,1.51));
#4029 = DIRECTION('',(-0.,0.,-1.));
#4030 = DIRECTION('',(-0.,-1.,0.));
#4031 = FACE_BOUND('',#4032,.T.);
#4032 = EDGE_LOOP('',(#4033));
#4033 = ORIENTED_EDGE('',*,*,#4034,.T.);
#4034 = EDGE_CURVE('',#4035,#4035,#4037,.T.);
#4035 = VERTEX_POINT('',#4036);
#4036 = CARTESIAN_POINT('',(258.0675,-198.195,1.51));
#4037 = CIRCLE('',#4038,0.75);
#4038 = AXIS2_PLACEMENT_3D('',#4039,#4040,#4041);
#4039 = CARTESIAN_POINT('',(258.0675,-197.445,1.51));
#4040 = DIRECTION('',(-0.,0.,-1.));
#4041 = DIRECTION('',(-0.,-1.,0.));
#4042 = FACE_BOUND('',#4043,.T.);
#4043 = EDGE_LOOP('',(#4044));
#4044 = ORIENTED_EDGE('',*,*,#4045,.T.);
#4045 = EDGE_CURVE('',#4046,#4046,#4048,.T.);
#4046 = VERTEX_POINT('',#4047);
#4047 = CARTESIAN_POINT('',(266.9575,-200.86,1.51));
#4048 = CIRCLE('',#4049,0.875);
#4049 = AXIS2_PLACEMENT_3D('',#4050,#4051,#4052);
#4050 = CARTESIAN_POINT('',(266.9575,-199.985,1.51));
#4051 = DIRECTION('',(-0.,0.,-1.));
#4052 = DIRECTION('',(-0.,-1.,0.));
#4053 = FACE_BOUND('',#4054,.T.);
#4054 = EDGE_LOOP('',(#4055));
#4055 = ORIENTED_EDGE('',*,*,#4056,.T.);
#4056 = EDGE_CURVE('',#4057,#4057,#4059,.T.);
#4057 = VERTEX_POINT('',#4058);
#4058 = CARTESIAN_POINT('',(264.4175,-195.655,1.51));
#4059 = CIRCLE('',#4060,0.75);
#4060 = AXIS2_PLACEMENT_3D('',#4061,#4062,#4063);
#4061 = CARTESIAN_POINT('',(264.4175,-194.905,1.51));
#4062 = DIRECTION('',(-0.,0.,-1.));
#4063 = DIRECTION('',(-0.,-1.,0.));
#4064 = FACE_BOUND('',#4065,.T.);
#4065 = EDGE_LOOP('',(#4066));
#4066 = ORIENTED_EDGE('',*,*,#4067,.T.);
#4067 = EDGE_CURVE('',#4068,#4068,#4070,.T.);
#4068 = VERTEX_POINT('',#4069);
#4069 = CARTESIAN_POINT('',(118.9075,-184.565,1.51));
#4070 = CIRCLE('',#4071,0.5);
#4071 = AXIS2_PLACEMENT_3D('',#4072,#4073,#4074);
#4072 = CARTESIAN_POINT('',(118.9075,-184.065,1.51));
#4073 = DIRECTION('',(-0.,0.,-1.));
#4074 = DIRECTION('',(-0.,-1.,0.));
#4075 = FACE_BOUND('',#4076,.T.);
#4076 = EDGE_LOOP('',(#4077));
#4077 = ORIENTED_EDGE('',*,*,#4078,.T.);
#4078 = EDGE_CURVE('',#4079,#4079,#4081,.T.);
#4079 = VERTEX_POINT('',#4080);
#4080 = CARTESIAN_POINT('',(134.1475,-184.565,1.51));
#4081 = CIRCLE('',#4082,0.5);
#4082 = AXIS2_PLACEMENT_3D('',#4083,#4084,#4085);
#4083 = CARTESIAN_POINT('',(134.1475,-184.065,1.51));
#4084 = DIRECTION('',(-0.,0.,-1.));
#4085 = DIRECTION('',(-0.,-1.,0.));
#4086 = FACE_BOUND('',#4087,.T.);
#4087 = EDGE_LOOP('',(#4088));
#4088 = ORIENTED_EDGE('',*,*,#4089,.T.);
#4089 = EDGE_CURVE('',#4090,#4090,#4092,.T.);
#4090 = VERTEX_POINT('',#4091);
#4091 = CARTESIAN_POINT('',(118.9075,-182.025,1.51));
#4092 = CIRCLE('',#4093,0.5);
#4093 = AXIS2_PLACEMENT_3D('',#4094,#4095,#4096);
#4094 = CARTESIAN_POINT('',(118.9075,-181.525,1.51));
#4095 = DIRECTION('',(-0.,0.,-1.));
#4096 = DIRECTION('',(-0.,-1.,0.));
#4097 = FACE_BOUND('',#4098,.T.);
#4098 = EDGE_LOOP('',(#4099));
#4099 = ORIENTED_EDGE('',*,*,#4100,.T.);
#4100 = EDGE_CURVE('',#4101,#4101,#4103,.T.);
#4101 = VERTEX_POINT('',#4102);
#4102 = CARTESIAN_POINT('',(118.9075,-179.485,1.51));
#4103 = CIRCLE('',#4104,0.5);
#4104 = AXIS2_PLACEMENT_3D('',#4105,#4106,#4107);
#4105 = CARTESIAN_POINT('',(118.9075,-178.985,1.51));
#4106 = DIRECTION('',(-0.,0.,-1.));
#4107 = DIRECTION('',(-0.,-1.,0.));
#4108 = FACE_BOUND('',#4109,.T.);
#4109 = EDGE_LOOP('',(#4110));
#4110 = ORIENTED_EDGE('',*,*,#4111,.T.);
#4111 = EDGE_CURVE('',#4112,#4112,#4114,.T.);
#4112 = VERTEX_POINT('',#4113);
#4113 = CARTESIAN_POINT('',(118.9075,-176.945,1.51));
#4114 = CIRCLE('',#4115,0.5);
#4115 = AXIS2_PLACEMENT_3D('',#4116,#4117,#4118);
#4116 = CARTESIAN_POINT('',(118.9075,-176.445,1.51));
#4117 = DIRECTION('',(-0.,0.,-1.));
#4118 = DIRECTION('',(-0.,-1.,0.));
#4119 = FACE_BOUND('',#4120,.T.);
#4120 = EDGE_LOOP('',(#4121));
#4121 = ORIENTED_EDGE('',*,*,#4122,.T.);
#4122 = EDGE_CURVE('',#4123,#4123,#4125,.T.);
#4123 = VERTEX_POINT('',#4124);
#4124 = CARTESIAN_POINT('',(118.9075,-174.405,1.51));
#4125 = CIRCLE('',#4126,0.5);
#4126 = AXIS2_PLACEMENT_3D('',#4127,#4128,#4129);
#4127 = CARTESIAN_POINT('',(118.9075,-173.905,1.51));
#4128 = DIRECTION('',(-0.,0.,-1.));
#4129 = DIRECTION('',(-0.,-1.,0.));
#4130 = FACE_BOUND('',#4131,.T.);
#4131 = EDGE_LOOP('',(#4132));
#4132 = ORIENTED_EDGE('',*,*,#4133,.T.);
#4133 = EDGE_CURVE('',#4134,#4134,#4136,.T.);
#4134 = VERTEX_POINT('',#4135);
#4135 = CARTESIAN_POINT('',(134.1475,-182.025,1.51));
#4136 = CIRCLE('',#4137,0.5);
#4137 = AXIS2_PLACEMENT_3D('',#4138,#4139,#4140);
#4138 = CARTESIAN_POINT('',(134.1475,-181.525,1.51));
#4139 = DIRECTION('',(-0.,0.,-1.));
#4140 = DIRECTION('',(-0.,-1.,0.));
#4141 = FACE_BOUND('',#4142,.T.);
#4142 = EDGE_LOOP('',(#4143));
#4143 = ORIENTED_EDGE('',*,*,#4144,.T.);
#4144 = EDGE_CURVE('',#4145,#4145,#4147,.T.);
#4145 = VERTEX_POINT('',#4146);
#4146 = CARTESIAN_POINT('',(134.1475,-179.485,1.51));
#4147 = CIRCLE('',#4148,0.5);
#4148 = AXIS2_PLACEMENT_3D('',#4149,#4150,#4151);
#4149 = CARTESIAN_POINT('',(134.1475,-178.985,1.51));
#4150 = DIRECTION('',(-0.,0.,-1.));
#4151 = DIRECTION('',(-0.,-1.,0.));
#4152 = FACE_BOUND('',#4153,.T.);
#4153 = EDGE_LOOP('',(#4154));
#4154 = ORIENTED_EDGE('',*,*,#4155,.T.);
#4155 = EDGE_CURVE('',#4156,#4156,#4158,.T.);
#4156 = VERTEX_POINT('',#4157);
#4157 = CARTESIAN_POINT('',(144.87875,-181.81,1.51));
#4158 = CIRCLE('',#4159,0.875);
#4159 = AXIS2_PLACEMENT_3D('',#4160,#4161,#4162);
#4160 = CARTESIAN_POINT('',(144.87875,-180.935,1.51));
#4161 = DIRECTION('',(-0.,0.,-1.));
#4162 = DIRECTION('',(-0.,-1.,0.));
#4163 = FACE_BOUND('',#4164,.T.);
#4164 = EDGE_LOOP('',(#4165));
#4165 = ORIENTED_EDGE('',*,*,#4166,.T.);
#4166 = EDGE_CURVE('',#4167,#4167,#4169,.T.);
#4167 = VERTEX_POINT('',#4168);
#4168 = CARTESIAN_POINT('',(149.95875,-182.935,1.51));
#4169 = CIRCLE('',#4170,2.);
#4170 = AXIS2_PLACEMENT_3D('',#4171,#4172,#4173);
#4171 = CARTESIAN_POINT('',(149.95875,-180.935,1.51));
#4172 = DIRECTION('',(-0.,0.,-1.));
#4173 = DIRECTION('',(-0.,-1.,0.));
#4174 = FACE_BOUND('',#4175,.T.);
#4175 = EDGE_LOOP('',(#4176));
#4176 = ORIENTED_EDGE('',*,*,#4177,.T.);
#4177 = EDGE_CURVE('',#4178,#4178,#4180,.T.);
#4178 = VERTEX_POINT('',#4179);
#4179 = CARTESIAN_POINT('',(146.14875,-179.145,1.51));
#4180 = CIRCLE('',#4181,0.75);
#4181 = AXIS2_PLACEMENT_3D('',#4182,#4183,#4184);
#4182 = CARTESIAN_POINT('',(146.14875,-178.395,1.51));
#4183 = DIRECTION('',(-0.,0.,-1.));
#4184 = DIRECTION('',(-0.,-1.,0.));
#4185 = FACE_BOUND('',#4186,.T.);
#4186 = EDGE_LOOP('',(#4187));
#4187 = ORIENTED_EDGE('',*,*,#4188,.T.);
#4188 = EDGE_CURVE('',#4189,#4189,#4191,.T.);
#4189 = VERTEX_POINT('',#4190);
#4190 = CARTESIAN_POINT('',(134.1475,-176.945,1.51));
#4191 = CIRCLE('',#4192,0.5);
#4192 = AXIS2_PLACEMENT_3D('',#4193,#4194,#4195);
#4193 = CARTESIAN_POINT('',(134.1475,-176.445,1.51));
#4194 = DIRECTION('',(-0.,0.,-1.));
#4195 = DIRECTION('',(-0.,-1.,0.));
#4196 = FACE_BOUND('',#4197,.T.);
#4197 = EDGE_LOOP('',(#4198));
#4198 = ORIENTED_EDGE('',*,*,#4199,.T.);
#4199 = EDGE_CURVE('',#4200,#4200,#4202,.T.);
#4200 = VERTEX_POINT('',#4201);
#4201 = CARTESIAN_POINT('',(134.1475,-174.405,1.51));
#4202 = CIRCLE('',#4203,0.5);
#4203 = AXIS2_PLACEMENT_3D('',#4204,#4205,#4206);
#4204 = CARTESIAN_POINT('',(134.1475,-173.905,1.51));
#4205 = DIRECTION('',(-0.,0.,-1.));
#4206 = DIRECTION('',(-0.,-1.,0.));
#4207 = FACE_BOUND('',#4208,.T.);
#4208 = EDGE_LOOP('',(#4209));
#4209 = ORIENTED_EDGE('',*,*,#4210,.T.);
#4210 = EDGE_CURVE('',#4211,#4211,#4213,.T.);
#4211 = VERTEX_POINT('',#4212);
#4212 = CARTESIAN_POINT('',(155.03875,-181.81,1.51));
#4213 = CIRCLE('',#4214,0.875);
#4214 = AXIS2_PLACEMENT_3D('',#4215,#4216,#4217);
#4215 = CARTESIAN_POINT('',(155.03875,-180.935,1.51));
#4216 = DIRECTION('',(-0.,0.,-1.));
#4217 = DIRECTION('',(-0.,-1.,0.));
#4218 = FACE_BOUND('',#4219,.T.);
#4219 = EDGE_LOOP('',(#4220));
#4220 = ORIENTED_EDGE('',*,*,#4221,.T.);
#4221 = EDGE_CURVE('',#4222,#4222,#4224,.T.);
#4222 = VERTEX_POINT('',#4223);
#4223 = CARTESIAN_POINT('',(171.0725,-181.81,1.51));
#4224 = CIRCLE('',#4225,0.875);
#4225 = AXIS2_PLACEMENT_3D('',#4226,#4227,#4228);
#4226 = CARTESIAN_POINT('',(171.0725,-180.935,1.51));
#4227 = DIRECTION('',(-0.,0.,-1.));
#4228 = DIRECTION('',(-0.,-1.,0.));
#4229 = FACE_BOUND('',#4230,.T.);
#4230 = EDGE_LOOP('',(#4231));
#4231 = ORIENTED_EDGE('',*,*,#4232,.T.);
#4232 = EDGE_CURVE('',#4233,#4233,#4235,.T.);
#4233 = VERTEX_POINT('',#4234);
#4234 = CARTESIAN_POINT('',(152.49875,-176.605,1.51));
#4235 = CIRCLE('',#4236,0.75);
#4236 = AXIS2_PLACEMENT_3D('',#4237,#4238,#4239);
#4237 = CARTESIAN_POINT('',(152.49875,-175.855,1.51));
#4238 = DIRECTION('',(-0.,0.,-1.));
#4239 = DIRECTION('',(-0.,-1.,0.));
#4240 = FACE_BOUND('',#4241,.T.);
#4241 = EDGE_LOOP('',(#4242));
#4242 = ORIENTED_EDGE('',*,*,#4243,.T.);
#4243 = EDGE_CURVE('',#4244,#4244,#4246,.T.);
#4244 = VERTEX_POINT('',#4245);
#4245 = CARTESIAN_POINT('',(176.1525,-182.935,1.51));
#4246 = CIRCLE('',#4247,2.);
#4247 = AXIS2_PLACEMENT_3D('',#4248,#4249,#4250);
#4248 = CARTESIAN_POINT('',(176.1525,-180.935,1.51));
#4249 = DIRECTION('',(-0.,0.,-1.));
#4250 = DIRECTION('',(-0.,-1.,0.));
#4251 = FACE_BOUND('',#4252,.T.);
#4252 = EDGE_LOOP('',(#4253));
#4253 = ORIENTED_EDGE('',*,*,#4254,.T.);
#4254 = EDGE_CURVE('',#4255,#4255,#4257,.T.);
#4255 = VERTEX_POINT('',#4256);
#4256 = CARTESIAN_POINT('',(181.2325,-181.81,1.51));
#4257 = CIRCLE('',#4258,0.875);
#4258 = AXIS2_PLACEMENT_3D('',#4259,#4260,#4261);
#4259 = CARTESIAN_POINT('',(181.2325,-180.935,1.51));
#4260 = DIRECTION('',(-0.,0.,-1.));
#4261 = DIRECTION('',(-0.,-1.,0.));
#4262 = FACE_BOUND('',#4263,.T.);
#4263 = EDGE_LOOP('',(#4264));
#4264 = ORIENTED_EDGE('',*,*,#4265,.T.);
#4265 = EDGE_CURVE('',#4266,#4266,#4268,.T.);
#4266 = VERTEX_POINT('',#4267);
#4267 = CARTESIAN_POINT('',(172.3425,-179.145,1.51));
#4268 = CIRCLE('',#4269,0.75);
#4269 = AXIS2_PLACEMENT_3D('',#4270,#4271,#4272);
#4270 = CARTESIAN_POINT('',(172.3425,-178.395,1.51));
#4271 = DIRECTION('',(-0.,0.,-1.));
#4272 = DIRECTION('',(-0.,-1.,0.));
#4273 = FACE_BOUND('',#4274,.T.);
#4274 = EDGE_LOOP('',(#4275));
#4275 = ORIENTED_EDGE('',*,*,#4276,.T.);
#4276 = EDGE_CURVE('',#4277,#4277,#4279,.T.);
#4277 = VERTEX_POINT('',#4278);
#4278 = CARTESIAN_POINT('',(190.1225,-181.81,1.51));
#4279 = CIRCLE('',#4280,0.875);
#4280 = AXIS2_PLACEMENT_3D('',#4281,#4282,#4283);
#4281 = CARTESIAN_POINT('',(190.1225,-180.935,1.51));
#4282 = DIRECTION('',(-0.,0.,-1.));
#4283 = DIRECTION('',(-0.,-1.,0.));
#4284 = FACE_BOUND('',#4285,.T.);
#4285 = EDGE_LOOP('',(#4286));
#4286 = ORIENTED_EDGE('',*,*,#4287,.T.);
#4287 = EDGE_CURVE('',#4288,#4288,#4290,.T.);
#4288 = VERTEX_POINT('',#4289);
#4289 = CARTESIAN_POINT('',(191.3925,-179.145,1.51));
#4290 = CIRCLE('',#4291,0.75);
#4291 = AXIS2_PLACEMENT_3D('',#4292,#4293,#4294);
#4292 = CARTESIAN_POINT('',(191.3925,-178.395,1.51));
#4293 = DIRECTION('',(-0.,0.,-1.));
#4294 = DIRECTION('',(-0.,-1.,0.));
#4295 = FACE_BOUND('',#4296,.T.);
#4296 = EDGE_LOOP('',(#4297));
#4297 = ORIENTED_EDGE('',*,*,#4298,.T.);
#4298 = EDGE_CURVE('',#4299,#4299,#4301,.T.);
#4299 = VERTEX_POINT('',#4300);
#4300 = CARTESIAN_POINT('',(178.6925,-176.605,1.51));
#4301 = CIRCLE('',#4302,0.75);
#4302 = AXIS2_PLACEMENT_3D('',#4303,#4304,#4305);
#4303 = CARTESIAN_POINT('',(178.6925,-175.855,1.51));
#4304 = DIRECTION('',(-0.,0.,-1.));
#4305 = DIRECTION('',(-0.,-1.,0.));
#4306 = FACE_BOUND('',#4307,.T.);
#4307 = EDGE_LOOP('',(#4308));
#4308 = ORIENTED_EDGE('',*,*,#4309,.T.);
#4309 = EDGE_CURVE('',#4310,#4310,#4312,.T.);
#4310 = VERTEX_POINT('',#4311);
#4311 = CARTESIAN_POINT('',(118.9075,-171.865,1.51));
#4312 = CIRCLE('',#4313,0.5);
#4313 = AXIS2_PLACEMENT_3D('',#4314,#4315,#4316);
#4314 = CARTESIAN_POINT('',(118.9075,-171.365,1.51));
#4315 = DIRECTION('',(-0.,0.,-1.));
#4316 = DIRECTION('',(-0.,-1.,0.));
#4317 = FACE_BOUND('',#4318,.T.);
#4318 = EDGE_LOOP('',(#4319));
#4319 = ORIENTED_EDGE('',*,*,#4320,.T.);
#4320 = EDGE_CURVE('',#4321,#4321,#4323,.T.);
#4321 = VERTEX_POINT('',#4322);
#4322 = CARTESIAN_POINT('',(118.9075,-169.325,1.51));
#4323 = CIRCLE('',#4324,0.5);
#4324 = AXIS2_PLACEMENT_3D('',#4325,#4326,#4327);
#4325 = CARTESIAN_POINT('',(118.9075,-168.825,1.51));
#4326 = DIRECTION('',(-0.,0.,-1.));
#4327 = DIRECTION('',(-0.,-1.,0.));
#4328 = FACE_BOUND('',#4329,.T.);
#4329 = EDGE_LOOP('',(#4330));
#4330 = ORIENTED_EDGE('',*,*,#4331,.T.);
#4331 = EDGE_CURVE('',#4332,#4332,#4334,.T.);
#4332 = VERTEX_POINT('',#4333);
#4333 = CARTESIAN_POINT('',(118.9075,-166.785,1.51));
#4334 = CIRCLE('',#4335,0.5);
#4335 = AXIS2_PLACEMENT_3D('',#4336,#4337,#4338);
#4336 = CARTESIAN_POINT('',(118.9075,-166.285,1.51));
#4337 = DIRECTION('',(-0.,0.,-1.));
#4338 = DIRECTION('',(-0.,-1.,0.));
#4339 = FACE_BOUND('',#4340,.T.);
#4340 = EDGE_LOOP('',(#4341));
#4341 = ORIENTED_EDGE('',*,*,#4342,.T.);
#4342 = EDGE_CURVE('',#4343,#4343,#4345,.T.);
#4343 = VERTEX_POINT('',#4344);
#4344 = CARTESIAN_POINT('',(118.9075,-164.245,1.51));
#4345 = CIRCLE('',#4346,0.5);
#4346 = AXIS2_PLACEMENT_3D('',#4347,#4348,#4349);
#4347 = CARTESIAN_POINT('',(118.9075,-163.745,1.51));
#4348 = DIRECTION('',(-0.,0.,-1.));
#4349 = DIRECTION('',(-0.,-1.,0.));
#4350 = FACE_BOUND('',#4351,.T.);
#4351 = EDGE_LOOP('',(#4352));
#4352 = ORIENTED_EDGE('',*,*,#4353,.T.);
#4353 = EDGE_CURVE('',#4354,#4354,#4356,.T.);
#4354 = VERTEX_POINT('',#4355);
#4355 = CARTESIAN_POINT('',(134.1475,-171.865,1.51));
#4356 = CIRCLE('',#4357,0.5);
#4357 = AXIS2_PLACEMENT_3D('',#4358,#4359,#4360);
#4358 = CARTESIAN_POINT('',(134.1475,-171.365,1.51));
#4359 = DIRECTION('',(-0.,0.,-1.));
#4360 = DIRECTION('',(-0.,-1.,0.));
#4361 = FACE_BOUND('',#4362,.T.);
#4362 = EDGE_LOOP('',(#4363));
#4363 = ORIENTED_EDGE('',*,*,#4364,.F.);
#4364 = EDGE_CURVE('',#4365,#4365,#4367,.T.);
#4365 = VERTEX_POINT('',#4366);
#4366 = CARTESIAN_POINT('',(141.62437,-171.410008,1.51));
#4367 = CIRCLE('',#4368,1.190626);
#4368 = AXIS2_PLACEMENT_3D('',#4369,#4370,#4371);
#4369 = CARTESIAN_POINT('',(140.433744,-171.410008,1.51));
#4370 = DIRECTION('',(0.,0.,1.));
#4371 = DIRECTION('',(1.,0.,0.));
#4372 = FACE_BOUND('',#4373,.T.);
#4373 = EDGE_LOOP('',(#4374));
#4374 = ORIENTED_EDGE('',*,*,#4375,.T.);
#4375 = EDGE_CURVE('',#4376,#4376,#4378,.T.);
#4376 = VERTEX_POINT('',#4377);
#4377 = CARTESIAN_POINT('',(134.1475,-169.325,1.51));
#4378 = CIRCLE('',#4379,0.5);
#4379 = AXIS2_PLACEMENT_3D('',#4380,#4381,#4382);
#4380 = CARTESIAN_POINT('',(134.1475,-168.825,1.51));
#4381 = DIRECTION('',(-0.,0.,-1.));
#4382 = DIRECTION('',(-0.,-1.,0.));
#4383 = FACE_BOUND('',#4384,.T.);
#4384 = EDGE_LOOP('',(#4385));
#4385 = ORIENTED_EDGE('',*,*,#4386,.T.);
#4386 = EDGE_CURVE('',#4387,#4387,#4389,.T.);
#4387 = VERTEX_POINT('',#4388);
#4388 = CARTESIAN_POINT('',(134.1475,-166.785,1.51));
#4389 = CIRCLE('',#4390,0.5);
#4390 = AXIS2_PLACEMENT_3D('',#4391,#4392,#4393);
#4391 = CARTESIAN_POINT('',(134.1475,-166.285,1.51));
#4392 = DIRECTION('',(-0.,0.,-1.));
#4393 = DIRECTION('',(-0.,-1.,0.));
#4394 = FACE_BOUND('',#4395,.T.);
#4395 = EDGE_LOOP('',(#4396));
#4396 = ORIENTED_EDGE('',*,*,#4397,.T.);
#4397 = EDGE_CURVE('',#4398,#4398,#4400,.T.);
#4398 = VERTEX_POINT('',#4399);
#4399 = CARTESIAN_POINT('',(134.1475,-164.245,1.51));
#4400 = CIRCLE('',#4401,0.5);
#4401 = AXIS2_PLACEMENT_3D('',#4402,#4403,#4404);
#4402 = CARTESIAN_POINT('',(134.1475,-163.745,1.51));
#4403 = DIRECTION('',(-0.,0.,-1.));
#4404 = DIRECTION('',(-0.,-1.,0.));
#4405 = FACE_BOUND('',#4406,.T.);
#4406 = EDGE_LOOP('',(#4407));
#4407 = ORIENTED_EDGE('',*,*,#4408,.T.);
#4408 = EDGE_CURVE('',#4409,#4409,#4411,.T.);
#4409 = VERTEX_POINT('',#4410);
#4410 = CARTESIAN_POINT('',(118.9075,-161.705,1.51));
#4411 = CIRCLE('',#4412,0.5);
#4412 = AXIS2_PLACEMENT_3D('',#4413,#4414,#4415);
#4413 = CARTESIAN_POINT('',(118.9075,-161.205,1.51));
#4414 = DIRECTION('',(-0.,0.,-1.));
#4415 = DIRECTION('',(-0.,-1.,0.));
#4416 = FACE_BOUND('',#4417,.T.);
#4417 = EDGE_LOOP('',(#4418));
#4418 = ORIENTED_EDGE('',*,*,#4419,.T.);
#4419 = EDGE_CURVE('',#4420,#4420,#4422,.T.);
#4420 = VERTEX_POINT('',#4421);
#4421 = CARTESIAN_POINT('',(118.9075,-159.165,1.51));
#4422 = CIRCLE('',#4423,0.5);
#4423 = AXIS2_PLACEMENT_3D('',#4424,#4425,#4426);
#4424 = CARTESIAN_POINT('',(118.9075,-158.665,1.51));
#4425 = DIRECTION('',(-0.,0.,-1.));
#4426 = DIRECTION('',(-0.,-1.,0.));
#4427 = FACE_BOUND('',#4428,.T.);
#4428 = EDGE_LOOP('',(#4429));
#4429 = ORIENTED_EDGE('',*,*,#4430,.T.);
#4430 = EDGE_CURVE('',#4431,#4431,#4433,.T.);
#4431 = VERTEX_POINT('',#4432);
#4432 = CARTESIAN_POINT('',(118.9075,-156.625,1.51));
#4433 = CIRCLE('',#4434,0.5);
#4434 = AXIS2_PLACEMENT_3D('',#4435,#4436,#4437);
#4435 = CARTESIAN_POINT('',(118.9075,-156.125,1.51));
#4436 = DIRECTION('',(-0.,0.,-1.));
#4437 = DIRECTION('',(-0.,-1.,0.));
#4438 = FACE_BOUND('',#4439,.T.);
#4439 = EDGE_LOOP('',(#4440));
#4440 = ORIENTED_EDGE('',*,*,#4441,.F.);
#4441 = EDGE_CURVE('',#4442,#4442,#4444,.T.);
#4442 = VERTEX_POINT('',#4443);
#4443 = CARTESIAN_POINT('',(113.644659,-155.336557,1.51));
#4444 = CIRCLE('',#4445,1.190626);
#4445 = AXIS2_PLACEMENT_3D('',#4446,#4447,#4448);
#4446 = CARTESIAN_POINT('',(112.454033,-155.336557,1.51));
#4447 = DIRECTION('',(0.,0.,1.));
#4448 = DIRECTION('',(1.,0.,0.));
#4449 = FACE_BOUND('',#4450,.T.);
#4450 = EDGE_LOOP('',(#4451));
#4451 = ORIENTED_EDGE('',*,*,#4452,.T.);
#4452 = EDGE_CURVE('',#4453,#4453,#4455,.T.);
#4453 = VERTEX_POINT('',#4454);
#4454 = CARTESIAN_POINT('',(118.9075,-154.085,1.51));
#4455 = CIRCLE('',#4456,0.5);
#4456 = AXIS2_PLACEMENT_3D('',#4457,#4458,#4459);
#4457 = CARTESIAN_POINT('',(118.9075,-153.585,1.51));
#4458 = DIRECTION('',(-0.,0.,-1.));
#4459 = DIRECTION('',(-0.,-1.,0.));
#4460 = FACE_BOUND('',#4461,.T.);
#4461 = EDGE_LOOP('',(#4462));
#4462 = ORIENTED_EDGE('',*,*,#4463,.T.);
#4463 = EDGE_CURVE('',#4464,#4464,#4466,.T.);
#4464 = VERTEX_POINT('',#4465);
#4465 = CARTESIAN_POINT('',(134.1475,-161.705,1.51));
#4466 = CIRCLE('',#4467,0.5);
#4467 = AXIS2_PLACEMENT_3D('',#4468,#4469,#4470);
#4468 = CARTESIAN_POINT('',(134.1475,-161.205,1.51));
#4469 = DIRECTION('',(-0.,0.,-1.));
#4470 = DIRECTION('',(-0.,-1.,0.));
#4471 = FACE_BOUND('',#4472,.T.);
#4472 = EDGE_LOOP('',(#4473));
#4473 = ORIENTED_EDGE('',*,*,#4474,.T.);
#4474 = EDGE_CURVE('',#4475,#4475,#4477,.T.);
#4475 = VERTEX_POINT('',#4476);
#4476 = CARTESIAN_POINT('',(134.1475,-159.165,1.51));
#4477 = CIRCLE('',#4478,0.5);
#4478 = AXIS2_PLACEMENT_3D('',#4479,#4480,#4481);
#4479 = CARTESIAN_POINT('',(134.1475,-158.665,1.51));
#4480 = DIRECTION('',(-0.,0.,-1.));
#4481 = DIRECTION('',(-0.,-1.,0.));
#4482 = FACE_BOUND('',#4483,.T.);
#4483 = EDGE_LOOP('',(#4484));
#4484 = ORIENTED_EDGE('',*,*,#4485,.T.);
#4485 = EDGE_CURVE('',#4486,#4486,#4488,.T.);
#4486 = VERTEX_POINT('',#4487);
#4487 = CARTESIAN_POINT('',(142.4975,-162.76,1.51));
#4488 = CIRCLE('',#4489,0.875);
#4489 = AXIS2_PLACEMENT_3D('',#4490,#4491,#4492);
#4490 = CARTESIAN_POINT('',(142.4975,-161.885,1.51));
#4491 = DIRECTION('',(-0.,0.,-1.));
#4492 = DIRECTION('',(-0.,-1.,0.));
#4493 = FACE_BOUND('',#4494,.T.);
#4494 = EDGE_LOOP('',(#4495));
#4495 = ORIENTED_EDGE('',*,*,#4496,.T.);
#4496 = EDGE_CURVE('',#4497,#4497,#4499,.T.);
#4497 = VERTEX_POINT('',#4498);
#4498 = CARTESIAN_POINT('',(147.5775,-163.885,1.51));
#4499 = CIRCLE('',#4500,2.);
#4500 = AXIS2_PLACEMENT_3D('',#4501,#4502,#4503);
#4501 = CARTESIAN_POINT('',(147.5775,-161.885,1.51));
#4502 = DIRECTION('',(-0.,0.,-1.));
#4503 = DIRECTION('',(-0.,-1.,0.));
#4504 = FACE_BOUND('',#4505,.T.);
#4505 = EDGE_LOOP('',(#4506));
#4506 = ORIENTED_EDGE('',*,*,#4507,.T.);
#4507 = EDGE_CURVE('',#4508,#4508,#4510,.T.);
#4508 = VERTEX_POINT('',#4509);
#4509 = CARTESIAN_POINT('',(143.7675,-160.095,1.51));
#4510 = CIRCLE('',#4511,0.75);
#4511 = AXIS2_PLACEMENT_3D('',#4512,#4513,#4514);
#4512 = CARTESIAN_POINT('',(143.7675,-159.345,1.51));
#4513 = DIRECTION('',(-0.,0.,-1.));
#4514 = DIRECTION('',(-0.,-1.,0.));
#4515 = FACE_BOUND('',#4516,.T.);
#4516 = EDGE_LOOP('',(#4517));
#4517 = ORIENTED_EDGE('',*,*,#4518,.T.);
#4518 = EDGE_CURVE('',#4519,#4519,#4521,.T.);
#4519 = VERTEX_POINT('',#4520);
#4520 = CARTESIAN_POINT('',(134.1475,-156.625,1.51));
#4521 = CIRCLE('',#4522,0.5);
#4522 = AXIS2_PLACEMENT_3D('',#4523,#4524,#4525);
#4523 = CARTESIAN_POINT('',(134.1475,-156.125,1.51));
#4524 = DIRECTION('',(-0.,0.,-1.));
#4525 = DIRECTION('',(-0.,-1.,0.));
#4526 = FACE_BOUND('',#4527,.T.);
#4527 = EDGE_LOOP('',(#4528));
#4528 = ORIENTED_EDGE('',*,*,#4529,.T.);
#4529 = EDGE_CURVE('',#4530,#4530,#4532,.T.);
#4530 = VERTEX_POINT('',#4531);
#4531 = CARTESIAN_POINT('',(134.1475,-154.085,1.51));
#4532 = CIRCLE('',#4533,0.5);
#4533 = AXIS2_PLACEMENT_3D('',#4534,#4535,#4536);
#4534 = CARTESIAN_POINT('',(134.1475,-153.585,1.51));
#4535 = DIRECTION('',(-0.,0.,-1.));
#4536 = DIRECTION('',(-0.,-1.,0.));
#4537 = FACE_BOUND('',#4538,.T.);
#4538 = EDGE_LOOP('',(#4539));
#4539 = ORIENTED_EDGE('',*,*,#4540,.T.);
#4540 = EDGE_CURVE('',#4541,#4541,#4543,.T.);
#4541 = VERTEX_POINT('',#4542);
#4542 = CARTESIAN_POINT('',(150.1175,-157.555,1.51));
#4543 = CIRCLE('',#4544,0.75);
#4544 = AXIS2_PLACEMENT_3D('',#4545,#4546,#4547);
#4545 = CARTESIAN_POINT('',(150.1175,-156.805,1.51));
#4546 = DIRECTION('',(-0.,0.,-1.));
#4547 = DIRECTION('',(-0.,-1.,0.));
#4548 = FACE_BOUND('',#4549,.T.);
#4549 = EDGE_LOOP('',(#4550,#4561,#4569,#4578));
#4550 = ORIENTED_EDGE('',*,*,#4551,.T.);
#4551 = EDGE_CURVE('',#4552,#4554,#4556,.T.);
#4552 = VERTEX_POINT('',#4553);
#4553 = CARTESIAN_POINT('',(161.6775,-162.945,1.51));
#4554 = VERTEX_POINT('',#4555);
#4555 = CARTESIAN_POINT('',(162.5775,-162.945,1.51));
#4556 = CIRCLE('',#4557,0.45);
#4557 = AXIS2_PLACEMENT_3D('',#4558,#4559,#4560);
#4558 = CARTESIAN_POINT('',(162.1275,-162.945,1.51));
#4559 = DIRECTION('',(0.,-0.,-1.));
#4560 = DIRECTION('',(1.,0.,-0.));
#4561 = ORIENTED_EDGE('',*,*,#4562,.T.);
#4562 = EDGE_CURVE('',#4554,#4563,#4565,.T.);
#4563 = VERTEX_POINT('',#4564);
#4564 = CARTESIAN_POINT('',(162.5775,-163.345,1.51));
#4565 = LINE('',#4566,#4567);
#4566 = CARTESIAN_POINT('',(162.5775,-81.6725,1.51));
#4567 = VECTOR('',#4568,1.);
#4568 = DIRECTION('',(0.,-1.,0.));
#4569 = ORIENTED_EDGE('',*,*,#4570,.T.);
#4570 = EDGE_CURVE('',#4563,#4571,#4573,.T.);
#4571 = VERTEX_POINT('',#4572);
#4572 = CARTESIAN_POINT('',(161.6775,-163.345,1.51));
#4573 = CIRCLE('',#4574,0.45);
#4574 = AXIS2_PLACEMENT_3D('',#4575,#4576,#4577);
#4575 = CARTESIAN_POINT('',(162.1275,-163.345,1.51));
#4576 = DIRECTION('',(-0.,0.,-1.));
#4577 = DIRECTION('',(-1.,0.,0.));
#4578 = ORIENTED_EDGE('',*,*,#4579,.T.);
#4579 = EDGE_CURVE('',#4571,#4552,#4580,.T.);
#4580 = LINE('',#4581,#4582);
#4581 = CARTESIAN_POINT('',(161.6775,-81.4725,1.51));
#4582 = VECTOR('',#4583,1.);
#4583 = DIRECTION('',(-0.,1.,0.));
#4584 = FACE_BOUND('',#4585,.T.);
#4585 = EDGE_LOOP('',(#4586));
#4586 = ORIENTED_EDGE('',*,*,#4587,.T.);
#4587 = EDGE_CURVE('',#4588,#4588,#4590,.T.);
#4588 = VERTEX_POINT('',#4589);
#4589 = CARTESIAN_POINT('',(152.6575,-162.76,1.51));
#4590 = CIRCLE('',#4591,0.875);
#4591 = AXIS2_PLACEMENT_3D('',#4592,#4593,#4594);
#4592 = CARTESIAN_POINT('',(152.6575,-161.885,1.51));
#4593 = DIRECTION('',(-0.,0.,-1.));
#4594 = DIRECTION('',(-0.,-1.,0.));
#4595 = FACE_BOUND('',#4596,.T.);
#4596 = EDGE_LOOP('',(#4597,#4608,#4616,#4625));
#4597 = ORIENTED_EDGE('',*,*,#4598,.T.);
#4598 = EDGE_CURVE('',#4599,#4601,#4603,.T.);
#4599 = VERTEX_POINT('',#4600);
#4600 = CARTESIAN_POINT('',(157.0775,-161.845,1.51));
#4601 = VERTEX_POINT('',#4602);
#4602 = CARTESIAN_POINT('',(157.9775,-161.845,1.51));
#4603 = CIRCLE('',#4604,0.45);
#4604 = AXIS2_PLACEMENT_3D('',#4605,#4606,#4607);
#4605 = CARTESIAN_POINT('',(157.5275,-161.845,1.51));
#4606 = DIRECTION('',(0.,-0.,-1.));
#4607 = DIRECTION('',(1.,0.,-0.));
#4608 = ORIENTED_EDGE('',*,*,#4609,.T.);
#4609 = EDGE_CURVE('',#4601,#4610,#4612,.T.);
#4610 = VERTEX_POINT('',#4611);
#4611 = CARTESIAN_POINT('',(157.9775,-162.245,1.51));
#4612 = LINE('',#4613,#4614);
#4613 = CARTESIAN_POINT('',(157.9775,-81.1225,1.51));
#4614 = VECTOR('',#4615,1.);
#4615 = DIRECTION('',(0.,-1.,0.));
#4616 = ORIENTED_EDGE('',*,*,#4617,.T.);
#4617 = EDGE_CURVE('',#4610,#4618,#4620,.T.);
#4618 = VERTEX_POINT('',#4619);
#4619 = CARTESIAN_POINT('',(157.0775,-162.245,1.51));
#4620 = CIRCLE('',#4621,0.45);
#4621 = AXIS2_PLACEMENT_3D('',#4622,#4623,#4624);
#4622 = CARTESIAN_POINT('',(157.5275,-162.245,1.51));
#4623 = DIRECTION('',(-0.,0.,-1.));
#4624 = DIRECTION('',(-1.,0.,0.));
#4625 = ORIENTED_EDGE('',*,*,#4626,.T.);
#4626 = EDGE_CURVE('',#4618,#4599,#4627,.T.);
#4627 = LINE('',#4628,#4629);
#4628 = CARTESIAN_POINT('',(157.0775,-80.9225,1.51));
#4629 = VECTOR('',#4630,1.);
#4630 = DIRECTION('',(-0.,1.,0.));
#4631 = FACE_BOUND('',#4632,.T.);
#4632 = EDGE_LOOP('',(#4633));
#4633 = ORIENTED_EDGE('',*,*,#4634,.T.);
#4634 = EDGE_CURVE('',#4635,#4635,#4637,.T.);
#4635 = VERTEX_POINT('',#4636);
#4636 = CARTESIAN_POINT('',(159.8275,-160.845,1.51));
#4637 = CIRCLE('',#4638,0.4);
#4638 = AXIS2_PLACEMENT_3D('',#4639,#4640,#4641);
#4639 = CARTESIAN_POINT('',(159.8275,-160.445,1.51));
#4640 = DIRECTION('',(-0.,0.,-1.));
#4641 = DIRECTION('',(-0.,-1.,0.));
#4642 = FACE_BOUND('',#4643,.T.);
#4643 = EDGE_LOOP('',(#4644,#4655,#4663,#4672));
#4644 = ORIENTED_EDGE('',*,*,#4645,.T.);
#4645 = EDGE_CURVE('',#4646,#4648,#4650,.T.);
#4646 = VERTEX_POINT('',#4647);
#4647 = CARTESIAN_POINT('',(157.0775,-157.845,1.51));
#4648 = VERTEX_POINT('',#4649);
#4649 = CARTESIAN_POINT('',(157.9775,-157.845,1.51));
#4650 = CIRCLE('',#4651,0.45);
#4651 = AXIS2_PLACEMENT_3D('',#4652,#4653,#4654);
#4652 = CARTESIAN_POINT('',(157.5275,-157.845,1.51));
#4653 = DIRECTION('',(0.,-0.,-1.));
#4654 = DIRECTION('',(1.,0.,-0.));
#4655 = ORIENTED_EDGE('',*,*,#4656,.T.);
#4656 = EDGE_CURVE('',#4648,#4657,#4659,.T.);
#4657 = VERTEX_POINT('',#4658);
#4658 = CARTESIAN_POINT('',(157.9775,-158.245,1.51));
#4659 = LINE('',#4660,#4661);
#4660 = CARTESIAN_POINT('',(157.9775,-79.1225,1.51));
#4661 = VECTOR('',#4662,1.);
#4662 = DIRECTION('',(0.,-1.,0.));
#4663 = ORIENTED_EDGE('',*,*,#4664,.T.);
#4664 = EDGE_CURVE('',#4657,#4665,#4667,.T.);
#4665 = VERTEX_POINT('',#4666);
#4666 = CARTESIAN_POINT('',(157.0775,-158.245,1.51));
#4667 = CIRCLE('',#4668,0.45);
#4668 = AXIS2_PLACEMENT_3D('',#4669,#4670,#4671);
#4669 = CARTESIAN_POINT('',(157.5275,-158.245,1.51));
#4670 = DIRECTION('',(-0.,0.,-1.));
#4671 = DIRECTION('',(-1.,0.,0.));
#4672 = ORIENTED_EDGE('',*,*,#4673,.T.);
#4673 = EDGE_CURVE('',#4665,#4646,#4674,.T.);
#4674 = LINE('',#4675,#4676);
#4675 = CARTESIAN_POINT('',(157.0775,-78.9225,1.51));
#4676 = VECTOR('',#4677,1.);
#4677 = DIRECTION('',(-0.,1.,0.));
#4678 = FACE_BOUND('',#4679,.T.);
#4679 = EDGE_LOOP('',(#4680));
#4680 = ORIENTED_EDGE('',*,*,#4681,.T.);
#4681 = EDGE_CURVE('',#4682,#4682,#4684,.T.);
#4682 = VERTEX_POINT('',#4683);
#4683 = CARTESIAN_POINT('',(166.31,-162.76,1.51));
#4684 = CIRCLE('',#4685,0.875);
#4685 = AXIS2_PLACEMENT_3D('',#4686,#4687,#4688);
#4686 = CARTESIAN_POINT('',(166.31,-161.885,1.51));
#4687 = DIRECTION('',(-0.,0.,-1.));
#4688 = DIRECTION('',(-0.,-1.,0.));
#4689 = FACE_BOUND('',#4690,.T.);
#4690 = EDGE_LOOP('',(#4691));
#4691 = ORIENTED_EDGE('',*,*,#4692,.T.);
#4692 = EDGE_CURVE('',#4693,#4693,#4695,.T.);
#4693 = VERTEX_POINT('',#4694);
#4694 = CARTESIAN_POINT('',(171.39,-163.885,1.51));
#4695 = CIRCLE('',#4696,2.);
#4696 = AXIS2_PLACEMENT_3D('',#4697,#4698,#4699);
#4697 = CARTESIAN_POINT('',(171.39,-161.885,1.51));
#4698 = DIRECTION('',(-0.,0.,-1.));
#4699 = DIRECTION('',(-0.,-1.,0.));
#4700 = FACE_BOUND('',#4701,.T.);
#4701 = EDGE_LOOP('',(#4702));
#4702 = ORIENTED_EDGE('',*,*,#4703,.T.);
#4703 = EDGE_CURVE('',#4704,#4704,#4706,.T.);
#4704 = VERTEX_POINT('',#4705);
#4705 = CARTESIAN_POINT('',(167.58,-160.095,1.51));
#4706 = CIRCLE('',#4707,0.75);
#4707 = AXIS2_PLACEMENT_3D('',#4708,#4709,#4710);
#4708 = CARTESIAN_POINT('',(167.58,-159.345,1.51));
#4709 = DIRECTION('',(-0.,0.,-1.));
#4710 = DIRECTION('',(-0.,-1.,0.));
#4711 = FACE_BOUND('',#4712,.T.);
#4712 = EDGE_LOOP('',(#4713,#4724,#4732,#4741));
#4713 = ORIENTED_EDGE('',*,*,#4714,.T.);
#4714 = EDGE_CURVE('',#4715,#4717,#4719,.T.);
#4715 = VERTEX_POINT('',#4716);
#4716 = CARTESIAN_POINT('',(157.0775,-154.845,1.51));
#4717 = VERTEX_POINT('',#4718);
#4718 = CARTESIAN_POINT('',(157.9775,-154.845,1.51));
#4719 = CIRCLE('',#4720,0.45);
#4720 = AXIS2_PLACEMENT_3D('',#4721,#4722,#4723);
#4721 = CARTESIAN_POINT('',(157.5275,-154.845,1.51));
#4722 = DIRECTION('',(0.,-0.,-1.));
#4723 = DIRECTION('',(1.,0.,-0.));
#4724 = ORIENTED_EDGE('',*,*,#4725,.T.);
#4725 = EDGE_CURVE('',#4717,#4726,#4728,.T.);
#4726 = VERTEX_POINT('',#4727);
#4727 = CARTESIAN_POINT('',(157.9775,-155.245,1.51));
#4728 = LINE('',#4729,#4730);
#4729 = CARTESIAN_POINT('',(157.9775,-77.6225,1.51));
#4730 = VECTOR('',#4731,1.);
#4731 = DIRECTION('',(0.,-1.,0.));
#4732 = ORIENTED_EDGE('',*,*,#4733,.T.);
#4733 = EDGE_CURVE('',#4726,#4734,#4736,.T.);
#4734 = VERTEX_POINT('',#4735);
#4735 = CARTESIAN_POINT('',(157.0775,-155.245,1.51));
#4736 = CIRCLE('',#4737,0.45);
#4737 = AXIS2_PLACEMENT_3D('',#4738,#4739,#4740);
#4738 = CARTESIAN_POINT('',(157.5275,-155.245,1.51));
#4739 = DIRECTION('',(-0.,0.,-1.));
#4740 = DIRECTION('',(-1.,0.,0.));
#4741 = ORIENTED_EDGE('',*,*,#4742,.T.);
#4742 = EDGE_CURVE('',#4734,#4715,#4743,.T.);
#4743 = LINE('',#4744,#4745);
#4744 = CARTESIAN_POINT('',(157.0775,-77.4225,1.51));
#4745 = VECTOR('',#4746,1.);
#4746 = DIRECTION('',(-0.,1.,0.));
#4747 = FACE_BOUND('',#4748,.T.);
#4748 = EDGE_LOOP('',(#4749));
#4749 = ORIENTED_EDGE('',*,*,#4750,.T.);
#4750 = EDGE_CURVE('',#4751,#4751,#4753,.T.);
#4751 = VERTEX_POINT('',#4752);
#4752 = CARTESIAN_POINT('',(159.8275,-153.845,1.51));
#4753 = CIRCLE('',#4754,0.4);
#4754 = AXIS2_PLACEMENT_3D('',#4755,#4756,#4757);
#4755 = CARTESIAN_POINT('',(159.8275,-153.445,1.51));
#4756 = DIRECTION('',(-0.,0.,-1.));
#4757 = DIRECTION('',(-0.,-1.,0.));
#4758 = FACE_BOUND('',#4759,.T.);
#4759 = EDGE_LOOP('',(#4760));
#4760 = ORIENTED_EDGE('',*,*,#4761,.T.);
#4761 = EDGE_CURVE('',#4762,#4762,#4764,.T.);
#4762 = VERTEX_POINT('',#4763);
#4763 = CARTESIAN_POINT('',(176.47,-162.76,1.51));
#4764 = CIRCLE('',#4765,0.875);
#4765 = AXIS2_PLACEMENT_3D('',#4766,#4767,#4768);
#4766 = CARTESIAN_POINT('',(176.47,-161.885,1.51));
#4767 = DIRECTION('',(-0.,0.,-1.));
#4768 = DIRECTION('',(-0.,-1.,0.));
#4769 = FACE_BOUND('',#4770,.T.);
#4770 = EDGE_LOOP('',(#4771));
#4771 = ORIENTED_EDGE('',*,*,#4772,.T.);
#4772 = EDGE_CURVE('',#4773,#4773,#4775,.T.);
#4773 = VERTEX_POINT('',#4774);
#4774 = CARTESIAN_POINT('',(185.36,-162.76,1.51));
#4775 = CIRCLE('',#4776,0.875);
#4776 = AXIS2_PLACEMENT_3D('',#4777,#4778,#4779);
#4777 = CARTESIAN_POINT('',(185.36,-161.885,1.51));
#4778 = DIRECTION('',(-0.,0.,-1.));
#4779 = DIRECTION('',(-0.,-1.,0.));
#4780 = FACE_BOUND('',#4781,.T.);
#4781 = EDGE_LOOP('',(#4782));
#4782 = ORIENTED_EDGE('',*,*,#4783,.T.);
#4783 = EDGE_CURVE('',#4784,#4784,#4786,.T.);
#4784 = VERTEX_POINT('',#4785);
#4785 = CARTESIAN_POINT('',(190.44,-163.885,1.51));
#4786 = CIRCLE('',#4787,2.);
#4787 = AXIS2_PLACEMENT_3D('',#4788,#4789,#4790);
#4788 = CARTESIAN_POINT('',(190.44,-161.885,1.51));
#4789 = DIRECTION('',(-0.,0.,-1.));
#4790 = DIRECTION('',(-0.,-1.,0.));
#4791 = FACE_BOUND('',#4792,.T.);
#4792 = EDGE_LOOP('',(#4793));
#4793 = ORIENTED_EDGE('',*,*,#4794,.T.);
#4794 = EDGE_CURVE('',#4795,#4795,#4797,.T.);
#4795 = VERTEX_POINT('',#4796);
#4796 = CARTESIAN_POINT('',(186.63,-160.095,1.51));
#4797 = CIRCLE('',#4798,0.75);
#4798 = AXIS2_PLACEMENT_3D('',#4799,#4800,#4801);
#4799 = CARTESIAN_POINT('',(186.63,-159.345,1.51));
#4800 = DIRECTION('',(-0.,0.,-1.));
#4801 = DIRECTION('',(-0.,-1.,0.));
#4802 = FACE_BOUND('',#4803,.T.);
#4803 = EDGE_LOOP('',(#4804));
#4804 = ORIENTED_EDGE('',*,*,#4805,.T.);
#4805 = EDGE_CURVE('',#4806,#4806,#4808,.T.);
#4806 = VERTEX_POINT('',#4807);
#4807 = CARTESIAN_POINT('',(173.93,-157.555,1.51));
#4808 = CIRCLE('',#4809,0.75);
#4809 = AXIS2_PLACEMENT_3D('',#4810,#4811,#4812);
#4810 = CARTESIAN_POINT('',(173.93,-156.805,1.51));
#4811 = DIRECTION('',(-0.,0.,-1.));
#4812 = DIRECTION('',(-0.,-1.,0.));
#4813 = FACE_BOUND('',#4814,.T.);
#4814 = EDGE_LOOP('',(#4815));
#4815 = ORIENTED_EDGE('',*,*,#4816,.T.);
#4816 = EDGE_CURVE('',#4817,#4817,#4819,.T.);
#4817 = VERTEX_POINT('',#4818);
#4818 = CARTESIAN_POINT('',(195.2025,-182.935,1.51));
#4819 = CIRCLE('',#4820,2.);
#4820 = AXIS2_PLACEMENT_3D('',#4821,#4822,#4823);
#4821 = CARTESIAN_POINT('',(195.2025,-180.935,1.51));
#4822 = DIRECTION('',(-0.,0.,-1.));
#4823 = DIRECTION('',(-0.,-1.,0.));
#4824 = FACE_BOUND('',#4825,.T.);
#4825 = EDGE_LOOP('',(#4826));
#4826 = ORIENTED_EDGE('',*,*,#4827,.T.);
#4827 = EDGE_CURVE('',#4828,#4828,#4830,.T.);
#4828 = VERTEX_POINT('',#4829);
#4829 = CARTESIAN_POINT('',(200.2825,-181.81,1.51));
#4830 = CIRCLE('',#4831,0.875);
#4831 = AXIS2_PLACEMENT_3D('',#4832,#4833,#4834);
#4832 = CARTESIAN_POINT('',(200.2825,-180.935,1.51));
#4833 = DIRECTION('',(-0.,0.,-1.));
#4834 = DIRECTION('',(-0.,-1.,0.));
#4835 = FACE_BOUND('',#4836,.T.);
#4836 = EDGE_LOOP('',(#4837));
#4837 = ORIENTED_EDGE('',*,*,#4838,.T.);
#4838 = EDGE_CURVE('',#4839,#4839,#4841,.T.);
#4839 = VERTEX_POINT('',#4840);
#4840 = CARTESIAN_POINT('',(209.1725,-181.81,1.51));
#4841 = CIRCLE('',#4842,0.875);
#4842 = AXIS2_PLACEMENT_3D('',#4843,#4844,#4845);
#4843 = CARTESIAN_POINT('',(209.1725,-180.935,1.51));
#4844 = DIRECTION('',(-0.,0.,-1.));
#4845 = DIRECTION('',(-0.,-1.,0.));
#4846 = FACE_BOUND('',#4847,.T.);
#4847 = EDGE_LOOP('',(#4848));
#4848 = ORIENTED_EDGE('',*,*,#4849,.T.);
#4849 = EDGE_CURVE('',#4850,#4850,#4852,.T.);
#4850 = VERTEX_POINT('',#4851);
#4851 = CARTESIAN_POINT('',(210.4425,-179.145,1.51));
#4852 = CIRCLE('',#4853,0.75);
#4853 = AXIS2_PLACEMENT_3D('',#4854,#4855,#4856);
#4854 = CARTESIAN_POINT('',(210.4425,-178.395,1.51));
#4855 = DIRECTION('',(-0.,0.,-1.));
#4856 = DIRECTION('',(-0.,-1.,0.));
#4857 = FACE_BOUND('',#4858,.T.);
#4858 = EDGE_LOOP('',(#4859));
#4859 = ORIENTED_EDGE('',*,*,#4860,.T.);
#4860 = EDGE_CURVE('',#4861,#4861,#4863,.T.);
#4861 = VERTEX_POINT('',#4862);
#4862 = CARTESIAN_POINT('',(197.7425,-176.605,1.51));
#4863 = CIRCLE('',#4864,0.75);
#4864 = AXIS2_PLACEMENT_3D('',#4865,#4866,#4867);
#4865 = CARTESIAN_POINT('',(197.7425,-175.855,1.51));
#4866 = DIRECTION('',(-0.,0.,-1.));
#4867 = DIRECTION('',(-0.,-1.,0.));
#4868 = FACE_BOUND('',#4869,.T.);
#4869 = EDGE_LOOP('',(#4870));
#4870 = ORIENTED_EDGE('',*,*,#4871,.T.);
#4871 = EDGE_CURVE('',#4872,#4872,#4874,.T.);
#4872 = VERTEX_POINT('',#4873);
#4873 = CARTESIAN_POINT('',(214.2525,-182.935,1.51));
#4874 = CIRCLE('',#4875,2.);
#4875 = AXIS2_PLACEMENT_3D('',#4876,#4877,#4878);
#4876 = CARTESIAN_POINT('',(214.2525,-180.935,1.51));
#4877 = DIRECTION('',(-0.,0.,-1.));
#4878 = DIRECTION('',(-0.,-1.,0.));
#4879 = FACE_BOUND('',#4880,.T.);
#4880 = EDGE_LOOP('',(#4881));
#4881 = ORIENTED_EDGE('',*,*,#4882,.T.);
#4882 = EDGE_CURVE('',#4883,#4883,#4885,.T.);
#4883 = VERTEX_POINT('',#4884);
#4884 = CARTESIAN_POINT('',(219.3325,-181.81,1.51));
#4885 = CIRCLE('',#4886,0.875);
#4886 = AXIS2_PLACEMENT_3D('',#4887,#4888,#4889);
#4887 = CARTESIAN_POINT('',(219.3325,-180.935,1.51));
#4888 = DIRECTION('',(-0.,0.,-1.));
#4889 = DIRECTION('',(-0.,-1.,0.));
#4890 = FACE_BOUND('',#4891,.T.);
#4891 = EDGE_LOOP('',(#4892));
#4892 = ORIENTED_EDGE('',*,*,#4893,.T.);
#4893 = EDGE_CURVE('',#4894,#4894,#4896,.T.);
#4894 = VERTEX_POINT('',#4895);
#4895 = CARTESIAN_POINT('',(228.2225,-181.81,1.51));
#4896 = CIRCLE('',#4897,0.875);
#4897 = AXIS2_PLACEMENT_3D('',#4898,#4899,#4900);
#4898 = CARTESIAN_POINT('',(228.2225,-180.935,1.51));
#4899 = DIRECTION('',(-0.,0.,-1.));
#4900 = DIRECTION('',(-0.,-1.,0.));
#4901 = FACE_BOUND('',#4902,.T.);
#4902 = EDGE_LOOP('',(#4903));
#4903 = ORIENTED_EDGE('',*,*,#4904,.T.);
#4904 = EDGE_CURVE('',#4905,#4905,#4907,.T.);
#4905 = VERTEX_POINT('',#4906);
#4906 = CARTESIAN_POINT('',(229.4925,-179.145,1.51));
#4907 = CIRCLE('',#4908,0.75);
#4908 = AXIS2_PLACEMENT_3D('',#4909,#4910,#4911);
#4909 = CARTESIAN_POINT('',(229.4925,-178.395,1.51));
#4910 = DIRECTION('',(-0.,0.,-1.));
#4911 = DIRECTION('',(-0.,-1.,0.));
#4912 = FACE_BOUND('',#4913,.T.);
#4913 = EDGE_LOOP('',(#4914));
#4914 = ORIENTED_EDGE('',*,*,#4915,.T.);
#4915 = EDGE_CURVE('',#4916,#4916,#4918,.T.);
#4916 = VERTEX_POINT('',#4917);
#4917 = CARTESIAN_POINT('',(216.7925,-176.605,1.51));
#4918 = CIRCLE('',#4919,0.75);
#4919 = AXIS2_PLACEMENT_3D('',#4920,#4921,#4922);
#4920 = CARTESIAN_POINT('',(216.7925,-175.855,1.51));
#4921 = DIRECTION('',(-0.,0.,-1.));
#4922 = DIRECTION('',(-0.,-1.,0.));
#4923 = FACE_BOUND('',#4924,.T.);
#4924 = EDGE_LOOP('',(#4925));
#4925 = ORIENTED_EDGE('',*,*,#4926,.T.);
#4926 = EDGE_CURVE('',#4927,#4927,#4929,.T.);
#4927 = VERTEX_POINT('',#4928);
#4928 = CARTESIAN_POINT('',(233.3025,-182.935,1.51));
#4929 = CIRCLE('',#4930,2.);
#4930 = AXIS2_PLACEMENT_3D('',#4931,#4932,#4933);
#4931 = CARTESIAN_POINT('',(233.3025,-180.935,1.51));
#4932 = DIRECTION('',(-0.,0.,-1.));
#4933 = DIRECTION('',(-0.,-1.,0.));
#4934 = FACE_BOUND('',#4935,.T.);
#4935 = EDGE_LOOP('',(#4936));
#4936 = ORIENTED_EDGE('',*,*,#4937,.T.);
#4937 = EDGE_CURVE('',#4938,#4938,#4940,.T.);
#4938 = VERTEX_POINT('',#4939);
#4939 = CARTESIAN_POINT('',(238.3825,-181.81,1.51));
#4940 = CIRCLE('',#4941,0.875);
#4941 = AXIS2_PLACEMENT_3D('',#4942,#4943,#4944);
#4942 = CARTESIAN_POINT('',(238.3825,-180.935,1.51));
#4943 = DIRECTION('',(-0.,0.,-1.));
#4944 = DIRECTION('',(-0.,-1.,0.));
#4945 = FACE_BOUND('',#4946,.T.);
#4946 = EDGE_LOOP('',(#4947));
#4947 = ORIENTED_EDGE('',*,*,#4948,.T.);
#4948 = EDGE_CURVE('',#4949,#4949,#4951,.T.);
#4949 = VERTEX_POINT('',#4950);
#4950 = CARTESIAN_POINT('',(247.2725,-181.81,1.51));
#4951 = CIRCLE('',#4952,0.875);
#4952 = AXIS2_PLACEMENT_3D('',#4953,#4954,#4955);
#4953 = CARTESIAN_POINT('',(247.2725,-180.935,1.51));
#4954 = DIRECTION('',(-0.,0.,-1.));
#4955 = DIRECTION('',(-0.,-1.,0.));
#4956 = FACE_BOUND('',#4957,.T.);
#4957 = EDGE_LOOP('',(#4958));
#4958 = ORIENTED_EDGE('',*,*,#4959,.T.);
#4959 = EDGE_CURVE('',#4960,#4960,#4962,.T.);
#4960 = VERTEX_POINT('',#4961);
#4961 = CARTESIAN_POINT('',(252.3525,-182.935,1.51));
#4962 = CIRCLE('',#4963,2.);
#4963 = AXIS2_PLACEMENT_3D('',#4964,#4965,#4966);
#4964 = CARTESIAN_POINT('',(252.3525,-180.935,1.51));
#4965 = DIRECTION('',(-0.,0.,-1.));
#4966 = DIRECTION('',(-0.,-1.,0.));
#4967 = FACE_BOUND('',#4968,.T.);
#4968 = EDGE_LOOP('',(#4969));
#4969 = ORIENTED_EDGE('',*,*,#4970,.T.);
#4970 = EDGE_CURVE('',#4971,#4971,#4973,.T.);
#4971 = VERTEX_POINT('',#4972);
#4972 = CARTESIAN_POINT('',(248.5425,-179.145,1.51));
#4973 = CIRCLE('',#4974,0.75);
#4974 = AXIS2_PLACEMENT_3D('',#4975,#4976,#4977);
#4975 = CARTESIAN_POINT('',(248.5425,-178.395,1.51));
#4976 = DIRECTION('',(-0.,0.,-1.));
#4977 = DIRECTION('',(-0.,-1.,0.));
#4978 = FACE_BOUND('',#4979,.T.);
#4979 = EDGE_LOOP('',(#4980));
#4980 = ORIENTED_EDGE('',*,*,#4981,.T.);
#4981 = EDGE_CURVE('',#4982,#4982,#4984,.T.);
#4982 = VERTEX_POINT('',#4983);
#4983 = CARTESIAN_POINT('',(235.8425,-176.605,1.51));
#4984 = CIRCLE('',#4985,0.75);
#4985 = AXIS2_PLACEMENT_3D('',#4986,#4987,#4988);
#4986 = CARTESIAN_POINT('',(235.8425,-175.855,1.51));
#4987 = DIRECTION('',(-0.,0.,-1.));
#4988 = DIRECTION('',(-0.,-1.,0.));
#4989 = FACE_BOUND('',#4990,.T.);
#4990 = EDGE_LOOP('',(#4991));
#4991 = ORIENTED_EDGE('',*,*,#4992,.T.);
#4992 = EDGE_CURVE('',#4993,#4993,#4995,.T.);
#4993 = VERTEX_POINT('',#4994);
#4994 = CARTESIAN_POINT('',(257.4325,-181.81,1.51));
#4995 = CIRCLE('',#4996,0.875);
#4996 = AXIS2_PLACEMENT_3D('',#4997,#4998,#4999);
#4997 = CARTESIAN_POINT('',(257.4325,-180.935,1.51));
#4998 = DIRECTION('',(-0.,0.,-1.));
#4999 = DIRECTION('',(-0.,-1.,0.));
#5000 = FACE_BOUND('',#5001,.T.);
#5001 = EDGE_LOOP('',(#5002));
#5002 = ORIENTED_EDGE('',*,*,#5003,.T.);
#5003 = EDGE_CURVE('',#5004,#5004,#5006,.T.);
#5004 = VERTEX_POINT('',#5005);
#5005 = CARTESIAN_POINT('',(254.8925,-176.605,1.51));
#5006 = CIRCLE('',#5007,0.75);
#5007 = AXIS2_PLACEMENT_3D('',#5008,#5009,#5010);
#5008 = CARTESIAN_POINT('',(254.8925,-175.855,1.51));
#5009 = DIRECTION('',(-0.,0.,-1.));
#5010 = DIRECTION('',(-0.,-1.,0.));
#5011 = FACE_BOUND('',#5012,.T.);
#5012 = EDGE_LOOP('',(#5013));
#5013 = ORIENTED_EDGE('',*,*,#5014,.T.);
#5014 = EDGE_CURVE('',#5015,#5015,#5017,.T.);
#5015 = VERTEX_POINT('',#5016);
#5016 = CARTESIAN_POINT('',(195.52,-162.76,1.51));
#5017 = CIRCLE('',#5018,0.875);
#5018 = AXIS2_PLACEMENT_3D('',#5019,#5020,#5021);
#5019 = CARTESIAN_POINT('',(195.52,-161.885,1.51));
#5020 = DIRECTION('',(-0.,0.,-1.));
#5021 = DIRECTION('',(-0.,-1.,0.));
#5022 = FACE_BOUND('',#5023,.T.);
#5023 = EDGE_LOOP('',(#5024));
#5024 = ORIENTED_EDGE('',*,*,#5025,.T.);
#5025 = EDGE_CURVE('',#5026,#5026,#5028,.T.);
#5026 = VERTEX_POINT('',#5027);
#5027 = CARTESIAN_POINT('',(204.41,-162.76,1.51));
#5028 = CIRCLE('',#5029,0.875);
#5029 = AXIS2_PLACEMENT_3D('',#5030,#5031,#5032);
#5030 = CARTESIAN_POINT('',(204.41,-161.885,1.51));
#5031 = DIRECTION('',(-0.,0.,-1.));
#5032 = DIRECTION('',(-0.,-1.,0.));
#5033 = FACE_BOUND('',#5034,.T.);
#5034 = EDGE_LOOP('',(#5035));
#5035 = ORIENTED_EDGE('',*,*,#5036,.T.);
#5036 = EDGE_CURVE('',#5037,#5037,#5039,.T.);
#5037 = VERTEX_POINT('',#5038);
#5038 = CARTESIAN_POINT('',(209.49,-163.885,1.51));
#5039 = CIRCLE('',#5040,2.);
#5040 = AXIS2_PLACEMENT_3D('',#5041,#5042,#5043);
#5041 = CARTESIAN_POINT('',(209.49,-161.885,1.51));
#5042 = DIRECTION('',(-0.,0.,-1.));
#5043 = DIRECTION('',(-0.,-1.,0.));
#5044 = FACE_BOUND('',#5045,.T.);
#5045 = EDGE_LOOP('',(#5046));
#5046 = ORIENTED_EDGE('',*,*,#5047,.T.);
#5047 = EDGE_CURVE('',#5048,#5048,#5050,.T.);
#5048 = VERTEX_POINT('',#5049);
#5049 = CARTESIAN_POINT('',(205.68,-160.095,1.51));
#5050 = CIRCLE('',#5051,0.75);
#5051 = AXIS2_PLACEMENT_3D('',#5052,#5053,#5054);
#5052 = CARTESIAN_POINT('',(205.68,-159.345,1.51));
#5053 = DIRECTION('',(-0.,0.,-1.));
#5054 = DIRECTION('',(-0.,-1.,0.));
#5055 = FACE_BOUND('',#5056,.T.);
#5056 = EDGE_LOOP('',(#5057));
#5057 = ORIENTED_EDGE('',*,*,#5058,.T.);
#5058 = EDGE_CURVE('',#5059,#5059,#5061,.T.);
#5059 = VERTEX_POINT('',#5060);
#5060 = CARTESIAN_POINT('',(192.98,-157.555,1.51));
#5061 = CIRCLE('',#5062,0.75);
#5062 = AXIS2_PLACEMENT_3D('',#5063,#5064,#5065);
#5063 = CARTESIAN_POINT('',(192.98,-156.805,1.51));
#5064 = DIRECTION('',(-0.,0.,-1.));
#5065 = DIRECTION('',(-0.,-1.,0.));
#5066 = FACE_BOUND('',#5067,.T.);
#5067 = EDGE_LOOP('',(#5068));
#5068 = ORIENTED_EDGE('',*,*,#5069,.T.);
#5069 = EDGE_CURVE('',#5070,#5070,#5072,.T.);
#5070 = VERTEX_POINT('',#5071);
#5071 = CARTESIAN_POINT('',(212.03,-157.555,1.51));
#5072 = CIRCLE('',#5073,0.75);
#5073 = AXIS2_PLACEMENT_3D('',#5074,#5075,#5076);
#5074 = CARTESIAN_POINT('',(212.03,-156.805,1.51));
#5075 = DIRECTION('',(-0.,0.,-1.));
#5076 = DIRECTION('',(-0.,-1.,0.));
#5077 = FACE_BOUND('',#5078,.T.);
#5078 = EDGE_LOOP('',(#5079));
#5079 = ORIENTED_EDGE('',*,*,#5080,.T.);
#5080 = EDGE_CURVE('',#5081,#5081,#5083,.T.);
#5081 = VERTEX_POINT('',#5082);
#5082 = CARTESIAN_POINT('',(214.57,-162.76,1.51));
#5083 = CIRCLE('',#5084,0.875);
#5084 = AXIS2_PLACEMENT_3D('',#5085,#5086,#5087);
#5085 = CARTESIAN_POINT('',(214.57,-161.885,1.51));
#5086 = DIRECTION('',(-0.,0.,-1.));
#5087 = DIRECTION('',(-0.,-1.,0.));
#5088 = FACE_BOUND('',#5089,.T.);
#5089 = EDGE_LOOP('',(#5090));
#5090 = ORIENTED_EDGE('',*,*,#5091,.T.);
#5091 = EDGE_CURVE('',#5092,#5092,#5094,.T.);
#5092 = VERTEX_POINT('',#5093);
#5093 = CARTESIAN_POINT('',(223.46,-162.76,1.51));
#5094 = CIRCLE('',#5095,0.875);
#5095 = AXIS2_PLACEMENT_3D('',#5096,#5097,#5098);
#5096 = CARTESIAN_POINT('',(223.46,-161.885,1.51));
#5097 = DIRECTION('',(-0.,0.,-1.));
#5098 = DIRECTION('',(-0.,-1.,0.));
#5099 = FACE_BOUND('',#5100,.T.);
#5100 = EDGE_LOOP('',(#5101));
#5101 = ORIENTED_EDGE('',*,*,#5102,.T.);
#5102 = EDGE_CURVE('',#5103,#5103,#5105,.T.);
#5103 = VERTEX_POINT('',#5104);
#5104 = CARTESIAN_POINT('',(228.54,-163.885,1.51));
#5105 = CIRCLE('',#5106,2.);
#5106 = AXIS2_PLACEMENT_3D('',#5107,#5108,#5109);
#5107 = CARTESIAN_POINT('',(228.54,-161.885,1.51));
#5108 = DIRECTION('',(-0.,0.,-1.));
#5109 = DIRECTION('',(-0.,-1.,0.));
#5110 = FACE_BOUND('',#5111,.T.);
#5111 = EDGE_LOOP('',(#5112));
#5112 = ORIENTED_EDGE('',*,*,#5113,.T.);
#5113 = EDGE_CURVE('',#5114,#5114,#5116,.T.);
#5114 = VERTEX_POINT('',#5115);
#5115 = CARTESIAN_POINT('',(224.73,-160.095,1.51));
#5116 = CIRCLE('',#5117,0.75);
#5117 = AXIS2_PLACEMENT_3D('',#5118,#5119,#5120);
#5118 = CARTESIAN_POINT('',(224.73,-159.345,1.51));
#5119 = DIRECTION('',(-0.,0.,-1.));
#5120 = DIRECTION('',(-0.,-1.,0.));
#5121 = FACE_BOUND('',#5122,.T.);
#5122 = EDGE_LOOP('',(#5123));
#5123 = ORIENTED_EDGE('',*,*,#5124,.T.);
#5124 = EDGE_CURVE('',#5125,#5125,#5127,.T.);
#5125 = VERTEX_POINT('',#5126);
#5126 = CARTESIAN_POINT('',(231.08,-157.555,1.51));
#5127 = CIRCLE('',#5128,0.75);
#5128 = AXIS2_PLACEMENT_3D('',#5129,#5130,#5131);
#5129 = CARTESIAN_POINT('',(231.08,-156.805,1.51));
#5130 = DIRECTION('',(-0.,0.,-1.));
#5131 = DIRECTION('',(-0.,-1.,0.));
#5132 = FACE_BOUND('',#5133,.T.);
#5133 = EDGE_LOOP('',(#5134));
#5134 = ORIENTED_EDGE('',*,*,#5135,.T.);
#5135 = EDGE_CURVE('',#5136,#5136,#5138,.T.);
#5136 = VERTEX_POINT('',#5137);
#5137 = CARTESIAN_POINT('',(233.62,-162.76,1.51));
#5138 = CIRCLE('',#5139,0.875);
#5139 = AXIS2_PLACEMENT_3D('',#5140,#5141,#5142);
#5140 = CARTESIAN_POINT('',(233.62,-161.885,1.51));
#5141 = DIRECTION('',(-0.,0.,-1.));
#5142 = DIRECTION('',(-0.,-1.,0.));
#5143 = FACE_BOUND('',#5144,.T.);
#5144 = EDGE_LOOP('',(#5145));
#5145 = ORIENTED_EDGE('',*,*,#5146,.T.);
#5146 = EDGE_CURVE('',#5147,#5147,#5149,.T.);
#5147 = VERTEX_POINT('',#5148);
#5148 = CARTESIAN_POINT('',(242.51,-162.76,1.51));
#5149 = CIRCLE('',#5150,0.875);
#5150 = AXIS2_PLACEMENT_3D('',#5151,#5152,#5153);
#5151 = CARTESIAN_POINT('',(242.51,-161.885,1.51));
#5152 = DIRECTION('',(-0.,0.,-1.));
#5153 = DIRECTION('',(-0.,-1.,0.));
#5154 = FACE_BOUND('',#5155,.T.);
#5155 = EDGE_LOOP('',(#5156));
#5156 = ORIENTED_EDGE('',*,*,#5157,.T.);
#5157 = EDGE_CURVE('',#5158,#5158,#5160,.T.);
#5158 = VERTEX_POINT('',#5159);
#5159 = CARTESIAN_POINT('',(247.59,-163.885,1.51));
#5160 = CIRCLE('',#5161,2.);
#5161 = AXIS2_PLACEMENT_3D('',#5162,#5163,#5164);
#5162 = CARTESIAN_POINT('',(247.59,-161.885,1.51));
#5163 = DIRECTION('',(-0.,0.,-1.));
#5164 = DIRECTION('',(-0.,-1.,0.));
#5165 = FACE_BOUND('',#5166,.T.);
#5166 = EDGE_LOOP('',(#5167));
#5167 = ORIENTED_EDGE('',*,*,#5168,.T.);
#5168 = EDGE_CURVE('',#5169,#5169,#5171,.T.);
#5169 = VERTEX_POINT('',#5170);
#5170 = CARTESIAN_POINT('',(243.78,-160.095,1.51));
#5171 = CIRCLE('',#5172,0.75);
#5172 = AXIS2_PLACEMENT_3D('',#5173,#5174,#5175);
#5173 = CARTESIAN_POINT('',(243.78,-159.345,1.51));
#5174 = DIRECTION('',(-0.,0.,-1.));
#5175 = DIRECTION('',(-0.,-1.,0.));
#5176 = FACE_BOUND('',#5177,.T.);
#5177 = EDGE_LOOP('',(#5178));
#5178 = ORIENTED_EDGE('',*,*,#5179,.T.);
#5179 = EDGE_CURVE('',#5180,#5180,#5182,.T.);
#5180 = VERTEX_POINT('',#5181);
#5181 = CARTESIAN_POINT('',(250.13,-157.555,1.51));
#5182 = CIRCLE('',#5183,0.75);
#5183 = AXIS2_PLACEMENT_3D('',#5184,#5185,#5186);
#5184 = CARTESIAN_POINT('',(250.13,-156.805,1.51));
#5185 = DIRECTION('',(-0.,0.,-1.));
#5186 = DIRECTION('',(-0.,-1.,0.));
#5187 = FACE_BOUND('',#5188,.T.);
#5188 = EDGE_LOOP('',(#5189));
#5189 = ORIENTED_EDGE('',*,*,#5190,.T.);
#5190 = EDGE_CURVE('',#5191,#5191,#5193,.T.);
#5191 = VERTEX_POINT('',#5192);
#5192 = CARTESIAN_POINT('',(252.67,-162.76,1.51));
#5193 = CIRCLE('',#5194,0.875);
#5194 = AXIS2_PLACEMENT_3D('',#5195,#5196,#5197);
#5195 = CARTESIAN_POINT('',(252.67,-161.885,1.51));
#5196 = DIRECTION('',(-0.,0.,-1.));
#5197 = DIRECTION('',(-0.,-1.,0.));
#5198 = FACE_BOUND('',#5199,.T.);
#5199 = EDGE_LOOP('',(#5200));
#5200 = ORIENTED_EDGE('',*,*,#5201,.T.);
#5201 = EDGE_CURVE('',#5202,#5202,#5204,.T.);
#5202 = VERTEX_POINT('',#5203);
#5203 = CARTESIAN_POINT('',(261.56,-162.76,1.51));
#5204 = CIRCLE('',#5205,0.875);
#5205 = AXIS2_PLACEMENT_3D('',#5206,#5207,#5208);
#5206 = CARTESIAN_POINT('',(261.56,-161.885,1.51));
#5207 = DIRECTION('',(-0.,0.,-1.));
#5208 = DIRECTION('',(-0.,-1.,0.));
#5209 = FACE_BOUND('',#5210,.T.);
#5210 = EDGE_LOOP('',(#5211));
#5211 = ORIENTED_EDGE('',*,*,#5212,.T.);
#5212 = EDGE_CURVE('',#5213,#5213,#5215,.T.);
#5213 = VERTEX_POINT('',#5214);
#5214 = CARTESIAN_POINT('',(266.64,-163.885,1.51));
#5215 = CIRCLE('',#5216,2.);
#5216 = AXIS2_PLACEMENT_3D('',#5217,#5218,#5219);
#5217 = CARTESIAN_POINT('',(266.64,-161.885,1.51));
#5218 = DIRECTION('',(-0.,0.,-1.));
#5219 = DIRECTION('',(-0.,-1.,0.));
#5220 = FACE_BOUND('',#5221,.T.);
#5221 = EDGE_LOOP('',(#5222));
#5222 = ORIENTED_EDGE('',*,*,#5223,.T.);
#5223 = EDGE_CURVE('',#5224,#5224,#5226,.T.);
#5224 = VERTEX_POINT('',#5225);
#5225 = CARTESIAN_POINT('',(271.72,-162.76,1.51));
#5226 = CIRCLE('',#5227,0.875);
#5227 = AXIS2_PLACEMENT_3D('',#5228,#5229,#5230);
#5228 = CARTESIAN_POINT('',(271.72,-161.885,1.51));
#5229 = DIRECTION('',(-0.,0.,-1.));
#5230 = DIRECTION('',(-0.,-1.,0.));
#5231 = FACE_BOUND('',#5232,.T.);
#5232 = EDGE_LOOP('',(#5233));
#5233 = ORIENTED_EDGE('',*,*,#5234,.T.);
#5234 = EDGE_CURVE('',#5235,#5235,#5237,.T.);
#5235 = VERTEX_POINT('',#5236);
#5236 = CARTESIAN_POINT('',(262.83,-160.095,1.51));
#5237 = CIRCLE('',#5238,0.75);
#5238 = AXIS2_PLACEMENT_3D('',#5239,#5240,#5241);
#5239 = CARTESIAN_POINT('',(262.83,-159.345,1.51));
#5240 = DIRECTION('',(-0.,0.,-1.));
#5241 = DIRECTION('',(-0.,-1.,0.));
#5242 = FACE_BOUND('',#5243,.T.);
#5243 = EDGE_LOOP('',(#5244));
#5244 = ORIENTED_EDGE('',*,*,#5245,.F.);
#5245 = EDGE_CURVE('',#5246,#5246,#5248,.T.);
#5246 = VERTEX_POINT('',#5247);
#5247 = CARTESIAN_POINT('',(258.305718,-154.741244,1.51));
#5248 = CIRCLE('',#5249,1.190626);
#5249 = AXIS2_PLACEMENT_3D('',#5250,#5251,#5252);
#5250 = CARTESIAN_POINT('',(257.115092,-154.741244,1.51));
#5251 = DIRECTION('',(0.,0.,1.));
#5252 = DIRECTION('',(1.,0.,0.));
#5253 = FACE_BOUND('',#5254,.T.);
#5254 = EDGE_LOOP('',(#5255));
#5255 = ORIENTED_EDGE('',*,*,#5256,.T.);
#5256 = EDGE_CURVE('',#5257,#5257,#5259,.T.);
#5257 = VERTEX_POINT('',#5258);
#5258 = CARTESIAN_POINT('',(269.18,-157.555,1.51));
#5259 = CIRCLE('',#5260,0.75);
#5260 = AXIS2_PLACEMENT_3D('',#5261,#5262,#5263);
#5261 = CARTESIAN_POINT('',(269.18,-156.805,1.51));
#5262 = DIRECTION('',(-0.,0.,-1.));
#5263 = DIRECTION('',(-0.,-1.,0.));
#5264 = PLANE('',#5265);
#5265 = AXIS2_PLACEMENT_3D('',#5266,#5267,#5268);
#5266 = CARTESIAN_POINT('',(0.,0.,1.51));
#5267 = DIRECTION('',(0.,0.,1.));
#5268 = DIRECTION('',(1.,0.,-0.));
#5269 = ADVANCED_FACE('',(#5270),#5281,.T.);
#5270 = FACE_BOUND('',#5271,.T.);
#5271 = EDGE_LOOP('',(#5272,#5278,#5279,#5280));
#5272 = ORIENTED_EDGE('',*,*,#5273,.T.);
#5273 = EDGE_CURVE('',#150,#2713,#5274,.T.);
#5274 = LINE('',#5275,#5276);
#5275 = CARTESIAN_POINT('',(109.4775,-152.764679,0.));
#5276 = VECTOR('',#5277,1.);
#5277 = DIRECTION('',(0.,0.,1.));
#5278 = ORIENTED_EDGE('',*,*,#2712,.T.);
#5279 = ORIENTED_EDGE('',*,*,#85,.F.);
#5280 = ORIENTED_EDGE('',*,*,#149,.F.);
#5281 = CYLINDRICAL_SURFACE('',#5282,1.000036811565);
#5282 = AXIS2_PLACEMENT_3D('',#5283,#5284,#5285);
#5283 = CARTESIAN_POINT('',(110.47753681088,-152.7647158108,0.));
#5284 = DIRECTION('',(0.,0.,-1.));
#5285 = DIRECTION('',(-0.999999999323,3.680953220726E-05,0.));
#5286 = ADVANCED_FACE('',(#5287),#5298,.T.);
#5287 = FACE_BOUND('',#5288,.T.);
#5288 = EDGE_LOOP('',(#5289,#5290,#5291,#5297));
#5289 = ORIENTED_EDGE('',*,*,#125,.T.);
#5290 = ORIENTED_EDGE('',*,*,#2881,.T.);
#5291 = ORIENTED_EDGE('',*,*,#5292,.F.);
#5292 = EDGE_CURVE('',#310,#2873,#5293,.T.);
#5293 = LINE('',#5294,#5295);
#5294 = CARTESIAN_POINT('',(276.165,-170.41,0.));
#5295 = VECTOR('',#5296,1.);
#5296 = DIRECTION('',(0.,0.,1.));
#5297 = ORIENTED_EDGE('',*,*,#318,.F.);
#5298 = PLANE('',#5299);
#5299 = AXIS2_PLACEMENT_3D('',#5300,#5301,#5302);
#5300 = CARTESIAN_POINT('',(276.165,-153.36,0.));
#5301 = DIRECTION('',(1.,0.,-0.));
#5302 = DIRECTION('',(0.,-1.,0.));
#5303 = ADVANCED_FACE('',(#5304),#5315,.T.);
#5304 = FACE_BOUND('',#5305,.T.);
#5305 = EDGE_LOOP('',(#5306,#5312,#5313,#5314));
#5306 = ORIENTED_EDGE('',*,*,#5307,.T.);
#5307 = EDGE_CURVE('',#159,#2722,#5308,.T.);
#5308 = LINE('',#5309,#5310);
#5309 = CARTESIAN_POINT('',(109.4775,-153.36,0.));
#5310 = VECTOR('',#5311,1.);
#5311 = DIRECTION('',(0.,0.,1.));
#5312 = ORIENTED_EDGE('',*,*,#2721,.T.);
#5313 = ORIENTED_EDGE('',*,*,#5273,.F.);
#5314 = ORIENTED_EDGE('',*,*,#158,.F.);
#5315 = PLANE('',#5316);
#5316 = AXIS2_PLACEMENT_3D('',#5317,#5318,#5319);
#5317 = CARTESIAN_POINT('',(109.4775,-153.36,0.));
#5318 = DIRECTION('',(-1.,0.,0.));
#5319 = DIRECTION('',(0.,1.,0.));
#5320 = ADVANCED_FACE('',(#5321),#5332,.T.);
#5321 = FACE_BOUND('',#5322,.T.);
#5322 = EDGE_LOOP('',(#5323,#5324,#5325,#5331));
#5323 = ORIENTED_EDGE('',*,*,#5292,.T.);
#5324 = ORIENTED_EDGE('',*,*,#2872,.T.);
#5325 = ORIENTED_EDGE('',*,*,#5326,.F.);
#5326 = EDGE_CURVE('',#302,#2865,#5327,.T.);
#5327 = LINE('',#5328,#5329);
#5328 = CARTESIAN_POINT('',(275.165,-171.41,0.));
#5329 = VECTOR('',#5330,1.);
#5330 = DIRECTION('',(0.,0.,1.));
#5331 = ORIENTED_EDGE('',*,*,#309,.F.);
#5332 = CYLINDRICAL_SURFACE('',#5333,0.999999252925);
#5333 = AXIS2_PLACEMENT_3D('',#5334,#5335,#5336);
#5334 = CARTESIAN_POINT('',(275.16500074707,-170.410000747,0.));
#5335 = DIRECTION('',(0.,0.,-1.));
#5336 = DIRECTION('',(1.,7.470757633757E-07,0.));
#5337 = ADVANCED_FACE('',(#5338),#5349,.T.);
#5338 = FACE_BOUND('',#5339,.T.);
#5339 = EDGE_LOOP('',(#5340,#5346,#5347,#5348));
#5340 = ORIENTED_EDGE('',*,*,#5341,.T.);
#5341 = EDGE_CURVE('',#167,#2730,#5342,.T.);
#5342 = LINE('',#5343,#5344);
#5343 = CARTESIAN_POINT('',(109.4775,-227.56,0.));
#5344 = VECTOR('',#5345,1.);
#5345 = DIRECTION('',(0.,0.,1.));
#5346 = ORIENTED_EDGE('',*,*,#2729,.T.);
#5347 = ORIENTED_EDGE('',*,*,#5307,.F.);
#5348 = ORIENTED_EDGE('',*,*,#166,.F.);
#5349 = PLANE('',#5350);
#5350 = AXIS2_PLACEMENT_3D('',#5351,#5352,#5353);
#5351 = CARTESIAN_POINT('',(109.4775,-227.56,0.));
#5352 = DIRECTION('',(-1.,0.,0.));
#5353 = DIRECTION('',(0.,1.,0.));
#5354 = ADVANCED_FACE('',(#5355),#5366,.T.);
#5355 = FACE_BOUND('',#5356,.T.);
#5356 = EDGE_LOOP('',(#5357,#5358,#5359,#5365));
#5357 = ORIENTED_EDGE('',*,*,#5326,.T.);
#5358 = ORIENTED_EDGE('',*,*,#2864,.T.);
#5359 = ORIENTED_EDGE('',*,*,#5360,.F.);
#5360 = EDGE_CURVE('',#293,#2856,#5361,.T.);
#5361 = LINE('',#5362,#5363);
#5362 = CARTESIAN_POINT('',(262.8775,-171.41,0.));
#5363 = VECTOR('',#5364,1.);
#5364 = DIRECTION('',(0.,0.,1.));
#5365 = ORIENTED_EDGE('',*,*,#301,.F.);
#5366 = PLANE('',#5367);
#5367 = AXIS2_PLACEMENT_3D('',#5368,#5369,#5370);
#5368 = CARTESIAN_POINT('',(275.165,-171.41,0.));
#5369 = DIRECTION('',(0.,-1.,0.));
#5370 = DIRECTION('',(-1.,0.,0.));
#5371 = ADVANCED_FACE('',(#5372),#5383,.T.);
#5372 = FACE_BOUND('',#5373,.T.);
#5373 = EDGE_LOOP('',(#5374,#5380,#5381,#5382));
#5374 = ORIENTED_EDGE('',*,*,#5375,.T.);
#5375 = EDGE_CURVE('',#175,#2738,#5376,.T.);
#5376 = LINE('',#5377,#5378);
#5377 = CARTESIAN_POINT('',(109.4775,-230.585,0.));
#5378 = VECTOR('',#5379,1.);
#5379 = DIRECTION('',(0.,0.,1.));
#5380 = ORIENTED_EDGE('',*,*,#2737,.T.);
#5381 = ORIENTED_EDGE('',*,*,#5341,.F.);
#5382 = ORIENTED_EDGE('',*,*,#174,.F.);
#5383 = PLANE('',#5384);
#5384 = AXIS2_PLACEMENT_3D('',#5385,#5386,#5387);
#5385 = CARTESIAN_POINT('',(109.4775,-230.585,0.));
#5386 = DIRECTION('',(-1.,0.,0.));
#5387 = DIRECTION('',(0.,1.,0.));
#5388 = ADVANCED_FACE('',(#5389),#5400,.F.);
#5389 = FACE_BOUND('',#5390,.T.);
#5390 = EDGE_LOOP('',(#5391,#5392,#5393,#5399));
#5391 = ORIENTED_EDGE('',*,*,#5360,.T.);
#5392 = ORIENTED_EDGE('',*,*,#2855,.T.);
#5393 = ORIENTED_EDGE('',*,*,#5394,.F.);
#5394 = EDGE_CURVE('',#285,#2848,#5395,.T.);
#5395 = LINE('',#5396,#5397);
#5396 = CARTESIAN_POINT('',(261.8775,-172.41,0.));
#5397 = VECTOR('',#5398,1.);
#5398 = DIRECTION('',(0.,0.,1.));
#5399 = ORIENTED_EDGE('',*,*,#292,.F.);
#5400 = CYLINDRICAL_SURFACE('',#5401,0.999999252925);
#5401 = AXIS2_PLACEMENT_3D('',#5402,#5403,#5404);
#5402 = CARTESIAN_POINT('',(262.87749925292,-172.4099992529,0.));
#5403 = DIRECTION('',(-0.,-0.,-1.));
#5404 = DIRECTION('',(7.470758202191E-07,1.,-0.));
#5405 = ADVANCED_FACE('',(#5406),#5417,.T.);
#5406 = FACE_BOUND('',#5407,.T.);
#5407 = EDGE_LOOP('',(#5408,#5414,#5415,#5416));
#5408 = ORIENTED_EDGE('',*,*,#5409,.T.);
#5409 = EDGE_CURVE('',#183,#2746,#5410,.T.);
#5410 = LINE('',#5411,#5412);
#5411 = CARTESIAN_POINT('',(110.4775,-231.585,0.));
#5412 = VECTOR('',#5413,1.);
#5413 = DIRECTION('',(0.,0.,1.));
#5414 = ORIENTED_EDGE('',*,*,#2745,.T.);
#5415 = ORIENTED_EDGE('',*,*,#5375,.F.);
#5416 = ORIENTED_EDGE('',*,*,#182,.F.);
#5417 = CYLINDRICAL_SURFACE('',#5418,0.999999252925);
#5418 = AXIS2_PLACEMENT_3D('',#5419,#5420,#5421);
#5419 = CARTESIAN_POINT('',(110.47749925292,-230.585000747,0.));
#5420 = DIRECTION('',(0.,0.,-1.));
#5421 = DIRECTION('',(7.47075720743E-07,-1.,0.));
#5422 = ADVANCED_FACE('',(#5423),#5434,.T.);
#5423 = FACE_BOUND('',#5424,.T.);
#5424 = EDGE_LOOP('',(#5425,#5426,#5427,#5433));
#5425 = ORIENTED_EDGE('',*,*,#5394,.T.);
#5426 = ORIENTED_EDGE('',*,*,#2847,.T.);
#5427 = ORIENTED_EDGE('',*,*,#5428,.F.);
#5428 = EDGE_CURVE('',#276,#2839,#5429,.T.);
#5429 = LINE('',#5430,#5431);
#5430 = CARTESIAN_POINT('',(261.8775,-189.46,0.));
#5431 = VECTOR('',#5432,1.);
#5432 = DIRECTION('',(0.,0.,1.));
#5433 = ORIENTED_EDGE('',*,*,#284,.F.);
#5434 = PLANE('',#5435);
#5435 = AXIS2_PLACEMENT_3D('',#5436,#5437,#5438);
#5436 = CARTESIAN_POINT('',(261.8775,-172.41,0.));
#5437 = DIRECTION('',(1.,0.,-0.));
#5438 = DIRECTION('',(0.,-1.,0.));
#5439 = ADVANCED_FACE('',(#5440),#5451,.T.);
#5440 = FACE_BOUND('',#5441,.T.);
#5441 = EDGE_LOOP('',(#5442,#5448,#5449,#5450));
#5442 = ORIENTED_EDGE('',*,*,#5443,.T.);
#5443 = EDGE_CURVE('',#192,#2755,#5444,.T.);
#5444 = LINE('',#5445,#5446);
#5445 = CARTESIAN_POINT('',(260.8775,-231.585,0.));
#5446 = VECTOR('',#5447,1.);
#5447 = DIRECTION('',(0.,0.,1.));
#5448 = ORIENTED_EDGE('',*,*,#2754,.T.);
#5449 = ORIENTED_EDGE('',*,*,#5409,.F.);
#5450 = ORIENTED_EDGE('',*,*,#191,.F.);
#5451 = PLANE('',#5452);
#5452 = AXIS2_PLACEMENT_3D('',#5453,#5454,#5455);
#5453 = CARTESIAN_POINT('',(260.8775,-231.585,0.));
#5454 = DIRECTION('',(0.,-1.,0.));
#5455 = DIRECTION('',(-1.,0.,0.));
#5456 = ADVANCED_FACE('',(#5457),#5468,.F.);
#5457 = FACE_BOUND('',#5458,.T.);
#5458 = EDGE_LOOP('',(#5459,#5460,#5461,#5467));
#5459 = ORIENTED_EDGE('',*,*,#5428,.T.);
#5460 = ORIENTED_EDGE('',*,*,#2838,.T.);
#5461 = ORIENTED_EDGE('',*,*,#5462,.F.);
#5462 = EDGE_CURVE('',#268,#2831,#5463,.T.);
#5463 = LINE('',#5464,#5465);
#5464 = CARTESIAN_POINT('',(262.8775,-190.46,0.));
#5465 = VECTOR('',#5466,1.);
#5466 = DIRECTION('',(0.,0.,1.));
#5467 = ORIENTED_EDGE('',*,*,#275,.F.);
#5468 = CYLINDRICAL_SURFACE('',#5469,0.999999252925);
#5469 = AXIS2_PLACEMENT_3D('',#5470,#5471,#5472);
#5470 = CARTESIAN_POINT('',(262.87749925292,-189.460000747,0.));
#5471 = DIRECTION('',(-0.,-0.,-1.));
#5472 = DIRECTION('',(-1.,7.470757349539E-07,0.));
#5473 = ADVANCED_FACE('',(#5474),#5485,.T.);
#5474 = FACE_BOUND('',#5475,.T.);
#5475 = EDGE_LOOP('',(#5476,#5482,#5483,#5484));
#5476 = ORIENTED_EDGE('',*,*,#5477,.T.);
#5477 = EDGE_CURVE('',#200,#2763,#5478,.T.);
#5478 = LINE('',#5479,#5480);
#5479 = CARTESIAN_POINT('',(261.8775,-230.585,0.));
#5480 = VECTOR('',#5481,1.);
#5481 = DIRECTION('',(0.,0.,1.));
#5482 = ORIENTED_EDGE('',*,*,#2762,.T.);
#5483 = ORIENTED_EDGE('',*,*,#5443,.F.);
#5484 = ORIENTED_EDGE('',*,*,#199,.F.);
#5485 = CYLINDRICAL_SURFACE('',#5486,0.999999252925);
#5486 = AXIS2_PLACEMENT_3D('',#5487,#5488,#5489);
#5487 = CARTESIAN_POINT('',(260.87750074707,-230.585000747,0.));
#5488 = DIRECTION('',(0.,0.,-1.));
#5489 = DIRECTION('',(1.,7.470757349539E-07,0.));
#5490 = ADVANCED_FACE('',(#5491),#5502,.T.);
#5491 = FACE_BOUND('',#5492,.T.);
#5492 = EDGE_LOOP('',(#5493,#5494,#5495,#5501));
#5493 = ORIENTED_EDGE('',*,*,#5462,.T.);
#5494 = ORIENTED_EDGE('',*,*,#2830,.T.);
#5495 = ORIENTED_EDGE('',*,*,#5496,.F.);
#5496 = EDGE_CURVE('',#259,#2822,#5497,.T.);
#5497 = LINE('',#5498,#5499);
#5498 = CARTESIAN_POINT('',(270.4025,-190.46,0.));
#5499 = VECTOR('',#5500,1.);
#5500 = DIRECTION('',(0.,0.,1.));
#5501 = ORIENTED_EDGE('',*,*,#267,.F.);
#5502 = PLANE('',#5503);
#5503 = AXIS2_PLACEMENT_3D('',#5504,#5505,#5506);
#5504 = CARTESIAN_POINT('',(262.8775,-190.46,0.));
#5505 = DIRECTION('',(0.,1.,0.));
#5506 = DIRECTION('',(1.,0.,0.));
#5507 = ADVANCED_FACE('',(#5508),#5519,.T.);
#5508 = FACE_BOUND('',#5509,.T.);
#5509 = EDGE_LOOP('',(#5510,#5516,#5517,#5518));
#5510 = ORIENTED_EDGE('',*,*,#5511,.T.);
#5511 = EDGE_CURVE('',#209,#2772,#5512,.T.);
#5512 = LINE('',#5513,#5514);
#5513 = CARTESIAN_POINT('',(261.8775,-227.56,0.));
#5514 = VECTOR('',#5515,1.);
#5515 = DIRECTION('',(0.,0.,1.));
#5516 = ORIENTED_EDGE('',*,*,#2771,.T.);
#5517 = ORIENTED_EDGE('',*,*,#5477,.F.);
#5518 = ORIENTED_EDGE('',*,*,#208,.F.);
#5519 = PLANE('',#5520);
#5520 = AXIS2_PLACEMENT_3D('',#5521,#5522,#5523);
#5521 = CARTESIAN_POINT('',(261.8775,-227.56,0.));
#5522 = DIRECTION('',(1.,0.,-0.));
#5523 = DIRECTION('',(0.,-1.,0.));
#5524 = ADVANCED_FACE('',(#5525),#5536,.T.);
#5525 = FACE_BOUND('',#5526,.T.);
#5526 = EDGE_LOOP('',(#5527,#5528,#5529,#5535));
#5527 = ORIENTED_EDGE('',*,*,#5496,.T.);
#5528 = ORIENTED_EDGE('',*,*,#2821,.T.);
#5529 = ORIENTED_EDGE('',*,*,#5530,.F.);
#5530 = EDGE_CURVE('',#251,#2814,#5531,.T.);
#5531 = LINE('',#5532,#5533);
#5532 = CARTESIAN_POINT('',(271.4025,-191.46,0.));
#5533 = VECTOR('',#5534,1.);
#5534 = DIRECTION('',(0.,0.,1.));
#5535 = ORIENTED_EDGE('',*,*,#258,.F.);
#5536 = CYLINDRICAL_SURFACE('',#5537,0.999999252925);
#5537 = AXIS2_PLACEMENT_3D('',#5538,#5539,#5540);
#5538 = CARTESIAN_POINT('',(270.40250074707,-191.4599992529,0.));
#5539 = DIRECTION('',(0.,0.,-1.));
#5540 = DIRECTION('',(-7.470758202191E-07,1.,0.));
#5541 = ADVANCED_FACE('',(#5542),#5553,.T.);
#5542 = FACE_BOUND('',#5543,.T.);
#5543 = EDGE_LOOP('',(#5544,#5550,#5551,#5552));
#5544 = ORIENTED_EDGE('',*,*,#5545,.T.);
#5545 = EDGE_CURVE('',#217,#2780,#5546,.T.);
#5546 = LINE('',#5547,#5548);
#5547 = CARTESIAN_POINT('',(261.8775,-210.51,0.));
#5548 = VECTOR('',#5549,1.);
#5549 = DIRECTION('',(0.,0.,1.));
#5550 = ORIENTED_EDGE('',*,*,#2779,.T.);
#5551 = ORIENTED_EDGE('',*,*,#5511,.F.);
#5552 = ORIENTED_EDGE('',*,*,#216,.F.);
#5553 = PLANE('',#5554);
#5554 = AXIS2_PLACEMENT_3D('',#5555,#5556,#5557);
#5555 = CARTESIAN_POINT('',(261.8775,-210.51,0.));
#5556 = DIRECTION('',(1.,0.,-0.));
#5557 = DIRECTION('',(0.,-1.,0.));
#5558 = ADVANCED_FACE('',(#5559),#5570,.T.);
#5559 = FACE_BOUND('',#5560,.T.);
#5560 = EDGE_LOOP('',(#5561,#5562,#5563,#5569));
#5561 = ORIENTED_EDGE('',*,*,#5530,.T.);
#5562 = ORIENTED_EDGE('',*,*,#2813,.T.);
#5563 = ORIENTED_EDGE('',*,*,#5564,.F.);
#5564 = EDGE_CURVE('',#242,#2805,#5565,.T.);
#5565 = LINE('',#5566,#5567);
#5566 = CARTESIAN_POINT('',(271.4025,-208.51,0.));
#5567 = VECTOR('',#5568,1.);
#5568 = DIRECTION('',(0.,0.,1.));
#5569 = ORIENTED_EDGE('',*,*,#250,.F.);
#5570 = PLANE('',#5571);
#5571 = AXIS2_PLACEMENT_3D('',#5572,#5573,#5574);
#5572 = CARTESIAN_POINT('',(271.4025,-191.46,0.));
#5573 = DIRECTION('',(1.,0.,-0.));
#5574 = DIRECTION('',(0.,-1.,0.));
#5575 = ADVANCED_FACE('',(#5576),#5587,.F.);
#5576 = FACE_BOUND('',#5577,.T.);
#5577 = EDGE_LOOP('',(#5578,#5584,#5585,#5586));
#5578 = ORIENTED_EDGE('',*,*,#5579,.T.);
#5579 = EDGE_CURVE('',#225,#2788,#5580,.T.);
#5580 = LINE('',#5581,#5582);
#5581 = CARTESIAN_POINT('',(262.8775,-209.51,0.));
#5582 = VECTOR('',#5583,1.);
#5583 = DIRECTION('',(0.,0.,1.));
#5584 = ORIENTED_EDGE('',*,*,#2787,.T.);
#5585 = ORIENTED_EDGE('',*,*,#5545,.F.);
#5586 = ORIENTED_EDGE('',*,*,#224,.F.);
#5587 = CYLINDRICAL_SURFACE('',#5588,0.999999252925);
#5588 = AXIS2_PLACEMENT_3D('',#5589,#5590,#5591);
#5589 = CARTESIAN_POINT('',(262.87749925292,-210.5099992529,0.));
#5590 = DIRECTION('',(-0.,-0.,-1.));
#5591 = DIRECTION('',(7.470757633756E-07,1.,-0.));
#5592 = ADVANCED_FACE('',(#5593),#5604,.T.);
#5593 = FACE_BOUND('',#5594,.T.);
#5594 = EDGE_LOOP('',(#5595,#5596,#5597,#5603));
#5595 = ORIENTED_EDGE('',*,*,#5564,.T.);
#5596 = ORIENTED_EDGE('',*,*,#2804,.T.);
#5597 = ORIENTED_EDGE('',*,*,#5598,.F.);
#5598 = EDGE_CURVE('',#234,#2797,#5599,.T.);
#5599 = LINE('',#5600,#5601);
#5600 = CARTESIAN_POINT('',(270.4025,-209.51,0.));
#5601 = VECTOR('',#5602,1.);
#5602 = DIRECTION('',(0.,0.,1.));
#5603 = ORIENTED_EDGE('',*,*,#241,.F.);
#5604 = CYLINDRICAL_SURFACE('',#5605,0.999999252925);
#5605 = AXIS2_PLACEMENT_3D('',#5606,#5607,#5608);
#5606 = CARTESIAN_POINT('',(270.40250074707,-208.510000747,0.));
#5607 = DIRECTION('',(0.,0.,-1.));
#5608 = DIRECTION('',(1.,7.470757633757E-07,0.));
#5609 = ADVANCED_FACE('',(#5610),#5616,.T.);
#5610 = FACE_BOUND('',#5611,.T.);
#5611 = EDGE_LOOP('',(#5612,#5613,#5614,#5615));
#5612 = ORIENTED_EDGE('',*,*,#5598,.T.);
#5613 = ORIENTED_EDGE('',*,*,#2796,.T.);
#5614 = ORIENTED_EDGE('',*,*,#5579,.F.);
#5615 = ORIENTED_EDGE('',*,*,#233,.F.);
#5616 = PLANE('',#5617);
#5617 = AXIS2_PLACEMENT_3D('',#5618,#5619,#5620);
#5618 = CARTESIAN_POINT('',(270.4025,-209.51,0.));
#5619 = DIRECTION('',(0.,-1.,0.));
#5620 = DIRECTION('',(-1.,0.,0.));
#5621 = ADVANCED_FACE('',(#5622),#5633,.F.);
#5622 = FACE_BOUND('',#5623,.T.);
#5623 = EDGE_LOOP('',(#5624,#5630,#5631,#5632));
#5624 = ORIENTED_EDGE('',*,*,#5625,.T.);
#5625 = EDGE_CURVE('',#328,#2891,#5626,.T.);
#5626 = LINE('',#5627,#5628);
#5627 = CARTESIAN_POINT('',(113.644659,-228.560056,0.));
#5628 = VECTOR('',#5629,1.);
#5629 = DIRECTION('',(0.,0.,1.));
#5630 = ORIENTED_EDGE('',*,*,#2890,.T.);
#5631 = ORIENTED_EDGE('',*,*,#5625,.F.);
#5632 = ORIENTED_EDGE('',*,*,#327,.F.);
#5633 = CYLINDRICAL_SURFACE('',#5634,1.190626);
#5634 = AXIS2_PLACEMENT_3D('',#5635,#5636,#5637);
#5635 = CARTESIAN_POINT('',(112.454033,-228.560056,0.));
#5636 = DIRECTION('',(-0.,-0.,-1.));
#5637 = DIRECTION('',(1.,0.,0.));
#5638 = ADVANCED_FACE('',(#5639),#5650,.F.);
#5639 = FACE_BOUND('',#5640,.T.);
#5640 = EDGE_LOOP('',(#5641,#5647,#5648,#5649));
#5641 = ORIENTED_EDGE('',*,*,#5642,.T.);
#5642 = EDGE_CURVE('',#339,#2902,#5643,.T.);
#5643 = LINE('',#5644,#5645);
#5644 = CARTESIAN_POINT('',(131.504049,-228.560056,0.));
#5645 = VECTOR('',#5646,1.);
#5646 = DIRECTION('',(0.,0.,1.));
#5647 = ORIENTED_EDGE('',*,*,#2901,.T.);
#5648 = ORIENTED_EDGE('',*,*,#5642,.F.);
#5649 = ORIENTED_EDGE('',*,*,#338,.F.);
#5650 = CYLINDRICAL_SURFACE('',#5651,1.190626);
#5651 = AXIS2_PLACEMENT_3D('',#5652,#5653,#5654);
#5652 = CARTESIAN_POINT('',(130.313423,-228.560056,0.));
#5653 = DIRECTION('',(-0.,-0.,-1.));
#5654 = DIRECTION('',(1.,0.,0.));
#5655 = ADVANCED_FACE('',(#5656),#5667,.F.);
#5656 = FACE_BOUND('',#5657,.T.);
#5657 = EDGE_LOOP('',(#5658,#5659,#5665,#5666));
#5658 = ORIENTED_EDGE('',*,*,#349,.T.);
#5659 = ORIENTED_EDGE('',*,*,#5660,.T.);
#5660 = EDGE_CURVE('',#350,#2913,#5661,.T.);
#5661 = LINE('',#5662,#5663);
#5662 = CARTESIAN_POINT('',(114.239972,-221.34004,-4.6E-02));
#5663 = VECTOR('',#5664,1.);
#5664 = DIRECTION('',(0.,0.,1.));
#5665 = ORIENTED_EDGE('',*,*,#2912,.F.);
#5666 = ORIENTED_EDGE('',*,*,#5660,.F.);
#5667 = CYLINDRICAL_SURFACE('',#5668,0.4);
#5668 = AXIS2_PLACEMENT_3D('',#5669,#5670,#5671);
#5669 = CARTESIAN_POINT('',(114.239972,-220.94004,-4.6E-02));
#5670 = DIRECTION('',(-0.,-0.,-1.));
#5671 = DIRECTION('',(-0.,-1.,0.));
#5672 = ADVANCED_FACE('',(#5673),#5684,.F.);
#5673 = FACE_BOUND('',#5674,.T.);
#5674 = EDGE_LOOP('',(#5675,#5676,#5682,#5683));
#5675 = ORIENTED_EDGE('',*,*,#360,.T.);
#5676 = ORIENTED_EDGE('',*,*,#5677,.T.);
#5677 = EDGE_CURVE('',#361,#2924,#5678,.T.);
#5678 = LINE('',#5679,#5680);
#5679 = CARTESIAN_POINT('',(116.621224,-221.34004,-4.6E-02));
#5680 = VECTOR('',#5681,1.);
#5681 = DIRECTION('',(0.,0.,1.));
#5682 = ORIENTED_EDGE('',*,*,#2923,.F.);
#5683 = ORIENTED_EDGE('',*,*,#5677,.F.);
#5684 = CYLINDRICAL_SURFACE('',#5685,0.4);
#5685 = AXIS2_PLACEMENT_3D('',#5686,#5687,#5688);
#5686 = CARTESIAN_POINT('',(116.621224,-220.94004,-4.6E-02));
#5687 = DIRECTION('',(-0.,-0.,-1.));
#5688 = DIRECTION('',(-3.5527136788E-14,-1.,0.));
#5689 = ADVANCED_FACE('',(#5690),#5701,.F.);
#5690 = FACE_BOUND('',#5691,.T.);
#5691 = EDGE_LOOP('',(#5692,#5693,#5699,#5700));
#5692 = ORIENTED_EDGE('',*,*,#371,.T.);
#5693 = ORIENTED_EDGE('',*,*,#5694,.T.);
#5694 = EDGE_CURVE('',#372,#2935,#5695,.T.);
#5695 = LINE('',#5696,#5697);
#5696 = CARTESIAN_POINT('',(119.002476,-221.34004,-4.6E-02));
#5697 = VECTOR('',#5698,1.);
#5698 = DIRECTION('',(0.,0.,1.));
#5699 = ORIENTED_EDGE('',*,*,#2934,.F.);
#5700 = ORIENTED_EDGE('',*,*,#5694,.F.);
#5701 = CYLINDRICAL_SURFACE('',#5702,0.4);
#5702 = AXIS2_PLACEMENT_3D('',#5703,#5704,#5705);
#5703 = CARTESIAN_POINT('',(119.002476,-220.94004,-4.6E-02));
#5704 = DIRECTION('',(-0.,-0.,-1.));
#5705 = DIRECTION('',(-0.,-1.,0.));
#5706 = ADVANCED_FACE('',(#5707),#5718,.F.);
#5707 = FACE_BOUND('',#5708,.T.);
#5708 = EDGE_LOOP('',(#5709,#5710,#5716,#5717));
#5709 = ORIENTED_EDGE('',*,*,#382,.T.);
#5710 = ORIENTED_EDGE('',*,*,#5711,.T.);
#5711 = EDGE_CURVE('',#383,#2946,#5712,.T.);
#5712 = LINE('',#5713,#5714);
#5713 = CARTESIAN_POINT('',(121.383728,-221.34004,-4.6E-02));
#5714 = VECTOR('',#5715,1.);
#5715 = DIRECTION('',(0.,0.,1.));
#5716 = ORIENTED_EDGE('',*,*,#2945,.F.);
#5717 = ORIENTED_EDGE('',*,*,#5711,.F.);
#5718 = CYLINDRICAL_SURFACE('',#5719,0.4);
#5719 = AXIS2_PLACEMENT_3D('',#5720,#5721,#5722);
#5720 = CARTESIAN_POINT('',(121.383728,-220.94004,-4.6E-02));
#5721 = DIRECTION('',(-0.,0.,-1.));
#5722 = DIRECTION('',(3.5527136788E-14,-1.,-0.));
#5723 = ADVANCED_FACE('',(#5724),#5735,.F.);
#5724 = FACE_BOUND('',#5725,.T.);
#5725 = EDGE_LOOP('',(#5726,#5727,#5733,#5734));
#5726 = ORIENTED_EDGE('',*,*,#393,.T.);
#5727 = ORIENTED_EDGE('',*,*,#5728,.T.);
#5728 = EDGE_CURVE('',#394,#2957,#5729,.T.);
#5729 = LINE('',#5730,#5731);
#5730 = CARTESIAN_POINT('',(123.76498,-221.34004,-4.6E-02));
#5731 = VECTOR('',#5732,1.);
#5732 = DIRECTION('',(0.,0.,1.));
#5733 = ORIENTED_EDGE('',*,*,#2956,.F.);
#5734 = ORIENTED_EDGE('',*,*,#5728,.F.);
#5735 = CYLINDRICAL_SURFACE('',#5736,0.4);
#5736 = AXIS2_PLACEMENT_3D('',#5737,#5738,#5739);
#5737 = CARTESIAN_POINT('',(123.76498,-220.94004,-4.6E-02));
#5738 = DIRECTION('',(-0.,-0.,-1.));
#5739 = DIRECTION('',(-3.5527136788E-14,-1.,0.));
#5740 = ADVANCED_FACE('',(#5741),#5752,.F.);
#5741 = FACE_BOUND('',#5742,.T.);
#5742 = EDGE_LOOP('',(#5743,#5744,#5750,#5751));
#5743 = ORIENTED_EDGE('',*,*,#404,.T.);
#5744 = ORIENTED_EDGE('',*,*,#5745,.T.);
#5745 = EDGE_CURVE('',#405,#2968,#5746,.T.);
#5746 = LINE('',#5747,#5748);
#5747 = CARTESIAN_POINT('',(126.146232,-221.34004,-4.6E-02));
#5748 = VECTOR('',#5749,1.);
#5749 = DIRECTION('',(0.,0.,1.));
#5750 = ORIENTED_EDGE('',*,*,#2967,.F.);
#5751 = ORIENTED_EDGE('',*,*,#5745,.F.);
#5752 = CYLINDRICAL_SURFACE('',#5753,0.4);
#5753 = AXIS2_PLACEMENT_3D('',#5754,#5755,#5756);
#5754 = CARTESIAN_POINT('',(126.146232,-220.94004,-4.6E-02));
#5755 = DIRECTION('',(-0.,-0.,-1.));
#5756 = DIRECTION('',(-0.,-1.,0.));
#5757 = ADVANCED_FACE('',(#5758),#5769,.F.);
#5758 = FACE_BOUND('',#5759,.T.);
#5759 = EDGE_LOOP('',(#5760,#5761,#5767,#5768));
#5760 = ORIENTED_EDGE('',*,*,#415,.T.);
#5761 = ORIENTED_EDGE('',*,*,#5762,.T.);
#5762 = EDGE_CURVE('',#416,#2979,#5763,.T.);
#5763 = LINE('',#5764,#5765);
#5764 = CARTESIAN_POINT('',(128.5275,-221.345,-4.6E-02));
#5765 = VECTOR('',#5766,1.);
#5766 = DIRECTION('',(0.,0.,1.));
#5767 = ORIENTED_EDGE('',*,*,#2978,.F.);
#5768 = ORIENTED_EDGE('',*,*,#5762,.F.);
#5769 = CYLINDRICAL_SURFACE('',#5770,0.4);
#5770 = AXIS2_PLACEMENT_3D('',#5771,#5772,#5773);
#5771 = CARTESIAN_POINT('',(128.5275,-220.945,-4.6E-02));
#5772 = DIRECTION('',(-0.,-0.,-1.));
#5773 = DIRECTION('',(-0.,-1.,0.));
#5774 = ADVANCED_FACE('',(#5775),#5786,.F.);
#5775 = FACE_BOUND('',#5776,.T.);
#5776 = EDGE_LOOP('',(#5777,#5778,#5784,#5785));
#5777 = ORIENTED_EDGE('',*,*,#426,.T.);
#5778 = ORIENTED_EDGE('',*,*,#5779,.T.);
#5779 = EDGE_CURVE('',#427,#2990,#5780,.T.);
#5780 = LINE('',#5781,#5782);
#5781 = CARTESIAN_POINT('',(114.239972,-213.72004,-4.6E-02));
#5782 = VECTOR('',#5783,1.);
#5783 = DIRECTION('',(0.,0.,1.));
#5784 = ORIENTED_EDGE('',*,*,#2989,.F.);
#5785 = ORIENTED_EDGE('',*,*,#5779,.F.);
#5786 = CYLINDRICAL_SURFACE('',#5787,0.4);
#5787 = AXIS2_PLACEMENT_3D('',#5788,#5789,#5790);
#5788 = CARTESIAN_POINT('',(114.239972,-213.32004,-4.6E-02));
#5789 = DIRECTION('',(-0.,-0.,-1.));
#5790 = DIRECTION('',(-0.,-1.,0.));
#5791 = ADVANCED_FACE('',(#5792),#5803,.F.);
#5792 = FACE_BOUND('',#5793,.T.);
#5793 = EDGE_LOOP('',(#5794,#5795,#5801,#5802));
#5794 = ORIENTED_EDGE('',*,*,#437,.T.);
#5795 = ORIENTED_EDGE('',*,*,#5796,.T.);
#5796 = EDGE_CURVE('',#438,#3001,#5797,.T.);
#5797 = LINE('',#5798,#5799);
#5798 = CARTESIAN_POINT('',(116.621224,-213.72004,-4.6E-02));
#5799 = VECTOR('',#5800,1.);
#5800 = DIRECTION('',(0.,0.,1.));
#5801 = ORIENTED_EDGE('',*,*,#3000,.F.);
#5802 = ORIENTED_EDGE('',*,*,#5796,.F.);
#5803 = CYLINDRICAL_SURFACE('',#5804,0.4);
#5804 = AXIS2_PLACEMENT_3D('',#5805,#5806,#5807);
#5805 = CARTESIAN_POINT('',(116.621224,-213.32004,-4.6E-02));
#5806 = DIRECTION('',(-0.,-0.,-1.));
#5807 = DIRECTION('',(-3.5527136788E-14,-1.,0.));
#5808 = ADVANCED_FACE('',(#5809),#5820,.F.);
#5809 = FACE_BOUND('',#5810,.T.);
#5810 = EDGE_LOOP('',(#5811,#5812,#5818,#5819));
#5811 = ORIENTED_EDGE('',*,*,#448,.T.);
#5812 = ORIENTED_EDGE('',*,*,#5813,.T.);
#5813 = EDGE_CURVE('',#449,#3012,#5814,.T.);
#5814 = LINE('',#5815,#5816);
#5815 = CARTESIAN_POINT('',(119.002476,-213.72004,-4.6E-02));
#5816 = VECTOR('',#5817,1.);
#5817 = DIRECTION('',(0.,0.,1.));
#5818 = ORIENTED_EDGE('',*,*,#3011,.F.);
#5819 = ORIENTED_EDGE('',*,*,#5813,.F.);
#5820 = CYLINDRICAL_SURFACE('',#5821,0.4);
#5821 = AXIS2_PLACEMENT_3D('',#5822,#5823,#5824);
#5822 = CARTESIAN_POINT('',(119.002476,-213.32004,-4.6E-02));
#5823 = DIRECTION('',(-0.,-0.,-1.));
#5824 = DIRECTION('',(-0.,-1.,0.));
#5825 = ADVANCED_FACE('',(#5826),#5837,.F.);
#5826 = FACE_BOUND('',#5827,.T.);
#5827 = EDGE_LOOP('',(#5828,#5829,#5835,#5836));
#5828 = ORIENTED_EDGE('',*,*,#459,.T.);
#5829 = ORIENTED_EDGE('',*,*,#5830,.T.);
#5830 = EDGE_CURVE('',#460,#3023,#5831,.T.);
#5831 = LINE('',#5832,#5833);
#5832 = CARTESIAN_POINT('',(111.85872,-211.57691,-4.6E-02));
#5833 = VECTOR('',#5834,1.);
#5834 = DIRECTION('',(0.,0.,1.));
#5835 = ORIENTED_EDGE('',*,*,#3022,.F.);
#5836 = ORIENTED_EDGE('',*,*,#5830,.F.);
#5837 = CYLINDRICAL_SURFACE('',#5838,0.4);
#5838 = AXIS2_PLACEMENT_3D('',#5839,#5840,#5841);
#5839 = CARTESIAN_POINT('',(111.85872,-211.17691,-4.6E-02));
#5840 = DIRECTION('',(-0.,-0.,-1.));
#5841 = DIRECTION('',(-0.,-1.,0.));
#5842 = ADVANCED_FACE('',(#5843),#5854,.F.);
#5843 = FACE_BOUND('',#5844,.T.);
#5844 = EDGE_LOOP('',(#5845,#5846,#5852,#5853));
#5845 = ORIENTED_EDGE('',*,*,#470,.T.);
#5846 = ORIENTED_EDGE('',*,*,#5847,.T.);
#5847 = EDGE_CURVE('',#471,#3034,#5848,.T.);
#5848 = LINE('',#5849,#5850);
#5849 = CARTESIAN_POINT('',(114.239972,-211.57691,-4.6E-02));
#5850 = VECTOR('',#5851,1.);
#5851 = DIRECTION('',(0.,0.,1.));
#5852 = ORIENTED_EDGE('',*,*,#3033,.F.);
#5853 = ORIENTED_EDGE('',*,*,#5847,.F.);
#5854 = CYLINDRICAL_SURFACE('',#5855,0.4);
#5855 = AXIS2_PLACEMENT_3D('',#5856,#5857,#5858);
#5856 = CARTESIAN_POINT('',(114.239972,-211.17691,-4.6E-02));
#5857 = DIRECTION('',(-0.,-0.,-1.));
#5858 = DIRECTION('',(-0.,-1.,0.));
#5859 = ADVANCED_FACE('',(#5860),#5871,.F.);
#5860 = FACE_BOUND('',#5861,.T.);
#5861 = EDGE_LOOP('',(#5862,#5863,#5869,#5870));
#5862 = ORIENTED_EDGE('',*,*,#481,.T.);
#5863 = ORIENTED_EDGE('',*,*,#5864,.T.);
#5864 = EDGE_CURVE('',#482,#3045,#5865,.T.);
#5865 = LINE('',#5866,#5867);
#5866 = CARTESIAN_POINT('',(116.621224,-211.57691,-4.6E-02));
#5867 = VECTOR('',#5868,1.);
#5868 = DIRECTION('',(0.,0.,1.));
#5869 = ORIENTED_EDGE('',*,*,#3044,.F.);
#5870 = ORIENTED_EDGE('',*,*,#5864,.F.);
#5871 = CYLINDRICAL_SURFACE('',#5872,0.4);
#5872 = AXIS2_PLACEMENT_3D('',#5873,#5874,#5875);
#5873 = CARTESIAN_POINT('',(116.621224,-211.17691,-4.6E-02));
#5874 = DIRECTION('',(-0.,-0.,-1.));
#5875 = DIRECTION('',(-3.552713678801E-14,-1.,0.));
#5876 = ADVANCED_FACE('',(#5877),#5888,.F.);
#5877 = FACE_BOUND('',#5878,.T.);
#5878 = EDGE_LOOP('',(#5879,#5880,#5886,#5887));
#5879 = ORIENTED_EDGE('',*,*,#492,.T.);
#5880 = ORIENTED_EDGE('',*,*,#5881,.T.);
#5881 = EDGE_CURVE('',#493,#3056,#5882,.T.);
#5882 = LINE('',#5883,#5884);
#5883 = CARTESIAN_POINT('',(119.002476,-211.57691,-4.6E-02));
#5884 = VECTOR('',#5885,1.);
#5885 = DIRECTION('',(0.,0.,1.));
#5886 = ORIENTED_EDGE('',*,*,#3055,.F.);
#5887 = ORIENTED_EDGE('',*,*,#5881,.F.);
#5888 = CYLINDRICAL_SURFACE('',#5889,0.4);
#5889 = AXIS2_PLACEMENT_3D('',#5890,#5891,#5892);
#5890 = CARTESIAN_POINT('',(119.002476,-211.17691,-4.6E-02));
#5891 = DIRECTION('',(-0.,-0.,-1.));
#5892 = DIRECTION('',(-0.,-1.,0.));
#5893 = ADVANCED_FACE('',(#5894),#5905,.F.);
#5894 = FACE_BOUND('',#5895,.T.);
#5895 = EDGE_LOOP('',(#5896,#5897,#5903,#5904));
#5896 = ORIENTED_EDGE('',*,*,#503,.T.);
#5897 = ORIENTED_EDGE('',*,*,#5898,.T.);
#5898 = EDGE_CURVE('',#504,#3067,#5899,.T.);
#5899 = LINE('',#5900,#5901);
#5900 = CARTESIAN_POINT('',(121.383728,-213.72004,-4.6E-02));
#5901 = VECTOR('',#5902,1.);
#5902 = DIRECTION('',(0.,0.,1.));
#5903 = ORIENTED_EDGE('',*,*,#3066,.F.);
#5904 = ORIENTED_EDGE('',*,*,#5898,.F.);
#5905 = CYLINDRICAL_SURFACE('',#5906,0.4);
#5906 = AXIS2_PLACEMENT_3D('',#5907,#5908,#5909);
#5907 = CARTESIAN_POINT('',(121.383728,-213.32004,-4.6E-02));
#5908 = DIRECTION('',(-0.,0.,-1.));
#5909 = DIRECTION('',(3.5527136788E-14,-1.,-0.));
#5910 = ADVANCED_FACE('',(#5911),#5922,.F.);
#5911 = FACE_BOUND('',#5912,.T.);
#5912 = EDGE_LOOP('',(#5913,#5914,#5920,#5921));
#5913 = ORIENTED_EDGE('',*,*,#514,.T.);
#5914 = ORIENTED_EDGE('',*,*,#5915,.T.);
#5915 = EDGE_CURVE('',#515,#3078,#5916,.T.);
#5916 = LINE('',#5917,#5918);
#5917 = CARTESIAN_POINT('',(123.76498,-213.72004,-4.6E-02));
#5918 = VECTOR('',#5919,1.);
#5919 = DIRECTION('',(0.,0.,1.));
#5920 = ORIENTED_EDGE('',*,*,#3077,.F.);
#5921 = ORIENTED_EDGE('',*,*,#5915,.F.);
#5922 = CYLINDRICAL_SURFACE('',#5923,0.4);
#5923 = AXIS2_PLACEMENT_3D('',#5924,#5925,#5926);
#5924 = CARTESIAN_POINT('',(123.76498,-213.32004,-4.6E-02));
#5925 = DIRECTION('',(-0.,-0.,-1.));
#5926 = DIRECTION('',(-3.5527136788E-14,-1.,0.));
#5927 = ADVANCED_FACE('',(#5928),#5939,.F.);
#5928 = FACE_BOUND('',#5929,.T.);
#5929 = EDGE_LOOP('',(#5930,#5931,#5937,#5938));
#5930 = ORIENTED_EDGE('',*,*,#525,.T.);
#5931 = ORIENTED_EDGE('',*,*,#5932,.T.);
#5932 = EDGE_CURVE('',#526,#3089,#5933,.T.);
#5933 = LINE('',#5934,#5935);
#5934 = CARTESIAN_POINT('',(126.146232,-213.72004,-4.6E-02));
#5935 = VECTOR('',#5936,1.);
#5936 = DIRECTION('',(0.,0.,1.));
#5937 = ORIENTED_EDGE('',*,*,#3088,.F.);
#5938 = ORIENTED_EDGE('',*,*,#5932,.F.);
#5939 = CYLINDRICAL_SURFACE('',#5940,0.4);
#5940 = AXIS2_PLACEMENT_3D('',#5941,#5942,#5943);
#5941 = CARTESIAN_POINT('',(126.146232,-213.32004,-4.6E-02));
#5942 = DIRECTION('',(-0.,-0.,-1.));
#5943 = DIRECTION('',(-0.,-1.,0.));
#5944 = ADVANCED_FACE('',(#5945),#5956,.F.);
#5945 = FACE_BOUND('',#5946,.T.);
#5946 = EDGE_LOOP('',(#5947,#5948,#5954,#5955));
#5947 = ORIENTED_EDGE('',*,*,#536,.T.);
#5948 = ORIENTED_EDGE('',*,*,#5949,.T.);
#5949 = EDGE_CURVE('',#537,#3100,#5950,.T.);
#5950 = LINE('',#5951,#5952);
#5951 = CARTESIAN_POINT('',(128.5275,-213.725,-4.6E-02));
#5952 = VECTOR('',#5953,1.);
#5953 = DIRECTION('',(0.,0.,1.));
#5954 = ORIENTED_EDGE('',*,*,#3099,.F.);
#5955 = ORIENTED_EDGE('',*,*,#5949,.F.);
#5956 = CYLINDRICAL_SURFACE('',#5957,0.4);
#5957 = AXIS2_PLACEMENT_3D('',#5958,#5959,#5960);
#5958 = CARTESIAN_POINT('',(128.5275,-213.325,-4.6E-02));
#5959 = DIRECTION('',(-0.,-0.,-1.));
#5960 = DIRECTION('',(-0.,-1.,0.));
#5961 = ADVANCED_FACE('',(#5962),#5973,.F.);
#5962 = FACE_BOUND('',#5963,.T.);
#5963 = EDGE_LOOP('',(#5964,#5965,#5971,#5972));
#5964 = ORIENTED_EDGE('',*,*,#547,.T.);
#5965 = ORIENTED_EDGE('',*,*,#5966,.T.);
#5966 = EDGE_CURVE('',#548,#3111,#5967,.T.);
#5967 = LINE('',#5968,#5969);
#5968 = CARTESIAN_POINT('',(121.383728,-211.57691,-4.6E-02));
#5969 = VECTOR('',#5970,1.);
#5970 = DIRECTION('',(0.,0.,1.));
#5971 = ORIENTED_EDGE('',*,*,#3110,.F.);
#5972 = ORIENTED_EDGE('',*,*,#5966,.F.);
#5973 = CYLINDRICAL_SURFACE('',#5974,0.4);
#5974 = AXIS2_PLACEMENT_3D('',#5975,#5976,#5977);
#5975 = CARTESIAN_POINT('',(121.383728,-211.17691,-4.6E-02));
#5976 = DIRECTION('',(-0.,0.,-1.));
#5977 = DIRECTION('',(3.5527136788E-14,-1.,-0.));
#5978 = ADVANCED_FACE('',(#5979),#5990,.F.);
#5979 = FACE_BOUND('',#5980,.T.);
#5980 = EDGE_LOOP('',(#5981,#5982,#5988,#5989));
#5981 = ORIENTED_EDGE('',*,*,#558,.T.);
#5982 = ORIENTED_EDGE('',*,*,#5983,.T.);
#5983 = EDGE_CURVE('',#559,#3122,#5984,.T.);
#5984 = LINE('',#5985,#5986);
#5985 = CARTESIAN_POINT('',(123.76498,-211.57691,-4.6E-02));
#5986 = VECTOR('',#5987,1.);
#5987 = DIRECTION('',(0.,0.,1.));
#5988 = ORIENTED_EDGE('',*,*,#3121,.F.);
#5989 = ORIENTED_EDGE('',*,*,#5983,.F.);
#5990 = CYLINDRICAL_SURFACE('',#5991,0.4);
#5991 = AXIS2_PLACEMENT_3D('',#5992,#5993,#5994);
#5992 = CARTESIAN_POINT('',(123.76498,-211.17691,-4.6E-02));
#5993 = DIRECTION('',(-0.,-0.,-1.));
#5994 = DIRECTION('',(-3.552713678801E-14,-1.,0.));
#5995 = ADVANCED_FACE('',(#5996),#6007,.F.);
#5996 = FACE_BOUND('',#5997,.T.);
#5997 = EDGE_LOOP('',(#5998,#5999,#6005,#6006));
#5998 = ORIENTED_EDGE('',*,*,#569,.T.);
#5999 = ORIENTED_EDGE('',*,*,#6000,.T.);
#6000 = EDGE_CURVE('',#570,#3133,#6001,.T.);
#6001 = LINE('',#6002,#6003);
#6002 = CARTESIAN_POINT('',(126.146232,-211.57691,-4.6E-02));
#6003 = VECTOR('',#6004,1.);
#6004 = DIRECTION('',(0.,0.,1.));
#6005 = ORIENTED_EDGE('',*,*,#3132,.F.);
#6006 = ORIENTED_EDGE('',*,*,#6000,.F.);
#6007 = CYLINDRICAL_SURFACE('',#6008,0.4);
#6008 = AXIS2_PLACEMENT_3D('',#6009,#6010,#6011);
#6009 = CARTESIAN_POINT('',(126.146232,-211.17691,-4.6E-02));
#6010 = DIRECTION('',(-0.,-0.,-1.));
#6011 = DIRECTION('',(-0.,-1.,0.));
#6012 = ADVANCED_FACE('',(#6013),#6024,.F.);
#6013 = FACE_BOUND('',#6014,.T.);
#6014 = EDGE_LOOP('',(#6015,#6016,#6022,#6023));
#6015 = ORIENTED_EDGE('',*,*,#580,.T.);
#6016 = ORIENTED_EDGE('',*,*,#6017,.T.);
#6017 = EDGE_CURVE('',#581,#3144,#6018,.T.);
#6018 = LINE('',#6019,#6020);
#6019 = CARTESIAN_POINT('',(128.527484,-211.57691,-4.6E-02));
#6020 = VECTOR('',#6021,1.);
#6021 = DIRECTION('',(0.,0.,1.));
#6022 = ORIENTED_EDGE('',*,*,#3143,.F.);
#6023 = ORIENTED_EDGE('',*,*,#6017,.F.);
#6024 = CYLINDRICAL_SURFACE('',#6025,0.4);
#6025 = AXIS2_PLACEMENT_3D('',#6026,#6027,#6028);
#6026 = CARTESIAN_POINT('',(128.527484,-211.17691,-4.6E-02));
#6027 = DIRECTION('',(-0.,-0.,-1.));
#6028 = DIRECTION('',(-7.105427357601E-14,-1.,0.));
#6029 = ADVANCED_FACE('',(#6030),#6041,.F.);
#6030 = FACE_BOUND('',#6031,.T.);
#6031 = EDGE_LOOP('',(#6032,#6033,#6039,#6040));
#6032 = ORIENTED_EDGE('',*,*,#591,.T.);
#6033 = ORIENTED_EDGE('',*,*,#6034,.T.);
#6034 = EDGE_CURVE('',#592,#3155,#6035,.T.);
#6035 = LINE('',#6036,#6037);
#6036 = CARTESIAN_POINT('',(130.908736,-211.57691,-4.6E-02));
#6037 = VECTOR('',#6038,1.);
#6038 = DIRECTION('',(0.,0.,1.));
#6039 = ORIENTED_EDGE('',*,*,#3154,.F.);
#6040 = ORIENTED_EDGE('',*,*,#6034,.F.);
#6041 = CYLINDRICAL_SURFACE('',#6042,0.4);
#6042 = AXIS2_PLACEMENT_3D('',#6043,#6044,#6045);
#6043 = CARTESIAN_POINT('',(130.908736,-211.17691,-4.6E-02));
#6044 = DIRECTION('',(-0.,-0.,-1.));
#6045 = DIRECTION('',(-0.,-1.,0.));
#6046 = ADVANCED_FACE('',(#6047),#6058,.F.);
#6047 = FACE_BOUND('',#6048,.T.);
#6048 = EDGE_LOOP('',(#6049,#6050,#6056,#6057));
#6049 = ORIENTED_EDGE('',*,*,#602,.T.);
#6050 = ORIENTED_EDGE('',*,*,#6051,.T.);
#6051 = EDGE_CURVE('',#603,#3166,#6052,.T.);
#6052 = LINE('',#6053,#6054);
#6053 = CARTESIAN_POINT('',(142.4975,-219.91,-4.6E-02));
#6054 = VECTOR('',#6055,1.);
#6055 = DIRECTION('',(0.,0.,1.));
#6056 = ORIENTED_EDGE('',*,*,#3165,.F.);
#6057 = ORIENTED_EDGE('',*,*,#6051,.F.);
#6058 = CYLINDRICAL_SURFACE('',#6059,0.875);
#6059 = AXIS2_PLACEMENT_3D('',#6060,#6061,#6062);
#6060 = CARTESIAN_POINT('',(142.4975,-219.035,-4.6E-02));
#6061 = DIRECTION('',(-0.,-0.,-1.));
#6062 = DIRECTION('',(-0.,-1.,0.));
#6063 = ADVANCED_FACE('',(#6064),#6075,.F.);
#6064 = FACE_BOUND('',#6065,.T.);
#6065 = EDGE_LOOP('',(#6066,#6067,#6073,#6074));
#6066 = ORIENTED_EDGE('',*,*,#613,.T.);
#6067 = ORIENTED_EDGE('',*,*,#6068,.T.);
#6068 = EDGE_CURVE('',#614,#3177,#6069,.T.);
#6069 = LINE('',#6070,#6071);
#6070 = CARTESIAN_POINT('',(147.5775,-221.035,-4.6E-02));
#6071 = VECTOR('',#6072,1.);
#6072 = DIRECTION('',(0.,0.,1.));
#6073 = ORIENTED_EDGE('',*,*,#3176,.F.);
#6074 = ORIENTED_EDGE('',*,*,#6068,.F.);
#6075 = CYLINDRICAL_SURFACE('',#6076,2.);
#6076 = AXIS2_PLACEMENT_3D('',#6077,#6078,#6079);
#6077 = CARTESIAN_POINT('',(147.5775,-219.035,-4.6E-02));
#6078 = DIRECTION('',(-0.,-0.,-1.));
#6079 = DIRECTION('',(-0.,-1.,0.));
#6080 = ADVANCED_FACE('',(#6081),#6092,.F.);
#6081 = FACE_BOUND('',#6082,.T.);
#6082 = EDGE_LOOP('',(#6083,#6084,#6090,#6091));
#6083 = ORIENTED_EDGE('',*,*,#624,.T.);
#6084 = ORIENTED_EDGE('',*,*,#6085,.T.);
#6085 = EDGE_CURVE('',#625,#3188,#6086,.T.);
#6086 = LINE('',#6087,#6088);
#6087 = CARTESIAN_POINT('',(143.7675,-217.245,-4.6E-02));
#6088 = VECTOR('',#6089,1.);
#6089 = DIRECTION('',(0.,0.,1.));
#6090 = ORIENTED_EDGE('',*,*,#3187,.F.);
#6091 = ORIENTED_EDGE('',*,*,#6085,.F.);
#6092 = CYLINDRICAL_SURFACE('',#6093,0.75);
#6093 = AXIS2_PLACEMENT_3D('',#6094,#6095,#6096);
#6094 = CARTESIAN_POINT('',(143.7675,-216.495,-4.6E-02));
#6095 = DIRECTION('',(-0.,-0.,-1.));
#6096 = DIRECTION('',(-0.,-1.,0.));
#6097 = ADVANCED_FACE('',(#6098),#6109,.F.);
#6098 = FACE_BOUND('',#6099,.T.);
#6099 = EDGE_LOOP('',(#6100,#6101,#6107,#6108));
#6100 = ORIENTED_EDGE('',*,*,#635,.T.);
#6101 = ORIENTED_EDGE('',*,*,#6102,.T.);
#6102 = EDGE_CURVE('',#636,#3199,#6103,.T.);
#6103 = LINE('',#6104,#6105);
#6104 = CARTESIAN_POINT('',(150.1175,-214.705,-4.6E-02));
#6105 = VECTOR('',#6106,1.);
#6106 = DIRECTION('',(0.,0.,1.));
#6107 = ORIENTED_EDGE('',*,*,#3198,.F.);
#6108 = ORIENTED_EDGE('',*,*,#6102,.F.);
#6109 = CYLINDRICAL_SURFACE('',#6110,0.75);
#6110 = AXIS2_PLACEMENT_3D('',#6111,#6112,#6113);
#6111 = CARTESIAN_POINT('',(150.1175,-213.955,-4.6E-02));
#6112 = DIRECTION('',(-0.,-0.,-1.));
#6113 = DIRECTION('',(-0.,-1.,0.));
#6114 = ADVANCED_FACE('',(#6115),#6126,.F.);
#6115 = FACE_BOUND('',#6116,.T.);
#6116 = EDGE_LOOP('',(#6117,#6118,#6124,#6125));
#6117 = ORIENTED_EDGE('',*,*,#646,.T.);
#6118 = ORIENTED_EDGE('',*,*,#6119,.T.);
#6119 = EDGE_CURVE('',#647,#3210,#6120,.T.);
#6120 = LINE('',#6121,#6122);
#6121 = CARTESIAN_POINT('',(152.6575,-219.91,-4.6E-02));
#6122 = VECTOR('',#6123,1.);
#6123 = DIRECTION('',(0.,0.,1.));
#6124 = ORIENTED_EDGE('',*,*,#3209,.F.);
#6125 = ORIENTED_EDGE('',*,*,#6119,.F.);
#6126 = CYLINDRICAL_SURFACE('',#6127,0.875);
#6127 = AXIS2_PLACEMENT_3D('',#6128,#6129,#6130);
#6128 = CARTESIAN_POINT('',(152.6575,-219.035,-4.6E-02));
#6129 = DIRECTION('',(-0.,-0.,-1.));
#6130 = DIRECTION('',(-0.,-1.,0.));
#6131 = ADVANCED_FACE('',(#6132),#6143,.F.);
#6132 = FACE_BOUND('',#6133,.T.);
#6133 = EDGE_LOOP('',(#6134,#6135,#6141,#6142));
#6134 = ORIENTED_EDGE('',*,*,#657,.T.);
#6135 = ORIENTED_EDGE('',*,*,#6136,.T.);
#6136 = EDGE_CURVE('',#658,#3221,#6137,.T.);
#6137 = LINE('',#6138,#6139);
#6138 = CARTESIAN_POINT('',(171.0725,-219.91,-4.6E-02));
#6139 = VECTOR('',#6140,1.);
#6140 = DIRECTION('',(0.,0.,1.));
#6141 = ORIENTED_EDGE('',*,*,#3220,.F.);
#6142 = ORIENTED_EDGE('',*,*,#6136,.F.);
#6143 = CYLINDRICAL_SURFACE('',#6144,0.875);
#6144 = AXIS2_PLACEMENT_3D('',#6145,#6146,#6147);
#6145 = CARTESIAN_POINT('',(171.0725,-219.035,-4.6E-02));
#6146 = DIRECTION('',(-0.,-0.,-1.));
#6147 = DIRECTION('',(-0.,-1.,0.));
#6148 = ADVANCED_FACE('',(#6149),#6160,.F.);
#6149 = FACE_BOUND('',#6150,.T.);
#6150 = EDGE_LOOP('',(#6151,#6152,#6158,#6159));
#6151 = ORIENTED_EDGE('',*,*,#668,.T.);
#6152 = ORIENTED_EDGE('',*,*,#6153,.T.);
#6153 = EDGE_CURVE('',#669,#3232,#6154,.T.);
#6154 = LINE('',#6155,#6156);
#6155 = CARTESIAN_POINT('',(176.1525,-221.035,-4.6E-02));
#6156 = VECTOR('',#6157,1.);
#6157 = DIRECTION('',(0.,0.,1.));
#6158 = ORIENTED_EDGE('',*,*,#3231,.F.);
#6159 = ORIENTED_EDGE('',*,*,#6153,.F.);
#6160 = CYLINDRICAL_SURFACE('',#6161,2.);
#6161 = AXIS2_PLACEMENT_3D('',#6162,#6163,#6164);
#6162 = CARTESIAN_POINT('',(176.1525,-219.035,-4.6E-02));
#6163 = DIRECTION('',(-0.,-0.,-1.));
#6164 = DIRECTION('',(-0.,-1.,0.));
#6165 = ADVANCED_FACE('',(#6166),#6177,.F.);
#6166 = FACE_BOUND('',#6167,.T.);
#6167 = EDGE_LOOP('',(#6168,#6169,#6175,#6176));
#6168 = ORIENTED_EDGE('',*,*,#679,.T.);
#6169 = ORIENTED_EDGE('',*,*,#6170,.T.);
#6170 = EDGE_CURVE('',#680,#3243,#6171,.T.);
#6171 = LINE('',#6172,#6173);
#6172 = CARTESIAN_POINT('',(181.2325,-219.91,-4.6E-02));
#6173 = VECTOR('',#6174,1.);
#6174 = DIRECTION('',(0.,0.,1.));
#6175 = ORIENTED_EDGE('',*,*,#3242,.F.);
#6176 = ORIENTED_EDGE('',*,*,#6170,.F.);
#6177 = CYLINDRICAL_SURFACE('',#6178,0.875);
#6178 = AXIS2_PLACEMENT_3D('',#6179,#6180,#6181);
#6179 = CARTESIAN_POINT('',(181.2325,-219.035,-4.6E-02));
#6180 = DIRECTION('',(-0.,-0.,-1.));
#6181 = DIRECTION('',(-0.,-1.,0.));
#6182 = ADVANCED_FACE('',(#6183),#6194,.F.);
#6183 = FACE_BOUND('',#6184,.T.);
#6184 = EDGE_LOOP('',(#6185,#6186,#6192,#6193));
#6185 = ORIENTED_EDGE('',*,*,#690,.T.);
#6186 = ORIENTED_EDGE('',*,*,#6187,.T.);
#6187 = EDGE_CURVE('',#691,#3254,#6188,.T.);
#6188 = LINE('',#6189,#6190);
#6189 = CARTESIAN_POINT('',(172.3425,-217.245,-4.6E-02));
#6190 = VECTOR('',#6191,1.);
#6191 = DIRECTION('',(0.,0.,1.));
#6192 = ORIENTED_EDGE('',*,*,#3253,.F.);
#6193 = ORIENTED_EDGE('',*,*,#6187,.F.);
#6194 = CYLINDRICAL_SURFACE('',#6195,0.75);
#6195 = AXIS2_PLACEMENT_3D('',#6196,#6197,#6198);
#6196 = CARTESIAN_POINT('',(172.3425,-216.495,-4.6E-02));
#6197 = DIRECTION('',(-0.,-0.,-1.));
#6198 = DIRECTION('',(-0.,-1.,0.));
#6199 = ADVANCED_FACE('',(#6200),#6211,.F.);
#6200 = FACE_BOUND('',#6201,.T.);
#6201 = EDGE_LOOP('',(#6202,#6203,#6209,#6210));
#6202 = ORIENTED_EDGE('',*,*,#701,.T.);
#6203 = ORIENTED_EDGE('',*,*,#6204,.T.);
#6204 = EDGE_CURVE('',#702,#3265,#6205,.T.);
#6205 = LINE('',#6206,#6207);
#6206 = CARTESIAN_POINT('',(178.6925,-214.705,-4.6E-02));
#6207 = VECTOR('',#6208,1.);
#6208 = DIRECTION('',(0.,0.,1.));
#6209 = ORIENTED_EDGE('',*,*,#3264,.F.);
#6210 = ORIENTED_EDGE('',*,*,#6204,.F.);
#6211 = CYLINDRICAL_SURFACE('',#6212,0.75);
#6212 = AXIS2_PLACEMENT_3D('',#6213,#6214,#6215);
#6213 = CARTESIAN_POINT('',(178.6925,-213.955,-4.6E-02));
#6214 = DIRECTION('',(-0.,-0.,-1.));
#6215 = DIRECTION('',(-0.,-1.,0.));
#6216 = ADVANCED_FACE('',(#6217),#6228,.F.);
#6217 = FACE_BOUND('',#6218,.T.);
#6218 = EDGE_LOOP('',(#6219,#6220,#6226,#6227));
#6219 = ORIENTED_EDGE('',*,*,#712,.T.);
#6220 = ORIENTED_EDGE('',*,*,#6221,.T.);
#6221 = EDGE_CURVE('',#713,#3276,#6222,.T.);
#6222 = LINE('',#6223,#6224);
#6223 = CARTESIAN_POINT('',(111.85872,-203.95691,-4.6E-02));
#6224 = VECTOR('',#6225,1.);
#6225 = DIRECTION('',(0.,0.,1.));
#6226 = ORIENTED_EDGE('',*,*,#3275,.F.);
#6227 = ORIENTED_EDGE('',*,*,#6221,.F.);
#6228 = CYLINDRICAL_SURFACE('',#6229,0.4);
#6229 = AXIS2_PLACEMENT_3D('',#6230,#6231,#6232);
#6230 = CARTESIAN_POINT('',(111.85872,-203.55691,-4.6E-02));
#6231 = DIRECTION('',(-0.,-0.,-1.));
#6232 = DIRECTION('',(-0.,-1.,0.));
#6233 = ADVANCED_FACE('',(#6234),#6245,.F.);
#6234 = FACE_BOUND('',#6235,.T.);
#6235 = EDGE_LOOP('',(#6236,#6237,#6243,#6244));
#6236 = ORIENTED_EDGE('',*,*,#723,.T.);
#6237 = ORIENTED_EDGE('',*,*,#6238,.T.);
#6238 = EDGE_CURVE('',#724,#3287,#6239,.T.);
#6239 = LINE('',#6240,#6241);
#6240 = CARTESIAN_POINT('',(114.239972,-203.95691,-4.6E-02));
#6241 = VECTOR('',#6242,1.);
#6242 = DIRECTION('',(0.,0.,1.));
#6243 = ORIENTED_EDGE('',*,*,#3286,.F.);
#6244 = ORIENTED_EDGE('',*,*,#6238,.F.);
#6245 = CYLINDRICAL_SURFACE('',#6246,0.4);
#6246 = AXIS2_PLACEMENT_3D('',#6247,#6248,#6249);
#6247 = CARTESIAN_POINT('',(114.239972,-203.55691,-4.6E-02));
#6248 = DIRECTION('',(-0.,-0.,-1.));
#6249 = DIRECTION('',(-0.,-1.,0.));
#6250 = ADVANCED_FACE('',(#6251),#6262,.F.);
#6251 = FACE_BOUND('',#6252,.T.);
#6252 = EDGE_LOOP('',(#6253,#6254,#6260,#6261));
#6253 = ORIENTED_EDGE('',*,*,#734,.T.);
#6254 = ORIENTED_EDGE('',*,*,#6255,.T.);
#6255 = EDGE_CURVE('',#735,#3298,#6256,.T.);
#6256 = LINE('',#6257,#6258);
#6257 = CARTESIAN_POINT('',(116.621224,-203.95691,-4.6E-02));
#6258 = VECTOR('',#6259,1.);
#6259 = DIRECTION('',(0.,0.,1.));
#6260 = ORIENTED_EDGE('',*,*,#3297,.F.);
#6261 = ORIENTED_EDGE('',*,*,#6255,.F.);
#6262 = CYLINDRICAL_SURFACE('',#6263,0.4);
#6263 = AXIS2_PLACEMENT_3D('',#6264,#6265,#6266);
#6264 = CARTESIAN_POINT('',(116.621224,-203.55691,-4.6E-02));
#6265 = DIRECTION('',(-0.,-0.,-1.));
#6266 = DIRECTION('',(-3.552713678801E-14,-1.,0.));
#6267 = ADVANCED_FACE('',(#6268),#6279,.F.);
#6268 = FACE_BOUND('',#6269,.T.);
#6269 = EDGE_LOOP('',(#6270,#6271,#6277,#6278));
#6270 = ORIENTED_EDGE('',*,*,#745,.T.);
#6271 = ORIENTED_EDGE('',*,*,#6272,.T.);
#6272 = EDGE_CURVE('',#746,#3309,#6273,.T.);
#6273 = LINE('',#6274,#6275);
#6274 = CARTESIAN_POINT('',(119.002476,-203.95691,-4.6E-02));
#6275 = VECTOR('',#6276,1.);
#6276 = DIRECTION('',(0.,0.,1.));
#6277 = ORIENTED_EDGE('',*,*,#3308,.F.);
#6278 = ORIENTED_EDGE('',*,*,#6272,.F.);
#6279 = CYLINDRICAL_SURFACE('',#6280,0.4);
#6280 = AXIS2_PLACEMENT_3D('',#6281,#6282,#6283);
#6281 = CARTESIAN_POINT('',(119.002476,-203.55691,-4.6E-02));
#6282 = DIRECTION('',(-0.,-0.,-1.));
#6283 = DIRECTION('',(-0.,-1.,0.));
#6284 = ADVANCED_FACE('',(#6285),#6296,.F.);
#6285 = FACE_BOUND('',#6286,.T.);
#6286 = EDGE_LOOP('',(#6287,#6288,#6294,#6295));
#6287 = ORIENTED_EDGE('',*,*,#756,.T.);
#6288 = ORIENTED_EDGE('',*,*,#6289,.T.);
#6289 = EDGE_CURVE('',#757,#3320,#6290,.T.);
#6290 = LINE('',#6291,#6292);
#6291 = CARTESIAN_POINT('',(114.239972,-201.694711,-4.6E-02));
#6292 = VECTOR('',#6293,1.);
#6293 = DIRECTION('',(0.,0.,1.));
#6294 = ORIENTED_EDGE('',*,*,#3319,.F.);
#6295 = ORIENTED_EDGE('',*,*,#6289,.F.);
#6296 = CYLINDRICAL_SURFACE('',#6297,0.4);
#6297 = AXIS2_PLACEMENT_3D('',#6298,#6299,#6300);
#6298 = CARTESIAN_POINT('',(114.239972,-201.294711,-4.6E-02));
#6299 = DIRECTION('',(-0.,-0.,-1.));
#6300 = DIRECTION('',(-0.,-1.,0.));
#6301 = ADVANCED_FACE('',(#6302),#6313,.F.);
#6302 = FACE_BOUND('',#6303,.T.);
#6303 = EDGE_LOOP('',(#6304,#6305,#6311,#6312));
#6304 = ORIENTED_EDGE('',*,*,#767,.T.);
#6305 = ORIENTED_EDGE('',*,*,#6306,.T.);
#6306 = EDGE_CURVE('',#768,#3331,#6307,.T.);
#6307 = LINE('',#6308,#6309);
#6308 = CARTESIAN_POINT('',(116.621224,-201.694711,-4.6E-02));
#6309 = VECTOR('',#6310,1.);
#6310 = DIRECTION('',(0.,0.,1.));
#6311 = ORIENTED_EDGE('',*,*,#3330,.F.);
#6312 = ORIENTED_EDGE('',*,*,#6306,.F.);
#6313 = CYLINDRICAL_SURFACE('',#6314,0.4);
#6314 = AXIS2_PLACEMENT_3D('',#6315,#6316,#6317);
#6315 = CARTESIAN_POINT('',(116.621224,-201.294711,-4.6E-02));
#6316 = DIRECTION('',(-0.,-0.,-1.));
#6317 = DIRECTION('',(-3.5527136788E-14,-1.,0.));
#6318 = ADVANCED_FACE('',(#6319),#6330,.F.);
#6319 = FACE_BOUND('',#6320,.T.);
#6320 = EDGE_LOOP('',(#6321,#6322,#6328,#6329));
#6321 = ORIENTED_EDGE('',*,*,#778,.T.);
#6322 = ORIENTED_EDGE('',*,*,#6323,.T.);
#6323 = EDGE_CURVE('',#779,#3342,#6324,.T.);
#6324 = LINE('',#6325,#6326);
#6325 = CARTESIAN_POINT('',(119.002476,-201.694711,-4.6E-02));
#6326 = VECTOR('',#6327,1.);
#6327 = DIRECTION('',(0.,0.,1.));
#6328 = ORIENTED_EDGE('',*,*,#3341,.F.);
#6329 = ORIENTED_EDGE('',*,*,#6323,.F.);
#6330 = CYLINDRICAL_SURFACE('',#6331,0.4);
#6331 = AXIS2_PLACEMENT_3D('',#6332,#6333,#6334);
#6332 = CARTESIAN_POINT('',(119.002476,-201.294711,-4.6E-02));
#6333 = DIRECTION('',(-0.,-0.,-1.));
#6334 = DIRECTION('',(-0.,-1.,0.));
#6335 = ADVANCED_FACE('',(#6336),#6347,.F.);
#6336 = FACE_BOUND('',#6337,.T.);
#6337 = EDGE_LOOP('',(#6338,#6339,#6345,#6346));
#6338 = ORIENTED_EDGE('',*,*,#789,.T.);
#6339 = ORIENTED_EDGE('',*,*,#6340,.T.);
#6340 = EDGE_CURVE('',#790,#3353,#6341,.T.);
#6341 = LINE('',#6342,#6343);
#6342 = CARTESIAN_POINT('',(121.383728,-203.95691,-4.6E-02));
#6343 = VECTOR('',#6344,1.);
#6344 = DIRECTION('',(0.,0.,1.));
#6345 = ORIENTED_EDGE('',*,*,#3352,.F.);
#6346 = ORIENTED_EDGE('',*,*,#6340,.F.);
#6347 = CYLINDRICAL_SURFACE('',#6348,0.4);
#6348 = AXIS2_PLACEMENT_3D('',#6349,#6350,#6351);
#6349 = CARTESIAN_POINT('',(121.383728,-203.55691,-4.6E-02));
#6350 = DIRECTION('',(-0.,0.,-1.));
#6351 = DIRECTION('',(3.5527136788E-14,-1.,-0.));
#6352 = ADVANCED_FACE('',(#6353),#6364,.F.);
#6353 = FACE_BOUND('',#6354,.T.);
#6354 = EDGE_LOOP('',(#6355,#6356,#6362,#6363));
#6355 = ORIENTED_EDGE('',*,*,#800,.T.);
#6356 = ORIENTED_EDGE('',*,*,#6357,.T.);
#6357 = EDGE_CURVE('',#801,#3364,#6358,.T.);
#6358 = LINE('',#6359,#6360);
#6359 = CARTESIAN_POINT('',(123.76498,-203.95691,-4.6E-02));
#6360 = VECTOR('',#6361,1.);
#6361 = DIRECTION('',(0.,0.,1.));
#6362 = ORIENTED_EDGE('',*,*,#3363,.F.);
#6363 = ORIENTED_EDGE('',*,*,#6357,.F.);
#6364 = CYLINDRICAL_SURFACE('',#6365,0.4);
#6365 = AXIS2_PLACEMENT_3D('',#6366,#6367,#6368);
#6366 = CARTESIAN_POINT('',(123.76498,-203.55691,-4.6E-02));
#6367 = DIRECTION('',(-0.,-0.,-1.));
#6368 = DIRECTION('',(-3.552713678801E-14,-1.,0.));
#6369 = ADVANCED_FACE('',(#6370),#6381,.F.);
#6370 = FACE_BOUND('',#6371,.T.);
#6371 = EDGE_LOOP('',(#6372,#6373,#6379,#6380));
#6372 = ORIENTED_EDGE('',*,*,#811,.T.);
#6373 = ORIENTED_EDGE('',*,*,#6374,.T.);
#6374 = EDGE_CURVE('',#812,#3375,#6375,.T.);
#6375 = LINE('',#6376,#6377);
#6376 = CARTESIAN_POINT('',(126.146232,-203.95691,-4.6E-02));
#6377 = VECTOR('',#6378,1.);
#6378 = DIRECTION('',(0.,0.,1.));
#6379 = ORIENTED_EDGE('',*,*,#3374,.F.);
#6380 = ORIENTED_EDGE('',*,*,#6374,.F.);
#6381 = CYLINDRICAL_SURFACE('',#6382,0.4);
#6382 = AXIS2_PLACEMENT_3D('',#6383,#6384,#6385);
#6383 = CARTESIAN_POINT('',(126.146232,-203.55691,-4.6E-02));
#6384 = DIRECTION('',(-0.,-0.,-1.));
#6385 = DIRECTION('',(-0.,-1.,0.));
#6386 = ADVANCED_FACE('',(#6387),#6398,.F.);
#6387 = FACE_BOUND('',#6388,.T.);
#6388 = EDGE_LOOP('',(#6389,#6390,#6396,#6397));
#6389 = ORIENTED_EDGE('',*,*,#822,.T.);
#6390 = ORIENTED_EDGE('',*,*,#6391,.T.);
#6391 = EDGE_CURVE('',#823,#3386,#6392,.T.);
#6392 = LINE('',#6393,#6394);
#6393 = CARTESIAN_POINT('',(128.527484,-203.95691,-4.6E-02));
#6394 = VECTOR('',#6395,1.);
#6395 = DIRECTION('',(0.,0.,1.));
#6396 = ORIENTED_EDGE('',*,*,#3385,.F.);
#6397 = ORIENTED_EDGE('',*,*,#6391,.F.);
#6398 = CYLINDRICAL_SURFACE('',#6399,0.4);
#6399 = AXIS2_PLACEMENT_3D('',#6400,#6401,#6402);
#6400 = CARTESIAN_POINT('',(128.527484,-203.55691,-4.6E-02));
#6401 = DIRECTION('',(-0.,-0.,-1.));
#6402 = DIRECTION('',(-7.105427357601E-14,-1.,0.));
#6403 = ADVANCED_FACE('',(#6404),#6415,.F.);
#6404 = FACE_BOUND('',#6405,.T.);
#6405 = EDGE_LOOP('',(#6406,#6407,#6413,#6414));
#6406 = ORIENTED_EDGE('',*,*,#833,.T.);
#6407 = ORIENTED_EDGE('',*,*,#6408,.T.);
#6408 = EDGE_CURVE('',#834,#3397,#6409,.T.);
#6409 = LINE('',#6410,#6411);
#6410 = CARTESIAN_POINT('',(130.908736,-203.95691,-4.6E-02));
#6411 = VECTOR('',#6412,1.);
#6412 = DIRECTION('',(0.,0.,1.));
#6413 = ORIENTED_EDGE('',*,*,#3396,.F.);
#6414 = ORIENTED_EDGE('',*,*,#6408,.F.);
#6415 = CYLINDRICAL_SURFACE('',#6416,0.4);
#6416 = AXIS2_PLACEMENT_3D('',#6417,#6418,#6419);
#6417 = CARTESIAN_POINT('',(130.908736,-203.55691,-4.6E-02));
#6418 = DIRECTION('',(-0.,-0.,-1.));
#6419 = DIRECTION('',(-0.,-1.,0.));
#6420 = ADVANCED_FACE('',(#6421),#6432,.F.);
#6421 = FACE_BOUND('',#6422,.T.);
#6422 = EDGE_LOOP('',(#6423,#6424,#6430,#6431));
#6423 = ORIENTED_EDGE('',*,*,#844,.T.);
#6424 = ORIENTED_EDGE('',*,*,#6425,.T.);
#6425 = EDGE_CURVE('',#845,#3408,#6426,.T.);
#6426 = LINE('',#6427,#6428);
#6427 = CARTESIAN_POINT('',(121.383728,-201.694711,-4.6E-02));
#6428 = VECTOR('',#6429,1.);
#6429 = DIRECTION('',(0.,0.,1.));
#6430 = ORIENTED_EDGE('',*,*,#3407,.F.);
#6431 = ORIENTED_EDGE('',*,*,#6425,.F.);
#6432 = CYLINDRICAL_SURFACE('',#6433,0.4);
#6433 = AXIS2_PLACEMENT_3D('',#6434,#6435,#6436);
#6434 = CARTESIAN_POINT('',(121.383728,-201.294711,-4.6E-02));
#6435 = DIRECTION('',(-0.,0.,-1.));
#6436 = DIRECTION('',(3.5527136788E-14,-1.,-0.));
#6437 = ADVANCED_FACE('',(#6438),#6449,.F.);
#6438 = FACE_BOUND('',#6439,.T.);
#6439 = EDGE_LOOP('',(#6440,#6441,#6447,#6448));
#6440 = ORIENTED_EDGE('',*,*,#855,.T.);
#6441 = ORIENTED_EDGE('',*,*,#6442,.T.);
#6442 = EDGE_CURVE('',#856,#3419,#6443,.T.);
#6443 = LINE('',#6444,#6445);
#6444 = CARTESIAN_POINT('',(123.76498,-201.694711,-4.6E-02));
#6445 = VECTOR('',#6446,1.);
#6446 = DIRECTION('',(0.,0.,1.));
#6447 = ORIENTED_EDGE('',*,*,#3418,.F.);
#6448 = ORIENTED_EDGE('',*,*,#6442,.F.);
#6449 = CYLINDRICAL_SURFACE('',#6450,0.4);
#6450 = AXIS2_PLACEMENT_3D('',#6451,#6452,#6453);
#6451 = CARTESIAN_POINT('',(123.76498,-201.294711,-4.6E-02));
#6452 = DIRECTION('',(-0.,-0.,-1.));
#6453 = DIRECTION('',(-3.5527136788E-14,-1.,0.));
#6454 = ADVANCED_FACE('',(#6455),#6466,.F.);
#6455 = FACE_BOUND('',#6456,.T.);
#6456 = EDGE_LOOP('',(#6457,#6458,#6464,#6465));
#6457 = ORIENTED_EDGE('',*,*,#866,.T.);
#6458 = ORIENTED_EDGE('',*,*,#6459,.T.);
#6459 = EDGE_CURVE('',#867,#3430,#6460,.T.);
#6460 = LINE('',#6461,#6462);
#6461 = CARTESIAN_POINT('',(126.146232,-201.694711,-4.6E-02));
#6462 = VECTOR('',#6463,1.);
#6463 = DIRECTION('',(0.,0.,1.));
#6464 = ORIENTED_EDGE('',*,*,#3429,.F.);
#6465 = ORIENTED_EDGE('',*,*,#6459,.F.);
#6466 = CYLINDRICAL_SURFACE('',#6467,0.4);
#6467 = AXIS2_PLACEMENT_3D('',#6468,#6469,#6470);
#6468 = CARTESIAN_POINT('',(126.146232,-201.294711,-4.6E-02));
#6469 = DIRECTION('',(-0.,-0.,-1.));
#6470 = DIRECTION('',(-0.,-1.,0.));
#6471 = ADVANCED_FACE('',(#6472),#6483,.F.);
#6472 = FACE_BOUND('',#6473,.T.);
#6473 = EDGE_LOOP('',(#6474,#6475,#6481,#6482));
#6474 = ORIENTED_EDGE('',*,*,#877,.T.);
#6475 = ORIENTED_EDGE('',*,*,#6476,.T.);
#6476 = EDGE_CURVE('',#878,#3441,#6477,.T.);
#6477 = LINE('',#6478,#6479);
#6478 = CARTESIAN_POINT('',(128.527484,-201.694711,-4.6E-02));
#6479 = VECTOR('',#6480,1.);
#6480 = DIRECTION('',(0.,0.,1.));
#6481 = ORIENTED_EDGE('',*,*,#3440,.F.);
#6482 = ORIENTED_EDGE('',*,*,#6476,.F.);
#6483 = CYLINDRICAL_SURFACE('',#6484,0.4);
#6484 = AXIS2_PLACEMENT_3D('',#6485,#6486,#6487);
#6485 = CARTESIAN_POINT('',(128.527484,-201.294711,-4.6E-02));
#6486 = DIRECTION('',(-0.,-0.,-1.));
#6487 = DIRECTION('',(-7.105427357601E-14,-1.,0.));
#6488 = ADVANCED_FACE('',(#6489),#6500,.F.);
#6489 = FACE_BOUND('',#6490,.T.);
#6490 = EDGE_LOOP('',(#6491,#6492,#6498,#6499));
#6491 = ORIENTED_EDGE('',*,*,#888,.T.);
#6492 = ORIENTED_EDGE('',*,*,#6493,.T.);
#6493 = EDGE_CURVE('',#889,#3452,#6494,.T.);
#6494 = LINE('',#6495,#6496);
#6495 = CARTESIAN_POINT('',(142.783256,-210.203932,-4.6E-02));
#6496 = VECTOR('',#6497,1.);
#6497 = DIRECTION('',(0.,0.,1.));
#6498 = ORIENTED_EDGE('',*,*,#3451,.F.);
#6499 = ORIENTED_EDGE('',*,*,#6493,.F.);
#6500 = CYLINDRICAL_SURFACE('',#6501,1.9939);
#6501 = AXIS2_PLACEMENT_3D('',#6502,#6503,#6504);
#6502 = CARTESIAN_POINT('',(142.783256,-208.210032,-4.6E-02));
#6503 = DIRECTION('',(-0.,-0.,-1.));
#6504 = DIRECTION('',(-0.,-1.,0.));
#6505 = ADVANCED_FACE('',(#6506),#6517,.F.);
#6506 = FACE_BOUND('',#6507,.T.);
#6507 = EDGE_LOOP('',(#6508,#6509,#6515,#6516));
#6508 = ORIENTED_EDGE('',*,*,#899,.T.);
#6509 = ORIENTED_EDGE('',*,*,#6510,.T.);
#6510 = EDGE_CURVE('',#900,#3463,#6511,.T.);
#6511 = LINE('',#6512,#6513);
#6512 = CARTESIAN_POINT('',(114.239972,-194.074711,-4.6E-02));
#6513 = VECTOR('',#6514,1.);
#6514 = DIRECTION('',(0.,0.,1.));
#6515 = ORIENTED_EDGE('',*,*,#3462,.F.);
#6516 = ORIENTED_EDGE('',*,*,#6510,.F.);
#6517 = CYLINDRICAL_SURFACE('',#6518,0.4);
#6518 = AXIS2_PLACEMENT_3D('',#6519,#6520,#6521);
#6519 = CARTESIAN_POINT('',(114.239972,-193.674711,-4.6E-02));
#6520 = DIRECTION('',(-0.,-0.,-1.));
#6521 = DIRECTION('',(-0.,-1.,0.));
#6522 = ADVANCED_FACE('',(#6523),#6534,.F.);
#6523 = FACE_BOUND('',#6524,.T.);
#6524 = EDGE_LOOP('',(#6525,#6526,#6532,#6533));
#6525 = ORIENTED_EDGE('',*,*,#910,.T.);
#6526 = ORIENTED_EDGE('',*,*,#6527,.T.);
#6527 = EDGE_CURVE('',#911,#3474,#6528,.T.);
#6528 = LINE('',#6529,#6530);
#6529 = CARTESIAN_POINT('',(116.621224,-194.074711,-4.6E-02));
#6530 = VECTOR('',#6531,1.);
#6531 = DIRECTION('',(0.,0.,1.));
#6532 = ORIENTED_EDGE('',*,*,#3473,.F.);
#6533 = ORIENTED_EDGE('',*,*,#6527,.F.);
#6534 = CYLINDRICAL_SURFACE('',#6535,0.4);
#6535 = AXIS2_PLACEMENT_3D('',#6536,#6537,#6538);
#6536 = CARTESIAN_POINT('',(116.621224,-193.674711,-4.6E-02));
#6537 = DIRECTION('',(-0.,-0.,-1.));
#6538 = DIRECTION('',(-3.5527136788E-14,-1.,0.));
#6539 = ADVANCED_FACE('',(#6540),#6551,.F.);
#6540 = FACE_BOUND('',#6541,.T.);
#6541 = EDGE_LOOP('',(#6542,#6543,#6549,#6550));
#6542 = ORIENTED_EDGE('',*,*,#921,.T.);
#6543 = ORIENTED_EDGE('',*,*,#6544,.T.);
#6544 = EDGE_CURVE('',#922,#3485,#6545,.T.);
#6545 = LINE('',#6546,#6547);
#6546 = CARTESIAN_POINT('',(119.002476,-194.074711,-4.6E-02));
#6547 = VECTOR('',#6548,1.);
#6548 = DIRECTION('',(0.,0.,1.));
#6549 = ORIENTED_EDGE('',*,*,#3484,.F.);
#6550 = ORIENTED_EDGE('',*,*,#6544,.F.);
#6551 = CYLINDRICAL_SURFACE('',#6552,0.4);
#6552 = AXIS2_PLACEMENT_3D('',#6553,#6554,#6555);
#6553 = CARTESIAN_POINT('',(119.002476,-193.674711,-4.6E-02));
#6554 = DIRECTION('',(-0.,-0.,-1.));
#6555 = DIRECTION('',(-0.,-1.,0.));
#6556 = ADVANCED_FACE('',(#6557),#6568,.F.);
#6557 = FACE_BOUND('',#6558,.T.);
#6558 = EDGE_LOOP('',(#6559,#6560,#6566,#6567));
#6559 = ORIENTED_EDGE('',*,*,#932,.T.);
#6560 = ORIENTED_EDGE('',*,*,#6561,.T.);
#6561 = EDGE_CURVE('',#933,#3496,#6562,.T.);
#6562 = LINE('',#6563,#6564);
#6563 = CARTESIAN_POINT('',(121.383728,-194.074711,-4.6E-02));
#6564 = VECTOR('',#6565,1.);
#6565 = DIRECTION('',(0.,0.,1.));
#6566 = ORIENTED_EDGE('',*,*,#3495,.F.);
#6567 = ORIENTED_EDGE('',*,*,#6561,.F.);
#6568 = CYLINDRICAL_SURFACE('',#6569,0.4);
#6569 = AXIS2_PLACEMENT_3D('',#6570,#6571,#6572);
#6570 = CARTESIAN_POINT('',(121.383728,-193.674711,-4.6E-02));
#6571 = DIRECTION('',(-0.,0.,-1.));
#6572 = DIRECTION('',(3.5527136788E-14,-1.,-0.));
#6573 = ADVANCED_FACE('',(#6574),#6585,.F.);
#6574 = FACE_BOUND('',#6575,.T.);
#6575 = EDGE_LOOP('',(#6576,#6577,#6583,#6584));
#6576 = ORIENTED_EDGE('',*,*,#943,.T.);
#6577 = ORIENTED_EDGE('',*,*,#6578,.T.);
#6578 = EDGE_CURVE('',#944,#3507,#6579,.T.);
#6579 = LINE('',#6580,#6581);
#6580 = CARTESIAN_POINT('',(123.76498,-194.074711,-4.6E-02));
#6581 = VECTOR('',#6582,1.);
#6582 = DIRECTION('',(0.,0.,1.));
#6583 = ORIENTED_EDGE('',*,*,#3506,.F.);
#6584 = ORIENTED_EDGE('',*,*,#6578,.F.);
#6585 = CYLINDRICAL_SURFACE('',#6586,0.4);
#6586 = AXIS2_PLACEMENT_3D('',#6587,#6588,#6589);
#6587 = CARTESIAN_POINT('',(123.76498,-193.674711,-4.6E-02));
#6588 = DIRECTION('',(-0.,-0.,-1.));
#6589 = DIRECTION('',(-3.5527136788E-14,-1.,0.));
#6590 = ADVANCED_FACE('',(#6591),#6602,.F.);
#6591 = FACE_BOUND('',#6592,.T.);
#6592 = EDGE_LOOP('',(#6593,#6594,#6600,#6601));
#6593 = ORIENTED_EDGE('',*,*,#954,.T.);
#6594 = ORIENTED_EDGE('',*,*,#6595,.T.);
#6595 = EDGE_CURVE('',#955,#3518,#6596,.T.);
#6596 = LINE('',#6597,#6598);
#6597 = CARTESIAN_POINT('',(126.146232,-194.074711,-4.6E-02));
#6598 = VECTOR('',#6599,1.);
#6599 = DIRECTION('',(0.,0.,1.));
#6600 = ORIENTED_EDGE('',*,*,#3517,.F.);
#6601 = ORIENTED_EDGE('',*,*,#6595,.F.);
#6602 = CYLINDRICAL_SURFACE('',#6603,0.4);
#6603 = AXIS2_PLACEMENT_3D('',#6604,#6605,#6606);
#6604 = CARTESIAN_POINT('',(126.146232,-193.674711,-4.6E-02));
#6605 = DIRECTION('',(-0.,-0.,-1.));
#6606 = DIRECTION('',(-0.,-1.,0.));
#6607 = ADVANCED_FACE('',(#6608),#6619,.F.);
#6608 = FACE_BOUND('',#6609,.T.);
#6609 = EDGE_LOOP('',(#6610,#6611,#6617,#6618));
#6610 = ORIENTED_EDGE('',*,*,#965,.T.);
#6611 = ORIENTED_EDGE('',*,*,#6612,.T.);
#6612 = EDGE_CURVE('',#966,#3529,#6613,.T.);
#6613 = LINE('',#6614,#6615);
#6614 = CARTESIAN_POINT('',(128.527484,-194.074711,-4.6E-02));
#6615 = VECTOR('',#6616,1.);
#6616 = DIRECTION('',(0.,0.,1.));
#6617 = ORIENTED_EDGE('',*,*,#3528,.F.);
#6618 = ORIENTED_EDGE('',*,*,#6612,.F.);
#6619 = CYLINDRICAL_SURFACE('',#6620,0.4);
#6620 = AXIS2_PLACEMENT_3D('',#6621,#6622,#6623);
#6621 = CARTESIAN_POINT('',(128.527484,-193.674711,-4.6E-02));
#6622 = DIRECTION('',(-0.,-0.,-1.));
#6623 = DIRECTION('',(-7.105427357601E-14,-1.,0.));
#6624 = ADVANCED_FACE('',(#6625),#6636,.F.);
#6625 = FACE_BOUND('',#6626,.T.);
#6626 = EDGE_LOOP('',(#6627,#6628,#6634,#6635));
#6627 = ORIENTED_EDGE('',*,*,#976,.T.);
#6628 = ORIENTED_EDGE('',*,*,#6629,.T.);
#6629 = EDGE_CURVE('',#977,#3540,#6630,.T.);
#6630 = LINE('',#6631,#6632);
#6631 = CARTESIAN_POINT('',(149.64125,-200.86,-4.6E-02));
#6632 = VECTOR('',#6633,1.);
#6633 = DIRECTION('',(0.,0.,1.));
#6634 = ORIENTED_EDGE('',*,*,#3539,.F.);
#6635 = ORIENTED_EDGE('',*,*,#6629,.F.);
#6636 = CYLINDRICAL_SURFACE('',#6637,0.875);
#6637 = AXIS2_PLACEMENT_3D('',#6638,#6639,#6640);
#6638 = CARTESIAN_POINT('',(149.64125,-199.985,-4.6E-02));
#6639 = DIRECTION('',(-0.,-0.,-1.));
#6640 = DIRECTION('',(-0.,-1.,0.));
#6641 = ADVANCED_FACE('',(#6642),#6653,.F.);
#6642 = FACE_BOUND('',#6643,.T.);
#6643 = EDGE_LOOP('',(#6644,#6645,#6651,#6652));
#6644 = ORIENTED_EDGE('',*,*,#987,.T.);
#6645 = ORIENTED_EDGE('',*,*,#6646,.T.);
#6646 = EDGE_CURVE('',#988,#3551,#6647,.T.);
#6647 = LINE('',#6648,#6649);
#6648 = CARTESIAN_POINT('',(150.91125,-198.195,-4.6E-02));
#6649 = VECTOR('',#6650,1.);
#6650 = DIRECTION('',(0.,0.,1.));
#6651 = ORIENTED_EDGE('',*,*,#3550,.F.);
#6652 = ORIENTED_EDGE('',*,*,#6646,.F.);
#6653 = CYLINDRICAL_SURFACE('',#6654,0.75);
#6654 = AXIS2_PLACEMENT_3D('',#6655,#6656,#6657);
#6655 = CARTESIAN_POINT('',(150.91125,-197.445,-4.6E-02));
#6656 = DIRECTION('',(-0.,-0.,-1.));
#6657 = DIRECTION('',(-0.,-1.,0.));
#6658 = ADVANCED_FACE('',(#6659),#6670,.F.);
#6659 = FACE_BOUND('',#6660,.T.);
#6660 = EDGE_LOOP('',(#6661,#6662,#6668,#6669));
#6661 = ORIENTED_EDGE('',*,*,#998,.T.);
#6662 = ORIENTED_EDGE('',*,*,#6663,.T.);
#6663 = EDGE_CURVE('',#999,#3562,#6664,.T.);
#6664 = LINE('',#6665,#6666);
#6665 = CARTESIAN_POINT('',(142.783256,-194.524032,-4.6E-02));
#6666 = VECTOR('',#6667,1.);
#6667 = DIRECTION('',(0.,0.,1.));
#6668 = ORIENTED_EDGE('',*,*,#3561,.F.);
#6669 = ORIENTED_EDGE('',*,*,#6663,.F.);
#6670 = CYLINDRICAL_SURFACE('',#6671,1.524);
#6671 = AXIS2_PLACEMENT_3D('',#6672,#6673,#6674);
#6672 = CARTESIAN_POINT('',(142.783256,-193.000032,-4.6E-02));
#6673 = DIRECTION('',(-0.,-0.,-1.));
#6674 = DIRECTION('',(-0.,-1.,0.));
#6675 = ADVANCED_FACE('',(#6676),#6687,.F.);
#6676 = FACE_BOUND('',#6677,.T.);
#6677 = EDGE_LOOP('',(#6678,#6679,#6685,#6686));
#6678 = ORIENTED_EDGE('',*,*,#1009,.T.);
#6679 = ORIENTED_EDGE('',*,*,#6680,.T.);
#6680 = EDGE_CURVE('',#1010,#3573,#6681,.T.);
#6681 = LINE('',#6682,#6683);
#6682 = CARTESIAN_POINT('',(166.659256,-210.203932,-4.6E-02));
#6683 = VECTOR('',#6684,1.);
#6684 = DIRECTION('',(0.,0.,1.));
#6685 = ORIENTED_EDGE('',*,*,#3572,.F.);
#6686 = ORIENTED_EDGE('',*,*,#6680,.F.);
#6687 = CYLINDRICAL_SURFACE('',#6688,1.9939);
#6688 = AXIS2_PLACEMENT_3D('',#6689,#6690,#6691);
#6689 = CARTESIAN_POINT('',(166.659256,-208.210032,-4.6E-02));
#6690 = DIRECTION('',(-0.,-0.,-1.));
#6691 = DIRECTION('',(-0.,-1.,0.));
#6692 = ADVANCED_FACE('',(#6693),#6704,.F.);
#6693 = FACE_BOUND('',#6694,.T.);
#6694 = EDGE_LOOP('',(#6695,#6696,#6702,#6703));
#6695 = ORIENTED_EDGE('',*,*,#1020,.T.);
#6696 = ORIENTED_EDGE('',*,*,#6697,.T.);
#6697 = EDGE_CURVE('',#1021,#3584,#6698,.T.);
#6698 = LINE('',#6699,#6700);
#6699 = CARTESIAN_POINT('',(154.72125,-201.985,-4.6E-02));
#6700 = VECTOR('',#6701,1.);
#6701 = DIRECTION('',(0.,0.,1.));
#6702 = ORIENTED_EDGE('',*,*,#3583,.F.);
#6703 = ORIENTED_EDGE('',*,*,#6697,.F.);
#6704 = CYLINDRICAL_SURFACE('',#6705,2.);
#6705 = AXIS2_PLACEMENT_3D('',#6706,#6707,#6708);
#6706 = CARTESIAN_POINT('',(154.72125,-199.985,-4.6E-02));
#6707 = DIRECTION('',(-0.,-0.,-1.));
#6708 = DIRECTION('',(-0.,-1.,0.));
#6709 = ADVANCED_FACE('',(#6710),#6721,.F.);
#6710 = FACE_BOUND('',#6711,.T.);
#6711 = EDGE_LOOP('',(#6712,#6713,#6719,#6720));
#6712 = ORIENTED_EDGE('',*,*,#1031,.T.);
#6713 = ORIENTED_EDGE('',*,*,#6714,.T.);
#6714 = EDGE_CURVE('',#1032,#3595,#6715,.T.);
#6715 = LINE('',#6716,#6717);
#6716 = CARTESIAN_POINT('',(159.80125,-200.86,-4.6E-02));
#6717 = VECTOR('',#6718,1.);
#6718 = DIRECTION('',(0.,0.,1.));
#6719 = ORIENTED_EDGE('',*,*,#3594,.F.);
#6720 = ORIENTED_EDGE('',*,*,#6714,.F.);
#6721 = CYLINDRICAL_SURFACE('',#6722,0.875);
#6722 = AXIS2_PLACEMENT_3D('',#6723,#6724,#6725);
#6723 = CARTESIAN_POINT('',(159.80125,-199.985,-4.6E-02));
#6724 = DIRECTION('',(-0.,-0.,-1.));
#6725 = DIRECTION('',(-0.,-1.,0.));
#6726 = ADVANCED_FACE('',(#6727),#6738,.F.);
#6727 = FACE_BOUND('',#6728,.T.);
#6728 = EDGE_LOOP('',(#6729,#6730,#6736,#6737));
#6729 = ORIENTED_EDGE('',*,*,#1042,.T.);
#6730 = ORIENTED_EDGE('',*,*,#6731,.T.);
#6731 = EDGE_CURVE('',#1043,#3606,#6732,.T.);
#6732 = LINE('',#6733,#6734);
#6733 = CARTESIAN_POINT('',(157.26125,-195.655,-4.6E-02));
#6734 = VECTOR('',#6735,1.);
#6735 = DIRECTION('',(0.,0.,1.));
#6736 = ORIENTED_EDGE('',*,*,#3605,.F.);
#6737 = ORIENTED_EDGE('',*,*,#6731,.F.);
#6738 = CYLINDRICAL_SURFACE('',#6739,0.75);
#6739 = AXIS2_PLACEMENT_3D('',#6740,#6741,#6742);
#6740 = CARTESIAN_POINT('',(157.26125,-194.905,-4.6E-02));
#6741 = DIRECTION('',(-0.,-0.,-1.));
#6742 = DIRECTION('',(-0.,-1.,0.));
#6743 = ADVANCED_FACE('',(#6744),#6755,.F.);
#6744 = FACE_BOUND('',#6745,.T.);
#6745 = EDGE_LOOP('',(#6746,#6747,#6753,#6754));
#6746 = ORIENTED_EDGE('',*,*,#1053,.T.);
#6747 = ORIENTED_EDGE('',*,*,#6748,.T.);
#6748 = EDGE_CURVE('',#1054,#3617,#6749,.T.);
#6749 = LINE('',#6750,#6751);
#6750 = CARTESIAN_POINT('',(166.659256,-194.524032,-4.6E-02));
#6751 = VECTOR('',#6752,1.);
#6752 = DIRECTION('',(0.,0.,1.));
#6753 = ORIENTED_EDGE('',*,*,#3616,.F.);
#6754 = ORIENTED_EDGE('',*,*,#6748,.F.);
#6755 = CYLINDRICAL_SURFACE('',#6756,1.524);
#6756 = AXIS2_PLACEMENT_3D('',#6757,#6758,#6759);
#6757 = CARTESIAN_POINT('',(166.659256,-193.000032,-4.6E-02));
#6758 = DIRECTION('',(-0.,-0.,-1.));
#6759 = DIRECTION('',(-0.,-1.,0.));
#6760 = ADVANCED_FACE('',(#6761),#6772,.F.);
#6761 = FACE_BOUND('',#6762,.T.);
#6762 = EDGE_LOOP('',(#6763,#6764,#6770,#6771));
#6763 = ORIENTED_EDGE('',*,*,#1064,.T.);
#6764 = ORIENTED_EDGE('',*,*,#6765,.T.);
#6765 = EDGE_CURVE('',#1065,#3628,#6766,.T.);
#6766 = LINE('',#6767,#6768);
#6767 = CARTESIAN_POINT('',(180.5975,-200.86,-4.6E-02));
#6768 = VECTOR('',#6769,1.);
#6769 = DIRECTION('',(0.,0.,1.));
#6770 = ORIENTED_EDGE('',*,*,#3627,.F.);
#6771 = ORIENTED_EDGE('',*,*,#6765,.F.);
#6772 = CYLINDRICAL_SURFACE('',#6773,0.875);
#6773 = AXIS2_PLACEMENT_3D('',#6774,#6775,#6776);
#6774 = CARTESIAN_POINT('',(180.5975,-199.985,-4.6E-02));
#6775 = DIRECTION('',(-0.,-0.,-1.));
#6776 = DIRECTION('',(-0.,-1.,0.));
#6777 = ADVANCED_FACE('',(#6778),#6789,.F.);
#6778 = FACE_BOUND('',#6779,.T.);
#6779 = EDGE_LOOP('',(#6780,#6781,#6787,#6788));
#6780 = ORIENTED_EDGE('',*,*,#1075,.T.);
#6781 = ORIENTED_EDGE('',*,*,#6782,.T.);
#6782 = EDGE_CURVE('',#1076,#3639,#6783,.T.);
#6783 = LINE('',#6784,#6785);
#6784 = CARTESIAN_POINT('',(185.6775,-201.985,-4.6E-02));
#6785 = VECTOR('',#6786,1.);
#6786 = DIRECTION('',(0.,0.,1.));
#6787 = ORIENTED_EDGE('',*,*,#3638,.F.);
#6788 = ORIENTED_EDGE('',*,*,#6782,.F.);
#6789 = CYLINDRICAL_SURFACE('',#6790,2.);
#6790 = AXIS2_PLACEMENT_3D('',#6791,#6792,#6793);
#6791 = CARTESIAN_POINT('',(185.6775,-199.985,-4.6E-02));
#6792 = DIRECTION('',(-0.,-0.,-1.));
#6793 = DIRECTION('',(-0.,-1.,0.));
#6794 = ADVANCED_FACE('',(#6795),#6806,.F.);
#6795 = FACE_BOUND('',#6796,.T.);
#6796 = EDGE_LOOP('',(#6797,#6798,#6804,#6805));
#6797 = ORIENTED_EDGE('',*,*,#1086,.T.);
#6798 = ORIENTED_EDGE('',*,*,#6799,.T.);
#6799 = EDGE_CURVE('',#1087,#3650,#6800,.T.);
#6800 = LINE('',#6801,#6802);
#6801 = CARTESIAN_POINT('',(190.7575,-200.86,-4.6E-02));
#6802 = VECTOR('',#6803,1.);
#6803 = DIRECTION('',(0.,0.,1.));
#6804 = ORIENTED_EDGE('',*,*,#3649,.F.);
#6805 = ORIENTED_EDGE('',*,*,#6799,.F.);
#6806 = CYLINDRICAL_SURFACE('',#6807,0.875);
#6807 = AXIS2_PLACEMENT_3D('',#6808,#6809,#6810);
#6808 = CARTESIAN_POINT('',(190.7575,-199.985,-4.6E-02));
#6809 = DIRECTION('',(-0.,-0.,-1.));
#6810 = DIRECTION('',(-0.,-1.,0.));
#6811 = ADVANCED_FACE('',(#6812),#6823,.F.);
#6812 = FACE_BOUND('',#6813,.T.);
#6813 = EDGE_LOOP('',(#6814,#6815,#6821,#6822));
#6814 = ORIENTED_EDGE('',*,*,#1097,.T.);
#6815 = ORIENTED_EDGE('',*,*,#6816,.T.);
#6816 = EDGE_CURVE('',#1098,#3661,#6817,.T.);
#6817 = LINE('',#6818,#6819);
#6818 = CARTESIAN_POINT('',(181.8675,-198.195,-4.6E-02));
#6819 = VECTOR('',#6820,1.);
#6820 = DIRECTION('',(0.,0.,1.));
#6821 = ORIENTED_EDGE('',*,*,#3660,.F.);
#6822 = ORIENTED_EDGE('',*,*,#6816,.F.);
#6823 = CYLINDRICAL_SURFACE('',#6824,0.75);
#6824 = AXIS2_PLACEMENT_3D('',#6825,#6826,#6827);
#6825 = CARTESIAN_POINT('',(181.8675,-197.445,-4.6E-02));
#6826 = DIRECTION('',(-0.,-0.,-1.));
#6827 = DIRECTION('',(-0.,-1.,0.));
#6828 = ADVANCED_FACE('',(#6829),#6840,.F.);
#6829 = FACE_BOUND('',#6830,.T.);
#6830 = EDGE_LOOP('',(#6831,#6832,#6838,#6839));
#6831 = ORIENTED_EDGE('',*,*,#1108,.T.);
#6832 = ORIENTED_EDGE('',*,*,#6833,.T.);
#6833 = EDGE_CURVE('',#1109,#3672,#6834,.T.);
#6834 = LINE('',#6835,#6836);
#6835 = CARTESIAN_POINT('',(188.2175,-195.655,-4.6E-02));
#6836 = VECTOR('',#6837,1.);
#6837 = DIRECTION('',(0.,0.,1.));
#6838 = ORIENTED_EDGE('',*,*,#3671,.F.);
#6839 = ORIENTED_EDGE('',*,*,#6833,.F.);
#6840 = CYLINDRICAL_SURFACE('',#6841,0.75);
#6841 = AXIS2_PLACEMENT_3D('',#6842,#6843,#6844);
#6842 = CARTESIAN_POINT('',(188.2175,-194.905,-4.6E-02));
#6843 = DIRECTION('',(-0.,-0.,-1.));
#6844 = DIRECTION('',(-0.,-1.,0.));
#6845 = ADVANCED_FACE('',(#6846),#6857,.F.);
#6846 = FACE_BOUND('',#6847,.T.);
#6847 = EDGE_LOOP('',(#6848,#6849,#6855,#6856));
#6848 = ORIENTED_EDGE('',*,*,#1119,.T.);
#6849 = ORIENTED_EDGE('',*,*,#6850,.T.);
#6850 = EDGE_CURVE('',#1120,#3683,#6851,.T.);
#6851 = LINE('',#6852,#6853);
#6852 = CARTESIAN_POINT('',(228.508328,-229.253948,-4.6E-02));
#6853 = VECTOR('',#6854,1.);
#6854 = DIRECTION('',(0.,0.,1.));
#6855 = ORIENTED_EDGE('',*,*,#3682,.F.);
#6856 = ORIENTED_EDGE('',*,*,#6850,.F.);
#6857 = CYLINDRICAL_SURFACE('',#6858,1.9939);
#6858 = AXIS2_PLACEMENT_3D('',#6859,#6860,#6861);
#6859 = CARTESIAN_POINT('',(228.508328,-227.260048,-4.6E-02));
#6860 = DIRECTION('',(-0.,-0.,-1.));
#6861 = DIRECTION('',(-0.,-1.,0.));
#6862 = ADVANCED_FACE('',(#6863),#6874,.F.);
#6863 = FACE_BOUND('',#6864,.T.);
#6864 = EDGE_LOOP('',(#6865,#6866,#6872,#6873));
#6865 = ORIENTED_EDGE('',*,*,#1130,.T.);
#6866 = ORIENTED_EDGE('',*,*,#6867,.T.);
#6867 = EDGE_CURVE('',#1131,#3694,#6868,.T.);
#6868 = LINE('',#6869,#6870);
#6869 = CARTESIAN_POINT('',(199.6475,-219.91,-4.6E-02));
#6870 = VECTOR('',#6871,1.);
#6871 = DIRECTION('',(0.,0.,1.));
#6872 = ORIENTED_EDGE('',*,*,#3693,.F.);
#6873 = ORIENTED_EDGE('',*,*,#6867,.F.);
#6874 = CYLINDRICAL_SURFACE('',#6875,0.875);
#6875 = AXIS2_PLACEMENT_3D('',#6876,#6877,#6878);
#6876 = CARTESIAN_POINT('',(199.6475,-219.035,-4.6E-02));
#6877 = DIRECTION('',(-0.,-0.,-1.));
#6878 = DIRECTION('',(-0.,-1.,0.));
#6879 = ADVANCED_FACE('',(#6880),#6891,.F.);
#6880 = FACE_BOUND('',#6881,.T.);
#6881 = EDGE_LOOP('',(#6882,#6883,#6889,#6890));
#6882 = ORIENTED_EDGE('',*,*,#1141,.T.);
#6883 = ORIENTED_EDGE('',*,*,#6884,.T.);
#6884 = EDGE_CURVE('',#1142,#3705,#6885,.T.);
#6885 = LINE('',#6886,#6887);
#6886 = CARTESIAN_POINT('',(200.9175,-217.245,-4.6E-02));
#6887 = VECTOR('',#6888,1.);
#6888 = DIRECTION('',(0.,0.,1.));
#6889 = ORIENTED_EDGE('',*,*,#3704,.F.);
#6890 = ORIENTED_EDGE('',*,*,#6884,.F.);
#6891 = CYLINDRICAL_SURFACE('',#6892,0.75);
#6892 = AXIS2_PLACEMENT_3D('',#6893,#6894,#6895);
#6893 = CARTESIAN_POINT('',(200.9175,-216.495,-4.6E-02));
#6894 = DIRECTION('',(-0.,-0.,-1.));
#6895 = DIRECTION('',(-0.,-1.,0.));
#6896 = ADVANCED_FACE('',(#6897),#6908,.F.);
#6897 = FACE_BOUND('',#6898,.T.);
#6898 = EDGE_LOOP('',(#6899,#6900,#6906,#6907));
#6899 = ORIENTED_EDGE('',*,*,#1152,.T.);
#6900 = ORIENTED_EDGE('',*,*,#6901,.T.);
#6901 = EDGE_CURVE('',#1153,#3716,#6902,.T.);
#6902 = LINE('',#6903,#6904);
#6903 = CARTESIAN_POINT('',(204.7275,-221.035,-4.6E-02));
#6904 = VECTOR('',#6905,1.);
#6905 = DIRECTION('',(0.,0.,1.));
#6906 = ORIENTED_EDGE('',*,*,#3715,.F.);
#6907 = ORIENTED_EDGE('',*,*,#6901,.F.);
#6908 = CYLINDRICAL_SURFACE('',#6909,2.);
#6909 = AXIS2_PLACEMENT_3D('',#6910,#6911,#6912);
#6910 = CARTESIAN_POINT('',(204.7275,-219.035,-4.6E-02));
#6911 = DIRECTION('',(-0.,-0.,-1.));
#6912 = DIRECTION('',(-0.,-1.,0.));
#6913 = ADVANCED_FACE('',(#6914),#6925,.F.);
#6914 = FACE_BOUND('',#6915,.T.);
#6915 = EDGE_LOOP('',(#6916,#6917,#6923,#6924));
#6916 = ORIENTED_EDGE('',*,*,#1163,.T.);
#6917 = ORIENTED_EDGE('',*,*,#6918,.T.);
#6918 = EDGE_CURVE('',#1164,#3727,#6919,.T.);
#6919 = LINE('',#6920,#6921);
#6920 = CARTESIAN_POINT('',(209.8075,-219.91,-4.6E-02));
#6921 = VECTOR('',#6922,1.);
#6922 = DIRECTION('',(0.,0.,1.));
#6923 = ORIENTED_EDGE('',*,*,#3726,.F.);
#6924 = ORIENTED_EDGE('',*,*,#6918,.F.);
#6925 = CYLINDRICAL_SURFACE('',#6926,0.875);
#6926 = AXIS2_PLACEMENT_3D('',#6927,#6928,#6929);
#6927 = CARTESIAN_POINT('',(209.8075,-219.035,-4.6E-02));
#6928 = DIRECTION('',(-0.,-0.,-1.));
#6929 = DIRECTION('',(-0.,-1.,0.));
#6930 = ADVANCED_FACE('',(#6931),#6942,.F.);
#6931 = FACE_BOUND('',#6932,.T.);
#6932 = EDGE_LOOP('',(#6933,#6934,#6940,#6941));
#6933 = ORIENTED_EDGE('',*,*,#1174,.T.);
#6934 = ORIENTED_EDGE('',*,*,#6935,.T.);
#6935 = EDGE_CURVE('',#1175,#3738,#6936,.T.);
#6936 = LINE('',#6937,#6938);
#6937 = CARTESIAN_POINT('',(207.2675,-214.705,-4.6E-02));
#6938 = VECTOR('',#6939,1.);
#6939 = DIRECTION('',(0.,0.,1.));
#6940 = ORIENTED_EDGE('',*,*,#3737,.F.);
#6941 = ORIENTED_EDGE('',*,*,#6935,.F.);
#6942 = CYLINDRICAL_SURFACE('',#6943,0.75);
#6943 = AXIS2_PLACEMENT_3D('',#6944,#6945,#6946);
#6944 = CARTESIAN_POINT('',(207.2675,-213.955,-4.6E-02));
#6945 = DIRECTION('',(-0.,-0.,-1.));
#6946 = DIRECTION('',(-0.,-1.,0.));
#6947 = ADVANCED_FACE('',(#6948),#6959,.F.);
#6948 = FACE_BOUND('',#6949,.T.);
#6949 = EDGE_LOOP('',(#6950,#6951,#6957,#6958));
#6950 = ORIENTED_EDGE('',*,*,#1185,.T.);
#6951 = ORIENTED_EDGE('',*,*,#6952,.T.);
#6952 = EDGE_CURVE('',#1186,#3749,#6953,.T.);
#6953 = LINE('',#6954,#6955);
#6954 = CARTESIAN_POINT('',(228.508328,-213.574048,-4.6E-02));
#6955 = VECTOR('',#6956,1.);
#6956 = DIRECTION('',(0.,0.,1.));
#6957 = ORIENTED_EDGE('',*,*,#3748,.F.);
#6958 = ORIENTED_EDGE('',*,*,#6952,.F.);
#6959 = CYLINDRICAL_SURFACE('',#6960,1.524);
#6960 = AXIS2_PLACEMENT_3D('',#6961,#6962,#6963);
#6961 = CARTESIAN_POINT('',(228.508328,-212.050048,-4.6E-02));
#6962 = DIRECTION('',(-0.,-0.,-1.));
#6963 = DIRECTION('',(-0.,-1.,0.));
#6964 = ADVANCED_FACE('',(#6965),#6976,.F.);
#6965 = FACE_BOUND('',#6966,.T.);
#6966 = EDGE_LOOP('',(#6967,#6968,#6974,#6975));
#6967 = ORIENTED_EDGE('',*,*,#1196,.T.);
#6968 = ORIENTED_EDGE('',*,*,#6969,.T.);
#6969 = EDGE_CURVE('',#1197,#3760,#6970,.T.);
#6970 = LINE('',#6971,#6972);
#6971 = CARTESIAN_POINT('',(252.384328,-229.253948,-4.6E-02));
#6972 = VECTOR('',#6973,1.);
#6973 = DIRECTION('',(0.,0.,1.));
#6974 = ORIENTED_EDGE('',*,*,#3759,.F.);
#6975 = ORIENTED_EDGE('',*,*,#6969,.F.);
#6976 = CYLINDRICAL_SURFACE('',#6977,1.9939);
#6977 = AXIS2_PLACEMENT_3D('',#6978,#6979,#6980);
#6978 = CARTESIAN_POINT('',(252.384328,-227.260048,-4.6E-02));
#6979 = DIRECTION('',(-0.,-0.,-1.));
#6980 = DIRECTION('',(-0.,-1.,0.));
#6981 = ADVANCED_FACE('',(#6982),#6993,.F.);
#6982 = FACE_BOUND('',#6983,.T.);
#6983 = EDGE_LOOP('',(#6984,#6990,#6991,#6992));
#6984 = ORIENTED_EDGE('',*,*,#6985,.T.);
#6985 = EDGE_CURVE('',#1208,#3771,#6986,.T.);
#6986 = LINE('',#6987,#6988);
#6987 = CARTESIAN_POINT('',(260.091657,-228.560056,0.));
#6988 = VECTOR('',#6989,1.);
#6989 = DIRECTION('',(0.,0.,1.));
#6990 = ORIENTED_EDGE('',*,*,#3770,.T.);
#6991 = ORIENTED_EDGE('',*,*,#6985,.F.);
#6992 = ORIENTED_EDGE('',*,*,#1207,.F.);
#6993 = CYLINDRICAL_SURFACE('',#6994,1.190626);
#6994 = AXIS2_PLACEMENT_3D('',#6995,#6996,#6997);
#6995 = CARTESIAN_POINT('',(258.901031,-228.560056,0.));
#6996 = DIRECTION('',(-0.,-0.,-1.));
#6997 = DIRECTION('',(1.,0.,0.));
#6998 = ADVANCED_FACE('',(#6999),#7010,.F.);
#6999 = FACE_BOUND('',#7000,.T.);
#7000 = EDGE_LOOP('',(#7001,#7002,#7008,#7009));
#7001 = ORIENTED_EDGE('',*,*,#1218,.T.);
#7002 = ORIENTED_EDGE('',*,*,#7003,.T.);
#7003 = EDGE_CURVE('',#1219,#3782,#7004,.T.);
#7004 = LINE('',#7005,#7006);
#7005 = CARTESIAN_POINT('',(235.36625,-219.91,-4.6E-02));
#7006 = VECTOR('',#7007,1.);
#7007 = DIRECTION('',(0.,0.,1.));
#7008 = ORIENTED_EDGE('',*,*,#3781,.F.);
#7009 = ORIENTED_EDGE('',*,*,#7003,.F.);
#7010 = CYLINDRICAL_SURFACE('',#7011,0.875);
#7011 = AXIS2_PLACEMENT_3D('',#7012,#7013,#7014);
#7012 = CARTESIAN_POINT('',(235.36625,-219.035,-4.6E-02));
#7013 = DIRECTION('',(-0.,-0.,-1.));
#7014 = DIRECTION('',(-0.,-1.,0.));
#7015 = ADVANCED_FACE('',(#7016),#7027,.F.);
#7016 = FACE_BOUND('',#7017,.T.);
#7017 = EDGE_LOOP('',(#7018,#7019,#7025,#7026));
#7018 = ORIENTED_EDGE('',*,*,#1229,.T.);
#7019 = ORIENTED_EDGE('',*,*,#7020,.T.);
#7020 = EDGE_CURVE('',#1230,#3793,#7021,.T.);
#7021 = LINE('',#7022,#7023);
#7022 = CARTESIAN_POINT('',(240.44625,-221.035,-4.6E-02));
#7023 = VECTOR('',#7024,1.);
#7024 = DIRECTION('',(0.,0.,1.));
#7025 = ORIENTED_EDGE('',*,*,#3792,.F.);
#7026 = ORIENTED_EDGE('',*,*,#7020,.F.);
#7027 = CYLINDRICAL_SURFACE('',#7028,2.);
#7028 = AXIS2_PLACEMENT_3D('',#7029,#7030,#7031);
#7029 = CARTESIAN_POINT('',(240.44625,-219.035,-4.6E-02));
#7030 = DIRECTION('',(-0.,-0.,-1.));
#7031 = DIRECTION('',(-0.,-1.,0.));
#7032 = ADVANCED_FACE('',(#7033),#7044,.F.);
#7033 = FACE_BOUND('',#7034,.T.);
#7034 = EDGE_LOOP('',(#7035,#7036,#7042,#7043));
#7035 = ORIENTED_EDGE('',*,*,#1240,.T.);
#7036 = ORIENTED_EDGE('',*,*,#7037,.T.);
#7037 = EDGE_CURVE('',#1241,#3804,#7038,.T.);
#7038 = LINE('',#7039,#7040);
#7039 = CARTESIAN_POINT('',(236.63625,-217.245,-4.6E-02));
#7040 = VECTOR('',#7041,1.);
#7041 = DIRECTION('',(0.,0.,1.));
#7042 = ORIENTED_EDGE('',*,*,#3803,.F.);
#7043 = ORIENTED_EDGE('',*,*,#7037,.F.);
#7044 = CYLINDRICAL_SURFACE('',#7045,0.75);
#7045 = AXIS2_PLACEMENT_3D('',#7046,#7047,#7048);
#7046 = CARTESIAN_POINT('',(236.63625,-216.495,-4.6E-02));
#7047 = DIRECTION('',(-0.,-0.,-1.));
#7048 = DIRECTION('',(-0.,-1.,0.));
#7049 = ADVANCED_FACE('',(#7050),#7061,.F.);
#7050 = FACE_BOUND('',#7051,.T.);
#7051 = EDGE_LOOP('',(#7052,#7053,#7059,#7060));
#7052 = ORIENTED_EDGE('',*,*,#1251,.T.);
#7053 = ORIENTED_EDGE('',*,*,#7054,.T.);
#7054 = EDGE_CURVE('',#1252,#3815,#7055,.T.);
#7055 = LINE('',#7056,#7057);
#7056 = CARTESIAN_POINT('',(245.52625,-219.91,-4.6E-02));
#7057 = VECTOR('',#7058,1.);
#7058 = DIRECTION('',(0.,0.,1.));
#7059 = ORIENTED_EDGE('',*,*,#3814,.F.);
#7060 = ORIENTED_EDGE('',*,*,#7054,.F.);
#7061 = CYLINDRICAL_SURFACE('',#7062,0.875);
#7062 = AXIS2_PLACEMENT_3D('',#7063,#7064,#7065);
#7063 = CARTESIAN_POINT('',(245.52625,-219.035,-4.6E-02));
#7064 = DIRECTION('',(-0.,-0.,-1.));
#7065 = DIRECTION('',(-0.,-1.,0.));
#7066 = ADVANCED_FACE('',(#7067),#7078,.F.);
#7067 = FACE_BOUND('',#7068,.T.);
#7068 = EDGE_LOOP('',(#7069,#7070,#7076,#7077));
#7069 = ORIENTED_EDGE('',*,*,#1262,.T.);
#7070 = ORIENTED_EDGE('',*,*,#7071,.T.);
#7071 = EDGE_CURVE('',#1263,#3826,#7072,.T.);
#7072 = LINE('',#7073,#7074);
#7073 = CARTESIAN_POINT('',(242.98625,-214.705,-4.6E-02));
#7074 = VECTOR('',#7075,1.);
#7075 = DIRECTION('',(0.,0.,1.));
#7076 = ORIENTED_EDGE('',*,*,#3825,.F.);
#7077 = ORIENTED_EDGE('',*,*,#7071,.F.);
#7078 = CYLINDRICAL_SURFACE('',#7079,0.75);
#7079 = AXIS2_PLACEMENT_3D('',#7080,#7081,#7082);
#7080 = CARTESIAN_POINT('',(242.98625,-213.955,-4.6E-02));
#7081 = DIRECTION('',(-0.,-0.,-1.));
#7082 = DIRECTION('',(-0.,-1.,0.));
#7083 = ADVANCED_FACE('',(#7084),#7095,.F.);
#7084 = FACE_BOUND('',#7085,.T.);
#7085 = EDGE_LOOP('',(#7086,#7087,#7093,#7094));
#7086 = ORIENTED_EDGE('',*,*,#1273,.T.);
#7087 = ORIENTED_EDGE('',*,*,#7088,.T.);
#7088 = EDGE_CURVE('',#1274,#3837,#7089,.T.);
#7089 = LINE('',#7090,#7091);
#7090 = CARTESIAN_POINT('',(252.384328,-213.574048,-4.6E-02));
#7091 = VECTOR('',#7092,1.);
#7092 = DIRECTION('',(0.,0.,1.));
#7093 = ORIENTED_EDGE('',*,*,#3836,.F.);
#7094 = ORIENTED_EDGE('',*,*,#7088,.F.);
#7095 = CYLINDRICAL_SURFACE('',#7096,1.524);
#7096 = AXIS2_PLACEMENT_3D('',#7097,#7098,#7099);
#7097 = CARTESIAN_POINT('',(252.384328,-212.050048,-4.6E-02));
#7098 = DIRECTION('',(-0.,-0.,-1.));
#7099 = DIRECTION('',(-0.,-1.,0.));
#7100 = ADVANCED_FACE('',(#7101),#7112,.F.);
#7101 = FACE_BOUND('',#7102,.T.);
#7102 = EDGE_LOOP('',(#7103,#7104,#7110,#7111));
#7103 = ORIENTED_EDGE('',*,*,#1284,.T.);
#7104 = ORIENTED_EDGE('',*,*,#7105,.T.);
#7105 = EDGE_CURVE('',#1285,#3848,#7106,.T.);
#7106 = LINE('',#7107,#7108);
#7107 = CARTESIAN_POINT('',(199.6475,-200.86,-4.6E-02));
#7108 = VECTOR('',#7109,1.);
#7109 = DIRECTION('',(0.,0.,1.));
#7110 = ORIENTED_EDGE('',*,*,#3847,.F.);
#7111 = ORIENTED_EDGE('',*,*,#7105,.F.);
#7112 = CYLINDRICAL_SURFACE('',#7113,0.875);
#7113 = AXIS2_PLACEMENT_3D('',#7114,#7115,#7116);
#7114 = CARTESIAN_POINT('',(199.6475,-199.985,-4.6E-02));
#7115 = DIRECTION('',(-0.,-0.,-1.));
#7116 = DIRECTION('',(-0.,-1.,0.));
#7117 = ADVANCED_FACE('',(#7118),#7129,.F.);
#7118 = FACE_BOUND('',#7119,.T.);
#7119 = EDGE_LOOP('',(#7120,#7121,#7127,#7128));
#7120 = ORIENTED_EDGE('',*,*,#1295,.T.);
#7121 = ORIENTED_EDGE('',*,*,#7122,.T.);
#7122 = EDGE_CURVE('',#1296,#3859,#7123,.T.);
#7123 = LINE('',#7124,#7125);
#7124 = CARTESIAN_POINT('',(200.9175,-198.195,-4.6E-02));
#7125 = VECTOR('',#7126,1.);
#7126 = DIRECTION('',(0.,0.,1.));
#7127 = ORIENTED_EDGE('',*,*,#3858,.F.);
#7128 = ORIENTED_EDGE('',*,*,#7122,.F.);
#7129 = CYLINDRICAL_SURFACE('',#7130,0.75);
#7130 = AXIS2_PLACEMENT_3D('',#7131,#7132,#7133);
#7131 = CARTESIAN_POINT('',(200.9175,-197.445,-4.6E-02));
#7132 = DIRECTION('',(-0.,-0.,-1.));
#7133 = DIRECTION('',(-0.,-1.,0.));
#7134 = ADVANCED_FACE('',(#7135),#7146,.F.);
#7135 = FACE_BOUND('',#7136,.T.);
#7136 = EDGE_LOOP('',(#7137,#7138,#7144,#7145));
#7137 = ORIENTED_EDGE('',*,*,#1306,.T.);
#7138 = ORIENTED_EDGE('',*,*,#7139,.T.);
#7139 = EDGE_CURVE('',#1307,#3870,#7140,.T.);
#7140 = LINE('',#7141,#7142);
#7141 = CARTESIAN_POINT('',(204.7275,-201.985,-4.6E-02));
#7142 = VECTOR('',#7143,1.);
#7143 = DIRECTION('',(0.,0.,1.));
#7144 = ORIENTED_EDGE('',*,*,#3869,.F.);
#7145 = ORIENTED_EDGE('',*,*,#7139,.F.);
#7146 = CYLINDRICAL_SURFACE('',#7147,2.);
#7147 = AXIS2_PLACEMENT_3D('',#7148,#7149,#7150);
#7148 = CARTESIAN_POINT('',(204.7275,-199.985,-4.6E-02));
#7149 = DIRECTION('',(-0.,-0.,-1.));
#7150 = DIRECTION('',(-0.,-1.,0.));
#7151 = ADVANCED_FACE('',(#7152),#7163,.F.);
#7152 = FACE_BOUND('',#7153,.T.);
#7153 = EDGE_LOOP('',(#7154,#7155,#7161,#7162));
#7154 = ORIENTED_EDGE('',*,*,#1317,.T.);
#7155 = ORIENTED_EDGE('',*,*,#7156,.T.);
#7156 = EDGE_CURVE('',#1318,#3881,#7157,.T.);
#7157 = LINE('',#7158,#7159);
#7158 = CARTESIAN_POINT('',(209.8075,-200.86,-4.6E-02));
#7159 = VECTOR('',#7160,1.);
#7160 = DIRECTION('',(0.,0.,1.));
#7161 = ORIENTED_EDGE('',*,*,#3880,.F.);
#7162 = ORIENTED_EDGE('',*,*,#7156,.F.);
#7163 = CYLINDRICAL_SURFACE('',#7164,0.875);
#7164 = AXIS2_PLACEMENT_3D('',#7165,#7166,#7167);
#7165 = CARTESIAN_POINT('',(209.8075,-199.985,-4.6E-02));
#7166 = DIRECTION('',(-0.,-0.,-1.));
#7167 = DIRECTION('',(-0.,-1.,0.));
#7168 = ADVANCED_FACE('',(#7169),#7180,.F.);
#7169 = FACE_BOUND('',#7170,.T.);
#7170 = EDGE_LOOP('',(#7171,#7172,#7178,#7179));
#7171 = ORIENTED_EDGE('',*,*,#1328,.T.);
#7172 = ORIENTED_EDGE('',*,*,#7173,.T.);
#7173 = EDGE_CURVE('',#1329,#3892,#7174,.T.);
#7174 = LINE('',#7175,#7176);
#7175 = CARTESIAN_POINT('',(207.2675,-195.655,-4.6E-02));
#7176 = VECTOR('',#7177,1.);
#7177 = DIRECTION('',(0.,0.,1.));
#7178 = ORIENTED_EDGE('',*,*,#3891,.F.);
#7179 = ORIENTED_EDGE('',*,*,#7173,.F.);
#7180 = CYLINDRICAL_SURFACE('',#7181,0.75);
#7181 = AXIS2_PLACEMENT_3D('',#7182,#7183,#7184);
#7182 = CARTESIAN_POINT('',(207.2675,-194.905,-4.6E-02));
#7183 = DIRECTION('',(-0.,-0.,-1.));
#7184 = DIRECTION('',(-0.,-1.,0.));
#7185 = ADVANCED_FACE('',(#7186),#7197,.F.);
#7186 = FACE_BOUND('',#7187,.T.);
#7187 = EDGE_LOOP('',(#7188,#7189,#7195,#7196));
#7188 = ORIENTED_EDGE('',*,*,#1339,.T.);
#7189 = ORIENTED_EDGE('',*,*,#7190,.T.);
#7190 = EDGE_CURVE('',#1340,#3903,#7191,.T.);
#7191 = LINE('',#7192,#7193);
#7192 = CARTESIAN_POINT('',(218.6975,-200.86,-4.6E-02));
#7193 = VECTOR('',#7194,1.);
#7194 = DIRECTION('',(0.,0.,1.));
#7195 = ORIENTED_EDGE('',*,*,#3902,.F.);
#7196 = ORIENTED_EDGE('',*,*,#7190,.F.);
#7197 = CYLINDRICAL_SURFACE('',#7198,0.875);
#7198 = AXIS2_PLACEMENT_3D('',#7199,#7200,#7201);
#7199 = CARTESIAN_POINT('',(218.6975,-199.985,-4.6E-02));
#7200 = DIRECTION('',(-0.,-0.,-1.));
#7201 = DIRECTION('',(-0.,-1.,0.));
#7202 = ADVANCED_FACE('',(#7203),#7214,.F.);
#7203 = FACE_BOUND('',#7204,.T.);
#7204 = EDGE_LOOP('',(#7205,#7206,#7212,#7213));
#7205 = ORIENTED_EDGE('',*,*,#1350,.T.);
#7206 = ORIENTED_EDGE('',*,*,#7207,.T.);
#7207 = EDGE_CURVE('',#1351,#3914,#7208,.T.);
#7208 = LINE('',#7209,#7210);
#7209 = CARTESIAN_POINT('',(219.9675,-198.195,-4.6E-02));
#7210 = VECTOR('',#7211,1.);
#7211 = DIRECTION('',(0.,0.,1.));
#7212 = ORIENTED_EDGE('',*,*,#3913,.F.);
#7213 = ORIENTED_EDGE('',*,*,#7207,.F.);
#7214 = CYLINDRICAL_SURFACE('',#7215,0.75);
#7215 = AXIS2_PLACEMENT_3D('',#7216,#7217,#7218);
#7216 = CARTESIAN_POINT('',(219.9675,-197.445,-4.6E-02));
#7217 = DIRECTION('',(-0.,-0.,-1.));
#7218 = DIRECTION('',(-0.,-1.,0.));
#7219 = ADVANCED_FACE('',(#7220),#7231,.F.);
#7220 = FACE_BOUND('',#7221,.T.);
#7221 = EDGE_LOOP('',(#7222,#7223,#7229,#7230));
#7222 = ORIENTED_EDGE('',*,*,#1361,.T.);
#7223 = ORIENTED_EDGE('',*,*,#7224,.T.);
#7224 = EDGE_CURVE('',#1362,#3925,#7225,.T.);
#7225 = LINE('',#7226,#7227);
#7226 = CARTESIAN_POINT('',(223.7775,-201.985,-4.6E-02));
#7227 = VECTOR('',#7228,1.);
#7228 = DIRECTION('',(0.,0.,1.));
#7229 = ORIENTED_EDGE('',*,*,#3924,.F.);
#7230 = ORIENTED_EDGE('',*,*,#7224,.F.);
#7231 = CYLINDRICAL_SURFACE('',#7232,2.);
#7232 = AXIS2_PLACEMENT_3D('',#7233,#7234,#7235);
#7233 = CARTESIAN_POINT('',(223.7775,-199.985,-4.6E-02));
#7234 = DIRECTION('',(-0.,-0.,-1.));
#7235 = DIRECTION('',(-0.,-1.,0.));
#7236 = ADVANCED_FACE('',(#7237),#7248,.F.);
#7237 = FACE_BOUND('',#7238,.T.);
#7238 = EDGE_LOOP('',(#7239,#7240,#7246,#7247));
#7239 = ORIENTED_EDGE('',*,*,#1372,.T.);
#7240 = ORIENTED_EDGE('',*,*,#7241,.T.);
#7241 = EDGE_CURVE('',#1373,#3936,#7242,.T.);
#7242 = LINE('',#7243,#7244);
#7243 = CARTESIAN_POINT('',(228.8575,-200.86,-4.6E-02));
#7244 = VECTOR('',#7245,1.);
#7245 = DIRECTION('',(0.,0.,1.));
#7246 = ORIENTED_EDGE('',*,*,#3935,.F.);
#7247 = ORIENTED_EDGE('',*,*,#7241,.F.);
#7248 = CYLINDRICAL_SURFACE('',#7249,0.875);
#7249 = AXIS2_PLACEMENT_3D('',#7250,#7251,#7252);
#7250 = CARTESIAN_POINT('',(228.8575,-199.985,-4.6E-02));
#7251 = DIRECTION('',(-0.,-0.,-1.));
#7252 = DIRECTION('',(-0.,-1.,0.));
#7253 = ADVANCED_FACE('',(#7254),#7265,.F.);
#7254 = FACE_BOUND('',#7255,.T.);
#7255 = EDGE_LOOP('',(#7256,#7257,#7263,#7264));
#7256 = ORIENTED_EDGE('',*,*,#1383,.T.);
#7257 = ORIENTED_EDGE('',*,*,#7258,.T.);
#7258 = EDGE_CURVE('',#1384,#3947,#7259,.T.);
#7259 = LINE('',#7260,#7261);
#7260 = CARTESIAN_POINT('',(226.3175,-195.655,-4.6E-02));
#7261 = VECTOR('',#7262,1.);
#7262 = DIRECTION('',(0.,0.,1.));
#7263 = ORIENTED_EDGE('',*,*,#3946,.F.);
#7264 = ORIENTED_EDGE('',*,*,#7258,.F.);
#7265 = CYLINDRICAL_SURFACE('',#7266,0.75);
#7266 = AXIS2_PLACEMENT_3D('',#7267,#7268,#7269);
#7267 = CARTESIAN_POINT('',(226.3175,-194.905,-4.6E-02));
#7268 = DIRECTION('',(-0.,-0.,-1.));
#7269 = DIRECTION('',(-0.,-1.,0.));
#7270 = ADVANCED_FACE('',(#7271),#7282,.F.);
#7271 = FACE_BOUND('',#7272,.T.);
#7272 = EDGE_LOOP('',(#7273,#7274,#7280,#7281));
#7273 = ORIENTED_EDGE('',*,*,#1394,.T.);
#7274 = ORIENTED_EDGE('',*,*,#7275,.T.);
#7275 = EDGE_CURVE('',#1395,#3958,#7276,.T.);
#7276 = LINE('',#7277,#7278);
#7277 = CARTESIAN_POINT('',(237.7475,-200.86,-4.6E-02));
#7278 = VECTOR('',#7279,1.);
#7279 = DIRECTION('',(0.,0.,1.));
#7280 = ORIENTED_EDGE('',*,*,#3957,.F.);
#7281 = ORIENTED_EDGE('',*,*,#7275,.F.);
#7282 = CYLINDRICAL_SURFACE('',#7283,0.875);
#7283 = AXIS2_PLACEMENT_3D('',#7284,#7285,#7286);
#7284 = CARTESIAN_POINT('',(237.7475,-199.985,-4.6E-02));
#7285 = DIRECTION('',(-0.,-0.,-1.));
#7286 = DIRECTION('',(-0.,-1.,0.));
#7287 = ADVANCED_FACE('',(#7288),#7299,.F.);
#7288 = FACE_BOUND('',#7289,.T.);
#7289 = EDGE_LOOP('',(#7290,#7291,#7297,#7298));
#7290 = ORIENTED_EDGE('',*,*,#1405,.T.);
#7291 = ORIENTED_EDGE('',*,*,#7292,.T.);
#7292 = EDGE_CURVE('',#1406,#3969,#7293,.T.);
#7293 = LINE('',#7294,#7295);
#7294 = CARTESIAN_POINT('',(239.0175,-198.195,-4.6E-02));
#7295 = VECTOR('',#7296,1.);
#7296 = DIRECTION('',(0.,0.,1.));
#7297 = ORIENTED_EDGE('',*,*,#3968,.F.);
#7298 = ORIENTED_EDGE('',*,*,#7292,.F.);
#7299 = CYLINDRICAL_SURFACE('',#7300,0.75);
#7300 = AXIS2_PLACEMENT_3D('',#7301,#7302,#7303);
#7301 = CARTESIAN_POINT('',(239.0175,-197.445,-4.6E-02));
#7302 = DIRECTION('',(-0.,-0.,-1.));
#7303 = DIRECTION('',(-0.,-1.,0.));
#7304 = ADVANCED_FACE('',(#7305),#7316,.F.);
#7305 = FACE_BOUND('',#7306,.T.);
#7306 = EDGE_LOOP('',(#7307,#7308,#7314,#7315));
#7307 = ORIENTED_EDGE('',*,*,#1416,.T.);
#7308 = ORIENTED_EDGE('',*,*,#7309,.T.);
#7309 = EDGE_CURVE('',#1417,#3980,#7310,.T.);
#7310 = LINE('',#7311,#7312);
#7311 = CARTESIAN_POINT('',(242.8275,-201.985,-4.6E-02));
#7312 = VECTOR('',#7313,1.);
#7313 = DIRECTION('',(0.,0.,1.));
#7314 = ORIENTED_EDGE('',*,*,#3979,.F.);
#7315 = ORIENTED_EDGE('',*,*,#7309,.F.);
#7316 = CYLINDRICAL_SURFACE('',#7317,2.);
#7317 = AXIS2_PLACEMENT_3D('',#7318,#7319,#7320);
#7318 = CARTESIAN_POINT('',(242.8275,-199.985,-4.6E-02));
#7319 = DIRECTION('',(-0.,-0.,-1.));
#7320 = DIRECTION('',(-0.,-1.,0.));
#7321 = ADVANCED_FACE('',(#7322),#7333,.F.);
#7322 = FACE_BOUND('',#7323,.T.);
#7323 = EDGE_LOOP('',(#7324,#7325,#7331,#7332));
#7324 = ORIENTED_EDGE('',*,*,#1427,.T.);
#7325 = ORIENTED_EDGE('',*,*,#7326,.T.);
#7326 = EDGE_CURVE('',#1428,#3991,#7327,.T.);
#7327 = LINE('',#7328,#7329);
#7328 = CARTESIAN_POINT('',(247.9075,-200.86,-4.6E-02));
#7329 = VECTOR('',#7330,1.);
#7330 = DIRECTION('',(0.,0.,1.));
#7331 = ORIENTED_EDGE('',*,*,#3990,.F.);
#7332 = ORIENTED_EDGE('',*,*,#7326,.F.);
#7333 = CYLINDRICAL_SURFACE('',#7334,0.875);
#7334 = AXIS2_PLACEMENT_3D('',#7335,#7336,#7337);
#7335 = CARTESIAN_POINT('',(247.9075,-199.985,-4.6E-02));
#7336 = DIRECTION('',(-0.,-0.,-1.));
#7337 = DIRECTION('',(-0.,-1.,0.));
#7338 = ADVANCED_FACE('',(#7339),#7350,.F.);
#7339 = FACE_BOUND('',#7340,.T.);
#7340 = EDGE_LOOP('',(#7341,#7342,#7348,#7349));
#7341 = ORIENTED_EDGE('',*,*,#1438,.T.);
#7342 = ORIENTED_EDGE('',*,*,#7343,.T.);
#7343 = EDGE_CURVE('',#1439,#4002,#7344,.T.);
#7344 = LINE('',#7345,#7346);
#7345 = CARTESIAN_POINT('',(245.3675,-195.655,-4.6E-02));
#7346 = VECTOR('',#7347,1.);
#7347 = DIRECTION('',(0.,0.,1.));
#7348 = ORIENTED_EDGE('',*,*,#4001,.F.);
#7349 = ORIENTED_EDGE('',*,*,#7343,.F.);
#7350 = CYLINDRICAL_SURFACE('',#7351,0.75);
#7351 = AXIS2_PLACEMENT_3D('',#7352,#7353,#7354);
#7352 = CARTESIAN_POINT('',(245.3675,-194.905,-4.6E-02));
#7353 = DIRECTION('',(-0.,-0.,-1.));
#7354 = DIRECTION('',(-0.,-1.,0.));
#7355 = ADVANCED_FACE('',(#7356),#7367,.F.);
#7356 = FACE_BOUND('',#7357,.T.);
#7357 = EDGE_LOOP('',(#7358,#7359,#7365,#7366));
#7358 = ORIENTED_EDGE('',*,*,#1449,.T.);
#7359 = ORIENTED_EDGE('',*,*,#7360,.T.);
#7360 = EDGE_CURVE('',#1450,#4013,#7361,.T.);
#7361 = LINE('',#7362,#7363);
#7362 = CARTESIAN_POINT('',(256.7975,-200.86,-4.6E-02));
#7363 = VECTOR('',#7364,1.);
#7364 = DIRECTION('',(0.,0.,1.));
#7365 = ORIENTED_EDGE('',*,*,#4012,.F.);
#7366 = ORIENTED_EDGE('',*,*,#7360,.F.);
#7367 = CYLINDRICAL_SURFACE('',#7368,0.875);
#7368 = AXIS2_PLACEMENT_3D('',#7369,#7370,#7371);
#7369 = CARTESIAN_POINT('',(256.7975,-199.985,-4.6E-02));
#7370 = DIRECTION('',(-0.,-0.,-1.));
#7371 = DIRECTION('',(-0.,-1.,0.));
#7372 = ADVANCED_FACE('',(#7373),#7384,.F.);
#7373 = FACE_BOUND('',#7374,.T.);
#7374 = EDGE_LOOP('',(#7375,#7376,#7382,#7383));
#7375 = ORIENTED_EDGE('',*,*,#1460,.T.);
#7376 = ORIENTED_EDGE('',*,*,#7377,.T.);
#7377 = EDGE_CURVE('',#1461,#4024,#7378,.T.);
#7378 = LINE('',#7379,#7380);
#7379 = CARTESIAN_POINT('',(261.8775,-201.985,-4.6E-02));
#7380 = VECTOR('',#7381,1.);
#7381 = DIRECTION('',(0.,0.,1.));
#7382 = ORIENTED_EDGE('',*,*,#4023,.F.);
#7383 = ORIENTED_EDGE('',*,*,#7377,.F.);
#7384 = CYLINDRICAL_SURFACE('',#7385,2.);
#7385 = AXIS2_PLACEMENT_3D('',#7386,#7387,#7388);
#7386 = CARTESIAN_POINT('',(261.8775,-199.985,-4.6E-02));
#7387 = DIRECTION('',(-0.,-0.,-1.));
#7388 = DIRECTION('',(-0.,-1.,0.));
#7389 = ADVANCED_FACE('',(#7390),#7401,.F.);
#7390 = FACE_BOUND('',#7391,.T.);
#7391 = EDGE_LOOP('',(#7392,#7393,#7399,#7400));
#7392 = ORIENTED_EDGE('',*,*,#1471,.T.);
#7393 = ORIENTED_EDGE('',*,*,#7394,.T.);
#7394 = EDGE_CURVE('',#1472,#4035,#7395,.T.);
#7395 = LINE('',#7396,#7397);
#7396 = CARTESIAN_POINT('',(258.0675,-198.195,-4.6E-02));
#7397 = VECTOR('',#7398,1.);
#7398 = DIRECTION('',(0.,0.,1.));
#7399 = ORIENTED_EDGE('',*,*,#4034,.F.);
#7400 = ORIENTED_EDGE('',*,*,#7394,.F.);
#7401 = CYLINDRICAL_SURFACE('',#7402,0.75);
#7402 = AXIS2_PLACEMENT_3D('',#7403,#7404,#7405);
#7403 = CARTESIAN_POINT('',(258.0675,-197.445,-4.6E-02));
#7404 = DIRECTION('',(-0.,-0.,-1.));
#7405 = DIRECTION('',(-0.,-1.,0.));
#7406 = ADVANCED_FACE('',(#7407),#7418,.F.);
#7407 = FACE_BOUND('',#7408,.T.);
#7408 = EDGE_LOOP('',(#7409,#7410,#7416,#7417));
#7409 = ORIENTED_EDGE('',*,*,#1482,.T.);
#7410 = ORIENTED_EDGE('',*,*,#7411,.T.);
#7411 = EDGE_CURVE('',#1483,#4046,#7412,.T.);
#7412 = LINE('',#7413,#7414);
#7413 = CARTESIAN_POINT('',(266.9575,-200.86,-4.6E-02));
#7414 = VECTOR('',#7415,1.);
#7415 = DIRECTION('',(0.,0.,1.));
#7416 = ORIENTED_EDGE('',*,*,#4045,.F.);
#7417 = ORIENTED_EDGE('',*,*,#7411,.F.);
#7418 = CYLINDRICAL_SURFACE('',#7419,0.875);
#7419 = AXIS2_PLACEMENT_3D('',#7420,#7421,#7422);
#7420 = CARTESIAN_POINT('',(266.9575,-199.985,-4.6E-02));
#7421 = DIRECTION('',(-0.,-0.,-1.));
#7422 = DIRECTION('',(-0.,-1.,0.));
#7423 = ADVANCED_FACE('',(#7424),#7435,.F.);
#7424 = FACE_BOUND('',#7425,.T.);
#7425 = EDGE_LOOP('',(#7426,#7427,#7433,#7434));
#7426 = ORIENTED_EDGE('',*,*,#1493,.T.);
#7427 = ORIENTED_EDGE('',*,*,#7428,.T.);
#7428 = EDGE_CURVE('',#1494,#4057,#7429,.T.);
#7429 = LINE('',#7430,#7431);
#7430 = CARTESIAN_POINT('',(264.4175,-195.655,-4.6E-02));
#7431 = VECTOR('',#7432,1.);
#7432 = DIRECTION('',(0.,0.,1.));
#7433 = ORIENTED_EDGE('',*,*,#4056,.F.);
#7434 = ORIENTED_EDGE('',*,*,#7428,.F.);
#7435 = CYLINDRICAL_SURFACE('',#7436,0.75);
#7436 = AXIS2_PLACEMENT_3D('',#7437,#7438,#7439);
#7437 = CARTESIAN_POINT('',(264.4175,-194.905,-4.6E-02));
#7438 = DIRECTION('',(-0.,-0.,-1.));
#7439 = DIRECTION('',(-0.,-1.,0.));
#7440 = ADVANCED_FACE('',(#7441),#7452,.F.);
#7441 = FACE_BOUND('',#7442,.T.);
#7442 = EDGE_LOOP('',(#7443,#7444,#7450,#7451));
#7443 = ORIENTED_EDGE('',*,*,#1504,.T.);
#7444 = ORIENTED_EDGE('',*,*,#7445,.T.);
#7445 = EDGE_CURVE('',#1505,#4068,#7446,.T.);
#7446 = LINE('',#7447,#7448);
#7447 = CARTESIAN_POINT('',(118.9075,-184.565,-4.6E-02));
#7448 = VECTOR('',#7449,1.);
#7449 = DIRECTION('',(0.,0.,1.));
#7450 = ORIENTED_EDGE('',*,*,#4067,.F.);
#7451 = ORIENTED_EDGE('',*,*,#7445,.F.);
#7452 = CYLINDRICAL_SURFACE('',#7453,0.5);
#7453 = AXIS2_PLACEMENT_3D('',#7454,#7455,#7456);
#7454 = CARTESIAN_POINT('',(118.9075,-184.065,-4.6E-02));
#7455 = DIRECTION('',(-0.,-0.,-1.));
#7456 = DIRECTION('',(-0.,-1.,0.));
#7457 = ADVANCED_FACE('',(#7458),#7469,.F.);
#7458 = FACE_BOUND('',#7459,.T.);
#7459 = EDGE_LOOP('',(#7460,#7461,#7467,#7468));
#7460 = ORIENTED_EDGE('',*,*,#1515,.T.);
#7461 = ORIENTED_EDGE('',*,*,#7462,.T.);
#7462 = EDGE_CURVE('',#1516,#4079,#7463,.T.);
#7463 = LINE('',#7464,#7465);
#7464 = CARTESIAN_POINT('',(134.1475,-184.565,-4.6E-02));
#7465 = VECTOR('',#7466,1.);
#7466 = DIRECTION('',(0.,0.,1.));
#7467 = ORIENTED_EDGE('',*,*,#4078,.F.);
#7468 = ORIENTED_EDGE('',*,*,#7462,.F.);
#7469 = CYLINDRICAL_SURFACE('',#7470,0.5);
#7470 = AXIS2_PLACEMENT_3D('',#7471,#7472,#7473);
#7471 = CARTESIAN_POINT('',(134.1475,-184.065,-4.6E-02));
#7472 = DIRECTION('',(-0.,-0.,-1.));
#7473 = DIRECTION('',(-0.,-1.,0.));
#7474 = ADVANCED_FACE('',(#7475),#7486,.F.);
#7475 = FACE_BOUND('',#7476,.T.);
#7476 = EDGE_LOOP('',(#7477,#7478,#7484,#7485));
#7477 = ORIENTED_EDGE('',*,*,#1526,.T.);
#7478 = ORIENTED_EDGE('',*,*,#7479,.T.);
#7479 = EDGE_CURVE('',#1527,#4090,#7480,.T.);
#7480 = LINE('',#7481,#7482);
#7481 = CARTESIAN_POINT('',(118.9075,-182.025,-4.6E-02));
#7482 = VECTOR('',#7483,1.);
#7483 = DIRECTION('',(0.,0.,1.));
#7484 = ORIENTED_EDGE('',*,*,#4089,.F.);
#7485 = ORIENTED_EDGE('',*,*,#7479,.F.);
#7486 = CYLINDRICAL_SURFACE('',#7487,0.5);
#7487 = AXIS2_PLACEMENT_3D('',#7488,#7489,#7490);
#7488 = CARTESIAN_POINT('',(118.9075,-181.525,-4.6E-02));
#7489 = DIRECTION('',(-0.,-0.,-1.));
#7490 = DIRECTION('',(-0.,-1.,0.));
#7491 = ADVANCED_FACE('',(#7492),#7503,.F.);
#7492 = FACE_BOUND('',#7493,.T.);
#7493 = EDGE_LOOP('',(#7494,#7495,#7501,#7502));
#7494 = ORIENTED_EDGE('',*,*,#1537,.T.);
#7495 = ORIENTED_EDGE('',*,*,#7496,.T.);
#7496 = EDGE_CURVE('',#1538,#4101,#7497,.T.);
#7497 = LINE('',#7498,#7499);
#7498 = CARTESIAN_POINT('',(118.9075,-179.485,-4.6E-02));
#7499 = VECTOR('',#7500,1.);
#7500 = DIRECTION('',(0.,0.,1.));
#7501 = ORIENTED_EDGE('',*,*,#4100,.F.);
#7502 = ORIENTED_EDGE('',*,*,#7496,.F.);
#7503 = CYLINDRICAL_SURFACE('',#7504,0.5);
#7504 = AXIS2_PLACEMENT_3D('',#7505,#7506,#7507);
#7505 = CARTESIAN_POINT('',(118.9075,-178.985,-4.6E-02));
#7506 = DIRECTION('',(-0.,-0.,-1.));
#7507 = DIRECTION('',(-0.,-1.,0.));
#7508 = ADVANCED_FACE('',(#7509),#7520,.F.);
#7509 = FACE_BOUND('',#7510,.T.);
#7510 = EDGE_LOOP('',(#7511,#7512,#7518,#7519));
#7511 = ORIENTED_EDGE('',*,*,#1548,.T.);
#7512 = ORIENTED_EDGE('',*,*,#7513,.T.);
#7513 = EDGE_CURVE('',#1549,#4112,#7514,.T.);
#7514 = LINE('',#7515,#7516);
#7515 = CARTESIAN_POINT('',(118.9075,-176.945,-4.6E-02));
#7516 = VECTOR('',#7517,1.);
#7517 = DIRECTION('',(0.,0.,1.));
#7518 = ORIENTED_EDGE('',*,*,#4111,.F.);
#7519 = ORIENTED_EDGE('',*,*,#7513,.F.);
#7520 = CYLINDRICAL_SURFACE('',#7521,0.5);
#7521 = AXIS2_PLACEMENT_3D('',#7522,#7523,#7524);
#7522 = CARTESIAN_POINT('',(118.9075,-176.445,-4.6E-02));
#7523 = DIRECTION('',(-0.,-0.,-1.));
#7524 = DIRECTION('',(-0.,-1.,0.));
#7525 = ADVANCED_FACE('',(#7526),#7537,.F.);
#7526 = FACE_BOUND('',#7527,.T.);
#7527 = EDGE_LOOP('',(#7528,#7529,#7535,#7536));
#7528 = ORIENTED_EDGE('',*,*,#1559,.T.);
#7529 = ORIENTED_EDGE('',*,*,#7530,.T.);
#7530 = EDGE_CURVE('',#1560,#4123,#7531,.T.);
#7531 = LINE('',#7532,#7533);
#7532 = CARTESIAN_POINT('',(118.9075,-174.405,-4.6E-02));
#7533 = VECTOR('',#7534,1.);
#7534 = DIRECTION('',(0.,0.,1.));
#7535 = ORIENTED_EDGE('',*,*,#4122,.F.);
#7536 = ORIENTED_EDGE('',*,*,#7530,.F.);
#7537 = CYLINDRICAL_SURFACE('',#7538,0.5);
#7538 = AXIS2_PLACEMENT_3D('',#7539,#7540,#7541);
#7539 = CARTESIAN_POINT('',(118.9075,-173.905,-4.6E-02));
#7540 = DIRECTION('',(-0.,-0.,-1.));
#7541 = DIRECTION('',(-0.,-1.,0.));
#7542 = ADVANCED_FACE('',(#7543),#7554,.F.);
#7543 = FACE_BOUND('',#7544,.T.);
#7544 = EDGE_LOOP('',(#7545,#7546,#7552,#7553));
#7545 = ORIENTED_EDGE('',*,*,#1570,.T.);
#7546 = ORIENTED_EDGE('',*,*,#7547,.T.);
#7547 = EDGE_CURVE('',#1571,#4134,#7548,.T.);
#7548 = LINE('',#7549,#7550);
#7549 = CARTESIAN_POINT('',(134.1475,-182.025,-4.6E-02));
#7550 = VECTOR('',#7551,1.);
#7551 = DIRECTION('',(0.,0.,1.));
#7552 = ORIENTED_EDGE('',*,*,#4133,.F.);
#7553 = ORIENTED_EDGE('',*,*,#7547,.F.);
#7554 = CYLINDRICAL_SURFACE('',#7555,0.5);
#7555 = AXIS2_PLACEMENT_3D('',#7556,#7557,#7558);
#7556 = CARTESIAN_POINT('',(134.1475,-181.525,-4.6E-02));
#7557 = DIRECTION('',(-0.,-0.,-1.));
#7558 = DIRECTION('',(-0.,-1.,0.));
#7559 = ADVANCED_FACE('',(#7560),#7571,.F.);
#7560 = FACE_BOUND('',#7561,.T.);
#7561 = EDGE_LOOP('',(#7562,#7563,#7569,#7570));
#7562 = ORIENTED_EDGE('',*,*,#1581,.T.);
#7563 = ORIENTED_EDGE('',*,*,#7564,.T.);
#7564 = EDGE_CURVE('',#1582,#4145,#7565,.T.);
#7565 = LINE('',#7566,#7567);
#7566 = CARTESIAN_POINT('',(134.1475,-179.485,-4.6E-02));
#7567 = VECTOR('',#7568,1.);
#7568 = DIRECTION('',(0.,0.,1.));
#7569 = ORIENTED_EDGE('',*,*,#4144,.F.);
#7570 = ORIENTED_EDGE('',*,*,#7564,.F.);
#7571 = CYLINDRICAL_SURFACE('',#7572,0.5);
#7572 = AXIS2_PLACEMENT_3D('',#7573,#7574,#7575);
#7573 = CARTESIAN_POINT('',(134.1475,-178.985,-4.6E-02));
#7574 = DIRECTION('',(-0.,-0.,-1.));
#7575 = DIRECTION('',(-0.,-1.,0.));
#7576 = ADVANCED_FACE('',(#7577),#7588,.F.);
#7577 = FACE_BOUND('',#7578,.T.);
#7578 = EDGE_LOOP('',(#7579,#7580,#7586,#7587));
#7579 = ORIENTED_EDGE('',*,*,#1592,.T.);
#7580 = ORIENTED_EDGE('',*,*,#7581,.T.);
#7581 = EDGE_CURVE('',#1593,#4156,#7582,.T.);
#7582 = LINE('',#7583,#7584);
#7583 = CARTESIAN_POINT('',(144.87875,-181.81,-4.6E-02));
#7584 = VECTOR('',#7585,1.);
#7585 = DIRECTION('',(0.,0.,1.));
#7586 = ORIENTED_EDGE('',*,*,#4155,.F.);
#7587 = ORIENTED_EDGE('',*,*,#7581,.F.);
#7588 = CYLINDRICAL_SURFACE('',#7589,0.875);
#7589 = AXIS2_PLACEMENT_3D('',#7590,#7591,#7592);
#7590 = CARTESIAN_POINT('',(144.87875,-180.935,-4.6E-02));
#7591 = DIRECTION('',(-0.,-0.,-1.));
#7592 = DIRECTION('',(-0.,-1.,0.));
#7593 = ADVANCED_FACE('',(#7594),#7605,.F.);
#7594 = FACE_BOUND('',#7595,.T.);
#7595 = EDGE_LOOP('',(#7596,#7597,#7603,#7604));
#7596 = ORIENTED_EDGE('',*,*,#1603,.T.);
#7597 = ORIENTED_EDGE('',*,*,#7598,.T.);
#7598 = EDGE_CURVE('',#1604,#4167,#7599,.T.);
#7599 = LINE('',#7600,#7601);
#7600 = CARTESIAN_POINT('',(149.95875,-182.935,-4.6E-02));
#7601 = VECTOR('',#7602,1.);
#7602 = DIRECTION('',(0.,0.,1.));
#7603 = ORIENTED_EDGE('',*,*,#4166,.F.);
#7604 = ORIENTED_EDGE('',*,*,#7598,.F.);
#7605 = CYLINDRICAL_SURFACE('',#7606,2.);
#7606 = AXIS2_PLACEMENT_3D('',#7607,#7608,#7609);
#7607 = CARTESIAN_POINT('',(149.95875,-180.935,-4.6E-02));
#7608 = DIRECTION('',(-0.,-0.,-1.));
#7609 = DIRECTION('',(-0.,-1.,0.));
#7610 = ADVANCED_FACE('',(#7611),#7622,.F.);
#7611 = FACE_BOUND('',#7612,.T.);
#7612 = EDGE_LOOP('',(#7613,#7614,#7620,#7621));
#7613 = ORIENTED_EDGE('',*,*,#1614,.T.);
#7614 = ORIENTED_EDGE('',*,*,#7615,.T.);
#7615 = EDGE_CURVE('',#1615,#4178,#7616,.T.);
#7616 = LINE('',#7617,#7618);
#7617 = CARTESIAN_POINT('',(146.14875,-179.145,-4.6E-02));
#7618 = VECTOR('',#7619,1.);
#7619 = DIRECTION('',(0.,0.,1.));
#7620 = ORIENTED_EDGE('',*,*,#4177,.F.);
#7621 = ORIENTED_EDGE('',*,*,#7615,.F.);
#7622 = CYLINDRICAL_SURFACE('',#7623,0.75);
#7623 = AXIS2_PLACEMENT_3D('',#7624,#7625,#7626);
#7624 = CARTESIAN_POINT('',(146.14875,-178.395,-4.6E-02));
#7625 = DIRECTION('',(-0.,-0.,-1.));
#7626 = DIRECTION('',(-0.,-1.,0.));
#7627 = ADVANCED_FACE('',(#7628),#7639,.F.);
#7628 = FACE_BOUND('',#7629,.T.);
#7629 = EDGE_LOOP('',(#7630,#7631,#7637,#7638));
#7630 = ORIENTED_EDGE('',*,*,#1625,.T.);
#7631 = ORIENTED_EDGE('',*,*,#7632,.T.);
#7632 = EDGE_CURVE('',#1626,#4189,#7633,.T.);
#7633 = LINE('',#7634,#7635);
#7634 = CARTESIAN_POINT('',(134.1475,-176.945,-4.6E-02));
#7635 = VECTOR('',#7636,1.);
#7636 = DIRECTION('',(0.,0.,1.));
#7637 = ORIENTED_EDGE('',*,*,#4188,.F.);
#7638 = ORIENTED_EDGE('',*,*,#7632,.F.);
#7639 = CYLINDRICAL_SURFACE('',#7640,0.5);
#7640 = AXIS2_PLACEMENT_3D('',#7641,#7642,#7643);
#7641 = CARTESIAN_POINT('',(134.1475,-176.445,-4.6E-02));
#7642 = DIRECTION('',(-0.,-0.,-1.));
#7643 = DIRECTION('',(-0.,-1.,0.));
#7644 = ADVANCED_FACE('',(#7645),#7656,.F.);
#7645 = FACE_BOUND('',#7646,.T.);
#7646 = EDGE_LOOP('',(#7647,#7648,#7654,#7655));
#7647 = ORIENTED_EDGE('',*,*,#1636,.T.);
#7648 = ORIENTED_EDGE('',*,*,#7649,.T.);
#7649 = EDGE_CURVE('',#1637,#4200,#7650,.T.);
#7650 = LINE('',#7651,#7652);
#7651 = CARTESIAN_POINT('',(134.1475,-174.405,-4.6E-02));
#7652 = VECTOR('',#7653,1.);
#7653 = DIRECTION('',(0.,0.,1.));
#7654 = ORIENTED_EDGE('',*,*,#4199,.F.);
#7655 = ORIENTED_EDGE('',*,*,#7649,.F.);
#7656 = CYLINDRICAL_SURFACE('',#7657,0.5);
#7657 = AXIS2_PLACEMENT_3D('',#7658,#7659,#7660);
#7658 = CARTESIAN_POINT('',(134.1475,-173.905,-4.6E-02));
#7659 = DIRECTION('',(-0.,-0.,-1.));
#7660 = DIRECTION('',(-0.,-1.,0.));
#7661 = ADVANCED_FACE('',(#7662),#7673,.F.);
#7662 = FACE_BOUND('',#7663,.T.);
#7663 = EDGE_LOOP('',(#7664,#7665,#7671,#7672));
#7664 = ORIENTED_EDGE('',*,*,#1647,.T.);
#7665 = ORIENTED_EDGE('',*,*,#7666,.T.);
#7666 = EDGE_CURVE('',#1648,#4211,#7667,.T.);
#7667 = LINE('',#7668,#7669);
#7668 = CARTESIAN_POINT('',(155.03875,-181.81,-4.6E-02));
#7669 = VECTOR('',#7670,1.);
#7670 = DIRECTION('',(0.,0.,1.));
#7671 = ORIENTED_EDGE('',*,*,#4210,.F.);
#7672 = ORIENTED_EDGE('',*,*,#7666,.F.);
#7673 = CYLINDRICAL_SURFACE('',#7674,0.875);
#7674 = AXIS2_PLACEMENT_3D('',#7675,#7676,#7677);
#7675 = CARTESIAN_POINT('',(155.03875,-180.935,-4.6E-02));
#7676 = DIRECTION('',(-0.,-0.,-1.));
#7677 = DIRECTION('',(-0.,-1.,0.));
#7678 = ADVANCED_FACE('',(#7679),#7690,.F.);
#7679 = FACE_BOUND('',#7680,.T.);
#7680 = EDGE_LOOP('',(#7681,#7682,#7688,#7689));
#7681 = ORIENTED_EDGE('',*,*,#1658,.T.);
#7682 = ORIENTED_EDGE('',*,*,#7683,.T.);
#7683 = EDGE_CURVE('',#1659,#4222,#7684,.T.);
#7684 = LINE('',#7685,#7686);
#7685 = CARTESIAN_POINT('',(171.0725,-181.81,-4.6E-02));
#7686 = VECTOR('',#7687,1.);
#7687 = DIRECTION('',(0.,0.,1.));
#7688 = ORIENTED_EDGE('',*,*,#4221,.F.);
#7689 = ORIENTED_EDGE('',*,*,#7683,.F.);
#7690 = CYLINDRICAL_SURFACE('',#7691,0.875);
#7691 = AXIS2_PLACEMENT_3D('',#7692,#7693,#7694);
#7692 = CARTESIAN_POINT('',(171.0725,-180.935,-4.6E-02));
#7693 = DIRECTION('',(-0.,-0.,-1.));
#7694 = DIRECTION('',(-0.,-1.,0.));
#7695 = ADVANCED_FACE('',(#7696),#7707,.F.);
#7696 = FACE_BOUND('',#7697,.T.);
#7697 = EDGE_LOOP('',(#7698,#7699,#7705,#7706));
#7698 = ORIENTED_EDGE('',*,*,#1669,.T.);
#7699 = ORIENTED_EDGE('',*,*,#7700,.T.);
#7700 = EDGE_CURVE('',#1670,#4233,#7701,.T.);
#7701 = LINE('',#7702,#7703);
#7702 = CARTESIAN_POINT('',(152.49875,-176.605,-4.6E-02));
#7703 = VECTOR('',#7704,1.);
#7704 = DIRECTION('',(0.,0.,1.));
#7705 = ORIENTED_EDGE('',*,*,#4232,.F.);
#7706 = ORIENTED_EDGE('',*,*,#7700,.F.);
#7707 = CYLINDRICAL_SURFACE('',#7708,0.75);
#7708 = AXIS2_PLACEMENT_3D('',#7709,#7710,#7711);
#7709 = CARTESIAN_POINT('',(152.49875,-175.855,-4.6E-02));
#7710 = DIRECTION('',(-0.,-0.,-1.));
#7711 = DIRECTION('',(-0.,-1.,0.));
#7712 = ADVANCED_FACE('',(#7713),#7724,.F.);
#7713 = FACE_BOUND('',#7714,.T.);
#7714 = EDGE_LOOP('',(#7715,#7716,#7722,#7723));
#7715 = ORIENTED_EDGE('',*,*,#1680,.T.);
#7716 = ORIENTED_EDGE('',*,*,#7717,.T.);
#7717 = EDGE_CURVE('',#1681,#4244,#7718,.T.);
#7718 = LINE('',#7719,#7720);
#7719 = CARTESIAN_POINT('',(176.1525,-182.935,-4.6E-02));
#7720 = VECTOR('',#7721,1.);
#7721 = DIRECTION('',(0.,0.,1.));
#7722 = ORIENTED_EDGE('',*,*,#4243,.F.);
#7723 = ORIENTED_EDGE('',*,*,#7717,.F.);
#7724 = CYLINDRICAL_SURFACE('',#7725,2.);
#7725 = AXIS2_PLACEMENT_3D('',#7726,#7727,#7728);
#7726 = CARTESIAN_POINT('',(176.1525,-180.935,-4.6E-02));
#7727 = DIRECTION('',(-0.,-0.,-1.));
#7728 = DIRECTION('',(-0.,-1.,0.));
#7729 = ADVANCED_FACE('',(#7730),#7741,.F.);
#7730 = FACE_BOUND('',#7731,.T.);
#7731 = EDGE_LOOP('',(#7732,#7733,#7739,#7740));
#7732 = ORIENTED_EDGE('',*,*,#1691,.T.);
#7733 = ORIENTED_EDGE('',*,*,#7734,.T.);
#7734 = EDGE_CURVE('',#1692,#4255,#7735,.T.);
#7735 = LINE('',#7736,#7737);
#7736 = CARTESIAN_POINT('',(181.2325,-181.81,-4.6E-02));
#7737 = VECTOR('',#7738,1.);
#7738 = DIRECTION('',(0.,0.,1.));
#7739 = ORIENTED_EDGE('',*,*,#4254,.F.);
#7740 = ORIENTED_EDGE('',*,*,#7734,.F.);
#7741 = CYLINDRICAL_SURFACE('',#7742,0.875);
#7742 = AXIS2_PLACEMENT_3D('',#7743,#7744,#7745);
#7743 = CARTESIAN_POINT('',(181.2325,-180.935,-4.6E-02));
#7744 = DIRECTION('',(-0.,-0.,-1.));
#7745 = DIRECTION('',(-0.,-1.,0.));
#7746 = ADVANCED_FACE('',(#7747),#7758,.F.);
#7747 = FACE_BOUND('',#7748,.T.);
#7748 = EDGE_LOOP('',(#7749,#7750,#7756,#7757));
#7749 = ORIENTED_EDGE('',*,*,#1702,.T.);
#7750 = ORIENTED_EDGE('',*,*,#7751,.T.);
#7751 = EDGE_CURVE('',#1703,#4266,#7752,.T.);
#7752 = LINE('',#7753,#7754);
#7753 = CARTESIAN_POINT('',(172.3425,-179.145,-4.6E-02));
#7754 = VECTOR('',#7755,1.);
#7755 = DIRECTION('',(0.,0.,1.));
#7756 = ORIENTED_EDGE('',*,*,#4265,.F.);
#7757 = ORIENTED_EDGE('',*,*,#7751,.F.);
#7758 = CYLINDRICAL_SURFACE('',#7759,0.75);
#7759 = AXIS2_PLACEMENT_3D('',#7760,#7761,#7762);
#7760 = CARTESIAN_POINT('',(172.3425,-178.395,-4.6E-02));
#7761 = DIRECTION('',(-0.,-0.,-1.));
#7762 = DIRECTION('',(-0.,-1.,0.));
#7763 = ADVANCED_FACE('',(#7764),#7775,.F.);
#7764 = FACE_BOUND('',#7765,.T.);
#7765 = EDGE_LOOP('',(#7766,#7767,#7773,#7774));
#7766 = ORIENTED_EDGE('',*,*,#1713,.T.);
#7767 = ORIENTED_EDGE('',*,*,#7768,.T.);
#7768 = EDGE_CURVE('',#1714,#4277,#7769,.T.);
#7769 = LINE('',#7770,#7771);
#7770 = CARTESIAN_POINT('',(190.1225,-181.81,-4.6E-02));
#7771 = VECTOR('',#7772,1.);
#7772 = DIRECTION('',(0.,0.,1.));
#7773 = ORIENTED_EDGE('',*,*,#4276,.F.);
#7774 = ORIENTED_EDGE('',*,*,#7768,.F.);
#7775 = CYLINDRICAL_SURFACE('',#7776,0.875);
#7776 = AXIS2_PLACEMENT_3D('',#7777,#7778,#7779);
#7777 = CARTESIAN_POINT('',(190.1225,-180.935,-4.6E-02));
#7778 = DIRECTION('',(-0.,-0.,-1.));
#7779 = DIRECTION('',(-0.,-1.,0.));
#7780 = ADVANCED_FACE('',(#7781),#7792,.F.);
#7781 = FACE_BOUND('',#7782,.T.);
#7782 = EDGE_LOOP('',(#7783,#7784,#7790,#7791));
#7783 = ORIENTED_EDGE('',*,*,#1724,.T.);
#7784 = ORIENTED_EDGE('',*,*,#7785,.T.);
#7785 = EDGE_CURVE('',#1725,#4288,#7786,.T.);
#7786 = LINE('',#7787,#7788);
#7787 = CARTESIAN_POINT('',(191.3925,-179.145,-4.6E-02));
#7788 = VECTOR('',#7789,1.);
#7789 = DIRECTION('',(0.,0.,1.));
#7790 = ORIENTED_EDGE('',*,*,#4287,.F.);
#7791 = ORIENTED_EDGE('',*,*,#7785,.F.);
#7792 = CYLINDRICAL_SURFACE('',#7793,0.75);
#7793 = AXIS2_PLACEMENT_3D('',#7794,#7795,#7796);
#7794 = CARTESIAN_POINT('',(191.3925,-178.395,-4.6E-02));
#7795 = DIRECTION('',(-0.,-0.,-1.));
#7796 = DIRECTION('',(-0.,-1.,0.));
#7797 = ADVANCED_FACE('',(#7798),#7809,.F.);
#7798 = FACE_BOUND('',#7799,.T.);
#7799 = EDGE_LOOP('',(#7800,#7801,#7807,#7808));
#7800 = ORIENTED_EDGE('',*,*,#1735,.T.);
#7801 = ORIENTED_EDGE('',*,*,#7802,.T.);
#7802 = EDGE_CURVE('',#1736,#4299,#7803,.T.);
#7803 = LINE('',#7804,#7805);
#7804 = CARTESIAN_POINT('',(178.6925,-176.605,-4.6E-02));
#7805 = VECTOR('',#7806,1.);
#7806 = DIRECTION('',(0.,0.,1.));
#7807 = ORIENTED_EDGE('',*,*,#4298,.F.);
#7808 = ORIENTED_EDGE('',*,*,#7802,.F.);
#7809 = CYLINDRICAL_SURFACE('',#7810,0.75);
#7810 = AXIS2_PLACEMENT_3D('',#7811,#7812,#7813);
#7811 = CARTESIAN_POINT('',(178.6925,-175.855,-4.6E-02));
#7812 = DIRECTION('',(-0.,-0.,-1.));
#7813 = DIRECTION('',(-0.,-1.,0.));
#7814 = ADVANCED_FACE('',(#7815),#7826,.F.);
#7815 = FACE_BOUND('',#7816,.T.);
#7816 = EDGE_LOOP('',(#7817,#7818,#7824,#7825));
#7817 = ORIENTED_EDGE('',*,*,#1746,.T.);
#7818 = ORIENTED_EDGE('',*,*,#7819,.T.);
#7819 = EDGE_CURVE('',#1747,#4310,#7820,.T.);
#7820 = LINE('',#7821,#7822);
#7821 = CARTESIAN_POINT('',(118.9075,-171.865,-4.6E-02));
#7822 = VECTOR('',#7823,1.);
#7823 = DIRECTION('',(0.,0.,1.));
#7824 = ORIENTED_EDGE('',*,*,#4309,.F.);
#7825 = ORIENTED_EDGE('',*,*,#7819,.F.);
#7826 = CYLINDRICAL_SURFACE('',#7827,0.5);
#7827 = AXIS2_PLACEMENT_3D('',#7828,#7829,#7830);
#7828 = CARTESIAN_POINT('',(118.9075,-171.365,-4.6E-02));
#7829 = DIRECTION('',(-0.,-0.,-1.));
#7830 = DIRECTION('',(-0.,-1.,0.));
#7831 = ADVANCED_FACE('',(#7832),#7843,.F.);
#7832 = FACE_BOUND('',#7833,.T.);
#7833 = EDGE_LOOP('',(#7834,#7835,#7841,#7842));
#7834 = ORIENTED_EDGE('',*,*,#1757,.T.);
#7835 = ORIENTED_EDGE('',*,*,#7836,.T.);
#7836 = EDGE_CURVE('',#1758,#4321,#7837,.T.);
#7837 = LINE('',#7838,#7839);
#7838 = CARTESIAN_POINT('',(118.9075,-169.325,-4.6E-02));
#7839 = VECTOR('',#7840,1.);
#7840 = DIRECTION('',(0.,0.,1.));
#7841 = ORIENTED_EDGE('',*,*,#4320,.F.);
#7842 = ORIENTED_EDGE('',*,*,#7836,.F.);
#7843 = CYLINDRICAL_SURFACE('',#7844,0.5);
#7844 = AXIS2_PLACEMENT_3D('',#7845,#7846,#7847);
#7845 = CARTESIAN_POINT('',(118.9075,-168.825,-4.6E-02));
#7846 = DIRECTION('',(-0.,-0.,-1.));
#7847 = DIRECTION('',(-0.,-1.,0.));
#7848 = ADVANCED_FACE('',(#7849),#7860,.F.);
#7849 = FACE_BOUND('',#7850,.T.);
#7850 = EDGE_LOOP('',(#7851,#7852,#7858,#7859));
#7851 = ORIENTED_EDGE('',*,*,#1768,.T.);
#7852 = ORIENTED_EDGE('',*,*,#7853,.T.);
#7853 = EDGE_CURVE('',#1769,#4332,#7854,.T.);
#7854 = LINE('',#7855,#7856);
#7855 = CARTESIAN_POINT('',(118.9075,-166.785,-4.6E-02));
#7856 = VECTOR('',#7857,1.);
#7857 = DIRECTION('',(0.,0.,1.));
#7858 = ORIENTED_EDGE('',*,*,#4331,.F.);
#7859 = ORIENTED_EDGE('',*,*,#7853,.F.);
#7860 = CYLINDRICAL_SURFACE('',#7861,0.5);
#7861 = AXIS2_PLACEMENT_3D('',#7862,#7863,#7864);
#7862 = CARTESIAN_POINT('',(118.9075,-166.285,-4.6E-02));
#7863 = DIRECTION('',(-0.,-0.,-1.));
#7864 = DIRECTION('',(-0.,-1.,0.));
#7865 = ADVANCED_FACE('',(#7866),#7877,.F.);
#7866 = FACE_BOUND('',#7867,.T.);
#7867 = EDGE_LOOP('',(#7868,#7869,#7875,#7876));
#7868 = ORIENTED_EDGE('',*,*,#1779,.T.);
#7869 = ORIENTED_EDGE('',*,*,#7870,.T.);
#7870 = EDGE_CURVE('',#1780,#4343,#7871,.T.);
#7871 = LINE('',#7872,#7873);
#7872 = CARTESIAN_POINT('',(118.9075,-164.245,-4.6E-02));
#7873 = VECTOR('',#7874,1.);
#7874 = DIRECTION('',(0.,0.,1.));
#7875 = ORIENTED_EDGE('',*,*,#4342,.F.);
#7876 = ORIENTED_EDGE('',*,*,#7870,.F.);
#7877 = CYLINDRICAL_SURFACE('',#7878,0.5);
#7878 = AXIS2_PLACEMENT_3D('',#7879,#7880,#7881);
#7879 = CARTESIAN_POINT('',(118.9075,-163.745,-4.6E-02));
#7880 = DIRECTION('',(-0.,-0.,-1.));
#7881 = DIRECTION('',(-0.,-1.,0.));
#7882 = ADVANCED_FACE('',(#7883),#7894,.F.);
#7883 = FACE_BOUND('',#7884,.T.);
#7884 = EDGE_LOOP('',(#7885,#7886,#7892,#7893));
#7885 = ORIENTED_EDGE('',*,*,#1790,.T.);
#7886 = ORIENTED_EDGE('',*,*,#7887,.T.);
#7887 = EDGE_CURVE('',#1791,#4354,#7888,.T.);
#7888 = LINE('',#7889,#7890);
#7889 = CARTESIAN_POINT('',(134.1475,-171.865,-4.6E-02));
#7890 = VECTOR('',#7891,1.);
#7891 = DIRECTION('',(0.,0.,1.));
#7892 = ORIENTED_EDGE('',*,*,#4353,.F.);
#7893 = ORIENTED_EDGE('',*,*,#7887,.F.);
#7894 = CYLINDRICAL_SURFACE('',#7895,0.5);
#7895 = AXIS2_PLACEMENT_3D('',#7896,#7897,#7898);
#7896 = CARTESIAN_POINT('',(134.1475,-171.365,-4.6E-02));
#7897 = DIRECTION('',(-0.,-0.,-1.));
#7898 = DIRECTION('',(-0.,-1.,0.));
#7899 = ADVANCED_FACE('',(#7900),#7911,.F.);
#7900 = FACE_BOUND('',#7901,.T.);
#7901 = EDGE_LOOP('',(#7902,#7908,#7909,#7910));
#7902 = ORIENTED_EDGE('',*,*,#7903,.T.);
#7903 = EDGE_CURVE('',#1802,#4365,#7904,.T.);
#7904 = LINE('',#7905,#7906);
#7905 = CARTESIAN_POINT('',(141.62437,-171.410008,0.));
#7906 = VECTOR('',#7907,1.);
#7907 = DIRECTION('',(0.,0.,1.));
#7908 = ORIENTED_EDGE('',*,*,#4364,.T.);
#7909 = ORIENTED_EDGE('',*,*,#7903,.F.);
#7910 = ORIENTED_EDGE('',*,*,#1801,.F.);
#7911 = CYLINDRICAL_SURFACE('',#7912,1.190626);
#7912 = AXIS2_PLACEMENT_3D('',#7913,#7914,#7915);
#7913 = CARTESIAN_POINT('',(140.433744,-171.410008,0.));
#7914 = DIRECTION('',(-0.,-0.,-1.));
#7915 = DIRECTION('',(1.,0.,0.));
#7916 = ADVANCED_FACE('',(#7917),#7928,.F.);
#7917 = FACE_BOUND('',#7918,.T.);
#7918 = EDGE_LOOP('',(#7919,#7920,#7926,#7927));
#7919 = ORIENTED_EDGE('',*,*,#1812,.T.);
#7920 = ORIENTED_EDGE('',*,*,#7921,.T.);
#7921 = EDGE_CURVE('',#1813,#4376,#7922,.T.);
#7922 = LINE('',#7923,#7924);
#7923 = CARTESIAN_POINT('',(134.1475,-169.325,-4.6E-02));
#7924 = VECTOR('',#7925,1.);
#7925 = DIRECTION('',(0.,0.,1.));
#7926 = ORIENTED_EDGE('',*,*,#4375,.F.);
#7927 = ORIENTED_EDGE('',*,*,#7921,.F.);
#7928 = CYLINDRICAL_SURFACE('',#7929,0.5);
#7929 = AXIS2_PLACEMENT_3D('',#7930,#7931,#7932);
#7930 = CARTESIAN_POINT('',(134.1475,-168.825,-4.6E-02));
#7931 = DIRECTION('',(-0.,-0.,-1.));
#7932 = DIRECTION('',(-0.,-1.,0.));
#7933 = ADVANCED_FACE('',(#7934),#7945,.F.);
#7934 = FACE_BOUND('',#7935,.T.);
#7935 = EDGE_LOOP('',(#7936,#7937,#7943,#7944));
#7936 = ORIENTED_EDGE('',*,*,#1823,.T.);
#7937 = ORIENTED_EDGE('',*,*,#7938,.T.);
#7938 = EDGE_CURVE('',#1824,#4387,#7939,.T.);
#7939 = LINE('',#7940,#7941);
#7940 = CARTESIAN_POINT('',(134.1475,-166.785,-4.6E-02));
#7941 = VECTOR('',#7942,1.);
#7942 = DIRECTION('',(0.,0.,1.));
#7943 = ORIENTED_EDGE('',*,*,#4386,.F.);
#7944 = ORIENTED_EDGE('',*,*,#7938,.F.);
#7945 = CYLINDRICAL_SURFACE('',#7946,0.5);
#7946 = AXIS2_PLACEMENT_3D('',#7947,#7948,#7949);
#7947 = CARTESIAN_POINT('',(134.1475,-166.285,-4.6E-02));
#7948 = DIRECTION('',(-0.,-0.,-1.));
#7949 = DIRECTION('',(-0.,-1.,0.));
#7950 = ADVANCED_FACE('',(#7951),#7962,.F.);
#7951 = FACE_BOUND('',#7952,.T.);
#7952 = EDGE_LOOP('',(#7953,#7954,#7960,#7961));
#7953 = ORIENTED_EDGE('',*,*,#1834,.T.);
#7954 = ORIENTED_EDGE('',*,*,#7955,.T.);
#7955 = EDGE_CURVE('',#1835,#4398,#7956,.T.);
#7956 = LINE('',#7957,#7958);
#7957 = CARTESIAN_POINT('',(134.1475,-164.245,-4.6E-02));
#7958 = VECTOR('',#7959,1.);
#7959 = DIRECTION('',(0.,0.,1.));
#7960 = ORIENTED_EDGE('',*,*,#4397,.F.);
#7961 = ORIENTED_EDGE('',*,*,#7955,.F.);
#7962 = CYLINDRICAL_SURFACE('',#7963,0.5);
#7963 = AXIS2_PLACEMENT_3D('',#7964,#7965,#7966);
#7964 = CARTESIAN_POINT('',(134.1475,-163.745,-4.6E-02));
#7965 = DIRECTION('',(-0.,-0.,-1.));
#7966 = DIRECTION('',(-0.,-1.,0.));
#7967 = ADVANCED_FACE('',(#7968),#7979,.F.);
#7968 = FACE_BOUND('',#7969,.T.);
#7969 = EDGE_LOOP('',(#7970,#7971,#7977,#7978));
#7970 = ORIENTED_EDGE('',*,*,#1845,.T.);
#7971 = ORIENTED_EDGE('',*,*,#7972,.T.);
#7972 = EDGE_CURVE('',#1846,#4409,#7973,.T.);
#7973 = LINE('',#7974,#7975);
#7974 = CARTESIAN_POINT('',(118.9075,-161.705,-4.6E-02));
#7975 = VECTOR('',#7976,1.);
#7976 = DIRECTION('',(0.,0.,1.));
#7977 = ORIENTED_EDGE('',*,*,#4408,.F.);
#7978 = ORIENTED_EDGE('',*,*,#7972,.F.);
#7979 = CYLINDRICAL_SURFACE('',#7980,0.5);
#7980 = AXIS2_PLACEMENT_3D('',#7981,#7982,#7983);
#7981 = CARTESIAN_POINT('',(118.9075,-161.205,-4.6E-02));
#7982 = DIRECTION('',(-0.,-0.,-1.));
#7983 = DIRECTION('',(-0.,-1.,0.));
#7984 = ADVANCED_FACE('',(#7985),#7996,.F.);
#7985 = FACE_BOUND('',#7986,.T.);
#7986 = EDGE_LOOP('',(#7987,#7988,#7994,#7995));
#7987 = ORIENTED_EDGE('',*,*,#1856,.T.);
#7988 = ORIENTED_EDGE('',*,*,#7989,.T.);
#7989 = EDGE_CURVE('',#1857,#4420,#7990,.T.);
#7990 = LINE('',#7991,#7992);
#7991 = CARTESIAN_POINT('',(118.9075,-159.165,-4.6E-02));
#7992 = VECTOR('',#7993,1.);
#7993 = DIRECTION('',(0.,0.,1.));
#7994 = ORIENTED_EDGE('',*,*,#4419,.F.);
#7995 = ORIENTED_EDGE('',*,*,#7989,.F.);
#7996 = CYLINDRICAL_SURFACE('',#7997,0.5);
#7997 = AXIS2_PLACEMENT_3D('',#7998,#7999,#8000);
#7998 = CARTESIAN_POINT('',(118.9075,-158.665,-4.6E-02));
#7999 = DIRECTION('',(-0.,-0.,-1.));
#8000 = DIRECTION('',(-0.,-1.,0.));
#8001 = ADVANCED_FACE('',(#8002),#8013,.F.);
#8002 = FACE_BOUND('',#8003,.T.);
#8003 = EDGE_LOOP('',(#8004,#8005,#8011,#8012));
#8004 = ORIENTED_EDGE('',*,*,#1867,.T.);
#8005 = ORIENTED_EDGE('',*,*,#8006,.T.);
#8006 = EDGE_CURVE('',#1868,#4431,#8007,.T.);
#8007 = LINE('',#8008,#8009);
#8008 = CARTESIAN_POINT('',(118.9075,-156.625,-4.6E-02));
#8009 = VECTOR('',#8010,1.);
#8010 = DIRECTION('',(0.,0.,1.));
#8011 = ORIENTED_EDGE('',*,*,#4430,.F.);
#8012 = ORIENTED_EDGE('',*,*,#8006,.F.);
#8013 = CYLINDRICAL_SURFACE('',#8014,0.5);
#8014 = AXIS2_PLACEMENT_3D('',#8015,#8016,#8017);
#8015 = CARTESIAN_POINT('',(118.9075,-156.125,-4.6E-02));
#8016 = DIRECTION('',(-0.,-0.,-1.));
#8017 = DIRECTION('',(-0.,-1.,0.));
#8018 = ADVANCED_FACE('',(#8019),#8030,.F.);
#8019 = FACE_BOUND('',#8020,.T.);
#8020 = EDGE_LOOP('',(#8021,#8027,#8028,#8029));
#8021 = ORIENTED_EDGE('',*,*,#8022,.T.);
#8022 = EDGE_CURVE('',#1879,#4442,#8023,.T.);
#8023 = LINE('',#8024,#8025);
#8024 = CARTESIAN_POINT('',(113.644659,-155.336557,0.));
#8025 = VECTOR('',#8026,1.);
#8026 = DIRECTION('',(0.,0.,1.));
#8027 = ORIENTED_EDGE('',*,*,#4441,.T.);
#8028 = ORIENTED_EDGE('',*,*,#8022,.F.);
#8029 = ORIENTED_EDGE('',*,*,#1878,.F.);
#8030 = CYLINDRICAL_SURFACE('',#8031,1.190626);
#8031 = AXIS2_PLACEMENT_3D('',#8032,#8033,#8034);
#8032 = CARTESIAN_POINT('',(112.454033,-155.336557,0.));
#8033 = DIRECTION('',(-0.,-0.,-1.));
#8034 = DIRECTION('',(1.,0.,0.));
#8035 = ADVANCED_FACE('',(#8036),#8047,.F.);
#8036 = FACE_BOUND('',#8037,.T.);
#8037 = EDGE_LOOP('',(#8038,#8039,#8045,#8046));
#8038 = ORIENTED_EDGE('',*,*,#1889,.T.);
#8039 = ORIENTED_EDGE('',*,*,#8040,.T.);
#8040 = EDGE_CURVE('',#1890,#4453,#8041,.T.);
#8041 = LINE('',#8042,#8043);
#8042 = CARTESIAN_POINT('',(118.9075,-154.085,-4.6E-02));
#8043 = VECTOR('',#8044,1.);
#8044 = DIRECTION('',(0.,0.,1.));
#8045 = ORIENTED_EDGE('',*,*,#4452,.F.);
#8046 = ORIENTED_EDGE('',*,*,#8040,.F.);
#8047 = CYLINDRICAL_SURFACE('',#8048,0.5);
#8048 = AXIS2_PLACEMENT_3D('',#8049,#8050,#8051);
#8049 = CARTESIAN_POINT('',(118.9075,-153.585,-4.6E-02));
#8050 = DIRECTION('',(-0.,-0.,-1.));
#8051 = DIRECTION('',(-0.,-1.,0.));
#8052 = ADVANCED_FACE('',(#8053),#8064,.F.);
#8053 = FACE_BOUND('',#8054,.T.);
#8054 = EDGE_LOOP('',(#8055,#8056,#8062,#8063));
#8055 = ORIENTED_EDGE('',*,*,#1900,.T.);
#8056 = ORIENTED_EDGE('',*,*,#8057,.T.);
#8057 = EDGE_CURVE('',#1901,#4464,#8058,.T.);
#8058 = LINE('',#8059,#8060);
#8059 = CARTESIAN_POINT('',(134.1475,-161.705,-4.6E-02));
#8060 = VECTOR('',#8061,1.);
#8061 = DIRECTION('',(0.,0.,1.));
#8062 = ORIENTED_EDGE('',*,*,#4463,.F.);
#8063 = ORIENTED_EDGE('',*,*,#8057,.F.);
#8064 = CYLINDRICAL_SURFACE('',#8065,0.5);
#8065 = AXIS2_PLACEMENT_3D('',#8066,#8067,#8068);
#8066 = CARTESIAN_POINT('',(134.1475,-161.205,-4.6E-02));
#8067 = DIRECTION('',(-0.,-0.,-1.));
#8068 = DIRECTION('',(-0.,-1.,0.));
#8069 = ADVANCED_FACE('',(#8070),#8081,.F.);
#8070 = FACE_BOUND('',#8071,.T.);
#8071 = EDGE_LOOP('',(#8072,#8073,#8079,#8080));
#8072 = ORIENTED_EDGE('',*,*,#1911,.T.);
#8073 = ORIENTED_EDGE('',*,*,#8074,.T.);
#8074 = EDGE_CURVE('',#1912,#4475,#8075,.T.);
#8075 = LINE('',#8076,#8077);
#8076 = CARTESIAN_POINT('',(134.1475,-159.165,-4.6E-02));
#8077 = VECTOR('',#8078,1.);
#8078 = DIRECTION('',(0.,0.,1.));
#8079 = ORIENTED_EDGE('',*,*,#4474,.F.);
#8080 = ORIENTED_EDGE('',*,*,#8074,.F.);
#8081 = CYLINDRICAL_SURFACE('',#8082,0.5);
#8082 = AXIS2_PLACEMENT_3D('',#8083,#8084,#8085);
#8083 = CARTESIAN_POINT('',(134.1475,-158.665,-4.6E-02));
#8084 = DIRECTION('',(-0.,-0.,-1.));
#8085 = DIRECTION('',(-0.,-1.,0.));
#8086 = ADVANCED_FACE('',(#8087),#8098,.F.);
#8087 = FACE_BOUND('',#8088,.T.);
#8088 = EDGE_LOOP('',(#8089,#8090,#8096,#8097));
#8089 = ORIENTED_EDGE('',*,*,#1922,.T.);
#8090 = ORIENTED_EDGE('',*,*,#8091,.T.);
#8091 = EDGE_CURVE('',#1923,#4486,#8092,.T.);
#8092 = LINE('',#8093,#8094);
#8093 = CARTESIAN_POINT('',(142.4975,-162.76,-4.6E-02));
#8094 = VECTOR('',#8095,1.);
#8095 = DIRECTION('',(0.,0.,1.));
#8096 = ORIENTED_EDGE('',*,*,#4485,.F.);
#8097 = ORIENTED_EDGE('',*,*,#8091,.F.);
#8098 = CYLINDRICAL_SURFACE('',#8099,0.875);
#8099 = AXIS2_PLACEMENT_3D('',#8100,#8101,#8102);
#8100 = CARTESIAN_POINT('',(142.4975,-161.885,-4.6E-02));
#8101 = DIRECTION('',(-0.,-0.,-1.));
#8102 = DIRECTION('',(-0.,-1.,0.));
#8103 = ADVANCED_FACE('',(#8104),#8115,.F.);
#8104 = FACE_BOUND('',#8105,.T.);
#8105 = EDGE_LOOP('',(#8106,#8107,#8113,#8114));
#8106 = ORIENTED_EDGE('',*,*,#1933,.T.);
#8107 = ORIENTED_EDGE('',*,*,#8108,.T.);
#8108 = EDGE_CURVE('',#1934,#4497,#8109,.T.);
#8109 = LINE('',#8110,#8111);
#8110 = CARTESIAN_POINT('',(147.5775,-163.885,-4.6E-02));
#8111 = VECTOR('',#8112,1.);
#8112 = DIRECTION('',(0.,0.,1.));
#8113 = ORIENTED_EDGE('',*,*,#4496,.F.);
#8114 = ORIENTED_EDGE('',*,*,#8108,.F.);
#8115 = CYLINDRICAL_SURFACE('',#8116,2.);
#8116 = AXIS2_PLACEMENT_3D('',#8117,#8118,#8119);
#8117 = CARTESIAN_POINT('',(147.5775,-161.885,-4.6E-02));
#8118 = DIRECTION('',(-0.,-0.,-1.));
#8119 = DIRECTION('',(-0.,-1.,0.));
#8120 = ADVANCED_FACE('',(#8121),#8132,.F.);
#8121 = FACE_BOUND('',#8122,.T.);
#8122 = EDGE_LOOP('',(#8123,#8124,#8130,#8131));
#8123 = ORIENTED_EDGE('',*,*,#1944,.T.);
#8124 = ORIENTED_EDGE('',*,*,#8125,.T.);
#8125 = EDGE_CURVE('',#1945,#4508,#8126,.T.);
#8126 = LINE('',#8127,#8128);
#8127 = CARTESIAN_POINT('',(143.7675,-160.095,-4.6E-02));
#8128 = VECTOR('',#8129,1.);
#8129 = DIRECTION('',(0.,0.,1.));
#8130 = ORIENTED_EDGE('',*,*,#4507,.F.);
#8131 = ORIENTED_EDGE('',*,*,#8125,.F.);
#8132 = CYLINDRICAL_SURFACE('',#8133,0.75);
#8133 = AXIS2_PLACEMENT_3D('',#8134,#8135,#8136);
#8134 = CARTESIAN_POINT('',(143.7675,-159.345,-4.6E-02));
#8135 = DIRECTION('',(-0.,-0.,-1.));
#8136 = DIRECTION('',(-0.,-1.,0.));
#8137 = ADVANCED_FACE('',(#8138),#8149,.F.);
#8138 = FACE_BOUND('',#8139,.T.);
#8139 = EDGE_LOOP('',(#8140,#8141,#8147,#8148));
#8140 = ORIENTED_EDGE('',*,*,#1955,.T.);
#8141 = ORIENTED_EDGE('',*,*,#8142,.T.);
#8142 = EDGE_CURVE('',#1956,#4519,#8143,.T.);
#8143 = LINE('',#8144,#8145);
#8144 = CARTESIAN_POINT('',(134.1475,-156.625,-4.6E-02));
#8145 = VECTOR('',#8146,1.);
#8146 = DIRECTION('',(0.,0.,1.));
#8147 = ORIENTED_EDGE('',*,*,#4518,.F.);
#8148 = ORIENTED_EDGE('',*,*,#8142,.F.);
#8149 = CYLINDRICAL_SURFACE('',#8150,0.5);
#8150 = AXIS2_PLACEMENT_3D('',#8151,#8152,#8153);
#8151 = CARTESIAN_POINT('',(134.1475,-156.125,-4.6E-02));
#8152 = DIRECTION('',(-0.,-0.,-1.));
#8153 = DIRECTION('',(-0.,-1.,0.));
#8154 = ADVANCED_FACE('',(#8155),#8166,.F.);
#8155 = FACE_BOUND('',#8156,.T.);
#8156 = EDGE_LOOP('',(#8157,#8158,#8164,#8165));
#8157 = ORIENTED_EDGE('',*,*,#1966,.T.);
#8158 = ORIENTED_EDGE('',*,*,#8159,.T.);
#8159 = EDGE_CURVE('',#1967,#4530,#8160,.T.);
#8160 = LINE('',#8161,#8162);
#8161 = CARTESIAN_POINT('',(134.1475,-154.085,-4.6E-02));
#8162 = VECTOR('',#8163,1.);
#8163 = DIRECTION('',(0.,0.,1.));
#8164 = ORIENTED_EDGE('',*,*,#4529,.F.);
#8165 = ORIENTED_EDGE('',*,*,#8159,.F.);
#8166 = CYLINDRICAL_SURFACE('',#8167,0.5);
#8167 = AXIS2_PLACEMENT_3D('',#8168,#8169,#8170);
#8168 = CARTESIAN_POINT('',(134.1475,-153.585,-4.6E-02));
#8169 = DIRECTION('',(-0.,-0.,-1.));
#8170 = DIRECTION('',(-0.,-1.,0.));
#8171 = ADVANCED_FACE('',(#8172),#8183,.F.);
#8172 = FACE_BOUND('',#8173,.T.);
#8173 = EDGE_LOOP('',(#8174,#8175,#8181,#8182));
#8174 = ORIENTED_EDGE('',*,*,#1977,.T.);
#8175 = ORIENTED_EDGE('',*,*,#8176,.T.);
#8176 = EDGE_CURVE('',#1978,#4541,#8177,.T.);
#8177 = LINE('',#8178,#8179);
#8178 = CARTESIAN_POINT('',(150.1175,-157.555,-4.6E-02));
#8179 = VECTOR('',#8180,1.);
#8180 = DIRECTION('',(0.,0.,1.));
#8181 = ORIENTED_EDGE('',*,*,#4540,.F.);
#8182 = ORIENTED_EDGE('',*,*,#8176,.F.);
#8183 = CYLINDRICAL_SURFACE('',#8184,0.75);
#8184 = AXIS2_PLACEMENT_3D('',#8185,#8186,#8187);
#8185 = CARTESIAN_POINT('',(150.1175,-156.805,-4.6E-02));
#8186 = DIRECTION('',(-0.,-0.,-1.));
#8187 = DIRECTION('',(-0.,-1.,0.));
#8188 = ADVANCED_FACE('',(#8189),#8205,.F.);
#8189 = FACE_BOUND('',#8190,.T.);
#8190 = EDGE_LOOP('',(#8191,#8192,#8198,#8199));
#8191 = ORIENTED_EDGE('',*,*,#1988,.T.);
#8192 = ORIENTED_EDGE('',*,*,#8193,.T.);
#8193 = EDGE_CURVE('',#1991,#4554,#8194,.T.);
#8194 = LINE('',#8195,#8196);
#8195 = CARTESIAN_POINT('',(162.5775,-162.945,-4.6E-02));
#8196 = VECTOR('',#8197,1.);
#8197 = DIRECTION('',(0.,0.,1.));
#8198 = ORIENTED_EDGE('',*,*,#4551,.F.);
#8199 = ORIENTED_EDGE('',*,*,#8200,.F.);
#8200 = EDGE_CURVE('',#1989,#4552,#8201,.T.);
#8201 = LINE('',#8202,#8203);
#8202 = CARTESIAN_POINT('',(161.6775,-162.945,-4.6E-02));
#8203 = VECTOR('',#8204,1.);
#8204 = DIRECTION('',(0.,0.,1.));
#8205 = CYLINDRICAL_SURFACE('',#8206,0.45);
#8206 = AXIS2_PLACEMENT_3D('',#8207,#8208,#8209);
#8207 = CARTESIAN_POINT('',(162.1275,-162.945,-4.6E-02));
#8208 = DIRECTION('',(-0.,-0.,-1.));
#8209 = DIRECTION('',(1.,0.,-0.));
#8210 = ADVANCED_FACE('',(#8211),#8222,.T.);
#8211 = FACE_BOUND('',#8212,.T.);
#8212 = EDGE_LOOP('',(#8213,#8214,#8215,#8216));
#8213 = ORIENTED_EDGE('',*,*,#2016,.T.);
#8214 = ORIENTED_EDGE('',*,*,#8200,.T.);
#8215 = ORIENTED_EDGE('',*,*,#4579,.F.);
#8216 = ORIENTED_EDGE('',*,*,#8217,.F.);
#8217 = EDGE_CURVE('',#2008,#4571,#8218,.T.);
#8218 = LINE('',#8219,#8220);
#8219 = CARTESIAN_POINT('',(161.6775,-163.345,-4.6E-02));
#8220 = VECTOR('',#8221,1.);
#8221 = DIRECTION('',(0.,0.,1.));
#8222 = PLANE('',#8223);
#8223 = AXIS2_PLACEMENT_3D('',#8224,#8225,#8226);
#8224 = CARTESIAN_POINT('',(161.6775,-162.945,-4.6E-02));
#8225 = DIRECTION('',(1.,0.,-0.));
#8226 = DIRECTION('',(0.,-1.,0.));
#8227 = ADVANCED_FACE('',(#8228),#8239,.F.);
#8228 = FACE_BOUND('',#8229,.T.);
#8229 = EDGE_LOOP('',(#8230,#8231,#8232,#8233));
#8230 = ORIENTED_EDGE('',*,*,#2007,.T.);
#8231 = ORIENTED_EDGE('',*,*,#8217,.T.);
#8232 = ORIENTED_EDGE('',*,*,#4570,.F.);
#8233 = ORIENTED_EDGE('',*,*,#8234,.F.);
#8234 = EDGE_CURVE('',#2000,#4563,#8235,.T.);
#8235 = LINE('',#8236,#8237);
#8236 = CARTESIAN_POINT('',(162.5775,-163.345,-4.6E-02));
#8237 = VECTOR('',#8238,1.);
#8238 = DIRECTION('',(0.,0.,1.));
#8239 = CYLINDRICAL_SURFACE('',#8240,0.45);
#8240 = AXIS2_PLACEMENT_3D('',#8241,#8242,#8243);
#8241 = CARTESIAN_POINT('',(162.1275,-163.345,-4.6E-02));
#8242 = DIRECTION('',(-0.,-0.,-1.));
#8243 = DIRECTION('',(-1.,0.,-0.));
#8244 = ADVANCED_FACE('',(#8245),#8251,.T.);
#8245 = FACE_BOUND('',#8246,.T.);
#8246 = EDGE_LOOP('',(#8247,#8248,#8249,#8250));
#8247 = ORIENTED_EDGE('',*,*,#1999,.T.);
#8248 = ORIENTED_EDGE('',*,*,#8234,.T.);
#8249 = ORIENTED_EDGE('',*,*,#4562,.F.);
#8250 = ORIENTED_EDGE('',*,*,#8193,.F.);
#8251 = PLANE('',#8252);
#8252 = AXIS2_PLACEMENT_3D('',#8253,#8254,#8255);
#8253 = CARTESIAN_POINT('',(162.5775,-163.345,-4.6E-02));
#8254 = DIRECTION('',(-1.,0.,0.));
#8255 = DIRECTION('',(0.,1.,0.));
#8256 = ADVANCED_FACE('',(#8257),#8268,.F.);
#8257 = FACE_BOUND('',#8258,.T.);
#8258 = EDGE_LOOP('',(#8259,#8260,#8266,#8267));
#8259 = ORIENTED_EDGE('',*,*,#2024,.T.);
#8260 = ORIENTED_EDGE('',*,*,#8261,.T.);
#8261 = EDGE_CURVE('',#2025,#4588,#8262,.T.);
#8262 = LINE('',#8263,#8264);
#8263 = CARTESIAN_POINT('',(152.6575,-162.76,-4.6E-02));
#8264 = VECTOR('',#8265,1.);
#8265 = DIRECTION('',(0.,0.,1.));
#8266 = ORIENTED_EDGE('',*,*,#4587,.F.);
#8267 = ORIENTED_EDGE('',*,*,#8261,.F.);
#8268 = CYLINDRICAL_SURFACE('',#8269,0.875);
#8269 = AXIS2_PLACEMENT_3D('',#8270,#8271,#8272);
#8270 = CARTESIAN_POINT('',(152.6575,-161.885,-4.6E-02));
#8271 = DIRECTION('',(-0.,-0.,-1.));
#8272 = DIRECTION('',(-0.,-1.,0.));
#8273 = ADVANCED_FACE('',(#8274),#8290,.F.);
#8274 = FACE_BOUND('',#8275,.T.);
#8275 = EDGE_LOOP('',(#8276,#8277,#8283,#8284));
#8276 = ORIENTED_EDGE('',*,*,#2035,.T.);
#8277 = ORIENTED_EDGE('',*,*,#8278,.T.);
#8278 = EDGE_CURVE('',#2038,#4601,#8279,.T.);
#8279 = LINE('',#8280,#8281);
#8280 = CARTESIAN_POINT('',(157.9775,-161.845,-4.6E-02));
#8281 = VECTOR('',#8282,1.);
#8282 = DIRECTION('',(0.,0.,1.));
#8283 = ORIENTED_EDGE('',*,*,#4598,.F.);
#8284 = ORIENTED_EDGE('',*,*,#8285,.F.);
#8285 = EDGE_CURVE('',#2036,#4599,#8286,.T.);
#8286 = LINE('',#8287,#8288);
#8287 = CARTESIAN_POINT('',(157.0775,-161.845,-4.6E-02));
#8288 = VECTOR('',#8289,1.);
#8289 = DIRECTION('',(0.,0.,1.));
#8290 = CYLINDRICAL_SURFACE('',#8291,0.45);
#8291 = AXIS2_PLACEMENT_3D('',#8292,#8293,#8294);
#8292 = CARTESIAN_POINT('',(157.5275,-161.845,-4.6E-02));
#8293 = DIRECTION('',(-0.,-0.,-1.));
#8294 = DIRECTION('',(1.,0.,-0.));
#8295 = ADVANCED_FACE('',(#8296),#8307,.T.);
#8296 = FACE_BOUND('',#8297,.T.);
#8297 = EDGE_LOOP('',(#8298,#8299,#8300,#8301));
#8298 = ORIENTED_EDGE('',*,*,#2063,.T.);
#8299 = ORIENTED_EDGE('',*,*,#8285,.T.);
#8300 = ORIENTED_EDGE('',*,*,#4626,.F.);
#8301 = ORIENTED_EDGE('',*,*,#8302,.F.);
#8302 = EDGE_CURVE('',#2055,#4618,#8303,.T.);
#8303 = LINE('',#8304,#8305);
#8304 = CARTESIAN_POINT('',(157.0775,-162.245,-4.6E-02));
#8305 = VECTOR('',#8306,1.);
#8306 = DIRECTION('',(0.,0.,1.));
#8307 = PLANE('',#8308);
#8308 = AXIS2_PLACEMENT_3D('',#8309,#8310,#8311);
#8309 = CARTESIAN_POINT('',(157.0775,-161.845,-4.6E-02));
#8310 = DIRECTION('',(1.,0.,-0.));
#8311 = DIRECTION('',(0.,-1.,0.));
#8312 = ADVANCED_FACE('',(#8313),#8324,.F.);
#8313 = FACE_BOUND('',#8314,.T.);
#8314 = EDGE_LOOP('',(#8315,#8316,#8317,#8318));
#8315 = ORIENTED_EDGE('',*,*,#2054,.T.);
#8316 = ORIENTED_EDGE('',*,*,#8302,.T.);
#8317 = ORIENTED_EDGE('',*,*,#4617,.F.);
#8318 = ORIENTED_EDGE('',*,*,#8319,.F.);
#8319 = EDGE_CURVE('',#2047,#4610,#8320,.T.);
#8320 = LINE('',#8321,#8322);
#8321 = CARTESIAN_POINT('',(157.9775,-162.245,-4.6E-02));
#8322 = VECTOR('',#8323,1.);
#8323 = DIRECTION('',(0.,0.,1.));
#8324 = CYLINDRICAL_SURFACE('',#8325,0.45);
#8325 = AXIS2_PLACEMENT_3D('',#8326,#8327,#8328);
#8326 = CARTESIAN_POINT('',(157.5275,-162.245,-4.6E-02));
#8327 = DIRECTION('',(-0.,-0.,-1.));
#8328 = DIRECTION('',(-1.,0.,-0.));
#8329 = ADVANCED_FACE('',(#8330),#8336,.T.);
#8330 = FACE_BOUND('',#8331,.T.);
#8331 = EDGE_LOOP('',(#8332,#8333,#8334,#8335));
#8332 = ORIENTED_EDGE('',*,*,#2046,.T.);
#8333 = ORIENTED_EDGE('',*,*,#8319,.T.);
#8334 = ORIENTED_EDGE('',*,*,#4609,.F.);
#8335 = ORIENTED_EDGE('',*,*,#8278,.F.);
#8336 = PLANE('',#8337);
#8337 = AXIS2_PLACEMENT_3D('',#8338,#8339,#8340);
#8338 = CARTESIAN_POINT('',(157.9775,-162.245,-4.6E-02));
#8339 = DIRECTION('',(-1.,0.,0.));
#8340 = DIRECTION('',(0.,1.,0.));
#8341 = ADVANCED_FACE('',(#8342),#8353,.F.);
#8342 = FACE_BOUND('',#8343,.T.);
#8343 = EDGE_LOOP('',(#8344,#8345,#8351,#8352));
#8344 = ORIENTED_EDGE('',*,*,#2071,.T.);
#8345 = ORIENTED_EDGE('',*,*,#8346,.T.);
#8346 = EDGE_CURVE('',#2072,#4635,#8347,.T.);
#8347 = LINE('',#8348,#8349);
#8348 = CARTESIAN_POINT('',(159.8275,-160.845,-4.6E-02));
#8349 = VECTOR('',#8350,1.);
#8350 = DIRECTION('',(0.,0.,1.));
#8351 = ORIENTED_EDGE('',*,*,#4634,.F.);
#8352 = ORIENTED_EDGE('',*,*,#8346,.F.);
#8353 = CYLINDRICAL_SURFACE('',#8354,0.4);
#8354 = AXIS2_PLACEMENT_3D('',#8355,#8356,#8357);
#8355 = CARTESIAN_POINT('',(159.8275,-160.445,-4.6E-02));
#8356 = DIRECTION('',(-0.,-0.,-1.));
#8357 = DIRECTION('',(-0.,-1.,0.));
#8358 = ADVANCED_FACE('',(#8359),#8375,.F.);
#8359 = FACE_BOUND('',#8360,.T.);
#8360 = EDGE_LOOP('',(#8361,#8362,#8368,#8369));
#8361 = ORIENTED_EDGE('',*,*,#2082,.T.);
#8362 = ORIENTED_EDGE('',*,*,#8363,.T.);
#8363 = EDGE_CURVE('',#2085,#4648,#8364,.T.);
#8364 = LINE('',#8365,#8366);
#8365 = CARTESIAN_POINT('',(157.9775,-157.845,-4.6E-02));
#8366 = VECTOR('',#8367,1.);
#8367 = DIRECTION('',(0.,0.,1.));
#8368 = ORIENTED_EDGE('',*,*,#4645,.F.);
#8369 = ORIENTED_EDGE('',*,*,#8370,.F.);
#8370 = EDGE_CURVE('',#2083,#4646,#8371,.T.);
#8371 = LINE('',#8372,#8373);
#8372 = CARTESIAN_POINT('',(157.0775,-157.845,-4.6E-02));
#8373 = VECTOR('',#8374,1.);
#8374 = DIRECTION('',(0.,0.,1.));
#8375 = CYLINDRICAL_SURFACE('',#8376,0.45);
#8376 = AXIS2_PLACEMENT_3D('',#8377,#8378,#8379);
#8377 = CARTESIAN_POINT('',(157.5275,-157.845,-4.6E-02));
#8378 = DIRECTION('',(-0.,-0.,-1.));
#8379 = DIRECTION('',(1.,0.,-0.));
#8380 = ADVANCED_FACE('',(#8381),#8392,.T.);
#8381 = FACE_BOUND('',#8382,.T.);
#8382 = EDGE_LOOP('',(#8383,#8384,#8385,#8386));
#8383 = ORIENTED_EDGE('',*,*,#2110,.T.);
#8384 = ORIENTED_EDGE('',*,*,#8370,.T.);
#8385 = ORIENTED_EDGE('',*,*,#4673,.F.);
#8386 = ORIENTED_EDGE('',*,*,#8387,.F.);
#8387 = EDGE_CURVE('',#2102,#4665,#8388,.T.);
#8388 = LINE('',#8389,#8390);
#8389 = CARTESIAN_POINT('',(157.0775,-158.245,-4.6E-02));
#8390 = VECTOR('',#8391,1.);
#8391 = DIRECTION('',(0.,0.,1.));
#8392 = PLANE('',#8393);
#8393 = AXIS2_PLACEMENT_3D('',#8394,#8395,#8396);
#8394 = CARTESIAN_POINT('',(157.0775,-157.845,-4.6E-02));
#8395 = DIRECTION('',(1.,0.,-0.));
#8396 = DIRECTION('',(0.,-1.,0.));
#8397 = ADVANCED_FACE('',(#8398),#8409,.F.);
#8398 = FACE_BOUND('',#8399,.T.);
#8399 = EDGE_LOOP('',(#8400,#8401,#8402,#8403));
#8400 = ORIENTED_EDGE('',*,*,#2101,.T.);
#8401 = ORIENTED_EDGE('',*,*,#8387,.T.);
#8402 = ORIENTED_EDGE('',*,*,#4664,.F.);
#8403 = ORIENTED_EDGE('',*,*,#8404,.F.);
#8404 = EDGE_CURVE('',#2094,#4657,#8405,.T.);
#8405 = LINE('',#8406,#8407);
#8406 = CARTESIAN_POINT('',(157.9775,-158.245,-4.6E-02));
#8407 = VECTOR('',#8408,1.);
#8408 = DIRECTION('',(0.,0.,1.));
#8409 = CYLINDRICAL_SURFACE('',#8410,0.45);
#8410 = AXIS2_PLACEMENT_3D('',#8411,#8412,#8413);
#8411 = CARTESIAN_POINT('',(157.5275,-158.245,-4.6E-02));
#8412 = DIRECTION('',(-0.,-0.,-1.));
#8413 = DIRECTION('',(-1.,0.,-0.));
#8414 = ADVANCED_FACE('',(#8415),#8421,.T.);
#8415 = FACE_BOUND('',#8416,.T.);
#8416 = EDGE_LOOP('',(#8417,#8418,#8419,#8420));
#8417 = ORIENTED_EDGE('',*,*,#2093,.T.);
#8418 = ORIENTED_EDGE('',*,*,#8404,.T.);
#8419 = ORIENTED_EDGE('',*,*,#4656,.F.);
#8420 = ORIENTED_EDGE('',*,*,#8363,.F.);
#8421 = PLANE('',#8422);
#8422 = AXIS2_PLACEMENT_3D('',#8423,#8424,#8425);
#8423 = CARTESIAN_POINT('',(157.9775,-158.245,-4.6E-02));
#8424 = DIRECTION('',(-1.,0.,0.));
#8425 = DIRECTION('',(0.,1.,0.));
#8426 = ADVANCED_FACE('',(#8427),#8438,.F.);
#8427 = FACE_BOUND('',#8428,.T.);
#8428 = EDGE_LOOP('',(#8429,#8430,#8436,#8437));
#8429 = ORIENTED_EDGE('',*,*,#2118,.T.);
#8430 = ORIENTED_EDGE('',*,*,#8431,.T.);
#8431 = EDGE_CURVE('',#2119,#4682,#8432,.T.);
#8432 = LINE('',#8433,#8434);
#8433 = CARTESIAN_POINT('',(166.31,-162.76,-4.6E-02));
#8434 = VECTOR('',#8435,1.);
#8435 = DIRECTION('',(0.,0.,1.));
#8436 = ORIENTED_EDGE('',*,*,#4681,.F.);
#8437 = ORIENTED_EDGE('',*,*,#8431,.F.);
#8438 = CYLINDRICAL_SURFACE('',#8439,0.875);
#8439 = AXIS2_PLACEMENT_3D('',#8440,#8441,#8442);
#8440 = CARTESIAN_POINT('',(166.31,-161.885,-4.6E-02));
#8441 = DIRECTION('',(-0.,-0.,-1.));
#8442 = DIRECTION('',(-0.,-1.,0.));
#8443 = ADVANCED_FACE('',(#8444),#8455,.F.);
#8444 = FACE_BOUND('',#8445,.T.);
#8445 = EDGE_LOOP('',(#8446,#8447,#8453,#8454));
#8446 = ORIENTED_EDGE('',*,*,#2129,.T.);
#8447 = ORIENTED_EDGE('',*,*,#8448,.T.);
#8448 = EDGE_CURVE('',#2130,#4693,#8449,.T.);
#8449 = LINE('',#8450,#8451);
#8450 = CARTESIAN_POINT('',(171.39,-163.885,-4.6E-02));
#8451 = VECTOR('',#8452,1.);
#8452 = DIRECTION('',(0.,0.,1.));
#8453 = ORIENTED_EDGE('',*,*,#4692,.F.);
#8454 = ORIENTED_EDGE('',*,*,#8448,.F.);
#8455 = CYLINDRICAL_SURFACE('',#8456,2.);
#8456 = AXIS2_PLACEMENT_3D('',#8457,#8458,#8459);
#8457 = CARTESIAN_POINT('',(171.39,-161.885,-4.6E-02));
#8458 = DIRECTION('',(-0.,-0.,-1.));
#8459 = DIRECTION('',(-0.,-1.,0.));
#8460 = ADVANCED_FACE('',(#8461),#8472,.F.);
#8461 = FACE_BOUND('',#8462,.T.);
#8462 = EDGE_LOOP('',(#8463,#8464,#8470,#8471));
#8463 = ORIENTED_EDGE('',*,*,#2140,.T.);
#8464 = ORIENTED_EDGE('',*,*,#8465,.T.);
#8465 = EDGE_CURVE('',#2141,#4704,#8466,.T.);
#8466 = LINE('',#8467,#8468);
#8467 = CARTESIAN_POINT('',(167.58,-160.095,-4.6E-02));
#8468 = VECTOR('',#8469,1.);
#8469 = DIRECTION('',(0.,0.,1.));
#8470 = ORIENTED_EDGE('',*,*,#4703,.F.);
#8471 = ORIENTED_EDGE('',*,*,#8465,.F.);
#8472 = CYLINDRICAL_SURFACE('',#8473,0.75);
#8473 = AXIS2_PLACEMENT_3D('',#8474,#8475,#8476);
#8474 = CARTESIAN_POINT('',(167.58,-159.345,-4.6E-02));
#8475 = DIRECTION('',(-0.,-0.,-1.));
#8476 = DIRECTION('',(-0.,-1.,0.));
#8477 = ADVANCED_FACE('',(#8478),#8494,.F.);
#8478 = FACE_BOUND('',#8479,.T.);
#8479 = EDGE_LOOP('',(#8480,#8481,#8487,#8488));
#8480 = ORIENTED_EDGE('',*,*,#2151,.T.);
#8481 = ORIENTED_EDGE('',*,*,#8482,.T.);
#8482 = EDGE_CURVE('',#2154,#4717,#8483,.T.);
#8483 = LINE('',#8484,#8485);
#8484 = CARTESIAN_POINT('',(157.9775,-154.845,-4.6E-02));
#8485 = VECTOR('',#8486,1.);
#8486 = DIRECTION('',(0.,0.,1.));
#8487 = ORIENTED_EDGE('',*,*,#4714,.F.);
#8488 = ORIENTED_EDGE('',*,*,#8489,.F.);
#8489 = EDGE_CURVE('',#2152,#4715,#8490,.T.);
#8490 = LINE('',#8491,#8492);
#8491 = CARTESIAN_POINT('',(157.0775,-154.845,-4.6E-02));
#8492 = VECTOR('',#8493,1.);
#8493 = DIRECTION('',(0.,0.,1.));
#8494 = CYLINDRICAL_SURFACE('',#8495,0.45);
#8495 = AXIS2_PLACEMENT_3D('',#8496,#8497,#8498);
#8496 = CARTESIAN_POINT('',(157.5275,-154.845,-4.6E-02));
#8497 = DIRECTION('',(-0.,-0.,-1.));
#8498 = DIRECTION('',(1.,0.,-0.));
#8499 = ADVANCED_FACE('',(#8500),#8511,.T.);
#8500 = FACE_BOUND('',#8501,.T.);
#8501 = EDGE_LOOP('',(#8502,#8503,#8504,#8505));
#8502 = ORIENTED_EDGE('',*,*,#2179,.T.);
#8503 = ORIENTED_EDGE('',*,*,#8489,.T.);
#8504 = ORIENTED_EDGE('',*,*,#4742,.F.);
#8505 = ORIENTED_EDGE('',*,*,#8506,.F.);
#8506 = EDGE_CURVE('',#2171,#4734,#8507,.T.);
#8507 = LINE('',#8508,#8509);
#8508 = CARTESIAN_POINT('',(157.0775,-155.245,-4.6E-02));
#8509 = VECTOR('',#8510,1.);
#8510 = DIRECTION('',(0.,0.,1.));
#8511 = PLANE('',#8512);
#8512 = AXIS2_PLACEMENT_3D('',#8513,#8514,#8515);
#8513 = CARTESIAN_POINT('',(157.0775,-154.845,-4.6E-02));
#8514 = DIRECTION('',(1.,0.,-0.));
#8515 = DIRECTION('',(0.,-1.,0.));
#8516 = ADVANCED_FACE('',(#8517),#8528,.F.);
#8517 = FACE_BOUND('',#8518,.T.);
#8518 = EDGE_LOOP('',(#8519,#8520,#8521,#8522));
#8519 = ORIENTED_EDGE('',*,*,#2170,.T.);
#8520 = ORIENTED_EDGE('',*,*,#8506,.T.);
#8521 = ORIENTED_EDGE('',*,*,#4733,.F.);
#8522 = ORIENTED_EDGE('',*,*,#8523,.F.);
#8523 = EDGE_CURVE('',#2163,#4726,#8524,.T.);
#8524 = LINE('',#8525,#8526);
#8525 = CARTESIAN_POINT('',(157.9775,-155.245,-4.6E-02));
#8526 = VECTOR('',#8527,1.);
#8527 = DIRECTION('',(0.,0.,1.));
#8528 = CYLINDRICAL_SURFACE('',#8529,0.45);
#8529 = AXIS2_PLACEMENT_3D('',#8530,#8531,#8532);
#8530 = CARTESIAN_POINT('',(157.5275,-155.245,-4.6E-02));
#8531 = DIRECTION('',(-0.,-0.,-1.));
#8532 = DIRECTION('',(-1.,0.,-0.));
#8533 = ADVANCED_FACE('',(#8534),#8540,.T.);
#8534 = FACE_BOUND('',#8535,.T.);
#8535 = EDGE_LOOP('',(#8536,#8537,#8538,#8539));
#8536 = ORIENTED_EDGE('',*,*,#2162,.T.);
#8537 = ORIENTED_EDGE('',*,*,#8523,.T.);
#8538 = ORIENTED_EDGE('',*,*,#4725,.F.);
#8539 = ORIENTED_EDGE('',*,*,#8482,.F.);
#8540 = PLANE('',#8541);
#8541 = AXIS2_PLACEMENT_3D('',#8542,#8543,#8544);
#8542 = CARTESIAN_POINT('',(157.9775,-155.245,-4.6E-02));
#8543 = DIRECTION('',(-1.,0.,0.));
#8544 = DIRECTION('',(0.,1.,0.));
#8545 = ADVANCED_FACE('',(#8546),#8557,.F.);
#8546 = FACE_BOUND('',#8547,.T.);
#8547 = EDGE_LOOP('',(#8548,#8549,#8555,#8556));
#8548 = ORIENTED_EDGE('',*,*,#2187,.T.);
#8549 = ORIENTED_EDGE('',*,*,#8550,.T.);
#8550 = EDGE_CURVE('',#2188,#4751,#8551,.T.);
#8551 = LINE('',#8552,#8553);
#8552 = CARTESIAN_POINT('',(159.8275,-153.845,-4.6E-02));
#8553 = VECTOR('',#8554,1.);
#8554 = DIRECTION('',(0.,0.,1.));
#8555 = ORIENTED_EDGE('',*,*,#4750,.F.);
#8556 = ORIENTED_EDGE('',*,*,#8550,.F.);
#8557 = CYLINDRICAL_SURFACE('',#8558,0.4);
#8558 = AXIS2_PLACEMENT_3D('',#8559,#8560,#8561);
#8559 = CARTESIAN_POINT('',(159.8275,-153.445,-4.6E-02));
#8560 = DIRECTION('',(-0.,-0.,-1.));
#8561 = DIRECTION('',(-0.,-1.,0.));
#8562 = ADVANCED_FACE('',(#8563),#8574,.F.);
#8563 = FACE_BOUND('',#8564,.T.);
#8564 = EDGE_LOOP('',(#8565,#8566,#8572,#8573));
#8565 = ORIENTED_EDGE('',*,*,#2198,.T.);
#8566 = ORIENTED_EDGE('',*,*,#8567,.T.);
#8567 = EDGE_CURVE('',#2199,#4762,#8568,.T.);
#8568 = LINE('',#8569,#8570);
#8569 = CARTESIAN_POINT('',(176.47,-162.76,-4.6E-02));
#8570 = VECTOR('',#8571,1.);
#8571 = DIRECTION('',(0.,0.,1.));
#8572 = ORIENTED_EDGE('',*,*,#4761,.F.);
#8573 = ORIENTED_EDGE('',*,*,#8567,.F.);
#8574 = CYLINDRICAL_SURFACE('',#8575,0.875);
#8575 = AXIS2_PLACEMENT_3D('',#8576,#8577,#8578);
#8576 = CARTESIAN_POINT('',(176.47,-161.885,-4.6E-02));
#8577 = DIRECTION('',(-0.,-0.,-1.));
#8578 = DIRECTION('',(-0.,-1.,0.));
#8579 = ADVANCED_FACE('',(#8580),#8591,.F.);
#8580 = FACE_BOUND('',#8581,.T.);
#8581 = EDGE_LOOP('',(#8582,#8583,#8589,#8590));
#8582 = ORIENTED_EDGE('',*,*,#2209,.T.);
#8583 = ORIENTED_EDGE('',*,*,#8584,.T.);
#8584 = EDGE_CURVE('',#2210,#4773,#8585,.T.);
#8585 = LINE('',#8586,#8587);
#8586 = CARTESIAN_POINT('',(185.36,-162.76,-4.6E-02));
#8587 = VECTOR('',#8588,1.);
#8588 = DIRECTION('',(0.,0.,1.));
#8589 = ORIENTED_EDGE('',*,*,#4772,.F.);
#8590 = ORIENTED_EDGE('',*,*,#8584,.F.);
#8591 = CYLINDRICAL_SURFACE('',#8592,0.875);
#8592 = AXIS2_PLACEMENT_3D('',#8593,#8594,#8595);
#8593 = CARTESIAN_POINT('',(185.36,-161.885,-4.6E-02));
#8594 = DIRECTION('',(-0.,-0.,-1.));
#8595 = DIRECTION('',(-0.,-1.,0.));
#8596 = ADVANCED_FACE('',(#8597),#8608,.F.);
#8597 = FACE_BOUND('',#8598,.T.);
#8598 = EDGE_LOOP('',(#8599,#8600,#8606,#8607));
#8599 = ORIENTED_EDGE('',*,*,#2220,.T.);
#8600 = ORIENTED_EDGE('',*,*,#8601,.T.);
#8601 = EDGE_CURVE('',#2221,#4784,#8602,.T.);
#8602 = LINE('',#8603,#8604);
#8603 = CARTESIAN_POINT('',(190.44,-163.885,-4.6E-02));
#8604 = VECTOR('',#8605,1.);
#8605 = DIRECTION('',(0.,0.,1.));
#8606 = ORIENTED_EDGE('',*,*,#4783,.F.);
#8607 = ORIENTED_EDGE('',*,*,#8601,.F.);
#8608 = CYLINDRICAL_SURFACE('',#8609,2.);
#8609 = AXIS2_PLACEMENT_3D('',#8610,#8611,#8612);
#8610 = CARTESIAN_POINT('',(190.44,-161.885,-4.6E-02));
#8611 = DIRECTION('',(-0.,-0.,-1.));
#8612 = DIRECTION('',(-0.,-1.,0.));
#8613 = ADVANCED_FACE('',(#8614),#8625,.F.);
#8614 = FACE_BOUND('',#8615,.T.);
#8615 = EDGE_LOOP('',(#8616,#8617,#8623,#8624));
#8616 = ORIENTED_EDGE('',*,*,#2231,.T.);
#8617 = ORIENTED_EDGE('',*,*,#8618,.T.);
#8618 = EDGE_CURVE('',#2232,#4795,#8619,.T.);
#8619 = LINE('',#8620,#8621);
#8620 = CARTESIAN_POINT('',(186.63,-160.095,-4.6E-02));
#8621 = VECTOR('',#8622,1.);
#8622 = DIRECTION('',(0.,0.,1.));
#8623 = ORIENTED_EDGE('',*,*,#4794,.F.);
#8624 = ORIENTED_EDGE('',*,*,#8618,.F.);
#8625 = CYLINDRICAL_SURFACE('',#8626,0.75);
#8626 = AXIS2_PLACEMENT_3D('',#8627,#8628,#8629);
#8627 = CARTESIAN_POINT('',(186.63,-159.345,-4.6E-02));
#8628 = DIRECTION('',(-0.,-0.,-1.));
#8629 = DIRECTION('',(-0.,-1.,0.));
#8630 = ADVANCED_FACE('',(#8631),#8642,.F.);
#8631 = FACE_BOUND('',#8632,.T.);
#8632 = EDGE_LOOP('',(#8633,#8634,#8640,#8641));
#8633 = ORIENTED_EDGE('',*,*,#2242,.T.);
#8634 = ORIENTED_EDGE('',*,*,#8635,.T.);
#8635 = EDGE_CURVE('',#2243,#4806,#8636,.T.);
#8636 = LINE('',#8637,#8638);
#8637 = CARTESIAN_POINT('',(173.93,-157.555,-4.6E-02));
#8638 = VECTOR('',#8639,1.);
#8639 = DIRECTION('',(0.,0.,1.));
#8640 = ORIENTED_EDGE('',*,*,#4805,.F.);
#8641 = ORIENTED_EDGE('',*,*,#8635,.F.);
#8642 = CYLINDRICAL_SURFACE('',#8643,0.75);
#8643 = AXIS2_PLACEMENT_3D('',#8644,#8645,#8646);
#8644 = CARTESIAN_POINT('',(173.93,-156.805,-4.6E-02));
#8645 = DIRECTION('',(-0.,-0.,-1.));
#8646 = DIRECTION('',(-0.,-1.,0.));
#8647 = ADVANCED_FACE('',(#8648),#8659,.F.);
#8648 = FACE_BOUND('',#8649,.T.);
#8649 = EDGE_LOOP('',(#8650,#8651,#8657,#8658));
#8650 = ORIENTED_EDGE('',*,*,#2253,.T.);
#8651 = ORIENTED_EDGE('',*,*,#8652,.T.);
#8652 = EDGE_CURVE('',#2254,#4817,#8653,.T.);
#8653 = LINE('',#8654,#8655);
#8654 = CARTESIAN_POINT('',(195.2025,-182.935,-4.6E-02));
#8655 = VECTOR('',#8656,1.);
#8656 = DIRECTION('',(0.,0.,1.));
#8657 = ORIENTED_EDGE('',*,*,#4816,.F.);
#8658 = ORIENTED_EDGE('',*,*,#8652,.F.);
#8659 = CYLINDRICAL_SURFACE('',#8660,2.);
#8660 = AXIS2_PLACEMENT_3D('',#8661,#8662,#8663);
#8661 = CARTESIAN_POINT('',(195.2025,-180.935,-4.6E-02));
#8662 = DIRECTION('',(-0.,-0.,-1.));
#8663 = DIRECTION('',(-0.,-1.,0.));
#8664 = ADVANCED_FACE('',(#8665),#8676,.F.);
#8665 = FACE_BOUND('',#8666,.T.);
#8666 = EDGE_LOOP('',(#8667,#8668,#8674,#8675));
#8667 = ORIENTED_EDGE('',*,*,#2264,.T.);
#8668 = ORIENTED_EDGE('',*,*,#8669,.T.);
#8669 = EDGE_CURVE('',#2265,#4828,#8670,.T.);
#8670 = LINE('',#8671,#8672);
#8671 = CARTESIAN_POINT('',(200.2825,-181.81,-4.6E-02));
#8672 = VECTOR('',#8673,1.);
#8673 = DIRECTION('',(0.,0.,1.));
#8674 = ORIENTED_EDGE('',*,*,#4827,.F.);
#8675 = ORIENTED_EDGE('',*,*,#8669,.F.);
#8676 = CYLINDRICAL_SURFACE('',#8677,0.875);
#8677 = AXIS2_PLACEMENT_3D('',#8678,#8679,#8680);
#8678 = CARTESIAN_POINT('',(200.2825,-180.935,-4.6E-02));
#8679 = DIRECTION('',(-0.,-0.,-1.));
#8680 = DIRECTION('',(-0.,-1.,0.));
#8681 = ADVANCED_FACE('',(#8682),#8693,.F.);
#8682 = FACE_BOUND('',#8683,.T.);
#8683 = EDGE_LOOP('',(#8684,#8685,#8691,#8692));
#8684 = ORIENTED_EDGE('',*,*,#2275,.T.);
#8685 = ORIENTED_EDGE('',*,*,#8686,.T.);
#8686 = EDGE_CURVE('',#2276,#4839,#8687,.T.);
#8687 = LINE('',#8688,#8689);
#8688 = CARTESIAN_POINT('',(209.1725,-181.81,-4.6E-02));
#8689 = VECTOR('',#8690,1.);
#8690 = DIRECTION('',(0.,0.,1.));
#8691 = ORIENTED_EDGE('',*,*,#4838,.F.);
#8692 = ORIENTED_EDGE('',*,*,#8686,.F.);
#8693 = CYLINDRICAL_SURFACE('',#8694,0.875);
#8694 = AXIS2_PLACEMENT_3D('',#8695,#8696,#8697);
#8695 = CARTESIAN_POINT('',(209.1725,-180.935,-4.6E-02));
#8696 = DIRECTION('',(-0.,-0.,-1.));
#8697 = DIRECTION('',(-0.,-1.,0.));
#8698 = ADVANCED_FACE('',(#8699),#8710,.F.);
#8699 = FACE_BOUND('',#8700,.T.);
#8700 = EDGE_LOOP('',(#8701,#8702,#8708,#8709));
#8701 = ORIENTED_EDGE('',*,*,#2286,.T.);
#8702 = ORIENTED_EDGE('',*,*,#8703,.T.);
#8703 = EDGE_CURVE('',#2287,#4850,#8704,.T.);
#8704 = LINE('',#8705,#8706);
#8705 = CARTESIAN_POINT('',(210.4425,-179.145,-4.6E-02));
#8706 = VECTOR('',#8707,1.);
#8707 = DIRECTION('',(0.,0.,1.));
#8708 = ORIENTED_EDGE('',*,*,#4849,.F.);
#8709 = ORIENTED_EDGE('',*,*,#8703,.F.);
#8710 = CYLINDRICAL_SURFACE('',#8711,0.75);
#8711 = AXIS2_PLACEMENT_3D('',#8712,#8713,#8714);
#8712 = CARTESIAN_POINT('',(210.4425,-178.395,-4.6E-02));
#8713 = DIRECTION('',(-0.,-0.,-1.));
#8714 = DIRECTION('',(-0.,-1.,0.));
#8715 = ADVANCED_FACE('',(#8716),#8727,.F.);
#8716 = FACE_BOUND('',#8717,.T.);
#8717 = EDGE_LOOP('',(#8718,#8719,#8725,#8726));
#8718 = ORIENTED_EDGE('',*,*,#2297,.T.);
#8719 = ORIENTED_EDGE('',*,*,#8720,.T.);
#8720 = EDGE_CURVE('',#2298,#4861,#8721,.T.);
#8721 = LINE('',#8722,#8723);
#8722 = CARTESIAN_POINT('',(197.7425,-176.605,-4.6E-02));
#8723 = VECTOR('',#8724,1.);
#8724 = DIRECTION('',(0.,0.,1.));
#8725 = ORIENTED_EDGE('',*,*,#4860,.F.);
#8726 = ORIENTED_EDGE('',*,*,#8720,.F.);
#8727 = CYLINDRICAL_SURFACE('',#8728,0.75);
#8728 = AXIS2_PLACEMENT_3D('',#8729,#8730,#8731);
#8729 = CARTESIAN_POINT('',(197.7425,-175.855,-4.6E-02));
#8730 = DIRECTION('',(-0.,-0.,-1.));
#8731 = DIRECTION('',(-0.,-1.,0.));
#8732 = ADVANCED_FACE('',(#8733),#8744,.F.);
#8733 = FACE_BOUND('',#8734,.T.);
#8734 = EDGE_LOOP('',(#8735,#8736,#8742,#8743));
#8735 = ORIENTED_EDGE('',*,*,#2308,.T.);
#8736 = ORIENTED_EDGE('',*,*,#8737,.T.);
#8737 = EDGE_CURVE('',#2309,#4872,#8738,.T.);
#8738 = LINE('',#8739,#8740);
#8739 = CARTESIAN_POINT('',(214.2525,-182.935,-4.6E-02));
#8740 = VECTOR('',#8741,1.);
#8741 = DIRECTION('',(0.,0.,1.));
#8742 = ORIENTED_EDGE('',*,*,#4871,.F.);
#8743 = ORIENTED_EDGE('',*,*,#8737,.F.);
#8744 = CYLINDRICAL_SURFACE('',#8745,2.);
#8745 = AXIS2_PLACEMENT_3D('',#8746,#8747,#8748);
#8746 = CARTESIAN_POINT('',(214.2525,-180.935,-4.6E-02));
#8747 = DIRECTION('',(-0.,-0.,-1.));
#8748 = DIRECTION('',(-0.,-1.,0.));
#8749 = ADVANCED_FACE('',(#8750),#8761,.F.);
#8750 = FACE_BOUND('',#8751,.T.);
#8751 = EDGE_LOOP('',(#8752,#8753,#8759,#8760));
#8752 = ORIENTED_EDGE('',*,*,#2319,.T.);
#8753 = ORIENTED_EDGE('',*,*,#8754,.T.);
#8754 = EDGE_CURVE('',#2320,#4883,#8755,.T.);
#8755 = LINE('',#8756,#8757);
#8756 = CARTESIAN_POINT('',(219.3325,-181.81,-4.6E-02));
#8757 = VECTOR('',#8758,1.);
#8758 = DIRECTION('',(0.,0.,1.));
#8759 = ORIENTED_EDGE('',*,*,#4882,.F.);
#8760 = ORIENTED_EDGE('',*,*,#8754,.F.);
#8761 = CYLINDRICAL_SURFACE('',#8762,0.875);
#8762 = AXIS2_PLACEMENT_3D('',#8763,#8764,#8765);
#8763 = CARTESIAN_POINT('',(219.3325,-180.935,-4.6E-02));
#8764 = DIRECTION('',(-0.,-0.,-1.));
#8765 = DIRECTION('',(-0.,-1.,0.));
#8766 = ADVANCED_FACE('',(#8767),#8778,.F.);
#8767 = FACE_BOUND('',#8768,.T.);
#8768 = EDGE_LOOP('',(#8769,#8770,#8776,#8777));
#8769 = ORIENTED_EDGE('',*,*,#2330,.T.);
#8770 = ORIENTED_EDGE('',*,*,#8771,.T.);
#8771 = EDGE_CURVE('',#2331,#4894,#8772,.T.);
#8772 = LINE('',#8773,#8774);
#8773 = CARTESIAN_POINT('',(228.2225,-181.81,-4.6E-02));
#8774 = VECTOR('',#8775,1.);
#8775 = DIRECTION('',(0.,0.,1.));
#8776 = ORIENTED_EDGE('',*,*,#4893,.F.);
#8777 = ORIENTED_EDGE('',*,*,#8771,.F.);
#8778 = CYLINDRICAL_SURFACE('',#8779,0.875);
#8779 = AXIS2_PLACEMENT_3D('',#8780,#8781,#8782);
#8780 = CARTESIAN_POINT('',(228.2225,-180.935,-4.6E-02));
#8781 = DIRECTION('',(-0.,-0.,-1.));
#8782 = DIRECTION('',(-0.,-1.,0.));
#8783 = ADVANCED_FACE('',(#8784),#8795,.F.);
#8784 = FACE_BOUND('',#8785,.T.);
#8785 = EDGE_LOOP('',(#8786,#8787,#8793,#8794));
#8786 = ORIENTED_EDGE('',*,*,#2341,.T.);
#8787 = ORIENTED_EDGE('',*,*,#8788,.T.);
#8788 = EDGE_CURVE('',#2342,#4905,#8789,.T.);
#8789 = LINE('',#8790,#8791);
#8790 = CARTESIAN_POINT('',(229.4925,-179.145,-4.6E-02));
#8791 = VECTOR('',#8792,1.);
#8792 = DIRECTION('',(0.,0.,1.));
#8793 = ORIENTED_EDGE('',*,*,#4904,.F.);
#8794 = ORIENTED_EDGE('',*,*,#8788,.F.);
#8795 = CYLINDRICAL_SURFACE('',#8796,0.75);
#8796 = AXIS2_PLACEMENT_3D('',#8797,#8798,#8799);
#8797 = CARTESIAN_POINT('',(229.4925,-178.395,-4.6E-02));
#8798 = DIRECTION('',(-0.,-0.,-1.));
#8799 = DIRECTION('',(-0.,-1.,0.));
#8800 = ADVANCED_FACE('',(#8801),#8812,.F.);
#8801 = FACE_BOUND('',#8802,.T.);
#8802 = EDGE_LOOP('',(#8803,#8804,#8810,#8811));
#8803 = ORIENTED_EDGE('',*,*,#2352,.T.);
#8804 = ORIENTED_EDGE('',*,*,#8805,.T.);
#8805 = EDGE_CURVE('',#2353,#4916,#8806,.T.);
#8806 = LINE('',#8807,#8808);
#8807 = CARTESIAN_POINT('',(216.7925,-176.605,-4.6E-02));
#8808 = VECTOR('',#8809,1.);
#8809 = DIRECTION('',(0.,0.,1.));
#8810 = ORIENTED_EDGE('',*,*,#4915,.F.);
#8811 = ORIENTED_EDGE('',*,*,#8805,.F.);
#8812 = CYLINDRICAL_SURFACE('',#8813,0.75);
#8813 = AXIS2_PLACEMENT_3D('',#8814,#8815,#8816);
#8814 = CARTESIAN_POINT('',(216.7925,-175.855,-4.6E-02));
#8815 = DIRECTION('',(-0.,-0.,-1.));
#8816 = DIRECTION('',(-0.,-1.,0.));
#8817 = ADVANCED_FACE('',(#8818),#8829,.F.);
#8818 = FACE_BOUND('',#8819,.T.);
#8819 = EDGE_LOOP('',(#8820,#8821,#8827,#8828));
#8820 = ORIENTED_EDGE('',*,*,#2363,.T.);
#8821 = ORIENTED_EDGE('',*,*,#8822,.T.);
#8822 = EDGE_CURVE('',#2364,#4927,#8823,.T.);
#8823 = LINE('',#8824,#8825);
#8824 = CARTESIAN_POINT('',(233.3025,-182.935,-4.6E-02));
#8825 = VECTOR('',#8826,1.);
#8826 = DIRECTION('',(0.,0.,1.));
#8827 = ORIENTED_EDGE('',*,*,#4926,.F.);
#8828 = ORIENTED_EDGE('',*,*,#8822,.F.);
#8829 = CYLINDRICAL_SURFACE('',#8830,2.);
#8830 = AXIS2_PLACEMENT_3D('',#8831,#8832,#8833);
#8831 = CARTESIAN_POINT('',(233.3025,-180.935,-4.6E-02));
#8832 = DIRECTION('',(-0.,-0.,-1.));
#8833 = DIRECTION('',(-0.,-1.,0.));
#8834 = ADVANCED_FACE('',(#8835),#8846,.F.);
#8835 = FACE_BOUND('',#8836,.T.);
#8836 = EDGE_LOOP('',(#8837,#8838,#8844,#8845));
#8837 = ORIENTED_EDGE('',*,*,#2374,.T.);
#8838 = ORIENTED_EDGE('',*,*,#8839,.T.);
#8839 = EDGE_CURVE('',#2375,#4938,#8840,.T.);
#8840 = LINE('',#8841,#8842);
#8841 = CARTESIAN_POINT('',(238.3825,-181.81,-4.6E-02));
#8842 = VECTOR('',#8843,1.);
#8843 = DIRECTION('',(0.,0.,1.));
#8844 = ORIENTED_EDGE('',*,*,#4937,.F.);
#8845 = ORIENTED_EDGE('',*,*,#8839,.F.);
#8846 = CYLINDRICAL_SURFACE('',#8847,0.875);
#8847 = AXIS2_PLACEMENT_3D('',#8848,#8849,#8850);
#8848 = CARTESIAN_POINT('',(238.3825,-180.935,-4.6E-02));
#8849 = DIRECTION('',(-0.,-0.,-1.));
#8850 = DIRECTION('',(-0.,-1.,0.));
#8851 = ADVANCED_FACE('',(#8852),#8863,.F.);
#8852 = FACE_BOUND('',#8853,.T.);
#8853 = EDGE_LOOP('',(#8854,#8855,#8861,#8862));
#8854 = ORIENTED_EDGE('',*,*,#2385,.T.);
#8855 = ORIENTED_EDGE('',*,*,#8856,.T.);
#8856 = EDGE_CURVE('',#2386,#4949,#8857,.T.);
#8857 = LINE('',#8858,#8859);
#8858 = CARTESIAN_POINT('',(247.2725,-181.81,-4.6E-02));
#8859 = VECTOR('',#8860,1.);
#8860 = DIRECTION('',(0.,0.,1.));
#8861 = ORIENTED_EDGE('',*,*,#4948,.F.);
#8862 = ORIENTED_EDGE('',*,*,#8856,.F.);
#8863 = CYLINDRICAL_SURFACE('',#8864,0.875);
#8864 = AXIS2_PLACEMENT_3D('',#8865,#8866,#8867);
#8865 = CARTESIAN_POINT('',(247.2725,-180.935,-4.6E-02));
#8866 = DIRECTION('',(-0.,-0.,-1.));
#8867 = DIRECTION('',(-0.,-1.,0.));
#8868 = ADVANCED_FACE('',(#8869),#8880,.F.);
#8869 = FACE_BOUND('',#8870,.T.);
#8870 = EDGE_LOOP('',(#8871,#8872,#8878,#8879));
#8871 = ORIENTED_EDGE('',*,*,#2396,.T.);
#8872 = ORIENTED_EDGE('',*,*,#8873,.T.);
#8873 = EDGE_CURVE('',#2397,#4960,#8874,.T.);
#8874 = LINE('',#8875,#8876);
#8875 = CARTESIAN_POINT('',(252.3525,-182.935,-4.6E-02));
#8876 = VECTOR('',#8877,1.);
#8877 = DIRECTION('',(0.,0.,1.));
#8878 = ORIENTED_EDGE('',*,*,#4959,.F.);
#8879 = ORIENTED_EDGE('',*,*,#8873,.F.);
#8880 = CYLINDRICAL_SURFACE('',#8881,2.);
#8881 = AXIS2_PLACEMENT_3D('',#8882,#8883,#8884);
#8882 = CARTESIAN_POINT('',(252.3525,-180.935,-4.6E-02));
#8883 = DIRECTION('',(-0.,-0.,-1.));
#8884 = DIRECTION('',(-0.,-1.,0.));
#8885 = ADVANCED_FACE('',(#8886),#8897,.F.);
#8886 = FACE_BOUND('',#8887,.T.);
#8887 = EDGE_LOOP('',(#8888,#8889,#8895,#8896));
#8888 = ORIENTED_EDGE('',*,*,#2407,.T.);
#8889 = ORIENTED_EDGE('',*,*,#8890,.T.);
#8890 = EDGE_CURVE('',#2408,#4971,#8891,.T.);
#8891 = LINE('',#8892,#8893);
#8892 = CARTESIAN_POINT('',(248.5425,-179.145,-4.6E-02));
#8893 = VECTOR('',#8894,1.);
#8894 = DIRECTION('',(0.,0.,1.));
#8895 = ORIENTED_EDGE('',*,*,#4970,.F.);
#8896 = ORIENTED_EDGE('',*,*,#8890,.F.);
#8897 = CYLINDRICAL_SURFACE('',#8898,0.75);
#8898 = AXIS2_PLACEMENT_3D('',#8899,#8900,#8901);
#8899 = CARTESIAN_POINT('',(248.5425,-178.395,-4.6E-02));
#8900 = DIRECTION('',(-0.,-0.,-1.));
#8901 = DIRECTION('',(-0.,-1.,0.));
#8902 = ADVANCED_FACE('',(#8903),#8914,.F.);
#8903 = FACE_BOUND('',#8904,.T.);
#8904 = EDGE_LOOP('',(#8905,#8906,#8912,#8913));
#8905 = ORIENTED_EDGE('',*,*,#2418,.T.);
#8906 = ORIENTED_EDGE('',*,*,#8907,.T.);
#8907 = EDGE_CURVE('',#2419,#4982,#8908,.T.);
#8908 = LINE('',#8909,#8910);
#8909 = CARTESIAN_POINT('',(235.8425,-176.605,-4.6E-02));
#8910 = VECTOR('',#8911,1.);
#8911 = DIRECTION('',(0.,0.,1.));
#8912 = ORIENTED_EDGE('',*,*,#4981,.F.);
#8913 = ORIENTED_EDGE('',*,*,#8907,.F.);
#8914 = CYLINDRICAL_SURFACE('',#8915,0.75);
#8915 = AXIS2_PLACEMENT_3D('',#8916,#8917,#8918);
#8916 = CARTESIAN_POINT('',(235.8425,-175.855,-4.6E-02));
#8917 = DIRECTION('',(-0.,-0.,-1.));
#8918 = DIRECTION('',(-0.,-1.,0.));
#8919 = ADVANCED_FACE('',(#8920),#8931,.F.);
#8920 = FACE_BOUND('',#8921,.T.);
#8921 = EDGE_LOOP('',(#8922,#8923,#8929,#8930));
#8922 = ORIENTED_EDGE('',*,*,#2429,.T.);
#8923 = ORIENTED_EDGE('',*,*,#8924,.T.);
#8924 = EDGE_CURVE('',#2430,#4993,#8925,.T.);
#8925 = LINE('',#8926,#8927);
#8926 = CARTESIAN_POINT('',(257.4325,-181.81,-4.6E-02));
#8927 = VECTOR('',#8928,1.);
#8928 = DIRECTION('',(0.,0.,1.));
#8929 = ORIENTED_EDGE('',*,*,#4992,.F.);
#8930 = ORIENTED_EDGE('',*,*,#8924,.F.);
#8931 = CYLINDRICAL_SURFACE('',#8932,0.875);
#8932 = AXIS2_PLACEMENT_3D('',#8933,#8934,#8935);
#8933 = CARTESIAN_POINT('',(257.4325,-180.935,-4.6E-02));
#8934 = DIRECTION('',(-0.,-0.,-1.));
#8935 = DIRECTION('',(-0.,-1.,0.));
#8936 = ADVANCED_FACE('',(#8937),#8948,.F.);
#8937 = FACE_BOUND('',#8938,.T.);
#8938 = EDGE_LOOP('',(#8939,#8940,#8946,#8947));
#8939 = ORIENTED_EDGE('',*,*,#2440,.T.);
#8940 = ORIENTED_EDGE('',*,*,#8941,.T.);
#8941 = EDGE_CURVE('',#2441,#5004,#8942,.T.);
#8942 = LINE('',#8943,#8944);
#8943 = CARTESIAN_POINT('',(254.8925,-176.605,-4.6E-02));
#8944 = VECTOR('',#8945,1.);
#8945 = DIRECTION('',(0.,0.,1.));
#8946 = ORIENTED_EDGE('',*,*,#5003,.F.);
#8947 = ORIENTED_EDGE('',*,*,#8941,.F.);
#8948 = CYLINDRICAL_SURFACE('',#8949,0.75);
#8949 = AXIS2_PLACEMENT_3D('',#8950,#8951,#8952);
#8950 = CARTESIAN_POINT('',(254.8925,-175.855,-4.6E-02));
#8951 = DIRECTION('',(-0.,-0.,-1.));
#8952 = DIRECTION('',(-0.,-1.,0.));
#8953 = ADVANCED_FACE('',(#8954),#8965,.F.);
#8954 = FACE_BOUND('',#8955,.T.);
#8955 = EDGE_LOOP('',(#8956,#8957,#8963,#8964));
#8956 = ORIENTED_EDGE('',*,*,#2451,.T.);
#8957 = ORIENTED_EDGE('',*,*,#8958,.T.);
#8958 = EDGE_CURVE('',#2452,#5015,#8959,.T.);
#8959 = LINE('',#8960,#8961);
#8960 = CARTESIAN_POINT('',(195.52,-162.76,-4.6E-02));
#8961 = VECTOR('',#8962,1.);
#8962 = DIRECTION('',(0.,0.,1.));
#8963 = ORIENTED_EDGE('',*,*,#5014,.F.);
#8964 = ORIENTED_EDGE('',*,*,#8958,.F.);
#8965 = CYLINDRICAL_SURFACE('',#8966,0.875);
#8966 = AXIS2_PLACEMENT_3D('',#8967,#8968,#8969);
#8967 = CARTESIAN_POINT('',(195.52,-161.885,-4.6E-02));
#8968 = DIRECTION('',(-0.,-0.,-1.));
#8969 = DIRECTION('',(-0.,-1.,0.));
#8970 = ADVANCED_FACE('',(#8971),#8982,.F.);
#8971 = FACE_BOUND('',#8972,.T.);
#8972 = EDGE_LOOP('',(#8973,#8974,#8980,#8981));
#8973 = ORIENTED_EDGE('',*,*,#2462,.T.);
#8974 = ORIENTED_EDGE('',*,*,#8975,.T.);
#8975 = EDGE_CURVE('',#2463,#5026,#8976,.T.);
#8976 = LINE('',#8977,#8978);
#8977 = CARTESIAN_POINT('',(204.41,-162.76,-4.6E-02));
#8978 = VECTOR('',#8979,1.);
#8979 = DIRECTION('',(0.,0.,1.));
#8980 = ORIENTED_EDGE('',*,*,#5025,.F.);
#8981 = ORIENTED_EDGE('',*,*,#8975,.F.);
#8982 = CYLINDRICAL_SURFACE('',#8983,0.875);
#8983 = AXIS2_PLACEMENT_3D('',#8984,#8985,#8986);
#8984 = CARTESIAN_POINT('',(204.41,-161.885,-4.6E-02));
#8985 = DIRECTION('',(-0.,-0.,-1.));
#8986 = DIRECTION('',(-0.,-1.,0.));
#8987 = ADVANCED_FACE('',(#8988),#8999,.F.);
#8988 = FACE_BOUND('',#8989,.T.);
#8989 = EDGE_LOOP('',(#8990,#8991,#8997,#8998));
#8990 = ORIENTED_EDGE('',*,*,#2473,.T.);
#8991 = ORIENTED_EDGE('',*,*,#8992,.T.);
#8992 = EDGE_CURVE('',#2474,#5037,#8993,.T.);
#8993 = LINE('',#8994,#8995);
#8994 = CARTESIAN_POINT('',(209.49,-163.885,-4.6E-02));
#8995 = VECTOR('',#8996,1.);
#8996 = DIRECTION('',(0.,0.,1.));
#8997 = ORIENTED_EDGE('',*,*,#5036,.F.);
#8998 = ORIENTED_EDGE('',*,*,#8992,.F.);
#8999 = CYLINDRICAL_SURFACE('',#9000,2.);
#9000 = AXIS2_PLACEMENT_3D('',#9001,#9002,#9003);
#9001 = CARTESIAN_POINT('',(209.49,-161.885,-4.6E-02));
#9002 = DIRECTION('',(-0.,-0.,-1.));
#9003 = DIRECTION('',(-0.,-1.,0.));
#9004 = ADVANCED_FACE('',(#9005),#9016,.F.);
#9005 = FACE_BOUND('',#9006,.T.);
#9006 = EDGE_LOOP('',(#9007,#9008,#9014,#9015));
#9007 = ORIENTED_EDGE('',*,*,#2484,.T.);
#9008 = ORIENTED_EDGE('',*,*,#9009,.T.);
#9009 = EDGE_CURVE('',#2485,#5048,#9010,.T.);
#9010 = LINE('',#9011,#9012);
#9011 = CARTESIAN_POINT('',(205.68,-160.095,-4.6E-02));
#9012 = VECTOR('',#9013,1.);
#9013 = DIRECTION('',(0.,0.,1.));
#9014 = ORIENTED_EDGE('',*,*,#5047,.F.);
#9015 = ORIENTED_EDGE('',*,*,#9009,.F.);
#9016 = CYLINDRICAL_SURFACE('',#9017,0.75);
#9017 = AXIS2_PLACEMENT_3D('',#9018,#9019,#9020);
#9018 = CARTESIAN_POINT('',(205.68,-159.345,-4.6E-02));
#9019 = DIRECTION('',(-0.,-0.,-1.));
#9020 = DIRECTION('',(-0.,-1.,0.));
#9021 = ADVANCED_FACE('',(#9022),#9033,.F.);
#9022 = FACE_BOUND('',#9023,.T.);
#9023 = EDGE_LOOP('',(#9024,#9025,#9031,#9032));
#9024 = ORIENTED_EDGE('',*,*,#2495,.T.);
#9025 = ORIENTED_EDGE('',*,*,#9026,.T.);
#9026 = EDGE_CURVE('',#2496,#5059,#9027,.T.);
#9027 = LINE('',#9028,#9029);
#9028 = CARTESIAN_POINT('',(192.98,-157.555,-4.6E-02));
#9029 = VECTOR('',#9030,1.);
#9030 = DIRECTION('',(0.,0.,1.));
#9031 = ORIENTED_EDGE('',*,*,#5058,.F.);
#9032 = ORIENTED_EDGE('',*,*,#9026,.F.);
#9033 = CYLINDRICAL_SURFACE('',#9034,0.75);
#9034 = AXIS2_PLACEMENT_3D('',#9035,#9036,#9037);
#9035 = CARTESIAN_POINT('',(192.98,-156.805,-4.6E-02));
#9036 = DIRECTION('',(-0.,-0.,-1.));
#9037 = DIRECTION('',(-0.,-1.,0.));
#9038 = ADVANCED_FACE('',(#9039),#9050,.F.);
#9039 = FACE_BOUND('',#9040,.T.);
#9040 = EDGE_LOOP('',(#9041,#9042,#9048,#9049));
#9041 = ORIENTED_EDGE('',*,*,#2506,.T.);
#9042 = ORIENTED_EDGE('',*,*,#9043,.T.);
#9043 = EDGE_CURVE('',#2507,#5070,#9044,.T.);
#9044 = LINE('',#9045,#9046);
#9045 = CARTESIAN_POINT('',(212.03,-157.555,-4.6E-02));
#9046 = VECTOR('',#9047,1.);
#9047 = DIRECTION('',(0.,0.,1.));
#9048 = ORIENTED_EDGE('',*,*,#5069,.F.);
#9049 = ORIENTED_EDGE('',*,*,#9043,.F.);
#9050 = CYLINDRICAL_SURFACE('',#9051,0.75);
#9051 = AXIS2_PLACEMENT_3D('',#9052,#9053,#9054);
#9052 = CARTESIAN_POINT('',(212.03,-156.805,-4.6E-02));
#9053 = DIRECTION('',(-0.,-0.,-1.));
#9054 = DIRECTION('',(-0.,-1.,0.));
#9055 = ADVANCED_FACE('',(#9056),#9067,.F.);
#9056 = FACE_BOUND('',#9057,.T.);
#9057 = EDGE_LOOP('',(#9058,#9059,#9065,#9066));
#9058 = ORIENTED_EDGE('',*,*,#2517,.T.);
#9059 = ORIENTED_EDGE('',*,*,#9060,.T.);
#9060 = EDGE_CURVE('',#2518,#5081,#9061,.T.);
#9061 = LINE('',#9062,#9063);
#9062 = CARTESIAN_POINT('',(214.57,-162.76,-4.6E-02));
#9063 = VECTOR('',#9064,1.);
#9064 = DIRECTION('',(0.,0.,1.));
#9065 = ORIENTED_EDGE('',*,*,#5080,.F.);
#9066 = ORIENTED_EDGE('',*,*,#9060,.F.);
#9067 = CYLINDRICAL_SURFACE('',#9068,0.875);
#9068 = AXIS2_PLACEMENT_3D('',#9069,#9070,#9071);
#9069 = CARTESIAN_POINT('',(214.57,-161.885,-4.6E-02));
#9070 = DIRECTION('',(-0.,-0.,-1.));
#9071 = DIRECTION('',(-0.,-1.,0.));
#9072 = ADVANCED_FACE('',(#9073),#9084,.F.);
#9073 = FACE_BOUND('',#9074,.T.);
#9074 = EDGE_LOOP('',(#9075,#9076,#9082,#9083));
#9075 = ORIENTED_EDGE('',*,*,#2528,.T.);
#9076 = ORIENTED_EDGE('',*,*,#9077,.T.);
#9077 = EDGE_CURVE('',#2529,#5092,#9078,.T.);
#9078 = LINE('',#9079,#9080);
#9079 = CARTESIAN_POINT('',(223.46,-162.76,-4.6E-02));
#9080 = VECTOR('',#9081,1.);
#9081 = DIRECTION('',(0.,0.,1.));
#9082 = ORIENTED_EDGE('',*,*,#5091,.F.);
#9083 = ORIENTED_EDGE('',*,*,#9077,.F.);
#9084 = CYLINDRICAL_SURFACE('',#9085,0.875);
#9085 = AXIS2_PLACEMENT_3D('',#9086,#9087,#9088);
#9086 = CARTESIAN_POINT('',(223.46,-161.885,-4.6E-02));
#9087 = DIRECTION('',(-0.,-0.,-1.));
#9088 = DIRECTION('',(-0.,-1.,0.));
#9089 = ADVANCED_FACE('',(#9090),#9101,.F.);
#9090 = FACE_BOUND('',#9091,.T.);
#9091 = EDGE_LOOP('',(#9092,#9093,#9099,#9100));
#9092 = ORIENTED_EDGE('',*,*,#2539,.T.);
#9093 = ORIENTED_EDGE('',*,*,#9094,.T.);
#9094 = EDGE_CURVE('',#2540,#5103,#9095,.T.);
#9095 = LINE('',#9096,#9097);
#9096 = CARTESIAN_POINT('',(228.54,-163.885,-4.6E-02));
#9097 = VECTOR('',#9098,1.);
#9098 = DIRECTION('',(0.,0.,1.));
#9099 = ORIENTED_EDGE('',*,*,#5102,.F.);
#9100 = ORIENTED_EDGE('',*,*,#9094,.F.);
#9101 = CYLINDRICAL_SURFACE('',#9102,2.);
#9102 = AXIS2_PLACEMENT_3D('',#9103,#9104,#9105);
#9103 = CARTESIAN_POINT('',(228.54,-161.885,-4.6E-02));
#9104 = DIRECTION('',(-0.,-0.,-1.));
#9105 = DIRECTION('',(-0.,-1.,0.));
#9106 = ADVANCED_FACE('',(#9107),#9118,.F.);
#9107 = FACE_BOUND('',#9108,.T.);
#9108 = EDGE_LOOP('',(#9109,#9110,#9116,#9117));
#9109 = ORIENTED_EDGE('',*,*,#2550,.T.);
#9110 = ORIENTED_EDGE('',*,*,#9111,.T.);
#9111 = EDGE_CURVE('',#2551,#5114,#9112,.T.);
#9112 = LINE('',#9113,#9114);
#9113 = CARTESIAN_POINT('',(224.73,-160.095,-4.6E-02));
#9114 = VECTOR('',#9115,1.);
#9115 = DIRECTION('',(0.,0.,1.));
#9116 = ORIENTED_EDGE('',*,*,#5113,.F.);
#9117 = ORIENTED_EDGE('',*,*,#9111,.F.);
#9118 = CYLINDRICAL_SURFACE('',#9119,0.75);
#9119 = AXIS2_PLACEMENT_3D('',#9120,#9121,#9122);
#9120 = CARTESIAN_POINT('',(224.73,-159.345,-4.6E-02));
#9121 = DIRECTION('',(-0.,-0.,-1.));
#9122 = DIRECTION('',(-0.,-1.,0.));
#9123 = ADVANCED_FACE('',(#9124),#9135,.F.);
#9124 = FACE_BOUND('',#9125,.T.);
#9125 = EDGE_LOOP('',(#9126,#9127,#9133,#9134));
#9126 = ORIENTED_EDGE('',*,*,#2561,.T.);
#9127 = ORIENTED_EDGE('',*,*,#9128,.T.);
#9128 = EDGE_CURVE('',#2562,#5125,#9129,.T.);
#9129 = LINE('',#9130,#9131);
#9130 = CARTESIAN_POINT('',(231.08,-157.555,-4.6E-02));
#9131 = VECTOR('',#9132,1.);
#9132 = DIRECTION('',(0.,0.,1.));
#9133 = ORIENTED_EDGE('',*,*,#5124,.F.);
#9134 = ORIENTED_EDGE('',*,*,#9128,.F.);
#9135 = CYLINDRICAL_SURFACE('',#9136,0.75);
#9136 = AXIS2_PLACEMENT_3D('',#9137,#9138,#9139);
#9137 = CARTESIAN_POINT('',(231.08,-156.805,-4.6E-02));
#9138 = DIRECTION('',(-0.,-0.,-1.));
#9139 = DIRECTION('',(-0.,-1.,0.));
#9140 = ADVANCED_FACE('',(#9141),#9152,.F.);
#9141 = FACE_BOUND('',#9142,.T.);
#9142 = EDGE_LOOP('',(#9143,#9144,#9150,#9151));
#9143 = ORIENTED_EDGE('',*,*,#2572,.T.);
#9144 = ORIENTED_EDGE('',*,*,#9145,.T.);
#9145 = EDGE_CURVE('',#2573,#5136,#9146,.T.);
#9146 = LINE('',#9147,#9148);
#9147 = CARTESIAN_POINT('',(233.62,-162.76,-4.6E-02));
#9148 = VECTOR('',#9149,1.);
#9149 = DIRECTION('',(0.,0.,1.));
#9150 = ORIENTED_EDGE('',*,*,#5135,.F.);
#9151 = ORIENTED_EDGE('',*,*,#9145,.F.);
#9152 = CYLINDRICAL_SURFACE('',#9153,0.875);
#9153 = AXIS2_PLACEMENT_3D('',#9154,#9155,#9156);
#9154 = CARTESIAN_POINT('',(233.62,-161.885,-4.6E-02));
#9155 = DIRECTION('',(-0.,-0.,-1.));
#9156 = DIRECTION('',(-0.,-1.,0.));
#9157 = ADVANCED_FACE('',(#9158),#9169,.F.);
#9158 = FACE_BOUND('',#9159,.T.);
#9159 = EDGE_LOOP('',(#9160,#9161,#9167,#9168));
#9160 = ORIENTED_EDGE('',*,*,#2583,.T.);
#9161 = ORIENTED_EDGE('',*,*,#9162,.T.);
#9162 = EDGE_CURVE('',#2584,#5147,#9163,.T.);
#9163 = LINE('',#9164,#9165);
#9164 = CARTESIAN_POINT('',(242.51,-162.76,-4.6E-02));
#9165 = VECTOR('',#9166,1.);
#9166 = DIRECTION('',(0.,0.,1.));
#9167 = ORIENTED_EDGE('',*,*,#5146,.F.);
#9168 = ORIENTED_EDGE('',*,*,#9162,.F.);
#9169 = CYLINDRICAL_SURFACE('',#9170,0.875);
#9170 = AXIS2_PLACEMENT_3D('',#9171,#9172,#9173);
#9171 = CARTESIAN_POINT('',(242.51,-161.885,-4.6E-02));
#9172 = DIRECTION('',(-0.,-0.,-1.));
#9173 = DIRECTION('',(-0.,-1.,0.));
#9174 = ADVANCED_FACE('',(#9175),#9186,.F.);
#9175 = FACE_BOUND('',#9176,.T.);
#9176 = EDGE_LOOP('',(#9177,#9178,#9184,#9185));
#9177 = ORIENTED_EDGE('',*,*,#2594,.T.);
#9178 = ORIENTED_EDGE('',*,*,#9179,.T.);
#9179 = EDGE_CURVE('',#2595,#5158,#9180,.T.);
#9180 = LINE('',#9181,#9182);
#9181 = CARTESIAN_POINT('',(247.59,-163.885,-4.6E-02));
#9182 = VECTOR('',#9183,1.);
#9183 = DIRECTION('',(0.,0.,1.));
#9184 = ORIENTED_EDGE('',*,*,#5157,.F.);
#9185 = ORIENTED_EDGE('',*,*,#9179,.F.);
#9186 = CYLINDRICAL_SURFACE('',#9187,2.);
#9187 = AXIS2_PLACEMENT_3D('',#9188,#9189,#9190);
#9188 = CARTESIAN_POINT('',(247.59,-161.885,-4.6E-02));
#9189 = DIRECTION('',(-0.,-0.,-1.));
#9190 = DIRECTION('',(-0.,-1.,0.));
#9191 = ADVANCED_FACE('',(#9192),#9203,.F.);
#9192 = FACE_BOUND('',#9193,.T.);
#9193 = EDGE_LOOP('',(#9194,#9195,#9201,#9202));
#9194 = ORIENTED_EDGE('',*,*,#2605,.T.);
#9195 = ORIENTED_EDGE('',*,*,#9196,.T.);
#9196 = EDGE_CURVE('',#2606,#5169,#9197,.T.);
#9197 = LINE('',#9198,#9199);
#9198 = CARTESIAN_POINT('',(243.78,-160.095,-4.6E-02));
#9199 = VECTOR('',#9200,1.);
#9200 = DIRECTION('',(0.,0.,1.));
#9201 = ORIENTED_EDGE('',*,*,#5168,.F.);
#9202 = ORIENTED_EDGE('',*,*,#9196,.F.);
#9203 = CYLINDRICAL_SURFACE('',#9204,0.75);
#9204 = AXIS2_PLACEMENT_3D('',#9205,#9206,#9207);
#9205 = CARTESIAN_POINT('',(243.78,-159.345,-4.6E-02));
#9206 = DIRECTION('',(-0.,-0.,-1.));
#9207 = DIRECTION('',(-0.,-1.,0.));
#9208 = ADVANCED_FACE('',(#9209),#9220,.F.);
#9209 = FACE_BOUND('',#9210,.T.);
#9210 = EDGE_LOOP('',(#9211,#9212,#9218,#9219));
#9211 = ORIENTED_EDGE('',*,*,#2616,.T.);
#9212 = ORIENTED_EDGE('',*,*,#9213,.T.);
#9213 = EDGE_CURVE('',#2617,#5180,#9214,.T.);
#9214 = LINE('',#9215,#9216);
#9215 = CARTESIAN_POINT('',(250.13,-157.555,-4.6E-02));
#9216 = VECTOR('',#9217,1.);
#9217 = DIRECTION('',(0.,0.,1.));
#9218 = ORIENTED_EDGE('',*,*,#5179,.F.);
#9219 = ORIENTED_EDGE('',*,*,#9213,.F.);
#9220 = CYLINDRICAL_SURFACE('',#9221,0.75);
#9221 = AXIS2_PLACEMENT_3D('',#9222,#9223,#9224);
#9222 = CARTESIAN_POINT('',(250.13,-156.805,-4.6E-02));
#9223 = DIRECTION('',(-0.,-0.,-1.));
#9224 = DIRECTION('',(-0.,-1.,0.));
#9225 = ADVANCED_FACE('',(#9226),#9237,.F.);
#9226 = FACE_BOUND('',#9227,.T.);
#9227 = EDGE_LOOP('',(#9228,#9229,#9235,#9236));
#9228 = ORIENTED_EDGE('',*,*,#2627,.T.);
#9229 = ORIENTED_EDGE('',*,*,#9230,.T.);
#9230 = EDGE_CURVE('',#2628,#5191,#9231,.T.);
#9231 = LINE('',#9232,#9233);
#9232 = CARTESIAN_POINT('',(252.67,-162.76,-4.6E-02));
#9233 = VECTOR('',#9234,1.);
#9234 = DIRECTION('',(0.,0.,1.));
#9235 = ORIENTED_EDGE('',*,*,#5190,.F.);
#9236 = ORIENTED_EDGE('',*,*,#9230,.F.);
#9237 = CYLINDRICAL_SURFACE('',#9238,0.875);
#9238 = AXIS2_PLACEMENT_3D('',#9239,#9240,#9241);
#9239 = CARTESIAN_POINT('',(252.67,-161.885,-4.6E-02));
#9240 = DIRECTION('',(-0.,-0.,-1.));
#9241 = DIRECTION('',(-0.,-1.,0.));
#9242 = ADVANCED_FACE('',(#9243),#9254,.F.);
#9243 = FACE_BOUND('',#9244,.T.);
#9244 = EDGE_LOOP('',(#9245,#9246,#9252,#9253));
#9245 = ORIENTED_EDGE('',*,*,#2638,.T.);
#9246 = ORIENTED_EDGE('',*,*,#9247,.T.);
#9247 = EDGE_CURVE('',#2639,#5202,#9248,.T.);
#9248 = LINE('',#9249,#9250);
#9249 = CARTESIAN_POINT('',(261.56,-162.76,-4.6E-02));
#9250 = VECTOR('',#9251,1.);
#9251 = DIRECTION('',(0.,0.,1.));
#9252 = ORIENTED_EDGE('',*,*,#5201,.F.);
#9253 = ORIENTED_EDGE('',*,*,#9247,.F.);
#9254 = CYLINDRICAL_SURFACE('',#9255,0.875);
#9255 = AXIS2_PLACEMENT_3D('',#9256,#9257,#9258);
#9256 = CARTESIAN_POINT('',(261.56,-161.885,-4.6E-02));
#9257 = DIRECTION('',(-0.,-0.,-1.));
#9258 = DIRECTION('',(-0.,-1.,0.));
#9259 = ADVANCED_FACE('',(#9260),#9271,.F.);
#9260 = FACE_BOUND('',#9261,.T.);
#9261 = EDGE_LOOP('',(#9262,#9263,#9269,#9270));
#9262 = ORIENTED_EDGE('',*,*,#2649,.T.);
#9263 = ORIENTED_EDGE('',*,*,#9264,.T.);
#9264 = EDGE_CURVE('',#2650,#5213,#9265,.T.);
#9265 = LINE('',#9266,#9267);
#9266 = CARTESIAN_POINT('',(266.64,-163.885,-4.6E-02));
#9267 = VECTOR('',#9268,1.);
#9268 = DIRECTION('',(0.,0.,1.));
#9269 = ORIENTED_EDGE('',*,*,#5212,.F.);
#9270 = ORIENTED_EDGE('',*,*,#9264,.F.);
#9271 = CYLINDRICAL_SURFACE('',#9272,2.);
#9272 = AXIS2_PLACEMENT_3D('',#9273,#9274,#9275);
#9273 = CARTESIAN_POINT('',(266.64,-161.885,-4.6E-02));
#9274 = DIRECTION('',(-0.,-0.,-1.));
#9275 = DIRECTION('',(-0.,-1.,0.));
#9276 = ADVANCED_FACE('',(#9277),#9288,.F.);
#9277 = FACE_BOUND('',#9278,.T.);
#9278 = EDGE_LOOP('',(#9279,#9280,#9286,#9287));
#9279 = ORIENTED_EDGE('',*,*,#2660,.T.);
#9280 = ORIENTED_EDGE('',*,*,#9281,.T.);
#9281 = EDGE_CURVE('',#2661,#5224,#9282,.T.);
#9282 = LINE('',#9283,#9284);
#9283 = CARTESIAN_POINT('',(271.72,-162.76,-4.6E-02));
#9284 = VECTOR('',#9285,1.);
#9285 = DIRECTION('',(0.,0.,1.));
#9286 = ORIENTED_EDGE('',*,*,#5223,.F.);
#9287 = ORIENTED_EDGE('',*,*,#9281,.F.);
#9288 = CYLINDRICAL_SURFACE('',#9289,0.875);
#9289 = AXIS2_PLACEMENT_3D('',#9290,#9291,#9292);
#9290 = CARTESIAN_POINT('',(271.72,-161.885,-4.6E-02));
#9291 = DIRECTION('',(-0.,-0.,-1.));
#9292 = DIRECTION('',(-0.,-1.,0.));
#9293 = ADVANCED_FACE('',(#9294),#9305,.F.);
#9294 = FACE_BOUND('',#9295,.T.);
#9295 = EDGE_LOOP('',(#9296,#9297,#9303,#9304));
#9296 = ORIENTED_EDGE('',*,*,#2671,.T.);
#9297 = ORIENTED_EDGE('',*,*,#9298,.T.);
#9298 = EDGE_CURVE('',#2672,#5235,#9299,.T.);
#9299 = LINE('',#9300,#9301);
#9300 = CARTESIAN_POINT('',(262.83,-160.095,-4.6E-02));
#9301 = VECTOR('',#9302,1.);
#9302 = DIRECTION('',(0.,0.,1.));
#9303 = ORIENTED_EDGE('',*,*,#5234,.F.);
#9304 = ORIENTED_EDGE('',*,*,#9298,.F.);
#9305 = CYLINDRICAL_SURFACE('',#9306,0.75);
#9306 = AXIS2_PLACEMENT_3D('',#9307,#9308,#9309);
#9307 = CARTESIAN_POINT('',(262.83,-159.345,-4.6E-02));
#9308 = DIRECTION('',(-0.,-0.,-1.));
#9309 = DIRECTION('',(-0.,-1.,0.));
#9310 = ADVANCED_FACE('',(#9311),#9322,.F.);
#9311 = FACE_BOUND('',#9312,.T.);
#9312 = EDGE_LOOP('',(#9313,#9319,#9320,#9321));
#9313 = ORIENTED_EDGE('',*,*,#9314,.T.);
#9314 = EDGE_CURVE('',#2683,#5246,#9315,.T.);
#9315 = LINE('',#9316,#9317);
#9316 = CARTESIAN_POINT('',(258.305718,-154.741244,0.));
#9317 = VECTOR('',#9318,1.);
#9318 = DIRECTION('',(0.,0.,1.));
#9319 = ORIENTED_EDGE('',*,*,#5245,.T.);
#9320 = ORIENTED_EDGE('',*,*,#9314,.F.);
#9321 = ORIENTED_EDGE('',*,*,#2682,.F.);
#9322 = CYLINDRICAL_SURFACE('',#9323,1.190626);
#9323 = AXIS2_PLACEMENT_3D('',#9324,#9325,#9326);
#9324 = CARTESIAN_POINT('',(257.115092,-154.741244,0.));
#9325 = DIRECTION('',(-0.,-0.,-1.));
#9326 = DIRECTION('',(1.,0.,0.));
#9327 = ADVANCED_FACE('',(#9328),#9339,.F.);
#9328 = FACE_BOUND('',#9329,.T.);
#9329 = EDGE_LOOP('',(#9330,#9331,#9337,#9338));
#9330 = ORIENTED_EDGE('',*,*,#2693,.T.);
#9331 = ORIENTED_EDGE('',*,*,#9332,.T.);
#9332 = EDGE_CURVE('',#2694,#5257,#9333,.T.);
#9333 = LINE('',#9334,#9335);
#9334 = CARTESIAN_POINT('',(269.18,-157.555,-4.6E-02));
#9335 = VECTOR('',#9336,1.);
#9336 = DIRECTION('',(0.,0.,1.));
#9337 = ORIENTED_EDGE('',*,*,#5256,.F.);
#9338 = ORIENTED_EDGE('',*,*,#9332,.F.);
#9339 = CYLINDRICAL_SURFACE('',#9340,0.75);
#9340 = AXIS2_PLACEMENT_3D('',#9341,#9342,#9343);
#9341 = CARTESIAN_POINT('',(269.18,-156.805,-4.6E-02));
#9342 = DIRECTION('',(-0.,-0.,-1.));
#9343 = DIRECTION('',(-0.,-1.,0.));
#9344 = ( GEOMETRIC_REPRESENTATION_CONTEXT(3) 
GLOBAL_UNCERTAINTY_ASSIGNED_CONTEXT((#9348)) 
GLOBAL_UNIT_ASSIGNED_CONTEXT((#9345,#9346,#9347)) REPRESENTATION_CONTEXT
('Context #1','3D Context with UNIT and UNCERTAINTY') );
#9345 = ( LENGTH_UNIT() NAMED_UNIT(*) SI_UNIT(.MILLI.,.METRE.) );
#9346 = ( NAMED_UNIT(*) PLANE_ANGLE_UNIT() SI_UNIT($,.RADIAN.) );
#9347 = ( NAMED_UNIT(*) SI_UNIT($,.STERADIAN.) SOLID_ANGLE_UNIT() );
#9348 = UNCERTAINTY_MEASURE_WITH_UNIT(LENGTH_MEASURE(1.E-07),#9345,
  'distance_accuracy_value','confusion accuracy');
#9349 = CONTEXT_DEPENDENT_SHAPE_REPRESENTATION(#9350,#9352);
#9350 = ( REPRESENTATION_RELATIONSHIP('','',#36,#10) 
REPRESENTATION_RELATIONSHIP_WITH_TRANSFORMATION(#9351) 
SHAPE_REPRESENTATION_RELATIONSHIP() );
#9351 = ITEM_DEFINED_TRANSFORMATION('','',#11,#15);
#9352 = PRODUCT_DEFINITION_SHAPE('Placement','Placement of an item',
  #9353);
#9353 = NEXT_ASSEMBLY_USAGE_OCCURRENCE('1','=>[0:1:1:2]','',#5,#31,$);
#9354 = PRODUCT_RELATED_PRODUCT_CATEGORY('part',$,(#33));
#9355 = SHAPE_DEFINITION_REPRESENTATION(#9356,#9362);
#9356 = PRODUCT_DEFINITION_SHAPE('','',#9357);
#9357 = PRODUCT_DEFINITION('design','',#9358,#9361);
#9358 = PRODUCT_DEFINITION_FORMATION('','',#9359);
#9359 = PRODUCT('Diomedes Full-unsaved-export-oQOao5_PCB_2',
  'Diomedes Full-unsaved-export-oQOao5_PCB_2','',(#9360));
#9360 = PRODUCT_CONTEXT('',#2,'mechanical');
#9361 = PRODUCT_DEFINITION_CONTEXT('part definition',#2,'design');
#9362 = ADVANCED_BREP_SHAPE_REPRESENTATION('',(#11,#9363),#19262);
#9363 = MANIFOLD_SOLID_BREP('',#9364);
#9364 = CLOSED_SHELL('',(#9365,#9407,#9438,#9469,#12192,#14915,#14932,
    #14949,#14966,#14983,#15000,#15017,#15034,#15051,#15068,#15085,
    #15102,#15119,#15136,#15153,#15170,#15187,#15204,#15221,#15238,
    #15255,#15267,#15284,#15301,#15323,#15340,#15357,#15369,#15386,
    #15403,#15420,#15437,#15454,#15471,#15488,#15505,#15522,#15539,
    #15561,#15578,#15595,#15607,#15624,#15641,#15658,#15675,#15692,
    #15709,#15726,#15743,#15760,#15777,#15794,#15811,#15828,#15845,
    #15862,#15879,#15896,#15913,#15930,#15947,#15964,#15981,#15998,
    #16015,#16032,#16049,#16066,#16083,#16100,#16117,#16134,#16151,
    #16168,#16185,#16202,#16219,#16236,#16253,#16270,#16287,#16304,
    #16321,#16338,#16355,#16372,#16389,#16406,#16423,#16440,#16457,
    #16474,#16491,#16508,#16525,#16542,#16559,#16576,#16593,#16610,
    #16627,#16644,#16661,#16678,#16695,#16712,#16729,#16746,#16763,
    #16780,#16797,#16814,#16831,#16848,#16865,#16882,#16899,#16916,
    #16933,#16950,#16967,#16984,#17001,#17018,#17035,#17052,#17069,
    #17086,#17103,#17120,#17137,#17154,#17171,#17188,#17205,#17222,
    #17239,#17256,#17273,#17290,#17307,#17324,#17341,#17358,#17375,
    #17392,#17409,#17426,#17443,#17460,#17477,#17494,#17511,#17528,
    #17545,#17562,#17579,#17596,#17613,#17630,#17647,#17664,#17681,
    #17698,#17715,#17732,#17749,#17766,#17783,#17800,#17817,#17834,
    #17851,#17868,#17885,#17902,#17919,#17936,#17953,#17970,#17987,
    #18004,#18021,#18038,#18055,#18072,#18089,#18106,#18123,#18140,
    #18157,#18174,#18191,#18208,#18225,#18242,#18259,#18276,#18293,
    #18310,#18327,#18344,#18361,#18378,#18395,#18412,#18429,#18451,
    #18468,#18485,#18497,#18514,#18531,#18548,#18565,#18582,#18599,
    #18616,#18638,#18655,#18672,#18684,#18706,#18723,#18740,#18752,
    #18769,#18786,#18803,#18820,#18842,#18859,#18876,#18888,#18905,
    #18922,#18939,#18956,#18973,#18990,#19007,#19024,#19041,#19058,
    #19075,#19092,#19109,#19126,#19143,#19160,#19177,#19194,#19211,
    #19228,#19245));
#9365 = ADVANCED_FACE('',(#9366),#9402,.T.);
#9366 = FACE_BOUND('',#9367,.T.);
#9367 = EDGE_LOOP('',(#9368,#9378,#9387,#9395));
#9368 = ORIENTED_EDGE('',*,*,#9369,.T.);
#9369 = EDGE_CURVE('',#9370,#9372,#9374,.T.);
#9370 = VERTEX_POINT('',#9371);
#9371 = CARTESIAN_POINT('',(441.8525,-151.764679,0.));
#9372 = VERTEX_POINT('',#9373);
#9373 = CARTESIAN_POINT('',(441.8525,-151.764679,1.51));
#9374 = LINE('',#9375,#9376);
#9375 = CARTESIAN_POINT('',(441.8525,-151.764679,0.));
#9376 = VECTOR('',#9377,1.);
#9377 = DIRECTION('',(0.,0.,1.));
#9378 = ORIENTED_EDGE('',*,*,#9379,.T.);
#9379 = EDGE_CURVE('',#9372,#9380,#9382,.T.);
#9380 = VERTEX_POINT('',#9381);
#9381 = CARTESIAN_POINT('',(442.8525,-152.764679,1.51));
#9382 = CIRCLE('',#9383,0.999985596402);
#9383 = AXIS2_PLACEMENT_3D('',#9384,#9385,#9386);
#9384 = CARTESIAN_POINT('',(441.8525144037,-152.7646645962,1.51));
#9385 = DIRECTION('',(0.,0.,-1.));
#9386 = DIRECTION('',(-1.440390882508E-05,0.999999999896,0.));
#9387 = ORIENTED_EDGE('',*,*,#9388,.F.);
#9388 = EDGE_CURVE('',#9389,#9380,#9391,.T.);
#9389 = VERTEX_POINT('',#9390);
#9390 = CARTESIAN_POINT('',(442.8525,-152.764679,0.));
#9391 = LINE('',#9392,#9393);
#9392 = CARTESIAN_POINT('',(442.8525,-152.764679,0.));
#9393 = VECTOR('',#9394,1.);
#9394 = DIRECTION('',(0.,0.,1.));
#9395 = ORIENTED_EDGE('',*,*,#9396,.F.);
#9396 = EDGE_CURVE('',#9370,#9389,#9397,.T.);
#9397 = CIRCLE('',#9398,0.999985596402);
#9398 = AXIS2_PLACEMENT_3D('',#9399,#9400,#9401);
#9399 = CARTESIAN_POINT('',(441.8525144037,-152.7646645962,0.));
#9400 = DIRECTION('',(0.,0.,-1.));
#9401 = DIRECTION('',(-1.440390882508E-05,0.999999999896,0.));
#9402 = CYLINDRICAL_SURFACE('',#9403,0.999985596402);
#9403 = AXIS2_PLACEMENT_3D('',#9404,#9405,#9406);
#9404 = CARTESIAN_POINT('',(441.8525144037,-152.7646645962,0.));
#9405 = DIRECTION('',(0.,0.,-1.));
#9406 = DIRECTION('',(-1.440390882508E-05,0.999999999896,0.));
#9407 = ADVANCED_FACE('',(#9408),#9433,.T.);
#9408 = FACE_BOUND('',#9409,.T.);
#9409 = EDGE_LOOP('',(#9410,#9420,#9426,#9427));
#9410 = ORIENTED_EDGE('',*,*,#9411,.T.);
#9411 = EDGE_CURVE('',#9412,#9414,#9416,.T.);
#9412 = VERTEX_POINT('',#9413);
#9413 = CARTESIAN_POINT('',(296.215,-151.764679,0.));
#9414 = VERTEX_POINT('',#9415);
#9415 = CARTESIAN_POINT('',(296.215,-151.764679,1.51));
#9416 = LINE('',#9417,#9418);
#9417 = CARTESIAN_POINT('',(296.215,-151.764679,0.));
#9418 = VECTOR('',#9419,1.);
#9419 = DIRECTION('',(0.,0.,1.));
#9420 = ORIENTED_EDGE('',*,*,#9421,.T.);
#9421 = EDGE_CURVE('',#9414,#9372,#9422,.T.);
#9422 = LINE('',#9423,#9424);
#9423 = CARTESIAN_POINT('',(296.215,-151.764679,1.51));
#9424 = VECTOR('',#9425,1.);
#9425 = DIRECTION('',(1.,0.,0.));
#9426 = ORIENTED_EDGE('',*,*,#9369,.F.);
#9427 = ORIENTED_EDGE('',*,*,#9428,.F.);
#9428 = EDGE_CURVE('',#9412,#9370,#9429,.T.);
#9429 = LINE('',#9430,#9431);
#9430 = CARTESIAN_POINT('',(296.215,-151.764679,0.));
#9431 = VECTOR('',#9432,1.);
#9432 = DIRECTION('',(1.,0.,0.));
#9433 = PLANE('',#9434);
#9434 = AXIS2_PLACEMENT_3D('',#9435,#9436,#9437);
#9435 = CARTESIAN_POINT('',(296.215,-151.764679,0.));
#9436 = DIRECTION('',(0.,1.,0.));
#9437 = DIRECTION('',(1.,0.,0.));
#9438 = ADVANCED_FACE('',(#9439),#9464,.T.);
#9439 = FACE_BOUND('',#9440,.T.);
#9440 = EDGE_LOOP('',(#9441,#9442,#9450,#9458));
#9441 = ORIENTED_EDGE('',*,*,#9388,.T.);
#9442 = ORIENTED_EDGE('',*,*,#9443,.T.);
#9443 = EDGE_CURVE('',#9380,#9444,#9446,.T.);
#9444 = VERTEX_POINT('',#9445);
#9445 = CARTESIAN_POINT('',(442.8525,-153.36,1.51));
#9446 = LINE('',#9447,#9448);
#9447 = CARTESIAN_POINT('',(442.8525,-152.764679,1.51));
#9448 = VECTOR('',#9449,1.);
#9449 = DIRECTION('',(0.,-1.,0.));
#9450 = ORIENTED_EDGE('',*,*,#9451,.F.);
#9451 = EDGE_CURVE('',#9452,#9444,#9454,.T.);
#9452 = VERTEX_POINT('',#9453);
#9453 = CARTESIAN_POINT('',(442.8525,-153.36,0.));
#9454 = LINE('',#9455,#9456);
#9455 = CARTESIAN_POINT('',(442.8525,-153.36,0.));
#9456 = VECTOR('',#9457,1.);
#9457 = DIRECTION('',(0.,0.,1.));
#9458 = ORIENTED_EDGE('',*,*,#9459,.F.);
#9459 = EDGE_CURVE('',#9389,#9452,#9460,.T.);
#9460 = LINE('',#9461,#9462);
#9461 = CARTESIAN_POINT('',(442.8525,-152.764679,0.));
#9462 = VECTOR('',#9463,1.);
#9463 = DIRECTION('',(0.,-1.,0.));
#9464 = PLANE('',#9465);
#9465 = AXIS2_PLACEMENT_3D('',#9466,#9467,#9468);
#9466 = CARTESIAN_POINT('',(442.8525,-152.764679,0.));
#9467 = DIRECTION('',(1.,0.,-0.));
#9468 = DIRECTION('',(0.,-1.,0.));
#9469 = ADVANCED_FACE('',(#9470,#9650,#9661,#9672,#9708,#9719,#9730,
    #9741,#9752,#9763,#9774,#9785,#9796,#9807,#9818,#9854,#9865,#9876,
    #9887,#9898,#9909,#9920,#9931,#9942,#9953,#9964,#9975,#9986,#9997,
    #10008,#10019,#10030,#10041,#10052,#10063,#10074,#10085,#10096,
    #10107,#10118,#10129,#10140,#10151,#10162,#10173,#10184,#10195,
    #10206,#10217,#10228,#10239,#10250,#10261,#10272,#10283,#10294,
    #10305,#10316,#10327,#10338,#10349,#10360,#10371,#10382,#10393,
    #10404,#10415,#10426,#10437,#10448,#10459,#10470,#10481,#10492,
    #10503,#10514,#10525,#10536,#10547,#10558,#10569,#10580,#10591,
    #10602,#10613,#10624,#10635,#10646,#10657,#10668,#10679,#10690,
    #10701,#10712,#10723,#10734,#10745,#10756,#10767,#10778,#10789,
    #10800,#10811,#10822,#10833,#10844,#10855,#10866,#10877,#10888,
    #10899,#10910,#10921,#10932,#10943,#10954,#10965,#10976,#10987,
    #10998,#11009,#11020,#11031,#11042,#11053,#11064,#11075,#11086,
    #11097,#11108,#11119,#11130,#11141,#11152,#11163,#11174,#11185,
    #11196,#11207,#11218,#11229,#11240,#11251,#11262,#11273,#11284,
    #11295,#11306,#11317,#11328,#11339,#11350,#11361,#11372,#11383,
    #11394,#11405,#11416,#11427,#11438,#11449,#11460,#11471,#11482,
    #11493,#11504,#11515,#11526,#11537,#11548,#11559,#11570,#11581,
    #11592,#11603,#11614,#11625,#11636,#11647,#11658,#11669,#11680,
    #11716,#11727,#11738,#11749,#11760,#11771,#11782,#11793,#11829,
    #11865,#11876,#11887,#11898,#11909,#11945,#11956,#11967,#11978,
    #11989,#12000,#12011,#12022,#12033,#12044,#12055,#12066,#12077,
    #12088,#12099,#12110,#12121,#12132,#12143,#12154,#12165,#12176),
  #12187,.F.);
#9470 = FACE_BOUND('',#9471,.F.);
#9471 = EDGE_LOOP('',(#9472,#9473,#9474,#9483,#9491,#9499,#9508,#9516,
    #9525,#9533,#9542,#9550,#9559,#9567,#9576,#9584,#9593,#9601,#9609,
    #9618,#9626,#9635,#9643,#9649));
#9472 = ORIENTED_EDGE('',*,*,#9396,.F.);
#9473 = ORIENTED_EDGE('',*,*,#9428,.F.);
#9474 = ORIENTED_EDGE('',*,*,#9475,.F.);
#9475 = EDGE_CURVE('',#9476,#9412,#9478,.T.);
#9476 = VERTEX_POINT('',#9477);
#9477 = CARTESIAN_POINT('',(295.215,-152.764679,0.));
#9478 = CIRCLE('',#9479,0.999999252925);
#9479 = AXIS2_PLACEMENT_3D('',#9480,#9481,#9482);
#9480 = CARTESIAN_POINT('',(296.21499925292,-152.7646782529,0.));
#9481 = DIRECTION('',(0.,0.,-1.));
#9482 = DIRECTION('',(-1.,-7.470756781104E-07,-0.));
#9483 = ORIENTED_EDGE('',*,*,#9484,.F.);
#9484 = EDGE_CURVE('',#9485,#9476,#9487,.T.);
#9485 = VERTEX_POINT('',#9486);
#9486 = CARTESIAN_POINT('',(295.215,-153.36,0.));
#9487 = LINE('',#9488,#9489);
#9488 = CARTESIAN_POINT('',(295.215,-153.36,0.));
#9489 = VECTOR('',#9490,1.);
#9490 = DIRECTION('',(0.,1.,0.));
#9491 = ORIENTED_EDGE('',*,*,#9492,.F.);
#9492 = EDGE_CURVE('',#9493,#9485,#9495,.T.);
#9493 = VERTEX_POINT('',#9494);
#9494 = CARTESIAN_POINT('',(295.215,-170.41,0.));
#9495 = LINE('',#9496,#9497);
#9496 = CARTESIAN_POINT('',(295.215,-170.41,0.));
#9497 = VECTOR('',#9498,1.);
#9498 = DIRECTION('',(0.,1.,0.));
#9499 = ORIENTED_EDGE('',*,*,#9500,.F.);
#9500 = EDGE_CURVE('',#9501,#9493,#9503,.T.);
#9501 = VERTEX_POINT('',#9502);
#9502 = CARTESIAN_POINT('',(294.215,-171.41,0.));
#9503 = CIRCLE('',#9504,0.999999252925);
#9504 = AXIS2_PLACEMENT_3D('',#9505,#9506,#9507);
#9505 = CARTESIAN_POINT('',(294.21500074707,-170.410000747,0.));
#9506 = DIRECTION('',(0.,0.,1.));
#9507 = DIRECTION('',(-7.470758202191E-07,-1.,0.));
#9508 = ORIENTED_EDGE('',*,*,#9509,.F.);
#9509 = EDGE_CURVE('',#9510,#9501,#9512,.T.);
#9510 = VERTEX_POINT('',#9511);
#9511 = CARTESIAN_POINT('',(281.9275,-171.41,0.));
#9512 = LINE('',#9513,#9514);
#9513 = CARTESIAN_POINT('',(281.9275,-171.41,0.));
#9514 = VECTOR('',#9515,1.);
#9515 = DIRECTION('',(1.,0.,0.));
#9516 = ORIENTED_EDGE('',*,*,#9517,.F.);
#9517 = EDGE_CURVE('',#9518,#9510,#9520,.T.);
#9518 = VERTEX_POINT('',#9519);
#9519 = CARTESIAN_POINT('',(280.9275,-172.41,0.));
#9520 = CIRCLE('',#9521,0.999999252925);
#9521 = AXIS2_PLACEMENT_3D('',#9522,#9523,#9524);
#9522 = CARTESIAN_POINT('',(281.92749925292,-172.4099992529,0.));
#9523 = DIRECTION('',(0.,0.,-1.));
#9524 = DIRECTION('',(-1.,-7.470757633756E-07,-0.));
#9525 = ORIENTED_EDGE('',*,*,#9526,.F.);
#9526 = EDGE_CURVE('',#9527,#9518,#9529,.T.);
#9527 = VERTEX_POINT('',#9528);
#9528 = CARTESIAN_POINT('',(280.9275,-189.46,0.));
#9529 = LINE('',#9530,#9531);
#9530 = CARTESIAN_POINT('',(280.9275,-189.46,0.));
#9531 = VECTOR('',#9532,1.);
#9532 = DIRECTION('',(0.,1.,0.));
#9533 = ORIENTED_EDGE('',*,*,#9534,.F.);
#9534 = EDGE_CURVE('',#9535,#9527,#9537,.T.);
#9535 = VERTEX_POINT('',#9536);
#9536 = CARTESIAN_POINT('',(281.9275,-190.46,0.));
#9537 = CIRCLE('',#9538,0.999999252925);
#9538 = AXIS2_PLACEMENT_3D('',#9539,#9540,#9541);
#9539 = CARTESIAN_POINT('',(281.92749925292,-189.460000747,0.));
#9540 = DIRECTION('',(0.,0.,-1.));
#9541 = DIRECTION('',(7.470757065322E-07,-1.,0.));
#9542 = ORIENTED_EDGE('',*,*,#9543,.F.);
#9543 = EDGE_CURVE('',#9544,#9535,#9546,.T.);
#9544 = VERTEX_POINT('',#9545);
#9545 = CARTESIAN_POINT('',(289.4525,-190.46,0.));
#9546 = LINE('',#9547,#9548);
#9547 = CARTESIAN_POINT('',(289.4525,-190.46,0.));
#9548 = VECTOR('',#9549,1.);
#9549 = DIRECTION('',(-1.,0.,0.));
#9550 = ORIENTED_EDGE('',*,*,#9551,.F.);
#9551 = EDGE_CURVE('',#9552,#9544,#9554,.T.);
#9552 = VERTEX_POINT('',#9553);
#9553 = CARTESIAN_POINT('',(290.4525,-191.46,0.));
#9554 = CIRCLE('',#9555,0.999999252925);
#9555 = AXIS2_PLACEMENT_3D('',#9556,#9557,#9558);
#9556 = CARTESIAN_POINT('',(289.45250074707,-191.4599992529,0.));
#9557 = DIRECTION('',(0.,0.,1.));
#9558 = DIRECTION('',(1.,-7.470757633756E-07,0.));
#9559 = ORIENTED_EDGE('',*,*,#9560,.F.);
#9560 = EDGE_CURVE('',#9561,#9552,#9563,.T.);
#9561 = VERTEX_POINT('',#9562);
#9562 = CARTESIAN_POINT('',(290.4525,-208.51,0.));
#9563 = LINE('',#9564,#9565);
#9564 = CARTESIAN_POINT('',(290.4525,-208.51,0.));
#9565 = VECTOR('',#9566,1.);
#9566 = DIRECTION('',(0.,1.,0.));
#9567 = ORIENTED_EDGE('',*,*,#9568,.F.);
#9568 = EDGE_CURVE('',#9569,#9561,#9571,.T.);
#9569 = VERTEX_POINT('',#9570);
#9570 = CARTESIAN_POINT('',(289.4525,-209.51,0.));
#9571 = CIRCLE('',#9572,0.999999252925);
#9572 = AXIS2_PLACEMENT_3D('',#9573,#9574,#9575);
#9573 = CARTESIAN_POINT('',(289.45250074707,-208.510000747,0.));
#9574 = DIRECTION('',(0.,0.,1.));
#9575 = DIRECTION('',(-7.470757633756E-07,-1.,0.));
#9576 = ORIENTED_EDGE('',*,*,#9577,.F.);
#9577 = EDGE_CURVE('',#9578,#9569,#9580,.T.);
#9578 = VERTEX_POINT('',#9579);
#9579 = CARTESIAN_POINT('',(281.9275,-209.51,0.));
#9580 = LINE('',#9581,#9582);
#9581 = CARTESIAN_POINT('',(281.9275,-209.51,0.));
#9582 = VECTOR('',#9583,1.);
#9583 = DIRECTION('',(1.,0.,0.));
#9584 = ORIENTED_EDGE('',*,*,#9585,.F.);
#9585 = EDGE_CURVE('',#9586,#9578,#9588,.T.);
#9586 = VERTEX_POINT('',#9587);
#9587 = CARTESIAN_POINT('',(280.9275,-210.51,0.));
#9588 = CIRCLE('',#9589,0.999999252925);
#9589 = AXIS2_PLACEMENT_3D('',#9590,#9591,#9592);
#9590 = CARTESIAN_POINT('',(281.92749925292,-210.5099992529,0.));
#9591 = DIRECTION('',(0.,0.,-1.));
#9592 = DIRECTION('',(-1.,-7.470757065321E-07,-0.));
#9593 = ORIENTED_EDGE('',*,*,#9594,.F.);
#9594 = EDGE_CURVE('',#9595,#9586,#9597,.T.);
#9595 = VERTEX_POINT('',#9596);
#9596 = CARTESIAN_POINT('',(280.9275,-227.56,0.));
#9597 = LINE('',#9598,#9599);
#9598 = CARTESIAN_POINT('',(280.9275,-227.56,0.));
#9599 = VECTOR('',#9600,1.);
#9600 = DIRECTION('',(0.,1.,0.));
#9601 = ORIENTED_EDGE('',*,*,#9602,.F.);
#9602 = EDGE_CURVE('',#9603,#9595,#9605,.T.);
#9603 = VERTEX_POINT('',#9604);
#9604 = CARTESIAN_POINT('',(280.9275,-230.585,0.));
#9605 = LINE('',#9606,#9607);
#9606 = CARTESIAN_POINT('',(280.9275,-230.585,0.));
#9607 = VECTOR('',#9608,1.);
#9608 = DIRECTION('',(0.,1.,0.));
#9609 = ORIENTED_EDGE('',*,*,#9610,.F.);
#9610 = EDGE_CURVE('',#9611,#9603,#9613,.T.);
#9611 = VERTEX_POINT('',#9612);
#9612 = CARTESIAN_POINT('',(281.9275,-231.585,0.));
#9613 = CIRCLE('',#9614,0.999999252925);
#9614 = AXIS2_PLACEMENT_3D('',#9615,#9616,#9617);
#9615 = CARTESIAN_POINT('',(281.92749925292,-230.585000747,0.));
#9616 = DIRECTION('',(0.,0.,-1.));
#9617 = DIRECTION('',(7.470757065322E-07,-1.,0.));
#9618 = ORIENTED_EDGE('',*,*,#9619,.F.);
#9619 = EDGE_CURVE('',#9620,#9611,#9622,.T.);
#9620 = VERTEX_POINT('',#9621);
#9621 = CARTESIAN_POINT('',(441.8525,-231.585,0.));
#9622 = LINE('',#9623,#9624);
#9623 = CARTESIAN_POINT('',(441.8525,-231.585,0.));
#9624 = VECTOR('',#9625,1.);
#9625 = DIRECTION('',(-1.,0.,0.));
#9626 = ORIENTED_EDGE('',*,*,#9627,.F.);
#9627 = EDGE_CURVE('',#9628,#9620,#9630,.T.);
#9628 = VERTEX_POINT('',#9629);
#9629 = CARTESIAN_POINT('',(442.8525,-230.585,0.));
#9630 = CIRCLE('',#9631,0.999999252925);
#9631 = AXIS2_PLACEMENT_3D('',#9632,#9633,#9634);
#9632 = CARTESIAN_POINT('',(441.85250074707,-230.585000747,0.));
#9633 = DIRECTION('',(0.,0.,-1.));
#9634 = DIRECTION('',(1.,7.470757349539E-07,0.));
#9635 = ORIENTED_EDGE('',*,*,#9636,.F.);
#9636 = EDGE_CURVE('',#9637,#9628,#9639,.T.);
#9637 = VERTEX_POINT('',#9638);
#9638 = CARTESIAN_POINT('',(442.8525,-227.56,0.));
#9639 = LINE('',#9640,#9641);
#9640 = CARTESIAN_POINT('',(442.8525,-227.56,0.));
#9641 = VECTOR('',#9642,1.);
#9642 = DIRECTION('',(0.,-1.,0.));
#9643 = ORIENTED_EDGE('',*,*,#9644,.F.);
#9644 = EDGE_CURVE('',#9452,#9637,#9645,.T.);
#9645 = LINE('',#9646,#9647);
#9646 = CARTESIAN_POINT('',(442.8525,-153.36,0.));
#9647 = VECTOR('',#9648,1.);
#9648 = DIRECTION('',(0.,-1.,0.));
#9649 = ORIENTED_EDGE('',*,*,#9459,.F.);
#9650 = FACE_BOUND('',#9651,.F.);
#9651 = EDGE_LOOP('',(#9652));
#9652 = ORIENTED_EDGE('',*,*,#9653,.F.);
#9653 = EDGE_CURVE('',#9654,#9654,#9656,.T.);
#9654 = VERTEX_POINT('',#9655);
#9655 = CARTESIAN_POINT('',(285.094803,-228.560056,0.));
#9656 = CIRCLE('',#9657,1.190626);
#9657 = AXIS2_PLACEMENT_3D('',#9658,#9659,#9660);
#9658 = CARTESIAN_POINT('',(283.904177,-228.560056,0.));
#9659 = DIRECTION('',(0.,0.,1.));
#9660 = DIRECTION('',(1.,0.,0.));
#9661 = FACE_BOUND('',#9662,.F.);
#9662 = EDGE_LOOP('',(#9663));
#9663 = ORIENTED_EDGE('',*,*,#9664,.T.);
#9664 = EDGE_CURVE('',#9665,#9665,#9667,.T.);
#9665 = VERTEX_POINT('',#9666);
#9666 = CARTESIAN_POINT('',(287.9125,-224.865,0.));
#9667 = CIRCLE('',#9668,0.75);
#9668 = AXIS2_PLACEMENT_3D('',#9669,#9670,#9671);
#9669 = CARTESIAN_POINT('',(287.9125,-224.115,0.));
#9670 = DIRECTION('',(-0.,0.,-1.));
#9671 = DIRECTION('',(-0.,-1.,0.));
#9672 = FACE_BOUND('',#9673,.F.);
#9673 = EDGE_LOOP('',(#9674,#9685,#9693,#9702));
#9674 = ORIENTED_EDGE('',*,*,#9675,.T.);
#9675 = EDGE_CURVE('',#9676,#9678,#9680,.T.);
#9676 = VERTEX_POINT('',#9677);
#9677 = CARTESIAN_POINT('',(291.1025,-223.885,0.));
#9678 = VERTEX_POINT('',#9679);
#9679 = CARTESIAN_POINT('',(291.1025,-225.385,0.));
#9680 = CIRCLE('',#9681,0.75);
#9681 = AXIS2_PLACEMENT_3D('',#9682,#9683,#9684);
#9682 = CARTESIAN_POINT('',(291.1025,-224.635,0.));
#9683 = DIRECTION('',(-0.,0.,-1.));
#9684 = DIRECTION('',(-0.,-1.,0.));
#9685 = ORIENTED_EDGE('',*,*,#9686,.T.);
#9686 = EDGE_CURVE('',#9678,#9687,#9689,.T.);
#9687 = VERTEX_POINT('',#9688);
#9688 = CARTESIAN_POINT('',(289.8025,-225.385,0.));
#9689 = LINE('',#9690,#9691);
#9690 = CARTESIAN_POINT('',(144.90125,-225.385,0.));
#9691 = VECTOR('',#9692,1.);
#9692 = DIRECTION('',(-1.,0.,0.));
#9693 = ORIENTED_EDGE('',*,*,#9694,.T.);
#9694 = EDGE_CURVE('',#9687,#9695,#9697,.T.);
#9695 = VERTEX_POINT('',#9696);
#9696 = CARTESIAN_POINT('',(289.8025,-223.885,0.));
#9697 = CIRCLE('',#9698,0.75);
#9698 = AXIS2_PLACEMENT_3D('',#9699,#9700,#9701);
#9699 = CARTESIAN_POINT('',(289.8025,-224.635,0.));
#9700 = DIRECTION('',(-0.,0.,-1.));
#9701 = DIRECTION('',(0.,1.,0.));
#9702 = ORIENTED_EDGE('',*,*,#9703,.T.);
#9703 = EDGE_CURVE('',#9695,#9676,#9704,.T.);
#9704 = LINE('',#9705,#9706);
#9705 = CARTESIAN_POINT('',(145.55125,-223.885,0.));
#9706 = VECTOR('',#9707,1.);
#9707 = DIRECTION('',(1.,0.,-0.));
#9708 = FACE_BOUND('',#9709,.F.);
#9709 = EDGE_LOOP('',(#9710));
#9710 = ORIENTED_EDGE('',*,*,#9711,.T.);
#9711 = EDGE_CURVE('',#9712,#9712,#9714,.T.);
#9712 = VERTEX_POINT('',#9713);
#9713 = CARTESIAN_POINT('',(282.9525,-222.035,0.));
#9714 = CIRCLE('',#9715,0.5);
#9715 = AXIS2_PLACEMENT_3D('',#9716,#9717,#9718);
#9716 = CARTESIAN_POINT('',(282.9525,-221.535,0.));
#9717 = DIRECTION('',(-0.,0.,-1.));
#9718 = DIRECTION('',(-0.,-1.,0.));
#9719 = FACE_BOUND('',#9720,.F.);
#9720 = EDGE_LOOP('',(#9721));
#9721 = ORIENTED_EDGE('',*,*,#9722,.T.);
#9722 = EDGE_CURVE('',#9723,#9723,#9725,.T.);
#9723 = VERTEX_POINT('',#9724);
#9724 = CARTESIAN_POINT('',(294.2625,-222.325,0.));
#9725 = CIRCLE('',#9726,0.75);
#9726 = AXIS2_PLACEMENT_3D('',#9727,#9728,#9729);
#9727 = CARTESIAN_POINT('',(294.2625,-221.575,0.));
#9728 = DIRECTION('',(-0.,0.,-1.));
#9729 = DIRECTION('',(-0.,-1.,0.));
#9730 = FACE_BOUND('',#9731,.F.);
#9731 = EDGE_LOOP('',(#9732));
#9732 = ORIENTED_EDGE('',*,*,#9733,.T.);
#9733 = EDGE_CURVE('',#9734,#9734,#9736,.T.);
#9734 = VERTEX_POINT('',#9735);
#9735 = CARTESIAN_POINT('',(297.4525,-222.035,0.));
#9736 = CIRCLE('',#9737,0.5);
#9737 = AXIS2_PLACEMENT_3D('',#9738,#9739,#9740);
#9738 = CARTESIAN_POINT('',(297.4525,-221.535,0.));
#9739 = DIRECTION('',(-0.,0.,-1.));
#9740 = DIRECTION('',(-0.,-1.,0.));
#9741 = FACE_BOUND('',#9742,.F.);
#9742 = EDGE_LOOP('',(#9743));
#9743 = ORIENTED_EDGE('',*,*,#9744,.T.);
#9744 = EDGE_CURVE('',#9745,#9745,#9747,.T.);
#9745 = VERTEX_POINT('',#9746);
#9746 = CARTESIAN_POINT('',(314.2334,-229.253948,0.));
#9747 = CIRCLE('',#9748,1.9939);
#9748 = AXIS2_PLACEMENT_3D('',#9749,#9750,#9751);
#9749 = CARTESIAN_POINT('',(314.2334,-227.260048,0.));
#9750 = DIRECTION('',(-0.,0.,-1.));
#9751 = DIRECTION('',(-0.,-1.,0.));
#9752 = FACE_BOUND('',#9753,.F.);
#9753 = EDGE_LOOP('',(#9754));
#9754 = ORIENTED_EDGE('',*,*,#9755,.T.);
#9755 = EDGE_CURVE('',#9756,#9756,#9758,.T.);
#9756 = VERTEX_POINT('',#9757);
#9757 = CARTESIAN_POINT('',(282.9525,-219.535,0.));
#9758 = CIRCLE('',#9759,0.5);
#9759 = AXIS2_PLACEMENT_3D('',#9760,#9761,#9762);
#9760 = CARTESIAN_POINT('',(282.9525,-219.035,0.));
#9761 = DIRECTION('',(-0.,0.,-1.));
#9762 = DIRECTION('',(-0.,-1.,0.));
#9763 = FACE_BOUND('',#9764,.F.);
#9764 = EDGE_LOOP('',(#9765));
#9765 = ORIENTED_EDGE('',*,*,#9766,.T.);
#9766 = EDGE_CURVE('',#9767,#9767,#9769,.T.);
#9767 = VERTEX_POINT('',#9768);
#9768 = CARTESIAN_POINT('',(285.3725,-219.91,0.));
#9769 = CIRCLE('',#9770,0.875);
#9770 = AXIS2_PLACEMENT_3D('',#9771,#9772,#9773);
#9771 = CARTESIAN_POINT('',(285.3725,-219.035,0.));
#9772 = DIRECTION('',(-0.,0.,-1.));
#9773 = DIRECTION('',(-0.,-1.,0.));
#9774 = FACE_BOUND('',#9775,.F.);
#9775 = EDGE_LOOP('',(#9776));
#9776 = ORIENTED_EDGE('',*,*,#9777,.T.);
#9777 = EDGE_CURVE('',#9778,#9778,#9780,.T.);
#9778 = VERTEX_POINT('',#9779);
#9779 = CARTESIAN_POINT('',(290.4525,-221.035,0.));
#9780 = CIRCLE('',#9781,2.);
#9781 = AXIS2_PLACEMENT_3D('',#9782,#9783,#9784);
#9782 = CARTESIAN_POINT('',(290.4525,-219.035,0.));
#9783 = DIRECTION('',(-0.,0.,-1.));
#9784 = DIRECTION('',(-0.,-1.,0.));
#9785 = FACE_BOUND('',#9786,.F.);
#9786 = EDGE_LOOP('',(#9787));
#9787 = ORIENTED_EDGE('',*,*,#9788,.T.);
#9788 = EDGE_CURVE('',#9789,#9789,#9791,.T.);
#9789 = VERTEX_POINT('',#9790);
#9790 = CARTESIAN_POINT('',(282.9525,-217.035,0.));
#9791 = CIRCLE('',#9792,0.5);
#9792 = AXIS2_PLACEMENT_3D('',#9793,#9794,#9795);
#9793 = CARTESIAN_POINT('',(282.9525,-216.535,0.));
#9794 = DIRECTION('',(-0.,0.,-1.));
#9795 = DIRECTION('',(-0.,-1.,0.));
#9796 = FACE_BOUND('',#9797,.F.);
#9797 = EDGE_LOOP('',(#9798));
#9798 = ORIENTED_EDGE('',*,*,#9799,.T.);
#9799 = EDGE_CURVE('',#9800,#9800,#9802,.T.);
#9800 = VERTEX_POINT('',#9801);
#9801 = CARTESIAN_POINT('',(295.5325,-219.91,0.));
#9802 = CIRCLE('',#9803,0.875);
#9803 = AXIS2_PLACEMENT_3D('',#9804,#9805,#9806);
#9804 = CARTESIAN_POINT('',(295.5325,-219.035,0.));
#9805 = DIRECTION('',(-0.,0.,-1.));
#9806 = DIRECTION('',(-0.,-1.,0.));
#9807 = FACE_BOUND('',#9808,.F.);
#9808 = EDGE_LOOP('',(#9809));
#9809 = ORIENTED_EDGE('',*,*,#9810,.T.);
#9810 = EDGE_CURVE('',#9811,#9811,#9813,.T.);
#9811 = VERTEX_POINT('',#9812);
#9812 = CARTESIAN_POINT('',(297.4525,-217.035,0.));
#9813 = CIRCLE('',#9814,0.5);
#9814 = AXIS2_PLACEMENT_3D('',#9815,#9816,#9817);
#9815 = CARTESIAN_POINT('',(297.4525,-216.535,0.));
#9816 = DIRECTION('',(-0.,0.,-1.));
#9817 = DIRECTION('',(-0.,-1.,0.));
#9818 = FACE_BOUND('',#9819,.F.);
#9819 = EDGE_LOOP('',(#9820,#9831,#9839,#9848));
#9820 = ORIENTED_EDGE('',*,*,#9821,.T.);
#9821 = EDGE_CURVE('',#9822,#9824,#9826,.T.);
#9822 = VERTEX_POINT('',#9823);
#9823 = CARTESIAN_POINT('',(291.1025,-212.685,0.));
#9824 = VERTEX_POINT('',#9825);
#9825 = CARTESIAN_POINT('',(291.1025,-214.185,0.));
#9826 = CIRCLE('',#9827,0.75);
#9827 = AXIS2_PLACEMENT_3D('',#9828,#9829,#9830);
#9828 = CARTESIAN_POINT('',(291.1025,-213.435,0.));
#9829 = DIRECTION('',(-0.,0.,-1.));
#9830 = DIRECTION('',(-0.,-1.,0.));
#9831 = ORIENTED_EDGE('',*,*,#9832,.T.);
#9832 = EDGE_CURVE('',#9824,#9833,#9835,.T.);
#9833 = VERTEX_POINT('',#9834);
#9834 = CARTESIAN_POINT('',(289.8025,-214.185,0.));
#9835 = LINE('',#9836,#9837);
#9836 = CARTESIAN_POINT('',(144.90125,-214.185,0.));
#9837 = VECTOR('',#9838,1.);
#9838 = DIRECTION('',(-1.,0.,0.));
#9839 = ORIENTED_EDGE('',*,*,#9840,.T.);
#9840 = EDGE_CURVE('',#9833,#9841,#9843,.T.);
#9841 = VERTEX_POINT('',#9842);
#9842 = CARTESIAN_POINT('',(289.8025,-212.685,0.));
#9843 = CIRCLE('',#9844,0.75);
#9844 = AXIS2_PLACEMENT_3D('',#9845,#9846,#9847);
#9845 = CARTESIAN_POINT('',(289.8025,-213.435,0.));
#9846 = DIRECTION('',(-0.,0.,-1.));
#9847 = DIRECTION('',(0.,1.,0.));
#9848 = ORIENTED_EDGE('',*,*,#9849,.T.);
#9849 = EDGE_CURVE('',#9841,#9822,#9850,.T.);
#9850 = LINE('',#9851,#9852);
#9851 = CARTESIAN_POINT('',(145.55125,-212.685,0.));
#9852 = VECTOR('',#9853,1.);
#9853 = DIRECTION('',(1.,0.,-0.));
#9854 = FACE_BOUND('',#9855,.F.);
#9855 = EDGE_LOOP('',(#9856));
#9856 = ORIENTED_EDGE('',*,*,#9857,.T.);
#9857 = EDGE_CURVE('',#9858,#9858,#9860,.T.);
#9858 = VERTEX_POINT('',#9859);
#9859 = CARTESIAN_POINT('',(321.09125,-219.91,0.));
#9860 = CIRCLE('',#9861,0.875);
#9861 = AXIS2_PLACEMENT_3D('',#9862,#9863,#9864);
#9862 = CARTESIAN_POINT('',(321.09125,-219.035,0.));
#9863 = DIRECTION('',(-0.,0.,-1.));
#9864 = DIRECTION('',(-0.,-1.,0.));
#9865 = FACE_BOUND('',#9866,.F.);
#9866 = EDGE_LOOP('',(#9867));
#9867 = ORIENTED_EDGE('',*,*,#9868,.T.);
#9868 = EDGE_CURVE('',#9869,#9869,#9871,.T.);
#9869 = VERTEX_POINT('',#9870);
#9870 = CARTESIAN_POINT('',(314.2334,-213.574048,0.));
#9871 = CIRCLE('',#9872,1.524);
#9872 = AXIS2_PLACEMENT_3D('',#9873,#9874,#9875);
#9873 = CARTESIAN_POINT('',(314.2334,-212.050048,0.));
#9874 = DIRECTION('',(-0.,0.,-1.));
#9875 = DIRECTION('',(-0.,-1.,0.));
#9876 = FACE_BOUND('',#9877,.F.);
#9877 = EDGE_LOOP('',(#9878));
#9878 = ORIENTED_EDGE('',*,*,#9879,.T.);
#9879 = EDGE_CURVE('',#9880,#9880,#9882,.T.);
#9880 = VERTEX_POINT('',#9881);
#9881 = CARTESIAN_POINT('',(338.1094,-229.253948,0.));
#9882 = CIRCLE('',#9883,1.9939);
#9883 = AXIS2_PLACEMENT_3D('',#9884,#9885,#9886);
#9884 = CARTESIAN_POINT('',(338.1094,-227.260048,0.));
#9885 = DIRECTION('',(-0.,0.,-1.));
#9886 = DIRECTION('',(-0.,-1.,0.));
#9887 = FACE_BOUND('',#9888,.F.);
#9888 = EDGE_LOOP('',(#9889));
#9889 = ORIENTED_EDGE('',*,*,#9890,.T.);
#9890 = EDGE_CURVE('',#9891,#9891,#9893,.T.);
#9891 = VERTEX_POINT('',#9892);
#9892 = CARTESIAN_POINT('',(326.17125,-221.035,0.));
#9893 = CIRCLE('',#9894,2.);
#9894 = AXIS2_PLACEMENT_3D('',#9895,#9896,#9897);
#9895 = CARTESIAN_POINT('',(326.17125,-219.035,0.));
#9896 = DIRECTION('',(-0.,0.,-1.));
#9897 = DIRECTION('',(-0.,-1.,0.));
#9898 = FACE_BOUND('',#9899,.F.);
#9899 = EDGE_LOOP('',(#9900));
#9900 = ORIENTED_EDGE('',*,*,#9901,.T.);
#9901 = EDGE_CURVE('',#9902,#9902,#9904,.T.);
#9902 = VERTEX_POINT('',#9903);
#9903 = CARTESIAN_POINT('',(331.25125,-219.91,0.));
#9904 = CIRCLE('',#9905,0.875);
#9905 = AXIS2_PLACEMENT_3D('',#9906,#9907,#9908);
#9906 = CARTESIAN_POINT('',(331.25125,-219.035,0.));
#9907 = DIRECTION('',(-0.,0.,-1.));
#9908 = DIRECTION('',(-0.,-1.,0.));
#9909 = FACE_BOUND('',#9910,.F.);
#9910 = EDGE_LOOP('',(#9911));
#9911 = ORIENTED_EDGE('',*,*,#9912,.T.);
#9912 = EDGE_CURVE('',#9913,#9913,#9915,.T.);
#9913 = VERTEX_POINT('',#9914);
#9914 = CARTESIAN_POINT('',(322.36125,-217.245,0.));
#9915 = CIRCLE('',#9916,0.75);
#9916 = AXIS2_PLACEMENT_3D('',#9917,#9918,#9919);
#9917 = CARTESIAN_POINT('',(322.36125,-216.495,0.));
#9918 = DIRECTION('',(-0.,0.,-1.));
#9919 = DIRECTION('',(-0.,-1.,0.));
#9920 = FACE_BOUND('',#9921,.F.);
#9921 = EDGE_LOOP('',(#9922));
#9922 = ORIENTED_EDGE('',*,*,#9923,.T.);
#9923 = EDGE_CURVE('',#9924,#9924,#9926,.T.);
#9924 = VERTEX_POINT('',#9925);
#9925 = CARTESIAN_POINT('',(328.71125,-214.705,0.));
#9926 = CIRCLE('',#9927,0.75);
#9927 = AXIS2_PLACEMENT_3D('',#9928,#9929,#9930);
#9928 = CARTESIAN_POINT('',(328.71125,-213.955,0.));
#9929 = DIRECTION('',(-0.,0.,-1.));
#9930 = DIRECTION('',(-0.,-1.,0.));
#9931 = FACE_BOUND('',#9932,.F.);
#9932 = EDGE_LOOP('',(#9933));
#9933 = ORIENTED_EDGE('',*,*,#9934,.T.);
#9934 = EDGE_CURVE('',#9935,#9935,#9937,.T.);
#9935 = VERTEX_POINT('',#9936);
#9936 = CARTESIAN_POINT('',(338.1094,-213.574048,0.));
#9937 = CIRCLE('',#9938,1.524);
#9938 = AXIS2_PLACEMENT_3D('',#9939,#9940,#9941);
#9939 = CARTESIAN_POINT('',(338.1094,-212.050048,0.));
#9940 = DIRECTION('',(-0.,0.,-1.));
#9941 = DIRECTION('',(-0.,-1.,0.));
#9942 = FACE_BOUND('',#9943,.F.);
#9943 = EDGE_LOOP('',(#9944));
#9944 = ORIENTED_EDGE('',*,*,#9945,.T.);
#9945 = EDGE_CURVE('',#9946,#9946,#9948,.T.);
#9946 = VERTEX_POINT('',#9947);
#9947 = CARTESIAN_POINT('',(359.19125,-219.91,0.));
#9948 = CIRCLE('',#9949,0.875);
#9949 = AXIS2_PLACEMENT_3D('',#9950,#9951,#9952);
#9950 = CARTESIAN_POINT('',(359.19125,-219.035,0.));
#9951 = DIRECTION('',(-0.,0.,-1.));
#9952 = DIRECTION('',(-0.,-1.,0.));
#9953 = FACE_BOUND('',#9954,.F.);
#9954 = EDGE_LOOP('',(#9955));
#9955 = ORIENTED_EDGE('',*,*,#9956,.T.);
#9956 = EDGE_CURVE('',#9957,#9957,#9959,.T.);
#9957 = VERTEX_POINT('',#9958);
#9958 = CARTESIAN_POINT('',(360.46125,-217.245,0.));
#9959 = CIRCLE('',#9960,0.75);
#9960 = AXIS2_PLACEMENT_3D('',#9961,#9962,#9963);
#9961 = CARTESIAN_POINT('',(360.46125,-216.495,0.));
#9962 = DIRECTION('',(-0.,0.,-1.));
#9963 = DIRECTION('',(-0.,-1.,0.));
#9964 = FACE_BOUND('',#9965,.F.);
#9965 = EDGE_LOOP('',(#9966));
#9966 = ORIENTED_EDGE('',*,*,#9967,.T.);
#9967 = EDGE_CURVE('',#9968,#9968,#9970,.T.);
#9968 = VERTEX_POINT('',#9969);
#9969 = CARTESIAN_POINT('',(294.8975,-200.86,0.));
#9970 = CIRCLE('',#9971,0.875);
#9971 = AXIS2_PLACEMENT_3D('',#9972,#9973,#9974);
#9972 = CARTESIAN_POINT('',(294.8975,-199.985,0.));
#9973 = DIRECTION('',(-0.,0.,-1.));
#9974 = DIRECTION('',(-0.,-1.,0.));
#9975 = FACE_BOUND('',#9976,.F.);
#9976 = EDGE_LOOP('',(#9977));
#9977 = ORIENTED_EDGE('',*,*,#9978,.T.);
#9978 = EDGE_CURVE('',#9979,#9979,#9981,.T.);
#9979 = VERTEX_POINT('',#9980);
#9980 = CARTESIAN_POINT('',(299.9775,-201.985,0.));
#9981 = CIRCLE('',#9982,2.);
#9982 = AXIS2_PLACEMENT_3D('',#9983,#9984,#9985);
#9983 = CARTESIAN_POINT('',(299.9775,-199.985,0.));
#9984 = DIRECTION('',(-0.,0.,-1.));
#9985 = DIRECTION('',(-0.,-1.,0.));
#9986 = FACE_BOUND('',#9987,.F.);
#9987 = EDGE_LOOP('',(#9988));
#9988 = ORIENTED_EDGE('',*,*,#9989,.T.);
#9989 = EDGE_CURVE('',#9990,#9990,#9992,.T.);
#9990 = VERTEX_POINT('',#9991);
#9991 = CARTESIAN_POINT('',(296.1675,-198.195,0.));
#9992 = CIRCLE('',#9993,0.75);
#9993 = AXIS2_PLACEMENT_3D('',#9994,#9995,#9996);
#9994 = CARTESIAN_POINT('',(296.1675,-197.445,0.));
#9995 = DIRECTION('',(-0.,0.,-1.));
#9996 = DIRECTION('',(-0.,-1.,0.));
#9997 = FACE_BOUND('',#9998,.F.);
#9998 = EDGE_LOOP('',(#9999));
#9999 = ORIENTED_EDGE('',*,*,#10000,.T.);
#10000 = EDGE_CURVE('',#10001,#10001,#10003,.T.);
#10001 = VERTEX_POINT('',#10002);
#10002 = CARTESIAN_POINT('',(305.0575,-200.86,0.));
#10003 = CIRCLE('',#10004,0.875);
#10004 = AXIS2_PLACEMENT_3D('',#10005,#10006,#10007);
#10005 = CARTESIAN_POINT('',(305.0575,-199.985,0.));
#10006 = DIRECTION('',(-0.,0.,-1.));
#10007 = DIRECTION('',(-0.,-1.,0.));
#10008 = FACE_BOUND('',#10009,.F.);
#10009 = EDGE_LOOP('',(#10010));
#10010 = ORIENTED_EDGE('',*,*,#10011,.T.);
#10011 = EDGE_CURVE('',#10012,#10012,#10014,.T.);
#10012 = VERTEX_POINT('',#10013);
#10013 = CARTESIAN_POINT('',(313.9475,-200.86,0.));
#10014 = CIRCLE('',#10015,0.875);
#10015 = AXIS2_PLACEMENT_3D('',#10016,#10017,#10018);
#10016 = CARTESIAN_POINT('',(313.9475,-199.985,0.));
#10017 = DIRECTION('',(-0.,0.,-1.));
#10018 = DIRECTION('',(-0.,-1.,0.));
#10019 = FACE_BOUND('',#10020,.F.);
#10020 = EDGE_LOOP('',(#10021));
#10021 = ORIENTED_EDGE('',*,*,#10022,.T.);
#10022 = EDGE_CURVE('',#10023,#10023,#10025,.T.);
#10023 = VERTEX_POINT('',#10024);
#10024 = CARTESIAN_POINT('',(319.0275,-201.985,0.));
#10025 = CIRCLE('',#10026,2.);
#10026 = AXIS2_PLACEMENT_3D('',#10027,#10028,#10029);
#10027 = CARTESIAN_POINT('',(319.0275,-199.985,0.));
#10028 = DIRECTION('',(-0.,0.,-1.));
#10029 = DIRECTION('',(-0.,-1.,0.));
#10030 = FACE_BOUND('',#10031,.F.);
#10031 = EDGE_LOOP('',(#10032));
#10032 = ORIENTED_EDGE('',*,*,#10033,.T.);
#10033 = EDGE_CURVE('',#10034,#10034,#10036,.T.);
#10034 = VERTEX_POINT('',#10035);
#10035 = CARTESIAN_POINT('',(315.2175,-198.195,0.));
#10036 = CIRCLE('',#10037,0.75);
#10037 = AXIS2_PLACEMENT_3D('',#10038,#10039,#10040);
#10038 = CARTESIAN_POINT('',(315.2175,-197.445,0.));
#10039 = DIRECTION('',(-0.,0.,-1.));
#10040 = DIRECTION('',(-0.,-1.,0.));
#10041 = FACE_BOUND('',#10042,.F.);
#10042 = EDGE_LOOP('',(#10043));
#10043 = ORIENTED_EDGE('',*,*,#10044,.T.);
#10044 = EDGE_CURVE('',#10045,#10045,#10047,.T.);
#10045 = VERTEX_POINT('',#10046);
#10046 = CARTESIAN_POINT('',(302.5175,-195.655,0.));
#10047 = CIRCLE('',#10048,0.75);
#10048 = AXIS2_PLACEMENT_3D('',#10049,#10050,#10051);
#10049 = CARTESIAN_POINT('',(302.5175,-194.905,0.));
#10050 = DIRECTION('',(-0.,0.,-1.));
#10051 = DIRECTION('',(-0.,-1.,0.));
#10052 = FACE_BOUND('',#10053,.F.);
#10053 = EDGE_LOOP('',(#10054));
#10054 = ORIENTED_EDGE('',*,*,#10055,.T.);
#10055 = EDGE_CURVE('',#10056,#10056,#10058,.T.);
#10056 = VERTEX_POINT('',#10057);
#10057 = CARTESIAN_POINT('',(321.5675,-195.655,0.));
#10058 = CIRCLE('',#10059,0.75);
#10059 = AXIS2_PLACEMENT_3D('',#10060,#10061,#10062);
#10060 = CARTESIAN_POINT('',(321.5675,-194.905,0.));
#10061 = DIRECTION('',(-0.,0.,-1.));
#10062 = DIRECTION('',(-0.,-1.,0.));
#10063 = FACE_BOUND('',#10064,.F.);
#10064 = EDGE_LOOP('',(#10065));
#10065 = ORIENTED_EDGE('',*,*,#10066,.T.);
#10066 = EDGE_CURVE('',#10067,#10067,#10069,.T.);
#10067 = VERTEX_POINT('',#10068);
#10068 = CARTESIAN_POINT('',(324.1075,-200.86,0.));
#10069 = CIRCLE('',#10070,0.875);
#10070 = AXIS2_PLACEMENT_3D('',#10071,#10072,#10073);
#10071 = CARTESIAN_POINT('',(324.1075,-199.985,0.));
#10072 = DIRECTION('',(-0.,0.,-1.));
#10073 = DIRECTION('',(-0.,-1.,0.));
#10074 = FACE_BOUND('',#10075,.F.);
#10075 = EDGE_LOOP('',(#10076));
#10076 = ORIENTED_EDGE('',*,*,#10077,.T.);
#10077 = EDGE_CURVE('',#10078,#10078,#10080,.T.);
#10078 = VERTEX_POINT('',#10079);
#10079 = CARTESIAN_POINT('',(332.9975,-200.86,0.));
#10080 = CIRCLE('',#10081,0.875);
#10081 = AXIS2_PLACEMENT_3D('',#10082,#10083,#10084);
#10082 = CARTESIAN_POINT('',(332.9975,-199.985,0.));
#10083 = DIRECTION('',(-0.,0.,-1.));
#10084 = DIRECTION('',(-0.,-1.,0.));
#10085 = FACE_BOUND('',#10086,.F.);
#10086 = EDGE_LOOP('',(#10087));
#10087 = ORIENTED_EDGE('',*,*,#10088,.T.);
#10088 = EDGE_CURVE('',#10089,#10089,#10091,.T.);
#10089 = VERTEX_POINT('',#10090);
#10090 = CARTESIAN_POINT('',(338.0775,-201.985,0.));
#10091 = CIRCLE('',#10092,2.);
#10092 = AXIS2_PLACEMENT_3D('',#10093,#10094,#10095);
#10093 = CARTESIAN_POINT('',(338.0775,-199.985,0.));
#10094 = DIRECTION('',(-0.,0.,-1.));
#10095 = DIRECTION('',(-0.,-1.,0.));
#10096 = FACE_BOUND('',#10097,.F.);
#10097 = EDGE_LOOP('',(#10098));
#10098 = ORIENTED_EDGE('',*,*,#10099,.T.);
#10099 = EDGE_CURVE('',#10100,#10100,#10102,.T.);
#10100 = VERTEX_POINT('',#10101);
#10101 = CARTESIAN_POINT('',(334.2675,-198.195,0.));
#10102 = CIRCLE('',#10103,0.75);
#10103 = AXIS2_PLACEMENT_3D('',#10104,#10105,#10106);
#10104 = CARTESIAN_POINT('',(334.2675,-197.445,0.));
#10105 = DIRECTION('',(-0.,0.,-1.));
#10106 = DIRECTION('',(-0.,-1.,0.));
#10107 = FACE_BOUND('',#10108,.F.);
#10108 = EDGE_LOOP('',(#10109));
#10109 = ORIENTED_EDGE('',*,*,#10110,.T.);
#10110 = EDGE_CURVE('',#10111,#10111,#10113,.T.);
#10111 = VERTEX_POINT('',#10112);
#10112 = CARTESIAN_POINT('',(340.6175,-195.655,0.));
#10113 = CIRCLE('',#10114,0.75);
#10114 = AXIS2_PLACEMENT_3D('',#10115,#10116,#10117);
#10115 = CARTESIAN_POINT('',(340.6175,-194.905,0.));
#10116 = DIRECTION('',(-0.,0.,-1.));
#10117 = DIRECTION('',(-0.,-1.,0.));
#10118 = FACE_BOUND('',#10119,.F.);
#10119 = EDGE_LOOP('',(#10120));
#10120 = ORIENTED_EDGE('',*,*,#10121,.T.);
#10121 = EDGE_CURVE('',#10122,#10122,#10124,.T.);
#10122 = VERTEX_POINT('',#10123);
#10123 = CARTESIAN_POINT('',(343.1575,-200.86,0.));
#10124 = CIRCLE('',#10125,0.875);
#10125 = AXIS2_PLACEMENT_3D('',#10126,#10127,#10128);
#10126 = CARTESIAN_POINT('',(343.1575,-199.985,0.));
#10127 = DIRECTION('',(-0.,0.,-1.));
#10128 = DIRECTION('',(-0.,-1.,0.));
#10129 = FACE_BOUND('',#10130,.F.);
#10130 = EDGE_LOOP('',(#10131));
#10131 = ORIENTED_EDGE('',*,*,#10132,.T.);
#10132 = EDGE_CURVE('',#10133,#10133,#10135,.T.);
#10133 = VERTEX_POINT('',#10134);
#10134 = CARTESIAN_POINT('',(352.0475,-200.86,0.));
#10135 = CIRCLE('',#10136,0.875);
#10136 = AXIS2_PLACEMENT_3D('',#10137,#10138,#10139);
#10137 = CARTESIAN_POINT('',(352.0475,-199.985,0.));
#10138 = DIRECTION('',(-0.,0.,-1.));
#10139 = DIRECTION('',(-0.,-1.,0.));
#10140 = FACE_BOUND('',#10141,.F.);
#10141 = EDGE_LOOP('',(#10142));
#10142 = ORIENTED_EDGE('',*,*,#10143,.T.);
#10143 = EDGE_CURVE('',#10144,#10144,#10146,.T.);
#10144 = VERTEX_POINT('',#10145);
#10145 = CARTESIAN_POINT('',(357.1275,-201.985,0.));
#10146 = CIRCLE('',#10147,2.);
#10147 = AXIS2_PLACEMENT_3D('',#10148,#10149,#10150);
#10148 = CARTESIAN_POINT('',(357.1275,-199.985,0.));
#10149 = DIRECTION('',(-0.,0.,-1.));
#10150 = DIRECTION('',(-0.,-1.,0.));
#10151 = FACE_BOUND('',#10152,.F.);
#10152 = EDGE_LOOP('',(#10153));
#10153 = ORIENTED_EDGE('',*,*,#10154,.T.);
#10154 = EDGE_CURVE('',#10155,#10155,#10157,.T.);
#10155 = VERTEX_POINT('',#10156);
#10156 = CARTESIAN_POINT('',(353.3175,-198.195,0.));
#10157 = CIRCLE('',#10158,0.75);
#10158 = AXIS2_PLACEMENT_3D('',#10159,#10160,#10161);
#10159 = CARTESIAN_POINT('',(353.3175,-197.445,0.));
#10160 = DIRECTION('',(-0.,0.,-1.));
#10161 = DIRECTION('',(-0.,-1.,0.));
#10162 = FACE_BOUND('',#10163,.F.);
#10163 = EDGE_LOOP('',(#10164));
#10164 = ORIENTED_EDGE('',*,*,#10165,.T.);
#10165 = EDGE_CURVE('',#10166,#10166,#10168,.T.);
#10166 = VERTEX_POINT('',#10167);
#10167 = CARTESIAN_POINT('',(359.6675,-195.655,0.));
#10168 = CIRCLE('',#10169,0.75);
#10169 = AXIS2_PLACEMENT_3D('',#10170,#10171,#10172);
#10170 = CARTESIAN_POINT('',(359.6675,-194.905,0.));
#10171 = DIRECTION('',(-0.,0.,-1.));
#10172 = DIRECTION('',(-0.,-1.,0.));
#10173 = FACE_BOUND('',#10174,.F.);
#10174 = EDGE_LOOP('',(#10175));
#10175 = ORIENTED_EDGE('',*,*,#10176,.T.);
#10176 = EDGE_CURVE('',#10177,#10177,#10179,.T.);
#10177 = VERTEX_POINT('',#10178);
#10178 = CARTESIAN_POINT('',(364.27125,-221.035,0.));
#10179 = CIRCLE('',#10180,2.);
#10180 = AXIS2_PLACEMENT_3D('',#10181,#10182,#10183);
#10181 = CARTESIAN_POINT('',(364.27125,-219.035,0.));
#10182 = DIRECTION('',(-0.,0.,-1.));
#10183 = DIRECTION('',(-0.,-1.,0.));
#10184 = FACE_BOUND('',#10185,.F.);
#10185 = EDGE_LOOP('',(#10186));
#10186 = ORIENTED_EDGE('',*,*,#10187,.T.);
#10187 = EDGE_CURVE('',#10188,#10188,#10190,.T.);
#10188 = VERTEX_POINT('',#10189);
#10189 = CARTESIAN_POINT('',(369.35125,-219.91,0.));
#10190 = CIRCLE('',#10191,0.875);
#10191 = AXIS2_PLACEMENT_3D('',#10192,#10193,#10194);
#10192 = CARTESIAN_POINT('',(369.35125,-219.035,0.));
#10193 = DIRECTION('',(-0.,0.,-1.));
#10194 = DIRECTION('',(-0.,-1.,0.));
#10195 = FACE_BOUND('',#10196,.F.);
#10196 = EDGE_LOOP('',(#10197));
#10197 = ORIENTED_EDGE('',*,*,#10198,.T.);
#10198 = EDGE_CURVE('',#10199,#10199,#10201,.T.);
#10199 = VERTEX_POINT('',#10200);
#10200 = CARTESIAN_POINT('',(380.6225,-219.91,0.));
#10201 = CIRCLE('',#10202,0.875);
#10202 = AXIS2_PLACEMENT_3D('',#10203,#10204,#10205);
#10203 = CARTESIAN_POINT('',(380.6225,-219.035,0.));
#10204 = DIRECTION('',(-0.,0.,-1.));
#10205 = DIRECTION('',(-0.,-1.,0.));
#10206 = FACE_BOUND('',#10207,.F.);
#10207 = EDGE_LOOP('',(#10208));
#10208 = ORIENTED_EDGE('',*,*,#10209,.T.);
#10209 = EDGE_CURVE('',#10210,#10210,#10212,.T.);
#10210 = VERTEX_POINT('',#10211);
#10211 = CARTESIAN_POINT('',(366.81125,-214.705,0.));
#10212 = CIRCLE('',#10213,0.75);
#10213 = AXIS2_PLACEMENT_3D('',#10214,#10215,#10216);
#10214 = CARTESIAN_POINT('',(366.81125,-213.955,0.));
#10215 = DIRECTION('',(-0.,0.,-1.));
#10216 = DIRECTION('',(-0.,-1.,0.));
#10217 = FACE_BOUND('',#10218,.F.);
#10218 = EDGE_LOOP('',(#10219));
#10219 = ORIENTED_EDGE('',*,*,#10220,.T.);
#10220 = EDGE_CURVE('',#10221,#10221,#10223,.T.);
#10221 = VERTEX_POINT('',#10222);
#10222 = CARTESIAN_POINT('',(385.7025,-221.035,0.));
#10223 = CIRCLE('',#10224,2.);
#10224 = AXIS2_PLACEMENT_3D('',#10225,#10226,#10227);
#10225 = CARTESIAN_POINT('',(385.7025,-219.035,0.));
#10226 = DIRECTION('',(-0.,0.,-1.));
#10227 = DIRECTION('',(-0.,-1.,0.));
#10228 = FACE_BOUND('',#10229,.F.);
#10229 = EDGE_LOOP('',(#10230));
#10230 = ORIENTED_EDGE('',*,*,#10231,.T.);
#10231 = EDGE_CURVE('',#10232,#10232,#10234,.T.);
#10232 = VERTEX_POINT('',#10233);
#10233 = CARTESIAN_POINT('',(390.7825,-219.91,0.));
#10234 = CIRCLE('',#10235,0.875);
#10235 = AXIS2_PLACEMENT_3D('',#10236,#10237,#10238);
#10236 = CARTESIAN_POINT('',(390.7825,-219.035,0.));
#10237 = DIRECTION('',(-0.,0.,-1.));
#10238 = DIRECTION('',(-0.,-1.,0.));
#10239 = FACE_BOUND('',#10240,.F.);
#10240 = EDGE_LOOP('',(#10241));
#10241 = ORIENTED_EDGE('',*,*,#10242,.T.);
#10242 = EDGE_CURVE('',#10243,#10243,#10245,.T.);
#10243 = VERTEX_POINT('',#10244);
#10244 = CARTESIAN_POINT('',(381.8925,-217.245,0.));
#10245 = CIRCLE('',#10246,0.75);
#10246 = AXIS2_PLACEMENT_3D('',#10247,#10248,#10249);
#10247 = CARTESIAN_POINT('',(381.8925,-216.495,0.));
#10248 = DIRECTION('',(-0.,0.,-1.));
#10249 = DIRECTION('',(-0.,-1.,0.));
#10250 = FACE_BOUND('',#10251,.F.);
#10251 = EDGE_LOOP('',(#10252));
#10252 = ORIENTED_EDGE('',*,*,#10253,.T.);
#10253 = EDGE_CURVE('',#10254,#10254,#10256,.T.);
#10254 = VERTEX_POINT('',#10255);
#10255 = CARTESIAN_POINT('',(388.2425,-214.705,0.));
#10256 = CIRCLE('',#10257,0.75);
#10257 = AXIS2_PLACEMENT_3D('',#10258,#10259,#10260);
#10258 = CARTESIAN_POINT('',(388.2425,-213.955,0.));
#10259 = DIRECTION('',(-0.,0.,-1.));
#10260 = DIRECTION('',(-0.,-1.,0.));
#10261 = FACE_BOUND('',#10262,.F.);
#10262 = EDGE_LOOP('',(#10263));
#10263 = ORIENTED_EDGE('',*,*,#10264,.F.);
#10264 = EDGE_CURVE('',#10265,#10265,#10267,.T.);
#10265 = VERTEX_POINT('',#10266);
#10266 = CARTESIAN_POINT('',(423.207419,-228.560056,0.));
#10267 = CIRCLE('',#10268,1.190626);
#10268 = AXIS2_PLACEMENT_3D('',#10269,#10270,#10271);
#10269 = CARTESIAN_POINT('',(422.016793,-228.560056,0.));
#10270 = DIRECTION('',(0.,0.,1.));
#10271 = DIRECTION('',(1.,0.,0.));
#10272 = FACE_BOUND('',#10273,.F.);
#10273 = EDGE_LOOP('',(#10274));
#10274 = ORIENTED_EDGE('',*,*,#10275,.F.);
#10275 = EDGE_CURVE('',#10276,#10276,#10278,.T.);
#10276 = VERTEX_POINT('',#10277);
#10277 = CARTESIAN_POINT('',(441.066809,-228.560056,0.));
#10278 = CIRCLE('',#10279,1.190626);
#10279 = AXIS2_PLACEMENT_3D('',#10280,#10281,#10282);
#10280 = CARTESIAN_POINT('',(439.876183,-228.560056,0.));
#10281 = DIRECTION('',(0.,0.,1.));
#10282 = DIRECTION('',(1.,0.,0.));
#10283 = FACE_BOUND('',#10284,.F.);
#10284 = EDGE_LOOP('',(#10285));
#10285 = ORIENTED_EDGE('',*,*,#10286,.T.);
#10286 = EDGE_CURVE('',#10287,#10287,#10289,.T.);
#10287 = VERTEX_POINT('',#10288);
#10288 = CARTESIAN_POINT('',(423.802732,-221.459109,0.));
#10289 = CIRCLE('',#10290,0.4);
#10290 = AXIS2_PLACEMENT_3D('',#10291,#10292,#10293);
#10291 = CARTESIAN_POINT('',(423.802732,-221.059109,0.));
#10292 = DIRECTION('',(-0.,0.,-1.));
#10293 = DIRECTION('',(-0.,-1.,0.));
#10294 = FACE_BOUND('',#10295,.F.);
#10295 = EDGE_LOOP('',(#10296));
#10296 = ORIENTED_EDGE('',*,*,#10297,.T.);
#10297 = EDGE_CURVE('',#10298,#10298,#10300,.T.);
#10298 = VERTEX_POINT('',#10299);
#10299 = CARTESIAN_POINT('',(426.183984,-221.459109,0.));
#10300 = CIRCLE('',#10301,0.4);
#10301 = AXIS2_PLACEMENT_3D('',#10302,#10303,#10304);
#10302 = CARTESIAN_POINT('',(426.183984,-221.059109,0.));
#10303 = DIRECTION('',(-0.,0.,-1.));
#10304 = DIRECTION('',(-0.,-1.,0.));
#10305 = FACE_BOUND('',#10306,.F.);
#10306 = EDGE_LOOP('',(#10307));
#10307 = ORIENTED_EDGE('',*,*,#10308,.T.);
#10308 = EDGE_CURVE('',#10309,#10309,#10311,.T.);
#10309 = VERTEX_POINT('',#10310);
#10310 = CARTESIAN_POINT('',(428.565236,-221.459109,0.));
#10311 = CIRCLE('',#10312,0.4);
#10312 = AXIS2_PLACEMENT_3D('',#10313,#10314,#10315);
#10313 = CARTESIAN_POINT('',(428.565236,-221.059109,0.));
#10314 = DIRECTION('',(-0.,0.,-1.));
#10315 = DIRECTION('',(-0.,-1.,0.));
#10316 = FACE_BOUND('',#10317,.F.);
#10317 = EDGE_LOOP('',(#10318));
#10318 = ORIENTED_EDGE('',*,*,#10319,.T.);
#10319 = EDGE_CURVE('',#10320,#10320,#10322,.T.);
#10320 = VERTEX_POINT('',#10321);
#10321 = CARTESIAN_POINT('',(430.946488,-221.459109,0.));
#10322 = CIRCLE('',#10323,0.4);
#10323 = AXIS2_PLACEMENT_3D('',#10324,#10325,#10326);
#10324 = CARTESIAN_POINT('',(430.946488,-221.059109,0.));
#10325 = DIRECTION('',(-0.,0.,-1.));
#10326 = DIRECTION('',(-1.42108547152E-13,-1.,0.));
#10327 = FACE_BOUND('',#10328,.F.);
#10328 = EDGE_LOOP('',(#10329));
#10329 = ORIENTED_EDGE('',*,*,#10330,.T.);
#10330 = EDGE_CURVE('',#10331,#10331,#10333,.T.);
#10331 = VERTEX_POINT('',#10332);
#10332 = CARTESIAN_POINT('',(433.32774,-221.459109,0.));
#10333 = CIRCLE('',#10334,0.4);
#10334 = AXIS2_PLACEMENT_3D('',#10335,#10336,#10337);
#10335 = CARTESIAN_POINT('',(433.32774,-221.059109,0.));
#10336 = DIRECTION('',(-0.,0.,-1.));
#10337 = DIRECTION('',(1.42108547152E-13,-1.,-0.));
#10338 = FACE_BOUND('',#10339,.F.);
#10339 = EDGE_LOOP('',(#10340));
#10340 = ORIENTED_EDGE('',*,*,#10341,.T.);
#10341 = EDGE_CURVE('',#10342,#10342,#10344,.T.);
#10342 = VERTEX_POINT('',#10343);
#10343 = CARTESIAN_POINT('',(435.708992,-221.459109,0.));
#10344 = CIRCLE('',#10345,0.4);
#10345 = AXIS2_PLACEMENT_3D('',#10346,#10347,#10348);
#10346 = CARTESIAN_POINT('',(435.708992,-221.059109,0.));
#10347 = DIRECTION('',(-0.,0.,-1.));
#10348 = DIRECTION('',(1.42108547152E-13,-1.,-0.));
#10349 = FACE_BOUND('',#10350,.F.);
#10350 = EDGE_LOOP('',(#10351));
#10351 = ORIENTED_EDGE('',*,*,#10352,.T.);
#10352 = EDGE_CURVE('',#10353,#10353,#10355,.T.);
#10353 = VERTEX_POINT('',#10354);
#10354 = CARTESIAN_POINT('',(438.090244,-221.459109,0.));
#10355 = CIRCLE('',#10356,0.4);
#10356 = AXIS2_PLACEMENT_3D('',#10357,#10358,#10359);
#10357 = CARTESIAN_POINT('',(438.090244,-221.059109,0.));
#10358 = DIRECTION('',(-0.,0.,-1.));
#10359 = DIRECTION('',(-0.,-1.,0.));
#10360 = FACE_BOUND('',#10361,.F.);
#10361 = EDGE_LOOP('',(#10362));
#10362 = ORIENTED_EDGE('',*,*,#10363,.T.);
#10363 = EDGE_CURVE('',#10364,#10364,#10366,.T.);
#10364 = VERTEX_POINT('',#10365);
#10365 = CARTESIAN_POINT('',(402.05375,-219.91,0.));
#10366 = CIRCLE('',#10367,0.875);
#10367 = AXIS2_PLACEMENT_3D('',#10368,#10369,#10370);
#10368 = CARTESIAN_POINT('',(402.05375,-219.035,0.));
#10369 = DIRECTION('',(-0.,0.,-1.));
#10370 = DIRECTION('',(-0.,-1.,0.));
#10371 = FACE_BOUND('',#10372,.F.);
#10372 = EDGE_LOOP('',(#10373));
#10373 = ORIENTED_EDGE('',*,*,#10374,.T.);
#10374 = EDGE_CURVE('',#10375,#10375,#10377,.T.);
#10375 = VERTEX_POINT('',#10376);
#10376 = CARTESIAN_POINT('',(407.13375,-221.035,0.));
#10377 = CIRCLE('',#10378,2.);
#10378 = AXIS2_PLACEMENT_3D('',#10379,#10380,#10381);
#10379 = CARTESIAN_POINT('',(407.13375,-219.035,0.));
#10380 = DIRECTION('',(-0.,0.,-1.));
#10381 = DIRECTION('',(-0.,-1.,0.));
#10382 = FACE_BOUND('',#10383,.F.);
#10383 = EDGE_LOOP('',(#10384));
#10384 = ORIENTED_EDGE('',*,*,#10385,.T.);
#10385 = EDGE_CURVE('',#10386,#10386,#10388,.T.);
#10386 = VERTEX_POINT('',#10387);
#10387 = CARTESIAN_POINT('',(403.32375,-217.245,0.));
#10388 = CIRCLE('',#10389,0.75);
#10389 = AXIS2_PLACEMENT_3D('',#10390,#10391,#10392);
#10390 = CARTESIAN_POINT('',(403.32375,-216.495,0.));
#10391 = DIRECTION('',(-0.,0.,-1.));
#10392 = DIRECTION('',(-0.,-1.,0.));
#10393 = FACE_BOUND('',#10394,.F.);
#10394 = EDGE_LOOP('',(#10395));
#10395 = ORIENTED_EDGE('',*,*,#10396,.T.);
#10396 = EDGE_CURVE('',#10397,#10397,#10399,.T.);
#10397 = VERTEX_POINT('',#10398);
#10398 = CARTESIAN_POINT('',(412.21375,-219.91,0.));
#10399 = CIRCLE('',#10400,0.875);
#10400 = AXIS2_PLACEMENT_3D('',#10401,#10402,#10403);
#10401 = CARTESIAN_POINT('',(412.21375,-219.035,0.));
#10402 = DIRECTION('',(-0.,0.,-1.));
#10403 = DIRECTION('',(-0.,-1.,0.));
#10404 = FACE_BOUND('',#10405,.F.);
#10405 = EDGE_LOOP('',(#10406));
#10406 = ORIENTED_EDGE('',*,*,#10407,.T.);
#10407 = EDGE_CURVE('',#10408,#10408,#10410,.T.);
#10408 = VERTEX_POINT('',#10409);
#10409 = CARTESIAN_POINT('',(409.67375,-214.705,0.));
#10410 = CIRCLE('',#10411,0.75);
#10411 = AXIS2_PLACEMENT_3D('',#10412,#10413,#10414);
#10412 = CARTESIAN_POINT('',(409.67375,-213.955,0.));
#10413 = DIRECTION('',(-0.,0.,-1.));
#10414 = DIRECTION('',(-0.,-1.,0.));
#10415 = FACE_BOUND('',#10416,.F.);
#10416 = EDGE_LOOP('',(#10417));
#10417 = ORIENTED_EDGE('',*,*,#10418,.T.);
#10418 = EDGE_CURVE('',#10419,#10419,#10421,.T.);
#10419 = VERTEX_POINT('',#10420);
#10420 = CARTESIAN_POINT('',(423.802732,-213.839109,0.));
#10421 = CIRCLE('',#10422,0.4);
#10422 = AXIS2_PLACEMENT_3D('',#10423,#10424,#10425);
#10423 = CARTESIAN_POINT('',(423.802732,-213.439109,0.));
#10424 = DIRECTION('',(-0.,0.,-1.));
#10425 = DIRECTION('',(-0.,-1.,0.));
#10426 = FACE_BOUND('',#10427,.F.);
#10427 = EDGE_LOOP('',(#10428));
#10428 = ORIENTED_EDGE('',*,*,#10429,.T.);
#10429 = EDGE_CURVE('',#10430,#10430,#10432,.T.);
#10430 = VERTEX_POINT('',#10431);
#10431 = CARTESIAN_POINT('',(426.183984,-213.839109,0.));
#10432 = CIRCLE('',#10433,0.4);
#10433 = AXIS2_PLACEMENT_3D('',#10434,#10435,#10436);
#10434 = CARTESIAN_POINT('',(426.183984,-213.439109,0.));
#10435 = DIRECTION('',(-0.,0.,-1.));
#10436 = DIRECTION('',(-0.,-1.,0.));
#10437 = FACE_BOUND('',#10438,.F.);
#10438 = EDGE_LOOP('',(#10439));
#10439 = ORIENTED_EDGE('',*,*,#10440,.T.);
#10440 = EDGE_CURVE('',#10441,#10441,#10443,.T.);
#10441 = VERTEX_POINT('',#10442);
#10442 = CARTESIAN_POINT('',(428.565236,-213.839109,0.));
#10443 = CIRCLE('',#10444,0.4);
#10444 = AXIS2_PLACEMENT_3D('',#10445,#10446,#10447);
#10445 = CARTESIAN_POINT('',(428.565236,-213.439109,0.));
#10446 = DIRECTION('',(-0.,0.,-1.));
#10447 = DIRECTION('',(-0.,-1.,0.));
#10448 = FACE_BOUND('',#10449,.F.);
#10449 = EDGE_LOOP('',(#10450));
#10450 = ORIENTED_EDGE('',*,*,#10451,.T.);
#10451 = EDGE_CURVE('',#10452,#10452,#10454,.T.);
#10452 = VERTEX_POINT('',#10453);
#10453 = CARTESIAN_POINT('',(430.946488,-213.839109,0.));
#10454 = CIRCLE('',#10455,0.4);
#10455 = AXIS2_PLACEMENT_3D('',#10456,#10457,#10458);
#10456 = CARTESIAN_POINT('',(430.946488,-213.439109,0.));
#10457 = DIRECTION('',(-0.,0.,-1.));
#10458 = DIRECTION('',(-1.42108547152E-13,-1.,0.));
#10459 = FACE_BOUND('',#10460,.F.);
#10460 = EDGE_LOOP('',(#10461));
#10461 = ORIENTED_EDGE('',*,*,#10462,.T.);
#10462 = EDGE_CURVE('',#10463,#10463,#10465,.T.);
#10463 = VERTEX_POINT('',#10464);
#10464 = CARTESIAN_POINT('',(422.612106,-211.338788,0.));
#10465 = CIRCLE('',#10466,0.4);
#10466 = AXIS2_PLACEMENT_3D('',#10467,#10468,#10469);
#10467 = CARTESIAN_POINT('',(422.612106,-210.938788,0.));
#10468 = DIRECTION('',(-0.,0.,-1.));
#10469 = DIRECTION('',(-1.42108547152E-13,-1.,0.));
#10470 = FACE_BOUND('',#10471,.F.);
#10471 = EDGE_LOOP('',(#10472));
#10472 = ORIENTED_EDGE('',*,*,#10473,.T.);
#10473 = EDGE_CURVE('',#10474,#10474,#10476,.T.);
#10474 = VERTEX_POINT('',#10475);
#10475 = CARTESIAN_POINT('',(424.993358,-211.338788,0.));
#10476 = CIRCLE('',#10477,0.4);
#10477 = AXIS2_PLACEMENT_3D('',#10478,#10479,#10480);
#10478 = CARTESIAN_POINT('',(424.993358,-210.938788,0.));
#10479 = DIRECTION('',(-0.,0.,-1.));
#10480 = DIRECTION('',(-0.,-1.,0.));
#10481 = FACE_BOUND('',#10482,.F.);
#10482 = EDGE_LOOP('',(#10483));
#10483 = ORIENTED_EDGE('',*,*,#10484,.T.);
#10484 = EDGE_CURVE('',#10485,#10485,#10487,.T.);
#10485 = VERTEX_POINT('',#10486);
#10486 = CARTESIAN_POINT('',(427.37461,-211.338788,0.));
#10487 = CIRCLE('',#10488,0.4);
#10488 = AXIS2_PLACEMENT_3D('',#10489,#10490,#10491);
#10489 = CARTESIAN_POINT('',(427.37461,-210.938788,0.));
#10490 = DIRECTION('',(-0.,0.,-1.));
#10491 = DIRECTION('',(1.42108547152E-13,-1.,-0.));
#10492 = FACE_BOUND('',#10493,.F.);
#10493 = EDGE_LOOP('',(#10494));
#10494 = ORIENTED_EDGE('',*,*,#10495,.T.);
#10495 = EDGE_CURVE('',#10496,#10496,#10498,.T.);
#10496 = VERTEX_POINT('',#10497);
#10497 = CARTESIAN_POINT('',(429.755862,-211.338788,0.));
#10498 = CIRCLE('',#10499,0.4);
#10499 = AXIS2_PLACEMENT_3D('',#10500,#10501,#10502);
#10500 = CARTESIAN_POINT('',(429.755862,-210.938788,0.));
#10501 = DIRECTION('',(-0.,0.,-1.));
#10502 = DIRECTION('',(-0.,-1.,0.));
#10503 = FACE_BOUND('',#10504,.F.);
#10504 = EDGE_LOOP('',(#10505));
#10505 = ORIENTED_EDGE('',*,*,#10506,.T.);
#10506 = EDGE_CURVE('',#10507,#10507,#10509,.T.);
#10507 = VERTEX_POINT('',#10508);
#10508 = CARTESIAN_POINT('',(433.32774,-213.839109,0.));
#10509 = CIRCLE('',#10510,0.4);
#10510 = AXIS2_PLACEMENT_3D('',#10511,#10512,#10513);
#10511 = CARTESIAN_POINT('',(433.32774,-213.439109,0.));
#10512 = DIRECTION('',(-0.,0.,-1.));
#10513 = DIRECTION('',(1.42108547152E-13,-1.,-0.));
#10514 = FACE_BOUND('',#10515,.F.);
#10515 = EDGE_LOOP('',(#10516));
#10516 = ORIENTED_EDGE('',*,*,#10517,.T.);
#10517 = EDGE_CURVE('',#10518,#10518,#10520,.T.);
#10518 = VERTEX_POINT('',#10519);
#10519 = CARTESIAN_POINT('',(435.708992,-213.839109,0.));
#10520 = CIRCLE('',#10521,0.4);
#10521 = AXIS2_PLACEMENT_3D('',#10522,#10523,#10524);
#10522 = CARTESIAN_POINT('',(435.708992,-213.439109,0.));
#10523 = DIRECTION('',(-0.,0.,-1.));
#10524 = DIRECTION('',(1.42108547152E-13,-1.,-0.));
#10525 = FACE_BOUND('',#10526,.F.);
#10526 = EDGE_LOOP('',(#10527));
#10527 = ORIENTED_EDGE('',*,*,#10528,.T.);
#10528 = EDGE_CURVE('',#10529,#10529,#10531,.T.);
#10529 = VERTEX_POINT('',#10530);
#10530 = CARTESIAN_POINT('',(438.090244,-213.839109,0.));
#10531 = CIRCLE('',#10532,0.4);
#10532 = AXIS2_PLACEMENT_3D('',#10533,#10534,#10535);
#10533 = CARTESIAN_POINT('',(438.090244,-213.439109,0.));
#10534 = DIRECTION('',(-0.,0.,-1.));
#10535 = DIRECTION('',(-0.,-1.,0.));
#10536 = FACE_BOUND('',#10537,.F.);
#10537 = EDGE_LOOP('',(#10538));
#10538 = ORIENTED_EDGE('',*,*,#10539,.T.);
#10539 = EDGE_CURVE('',#10540,#10540,#10542,.T.);
#10540 = VERTEX_POINT('',#10541);
#10541 = CARTESIAN_POINT('',(432.137114,-211.338788,0.));
#10542 = CIRCLE('',#10543,0.4);
#10543 = AXIS2_PLACEMENT_3D('',#10544,#10545,#10546);
#10544 = CARTESIAN_POINT('',(432.137114,-210.938788,0.));
#10545 = DIRECTION('',(-0.,0.,-1.));
#10546 = DIRECTION('',(-0.,-1.,0.));
#10547 = FACE_BOUND('',#10548,.F.);
#10548 = EDGE_LOOP('',(#10549));
#10549 = ORIENTED_EDGE('',*,*,#10550,.T.);
#10550 = EDGE_CURVE('',#10551,#10551,#10553,.T.);
#10551 = VERTEX_POINT('',#10552);
#10552 = CARTESIAN_POINT('',(434.518366,-211.338788,0.));
#10553 = CIRCLE('',#10554,0.4);
#10554 = AXIS2_PLACEMENT_3D('',#10555,#10556,#10557);
#10555 = CARTESIAN_POINT('',(434.518366,-210.938788,0.));
#10556 = DIRECTION('',(-0.,0.,-1.));
#10557 = DIRECTION('',(-0.,-1.,0.));
#10558 = FACE_BOUND('',#10559,.F.);
#10559 = EDGE_LOOP('',(#10560));
#10560 = ORIENTED_EDGE('',*,*,#10561,.T.);
#10561 = EDGE_CURVE('',#10562,#10562,#10564,.T.);
#10562 = VERTEX_POINT('',#10563);
#10563 = CARTESIAN_POINT('',(436.899618,-211.338788,0.));
#10564 = CIRCLE('',#10565,0.4);
#10565 = AXIS2_PLACEMENT_3D('',#10566,#10567,#10568);
#10566 = CARTESIAN_POINT('',(436.899618,-210.938788,0.));
#10567 = DIRECTION('',(-0.,0.,-1.));
#10568 = DIRECTION('',(-1.42108547152E-13,-1.,0.));
#10569 = FACE_BOUND('',#10570,.F.);
#10570 = EDGE_LOOP('',(#10571));
#10571 = ORIENTED_EDGE('',*,*,#10572,.T.);
#10572 = EDGE_CURVE('',#10573,#10573,#10575,.T.);
#10573 = VERTEX_POINT('',#10574);
#10574 = CARTESIAN_POINT('',(439.28087,-211.338788,0.));
#10575 = CIRCLE('',#10576,0.4);
#10576 = AXIS2_PLACEMENT_3D('',#10577,#10578,#10579);
#10577 = CARTESIAN_POINT('',(439.28087,-210.938788,0.));
#10578 = DIRECTION('',(-0.,0.,-1.));
#10579 = DIRECTION('',(-1.42108547152E-13,-1.,0.));
#10580 = FACE_BOUND('',#10581,.F.);
#10581 = EDGE_LOOP('',(#10582));
#10582 = ORIENTED_EDGE('',*,*,#10583,.T.);
#10583 = EDGE_CURVE('',#10584,#10584,#10586,.T.);
#10584 = VERTEX_POINT('',#10585);
#10585 = CARTESIAN_POINT('',(362.2075,-200.86,0.));
#10586 = CIRCLE('',#10587,0.875);
#10587 = AXIS2_PLACEMENT_3D('',#10588,#10589,#10590);
#10588 = CARTESIAN_POINT('',(362.2075,-199.985,0.));
#10589 = DIRECTION('',(-0.,0.,-1.));
#10590 = DIRECTION('',(-0.,-1.,0.));
#10591 = FACE_BOUND('',#10592,.F.);
#10592 = EDGE_LOOP('',(#10593));
#10593 = ORIENTED_EDGE('',*,*,#10594,.T.);
#10594 = EDGE_CURVE('',#10595,#10595,#10597,.T.);
#10595 = VERTEX_POINT('',#10596);
#10596 = CARTESIAN_POINT('',(371.0975,-200.86,0.));
#10597 = CIRCLE('',#10598,0.875);
#10598 = AXIS2_PLACEMENT_3D('',#10599,#10600,#10601);
#10599 = CARTESIAN_POINT('',(371.0975,-199.985,0.));
#10600 = DIRECTION('',(-0.,0.,-1.));
#10601 = DIRECTION('',(-0.,-1.,0.));
#10602 = FACE_BOUND('',#10603,.F.);
#10603 = EDGE_LOOP('',(#10604));
#10604 = ORIENTED_EDGE('',*,*,#10605,.T.);
#10605 = EDGE_CURVE('',#10606,#10606,#10608,.T.);
#10606 = VERTEX_POINT('',#10607);
#10607 = CARTESIAN_POINT('',(376.1775,-201.985,0.));
#10608 = CIRCLE('',#10609,2.);
#10609 = AXIS2_PLACEMENT_3D('',#10610,#10611,#10612);
#10610 = CARTESIAN_POINT('',(376.1775,-199.985,0.));
#10611 = DIRECTION('',(-0.,0.,-1.));
#10612 = DIRECTION('',(-0.,-1.,0.));
#10613 = FACE_BOUND('',#10614,.F.);
#10614 = EDGE_LOOP('',(#10615));
#10615 = ORIENTED_EDGE('',*,*,#10616,.T.);
#10616 = EDGE_CURVE('',#10617,#10617,#10619,.T.);
#10617 = VERTEX_POINT('',#10618);
#10618 = CARTESIAN_POINT('',(381.2575,-200.86,0.));
#10619 = CIRCLE('',#10620,0.875);
#10620 = AXIS2_PLACEMENT_3D('',#10621,#10622,#10623);
#10621 = CARTESIAN_POINT('',(381.2575,-199.985,0.));
#10622 = DIRECTION('',(-0.,0.,-1.));
#10623 = DIRECTION('',(-0.,-1.,0.));
#10624 = FACE_BOUND('',#10625,.F.);
#10625 = EDGE_LOOP('',(#10626));
#10626 = ORIENTED_EDGE('',*,*,#10627,.T.);
#10627 = EDGE_CURVE('',#10628,#10628,#10630,.T.);
#10628 = VERTEX_POINT('',#10629);
#10629 = CARTESIAN_POINT('',(372.3675,-198.195,0.));
#10630 = CIRCLE('',#10631,0.75);
#10631 = AXIS2_PLACEMENT_3D('',#10632,#10633,#10634);
#10632 = CARTESIAN_POINT('',(372.3675,-197.445,0.));
#10633 = DIRECTION('',(-0.,0.,-1.));
#10634 = DIRECTION('',(-0.,-1.,0.));
#10635 = FACE_BOUND('',#10636,.F.);
#10636 = EDGE_LOOP('',(#10637));
#10637 = ORIENTED_EDGE('',*,*,#10638,.T.);
#10638 = EDGE_CURVE('',#10639,#10639,#10641,.T.);
#10639 = VERTEX_POINT('',#10640);
#10640 = CARTESIAN_POINT('',(378.7175,-195.655,0.));
#10641 = CIRCLE('',#10642,0.75);
#10642 = AXIS2_PLACEMENT_3D('',#10643,#10644,#10645);
#10643 = CARTESIAN_POINT('',(378.7175,-194.905,0.));
#10644 = DIRECTION('',(-0.,0.,-1.));
#10645 = DIRECTION('',(-0.,-1.,0.));
#10646 = FACE_BOUND('',#10647,.F.);
#10647 = EDGE_LOOP('',(#10648));
#10648 = ORIENTED_EDGE('',*,*,#10649,.T.);
#10649 = EDGE_CURVE('',#10650,#10650,#10652,.T.);
#10650 = VERTEX_POINT('',#10651);
#10651 = CARTESIAN_POINT('',(397.29125,-200.86,0.));
#10652 = CIRCLE('',#10653,0.875);
#10653 = AXIS2_PLACEMENT_3D('',#10654,#10655,#10656);
#10654 = CARTESIAN_POINT('',(397.29125,-199.985,0.));
#10655 = DIRECTION('',(-0.,0.,-1.));
#10656 = DIRECTION('',(-0.,-1.,0.));
#10657 = FACE_BOUND('',#10658,.F.);
#10658 = EDGE_LOOP('',(#10659));
#10659 = ORIENTED_EDGE('',*,*,#10660,.T.);
#10660 = EDGE_CURVE('',#10661,#10661,#10663,.T.);
#10661 = VERTEX_POINT('',#10662);
#10662 = CARTESIAN_POINT('',(398.56125,-198.195,0.));
#10663 = CIRCLE('',#10664,0.75);
#10664 = AXIS2_PLACEMENT_3D('',#10665,#10666,#10667);
#10665 = CARTESIAN_POINT('',(398.56125,-197.445,0.));
#10666 = DIRECTION('',(-0.,0.,-1.));
#10667 = DIRECTION('',(-0.,-1.,0.));
#10668 = FACE_BOUND('',#10669,.F.);
#10669 = EDGE_LOOP('',(#10670));
#10670 = ORIENTED_EDGE('',*,*,#10671,.T.);
#10671 = EDGE_CURVE('',#10672,#10672,#10674,.T.);
#10672 = VERTEX_POINT('',#10673);
#10673 = CARTESIAN_POINT('',(422.612106,-203.718788,0.));
#10674 = CIRCLE('',#10675,0.4);
#10675 = AXIS2_PLACEMENT_3D('',#10676,#10677,#10678);
#10676 = CARTESIAN_POINT('',(422.612106,-203.318788,0.));
#10677 = DIRECTION('',(-0.,0.,-1.));
#10678 = DIRECTION('',(-1.42108547152E-13,-1.,0.));
#10679 = FACE_BOUND('',#10680,.F.);
#10680 = EDGE_LOOP('',(#10681));
#10681 = ORIENTED_EDGE('',*,*,#10682,.T.);
#10682 = EDGE_CURVE('',#10683,#10683,#10685,.T.);
#10683 = VERTEX_POINT('',#10684);
#10684 = CARTESIAN_POINT('',(424.993358,-203.718788,0.));
#10685 = CIRCLE('',#10686,0.4);
#10686 = AXIS2_PLACEMENT_3D('',#10687,#10688,#10689);
#10687 = CARTESIAN_POINT('',(424.993358,-203.318788,0.));
#10688 = DIRECTION('',(-0.,0.,-1.));
#10689 = DIRECTION('',(-0.,-1.,0.));
#10690 = FACE_BOUND('',#10691,.F.);
#10691 = EDGE_LOOP('',(#10692));
#10692 = ORIENTED_EDGE('',*,*,#10693,.T.);
#10693 = EDGE_CURVE('',#10694,#10694,#10696,.T.);
#10694 = VERTEX_POINT('',#10695);
#10695 = CARTESIAN_POINT('',(421.42148,-201.456589,0.));
#10696 = CIRCLE('',#10697,0.4);
#10697 = AXIS2_PLACEMENT_3D('',#10698,#10699,#10700);
#10698 = CARTESIAN_POINT('',(421.42148,-201.056589,0.));
#10699 = DIRECTION('',(-0.,0.,-1.));
#10700 = DIRECTION('',(-0.,-1.,0.));
#10701 = FACE_BOUND('',#10702,.F.);
#10702 = EDGE_LOOP('',(#10703));
#10703 = ORIENTED_EDGE('',*,*,#10704,.T.);
#10704 = EDGE_CURVE('',#10705,#10705,#10707,.T.);
#10705 = VERTEX_POINT('',#10706);
#10706 = CARTESIAN_POINT('',(423.802732,-201.456589,0.));
#10707 = CIRCLE('',#10708,0.4);
#10708 = AXIS2_PLACEMENT_3D('',#10709,#10710,#10711);
#10709 = CARTESIAN_POINT('',(423.802732,-201.056589,0.));
#10710 = DIRECTION('',(-0.,0.,-1.));
#10711 = DIRECTION('',(-0.,-1.,0.));
#10712 = FACE_BOUND('',#10713,.F.);
#10713 = EDGE_LOOP('',(#10714));
#10714 = ORIENTED_EDGE('',*,*,#10715,.T.);
#10715 = EDGE_CURVE('',#10716,#10716,#10718,.T.);
#10716 = VERTEX_POINT('',#10717);
#10717 = CARTESIAN_POINT('',(426.183984,-201.456589,0.));
#10718 = CIRCLE('',#10719,0.4);
#10719 = AXIS2_PLACEMENT_3D('',#10720,#10721,#10722);
#10720 = CARTESIAN_POINT('',(426.183984,-201.056589,0.));
#10721 = DIRECTION('',(-0.,0.,-1.));
#10722 = DIRECTION('',(-0.,-1.,0.));
#10723 = FACE_BOUND('',#10724,.F.);
#10724 = EDGE_LOOP('',(#10725));
#10725 = ORIENTED_EDGE('',*,*,#10726,.T.);
#10726 = EDGE_CURVE('',#10727,#10727,#10729,.T.);
#10727 = VERTEX_POINT('',#10728);
#10728 = CARTESIAN_POINT('',(427.37461,-203.718788,0.));
#10729 = CIRCLE('',#10730,0.4);
#10730 = AXIS2_PLACEMENT_3D('',#10731,#10732,#10733);
#10731 = CARTESIAN_POINT('',(427.37461,-203.318788,0.));
#10732 = DIRECTION('',(-0.,0.,-1.));
#10733 = DIRECTION('',(1.42108547152E-13,-1.,-0.));
#10734 = FACE_BOUND('',#10735,.F.);
#10735 = EDGE_LOOP('',(#10736));
#10736 = ORIENTED_EDGE('',*,*,#10737,.T.);
#10737 = EDGE_CURVE('',#10738,#10738,#10740,.T.);
#10738 = VERTEX_POINT('',#10739);
#10739 = CARTESIAN_POINT('',(429.755862,-203.718788,0.));
#10740 = CIRCLE('',#10741,0.4);
#10741 = AXIS2_PLACEMENT_3D('',#10742,#10743,#10744);
#10742 = CARTESIAN_POINT('',(429.755862,-203.318788,0.));
#10743 = DIRECTION('',(-0.,0.,-1.));
#10744 = DIRECTION('',(-0.,-1.,0.));
#10745 = FACE_BOUND('',#10746,.F.);
#10746 = EDGE_LOOP('',(#10747));
#10747 = ORIENTED_EDGE('',*,*,#10748,.T.);
#10748 = EDGE_CURVE('',#10749,#10749,#10751,.T.);
#10749 = VERTEX_POINT('',#10750);
#10750 = CARTESIAN_POINT('',(428.565236,-201.456589,0.));
#10751 = CIRCLE('',#10752,0.4);
#10752 = AXIS2_PLACEMENT_3D('',#10753,#10754,#10755);
#10753 = CARTESIAN_POINT('',(428.565236,-201.056589,0.));
#10754 = DIRECTION('',(-0.,0.,-1.));
#10755 = DIRECTION('',(-0.,-1.,0.));
#10756 = FACE_BOUND('',#10757,.F.);
#10757 = EDGE_LOOP('',(#10758));
#10758 = ORIENTED_EDGE('',*,*,#10759,.T.);
#10759 = EDGE_CURVE('',#10760,#10760,#10762,.T.);
#10760 = VERTEX_POINT('',#10761);
#10761 = CARTESIAN_POINT('',(430.946488,-201.456589,0.));
#10762 = CIRCLE('',#10763,0.4);
#10763 = AXIS2_PLACEMENT_3D('',#10764,#10765,#10766);
#10764 = CARTESIAN_POINT('',(430.946488,-201.056589,0.));
#10765 = DIRECTION('',(-0.,0.,-1.));
#10766 = DIRECTION('',(-1.42108547152E-13,-1.,0.));
#10767 = FACE_BOUND('',#10768,.F.);
#10768 = EDGE_LOOP('',(#10769));
#10769 = ORIENTED_EDGE('',*,*,#10770,.T.);
#10770 = EDGE_CURVE('',#10771,#10771,#10773,.T.);
#10771 = VERTEX_POINT('',#10772);
#10772 = CARTESIAN_POINT('',(432.137114,-203.718788,0.));
#10773 = CIRCLE('',#10774,0.4);
#10774 = AXIS2_PLACEMENT_3D('',#10775,#10776,#10777);
#10775 = CARTESIAN_POINT('',(432.137114,-203.318788,0.));
#10776 = DIRECTION('',(-0.,0.,-1.));
#10777 = DIRECTION('',(-0.,-1.,0.));
#10778 = FACE_BOUND('',#10779,.F.);
#10779 = EDGE_LOOP('',(#10780));
#10780 = ORIENTED_EDGE('',*,*,#10781,.T.);
#10781 = EDGE_CURVE('',#10782,#10782,#10784,.T.);
#10782 = VERTEX_POINT('',#10783);
#10783 = CARTESIAN_POINT('',(434.518366,-203.718788,0.));
#10784 = CIRCLE('',#10785,0.4);
#10785 = AXIS2_PLACEMENT_3D('',#10786,#10787,#10788);
#10786 = CARTESIAN_POINT('',(434.518366,-203.318788,0.));
#10787 = DIRECTION('',(-0.,0.,-1.));
#10788 = DIRECTION('',(-0.,-1.,0.));
#10789 = FACE_BOUND('',#10790,.F.);
#10790 = EDGE_LOOP('',(#10791));
#10791 = ORIENTED_EDGE('',*,*,#10792,.T.);
#10792 = EDGE_CURVE('',#10793,#10793,#10795,.T.);
#10793 = VERTEX_POINT('',#10794);
#10794 = CARTESIAN_POINT('',(433.32774,-201.456589,0.));
#10795 = CIRCLE('',#10796,0.4);
#10796 = AXIS2_PLACEMENT_3D('',#10797,#10798,#10799);
#10797 = CARTESIAN_POINT('',(433.32774,-201.056589,0.));
#10798 = DIRECTION('',(-0.,0.,-1.));
#10799 = DIRECTION('',(1.42108547152E-13,-1.,-0.));
#10800 = FACE_BOUND('',#10801,.F.);
#10801 = EDGE_LOOP('',(#10802));
#10802 = ORIENTED_EDGE('',*,*,#10803,.T.);
#10803 = EDGE_CURVE('',#10804,#10804,#10806,.T.);
#10804 = VERTEX_POINT('',#10805);
#10805 = CARTESIAN_POINT('',(435.708992,-201.456589,0.));
#10806 = CIRCLE('',#10807,0.4);
#10807 = AXIS2_PLACEMENT_3D('',#10808,#10809,#10810);
#10808 = CARTESIAN_POINT('',(435.708992,-201.056589,0.));
#10809 = DIRECTION('',(-0.,0.,-1.));
#10810 = DIRECTION('',(1.42108547152E-13,-1.,-0.));
#10811 = FACE_BOUND('',#10812,.F.);
#10812 = EDGE_LOOP('',(#10813));
#10813 = ORIENTED_EDGE('',*,*,#10814,.T.);
#10814 = EDGE_CURVE('',#10815,#10815,#10817,.T.);
#10815 = VERTEX_POINT('',#10816);
#10816 = CARTESIAN_POINT('',(436.899618,-203.718788,0.));
#10817 = CIRCLE('',#10818,0.4);
#10818 = AXIS2_PLACEMENT_3D('',#10819,#10820,#10821);
#10819 = CARTESIAN_POINT('',(436.899618,-203.318788,0.));
#10820 = DIRECTION('',(-0.,0.,-1.));
#10821 = DIRECTION('',(-1.42108547152E-13,-1.,0.));
#10822 = FACE_BOUND('',#10823,.F.);
#10823 = EDGE_LOOP('',(#10824));
#10824 = ORIENTED_EDGE('',*,*,#10825,.T.);
#10825 = EDGE_CURVE('',#10826,#10826,#10828,.T.);
#10826 = VERTEX_POINT('',#10827);
#10827 = CARTESIAN_POINT('',(439.28087,-203.718788,0.));
#10828 = CIRCLE('',#10829,0.4);
#10829 = AXIS2_PLACEMENT_3D('',#10830,#10831,#10832);
#10830 = CARTESIAN_POINT('',(439.28087,-203.318788,0.));
#10831 = DIRECTION('',(-0.,0.,-1.));
#10832 = DIRECTION('',(-1.42108547152E-13,-1.,0.));
#10833 = FACE_BOUND('',#10834,.F.);
#10834 = EDGE_LOOP('',(#10835));
#10835 = ORIENTED_EDGE('',*,*,#10836,.T.);
#10836 = EDGE_CURVE('',#10837,#10837,#10839,.T.);
#10837 = VERTEX_POINT('',#10838);
#10838 = CARTESIAN_POINT('',(438.090244,-201.456589,0.));
#10839 = CIRCLE('',#10840,0.4);
#10840 = AXIS2_PLACEMENT_3D('',#10841,#10842,#10843);
#10841 = CARTESIAN_POINT('',(438.090244,-201.056589,0.));
#10842 = DIRECTION('',(-0.,0.,-1.));
#10843 = DIRECTION('',(-0.,-1.,0.));
#10844 = FACE_BOUND('',#10845,.F.);
#10845 = EDGE_LOOP('',(#10846));
#10846 = ORIENTED_EDGE('',*,*,#10847,.T.);
#10847 = EDGE_CURVE('',#10848,#10848,#10850,.T.);
#10848 = VERTEX_POINT('',#10849);
#10849 = CARTESIAN_POINT('',(440.471496,-201.456589,0.));
#10850 = CIRCLE('',#10851,0.4);
#10851 = AXIS2_PLACEMENT_3D('',#10852,#10853,#10854);
#10852 = CARTESIAN_POINT('',(440.471496,-201.056589,0.));
#10853 = DIRECTION('',(-0.,0.,-1.));
#10854 = DIRECTION('',(-0.,-1.,0.));
#10855 = FACE_BOUND('',#10856,.F.);
#10856 = EDGE_LOOP('',(#10857));
#10857 = ORIENTED_EDGE('',*,*,#10858,.T.);
#10858 = EDGE_CURVE('',#10859,#10859,#10861,.T.);
#10859 = VERTEX_POINT('',#10860);
#10860 = CARTESIAN_POINT('',(402.37125,-201.985,0.));
#10861 = CIRCLE('',#10862,2.);
#10862 = AXIS2_PLACEMENT_3D('',#10863,#10864,#10865);
#10863 = CARTESIAN_POINT('',(402.37125,-199.985,0.));
#10864 = DIRECTION('',(-0.,0.,-1.));
#10865 = DIRECTION('',(-0.,-1.,0.));
#10866 = FACE_BOUND('',#10867,.F.);
#10867 = EDGE_LOOP('',(#10868));
#10868 = ORIENTED_EDGE('',*,*,#10869,.T.);
#10869 = EDGE_CURVE('',#10870,#10870,#10872,.T.);
#10870 = VERTEX_POINT('',#10871);
#10871 = CARTESIAN_POINT('',(407.45125,-200.86,0.));
#10872 = CIRCLE('',#10873,0.875);
#10873 = AXIS2_PLACEMENT_3D('',#10874,#10875,#10876);
#10874 = CARTESIAN_POINT('',(407.45125,-199.985,0.));
#10875 = DIRECTION('',(-0.,0.,-1.));
#10876 = DIRECTION('',(-0.,-1.,0.));
#10877 = FACE_BOUND('',#10878,.F.);
#10878 = EDGE_LOOP('',(#10879));
#10879 = ORIENTED_EDGE('',*,*,#10880,.T.);
#10880 = EDGE_CURVE('',#10881,#10881,#10883,.T.);
#10881 = VERTEX_POINT('',#10882);
#10882 = CARTESIAN_POINT('',(404.91125,-195.655,0.));
#10883 = CIRCLE('',#10884,0.75);
#10884 = AXIS2_PLACEMENT_3D('',#10885,#10886,#10887);
#10885 = CARTESIAN_POINT('',(404.91125,-194.905,0.));
#10886 = DIRECTION('',(-0.,0.,-1.));
#10887 = DIRECTION('',(-0.,-1.,0.));
#10888 = FACE_BOUND('',#10889,.F.);
#10889 = EDGE_LOOP('',(#10890));
#10890 = ORIENTED_EDGE('',*,*,#10891,.T.);
#10891 = EDGE_CURVE('',#10892,#10892,#10894,.T.);
#10892 = VERTEX_POINT('',#10893);
#10893 = CARTESIAN_POINT('',(421.42148,-193.836589,0.));
#10894 = CIRCLE('',#10895,0.4);
#10895 = AXIS2_PLACEMENT_3D('',#10896,#10897,#10898);
#10896 = CARTESIAN_POINT('',(421.42148,-193.436589,0.));
#10897 = DIRECTION('',(-0.,0.,-1.));
#10898 = DIRECTION('',(-0.,-1.,0.));
#10899 = FACE_BOUND('',#10900,.F.);
#10900 = EDGE_LOOP('',(#10901));
#10901 = ORIENTED_EDGE('',*,*,#10902,.T.);
#10902 = EDGE_CURVE('',#10903,#10903,#10905,.T.);
#10903 = VERTEX_POINT('',#10904);
#10904 = CARTESIAN_POINT('',(423.802732,-193.836589,0.));
#10905 = CIRCLE('',#10906,0.4);
#10906 = AXIS2_PLACEMENT_3D('',#10907,#10908,#10909);
#10907 = CARTESIAN_POINT('',(423.802732,-193.436589,0.));
#10908 = DIRECTION('',(-0.,0.,-1.));
#10909 = DIRECTION('',(-0.,-1.,0.));
#10910 = FACE_BOUND('',#10911,.F.);
#10911 = EDGE_LOOP('',(#10912));
#10912 = ORIENTED_EDGE('',*,*,#10913,.T.);
#10913 = EDGE_CURVE('',#10914,#10914,#10916,.T.);
#10914 = VERTEX_POINT('',#10915);
#10915 = CARTESIAN_POINT('',(426.183984,-193.836589,0.));
#10916 = CIRCLE('',#10917,0.4);
#10917 = AXIS2_PLACEMENT_3D('',#10918,#10919,#10920);
#10918 = CARTESIAN_POINT('',(426.183984,-193.436589,0.));
#10919 = DIRECTION('',(-0.,0.,-1.));
#10920 = DIRECTION('',(-0.,-1.,0.));
#10921 = FACE_BOUND('',#10922,.F.);
#10922 = EDGE_LOOP('',(#10923));
#10923 = ORIENTED_EDGE('',*,*,#10924,.T.);
#10924 = EDGE_CURVE('',#10925,#10925,#10927,.T.);
#10925 = VERTEX_POINT('',#10926);
#10926 = CARTESIAN_POINT('',(428.565236,-193.836589,0.));
#10927 = CIRCLE('',#10928,0.4);
#10928 = AXIS2_PLACEMENT_3D('',#10929,#10930,#10931);
#10929 = CARTESIAN_POINT('',(428.565236,-193.436589,0.));
#10930 = DIRECTION('',(-0.,0.,-1.));
#10931 = DIRECTION('',(-0.,-1.,0.));
#10932 = FACE_BOUND('',#10933,.F.);
#10933 = EDGE_LOOP('',(#10934));
#10934 = ORIENTED_EDGE('',*,*,#10935,.T.);
#10935 = EDGE_CURVE('',#10936,#10936,#10938,.T.);
#10936 = VERTEX_POINT('',#10937);
#10937 = CARTESIAN_POINT('',(430.946488,-193.836589,0.));
#10938 = CIRCLE('',#10939,0.4);
#10939 = AXIS2_PLACEMENT_3D('',#10940,#10941,#10942);
#10940 = CARTESIAN_POINT('',(430.946488,-193.436589,0.));
#10941 = DIRECTION('',(-0.,0.,-1.));
#10942 = DIRECTION('',(-1.42108547152E-13,-1.,0.));
#10943 = FACE_BOUND('',#10944,.F.);
#10944 = EDGE_LOOP('',(#10945));
#10945 = ORIENTED_EDGE('',*,*,#10946,.T.);
#10946 = EDGE_CURVE('',#10947,#10947,#10949,.T.);
#10947 = VERTEX_POINT('',#10948);
#10948 = CARTESIAN_POINT('',(433.32774,-193.836589,0.));
#10949 = CIRCLE('',#10950,0.4);
#10950 = AXIS2_PLACEMENT_3D('',#10951,#10952,#10953);
#10951 = CARTESIAN_POINT('',(433.32774,-193.436589,0.));
#10952 = DIRECTION('',(-0.,0.,-1.));
#10953 = DIRECTION('',(1.42108547152E-13,-1.,-0.));
#10954 = FACE_BOUND('',#10955,.F.);
#10955 = EDGE_LOOP('',(#10956));
#10956 = ORIENTED_EDGE('',*,*,#10957,.T.);
#10957 = EDGE_CURVE('',#10958,#10958,#10960,.T.);
#10958 = VERTEX_POINT('',#10959);
#10959 = CARTESIAN_POINT('',(435.708992,-193.836589,0.));
#10960 = CIRCLE('',#10961,0.4);
#10961 = AXIS2_PLACEMENT_3D('',#10962,#10963,#10964);
#10962 = CARTESIAN_POINT('',(435.708992,-193.436589,0.));
#10963 = DIRECTION('',(-0.,0.,-1.));
#10964 = DIRECTION('',(1.42108547152E-13,-1.,-0.));
#10965 = FACE_BOUND('',#10966,.F.);
#10966 = EDGE_LOOP('',(#10967));
#10967 = ORIENTED_EDGE('',*,*,#10968,.T.);
#10968 = EDGE_CURVE('',#10969,#10969,#10971,.T.);
#10969 = VERTEX_POINT('',#10970);
#10970 = CARTESIAN_POINT('',(438.090244,-193.836589,0.));
#10971 = CIRCLE('',#10972,0.4);
#10972 = AXIS2_PLACEMENT_3D('',#10973,#10974,#10975);
#10973 = CARTESIAN_POINT('',(438.090244,-193.436589,0.));
#10974 = DIRECTION('',(-0.,0.,-1.));
#10975 = DIRECTION('',(-0.,-1.,0.));
#10976 = FACE_BOUND('',#10977,.F.);
#10977 = EDGE_LOOP('',(#10978));
#10978 = ORIENTED_EDGE('',*,*,#10979,.T.);
#10979 = EDGE_CURVE('',#10980,#10980,#10982,.T.);
#10980 = VERTEX_POINT('',#10981);
#10981 = CARTESIAN_POINT('',(440.471496,-193.836589,0.));
#10982 = CIRCLE('',#10983,0.4);
#10983 = AXIS2_PLACEMENT_3D('',#10984,#10985,#10986);
#10984 = CARTESIAN_POINT('',(440.471496,-193.436589,0.));
#10985 = DIRECTION('',(-0.,0.,-1.));
#10986 = DIRECTION('',(-0.,-1.,0.));
#10987 = FACE_BOUND('',#10988,.F.);
#10988 = EDGE_LOOP('',(#10989));
#10989 = ORIENTED_EDGE('',*,*,#10990,.T.);
#10990 = EDGE_CURVE('',#10991,#10991,#10993,.T.);
#10991 = VERTEX_POINT('',#10992);
#10992 = CARTESIAN_POINT('',(285.3725,-181.81,0.));
#10993 = CIRCLE('',#10994,0.875);
#10994 = AXIS2_PLACEMENT_3D('',#10995,#10996,#10997);
#10995 = CARTESIAN_POINT('',(285.3725,-180.935,0.));
#10996 = DIRECTION('',(-0.,0.,-1.));
#10997 = DIRECTION('',(-0.,-1.,0.));
#10998 = FACE_BOUND('',#10999,.F.);
#10999 = EDGE_LOOP('',(#11000));
#11000 = ORIENTED_EDGE('',*,*,#11001,.T.);
#11001 = EDGE_CURVE('',#11002,#11002,#11004,.T.);
#11002 = VERTEX_POINT('',#11003);
#11003 = CARTESIAN_POINT('',(290.4525,-182.935,0.));
#11004 = CIRCLE('',#11005,2.);
#11005 = AXIS2_PLACEMENT_3D('',#11006,#11007,#11008);
#11006 = CARTESIAN_POINT('',(290.4525,-180.935,0.));
#11007 = DIRECTION('',(-0.,0.,-1.));
#11008 = DIRECTION('',(-0.,-1.,0.));
#11009 = FACE_BOUND('',#11010,.F.);
#11010 = EDGE_LOOP('',(#11011));
#11011 = ORIENTED_EDGE('',*,*,#11012,.T.);
#11012 = EDGE_CURVE('',#11013,#11013,#11015,.T.);
#11013 = VERTEX_POINT('',#11014);
#11014 = CARTESIAN_POINT('',(286.6425,-179.145,0.));
#11015 = CIRCLE('',#11016,0.75);
#11016 = AXIS2_PLACEMENT_3D('',#11017,#11018,#11019);
#11017 = CARTESIAN_POINT('',(286.6425,-178.395,0.));
#11018 = DIRECTION('',(-0.,0.,-1.));
#11019 = DIRECTION('',(-0.,-1.,0.));
#11020 = FACE_BOUND('',#11021,.F.);
#11021 = EDGE_LOOP('',(#11022));
#11022 = ORIENTED_EDGE('',*,*,#11023,.T.);
#11023 = EDGE_CURVE('',#11024,#11024,#11026,.T.);
#11024 = VERTEX_POINT('',#11025);
#11025 = CARTESIAN_POINT('',(295.5325,-181.81,0.));
#11026 = CIRCLE('',#11027,0.875);
#11027 = AXIS2_PLACEMENT_3D('',#11028,#11029,#11030);
#11028 = CARTESIAN_POINT('',(295.5325,-180.935,0.));
#11029 = DIRECTION('',(-0.,0.,-1.));
#11030 = DIRECTION('',(-0.,-1.,0.));
#11031 = FACE_BOUND('',#11032,.F.);
#11032 = EDGE_LOOP('',(#11033));
#11033 = ORIENTED_EDGE('',*,*,#11034,.T.);
#11034 = EDGE_CURVE('',#11035,#11035,#11037,.T.);
#11035 = VERTEX_POINT('',#11036);
#11036 = CARTESIAN_POINT('',(292.9925,-176.605,0.));
#11037 = CIRCLE('',#11038,0.75);
#11038 = AXIS2_PLACEMENT_3D('',#11039,#11040,#11041);
#11039 = CARTESIAN_POINT('',(292.9925,-175.855,0.));
#11040 = DIRECTION('',(-0.,0.,-1.));
#11041 = DIRECTION('',(-0.,-1.,0.));
#11042 = FACE_BOUND('',#11043,.F.);
#11043 = EDGE_LOOP('',(#11044));
#11044 = ORIENTED_EDGE('',*,*,#11045,.T.);
#11045 = EDGE_CURVE('',#11046,#11046,#11048,.T.);
#11046 = VERTEX_POINT('',#11047);
#11047 = CARTESIAN_POINT('',(304.4225,-181.81,0.));
#11048 = CIRCLE('',#11049,0.875);
#11049 = AXIS2_PLACEMENT_3D('',#11050,#11051,#11052);
#11050 = CARTESIAN_POINT('',(304.4225,-180.935,0.));
#11051 = DIRECTION('',(-0.,0.,-1.));
#11052 = DIRECTION('',(-0.,-1.,0.));
#11053 = FACE_BOUND('',#11054,.F.);
#11054 = EDGE_LOOP('',(#11055));
#11055 = ORIENTED_EDGE('',*,*,#11056,.T.);
#11056 = EDGE_CURVE('',#11057,#11057,#11059,.T.);
#11057 = VERTEX_POINT('',#11058);
#11058 = CARTESIAN_POINT('',(309.5025,-182.935,0.));
#11059 = CIRCLE('',#11060,2.);
#11060 = AXIS2_PLACEMENT_3D('',#11061,#11062,#11063);
#11061 = CARTESIAN_POINT('',(309.5025,-180.935,0.));
#11062 = DIRECTION('',(-0.,0.,-1.));
#11063 = DIRECTION('',(-0.,-1.,0.));
#11064 = FACE_BOUND('',#11065,.F.);
#11065 = EDGE_LOOP('',(#11066));
#11066 = ORIENTED_EDGE('',*,*,#11067,.T.);
#11067 = EDGE_CURVE('',#11068,#11068,#11070,.T.);
#11068 = VERTEX_POINT('',#11069);
#11069 = CARTESIAN_POINT('',(305.6925,-179.145,0.));
#11070 = CIRCLE('',#11071,0.75);
#11071 = AXIS2_PLACEMENT_3D('',#11072,#11073,#11074);
#11072 = CARTESIAN_POINT('',(305.6925,-178.395,0.));
#11073 = DIRECTION('',(-0.,0.,-1.));
#11074 = DIRECTION('',(-0.,-1.,0.));
#11075 = FACE_BOUND('',#11076,.F.);
#11076 = EDGE_LOOP('',(#11077));
#11077 = ORIENTED_EDGE('',*,*,#11078,.T.);
#11078 = EDGE_CURVE('',#11079,#11079,#11081,.T.);
#11079 = VERTEX_POINT('',#11080);
#11080 = CARTESIAN_POINT('',(314.5825,-181.81,0.));
#11081 = CIRCLE('',#11082,0.875);
#11082 = AXIS2_PLACEMENT_3D('',#11083,#11084,#11085);
#11083 = CARTESIAN_POINT('',(314.5825,-180.935,0.));
#11084 = DIRECTION('',(-0.,0.,-1.));
#11085 = DIRECTION('',(-0.,-1.,0.));
#11086 = FACE_BOUND('',#11087,.F.);
#11087 = EDGE_LOOP('',(#11088));
#11088 = ORIENTED_EDGE('',*,*,#11089,.T.);
#11089 = EDGE_CURVE('',#11090,#11090,#11092,.T.);
#11090 = VERTEX_POINT('',#11091);
#11091 = CARTESIAN_POINT('',(312.0425,-176.605,0.));
#11092 = CIRCLE('',#11093,0.75);
#11093 = AXIS2_PLACEMENT_3D('',#11094,#11095,#11096);
#11094 = CARTESIAN_POINT('',(312.0425,-175.855,0.));
#11095 = DIRECTION('',(-0.,0.,-1.));
#11096 = DIRECTION('',(-0.,-1.,0.));
#11097 = FACE_BOUND('',#11098,.F.);
#11098 = EDGE_LOOP('',(#11099));
#11099 = ORIENTED_EDGE('',*,*,#11100,.T.);
#11100 = EDGE_CURVE('',#11101,#11101,#11103,.T.);
#11101 = VERTEX_POINT('',#11102);
#11102 = CARTESIAN_POINT('',(323.4725,-181.81,0.));
#11103 = CIRCLE('',#11104,0.875);
#11104 = AXIS2_PLACEMENT_3D('',#11105,#11106,#11107);
#11105 = CARTESIAN_POINT('',(323.4725,-180.935,0.));
#11106 = DIRECTION('',(-0.,0.,-1.));
#11107 = DIRECTION('',(-0.,-1.,0.));
#11108 = FACE_BOUND('',#11109,.F.);
#11109 = EDGE_LOOP('',(#11110));
#11110 = ORIENTED_EDGE('',*,*,#11111,.T.);
#11111 = EDGE_CURVE('',#11112,#11112,#11114,.T.);
#11112 = VERTEX_POINT('',#11113);
#11113 = CARTESIAN_POINT('',(328.5525,-182.935,0.));
#11114 = CIRCLE('',#11115,2.);
#11115 = AXIS2_PLACEMENT_3D('',#11116,#11117,#11118);
#11116 = CARTESIAN_POINT('',(328.5525,-180.935,0.));
#11117 = DIRECTION('',(-0.,0.,-1.));
#11118 = DIRECTION('',(-0.,-1.,0.));
#11119 = FACE_BOUND('',#11120,.F.);
#11120 = EDGE_LOOP('',(#11121));
#11121 = ORIENTED_EDGE('',*,*,#11122,.T.);
#11122 = EDGE_CURVE('',#11123,#11123,#11125,.T.);
#11123 = VERTEX_POINT('',#11124);
#11124 = CARTESIAN_POINT('',(324.7425,-179.145,0.));
#11125 = CIRCLE('',#11126,0.75);
#11126 = AXIS2_PLACEMENT_3D('',#11127,#11128,#11129);
#11127 = CARTESIAN_POINT('',(324.7425,-178.395,0.));
#11128 = DIRECTION('',(-0.,0.,-1.));
#11129 = DIRECTION('',(-0.,-1.,0.));
#11130 = FACE_BOUND('',#11131,.F.);
#11131 = EDGE_LOOP('',(#11132));
#11132 = ORIENTED_EDGE('',*,*,#11133,.T.);
#11133 = EDGE_CURVE('',#11134,#11134,#11136,.T.);
#11134 = VERTEX_POINT('',#11135);
#11135 = CARTESIAN_POINT('',(333.6325,-181.81,0.));
#11136 = CIRCLE('',#11137,0.875);
#11137 = AXIS2_PLACEMENT_3D('',#11138,#11139,#11140);
#11138 = CARTESIAN_POINT('',(333.6325,-180.935,0.));
#11139 = DIRECTION('',(-0.,0.,-1.));
#11140 = DIRECTION('',(-0.,-1.,0.));
#11141 = FACE_BOUND('',#11142,.F.);
#11142 = EDGE_LOOP('',(#11143));
#11143 = ORIENTED_EDGE('',*,*,#11144,.T.);
#11144 = EDGE_CURVE('',#11145,#11145,#11147,.T.);
#11145 = VERTEX_POINT('',#11146);
#11146 = CARTESIAN_POINT('',(331.0925,-176.605,0.));
#11147 = CIRCLE('',#11148,0.75);
#11148 = AXIS2_PLACEMENT_3D('',#11149,#11150,#11151);
#11149 = CARTESIAN_POINT('',(331.0925,-175.855,0.));
#11150 = DIRECTION('',(-0.,0.,-1.));
#11151 = DIRECTION('',(-0.,-1.,0.));
#11152 = FACE_BOUND('',#11153,.F.);
#11153 = EDGE_LOOP('',(#11154));
#11154 = ORIENTED_EDGE('',*,*,#11155,.T.);
#11155 = EDGE_CURVE('',#11156,#11156,#11158,.T.);
#11156 = VERTEX_POINT('',#11157);
#11157 = CARTESIAN_POINT('',(342.5225,-181.81,0.));
#11158 = CIRCLE('',#11159,0.875);
#11159 = AXIS2_PLACEMENT_3D('',#11160,#11161,#11162);
#11160 = CARTESIAN_POINT('',(342.5225,-180.935,0.));
#11161 = DIRECTION('',(-0.,0.,-1.));
#11162 = DIRECTION('',(-0.,-1.,0.));
#11163 = FACE_BOUND('',#11164,.F.);
#11164 = EDGE_LOOP('',(#11165));
#11165 = ORIENTED_EDGE('',*,*,#11166,.T.);
#11166 = EDGE_CURVE('',#11167,#11167,#11169,.T.);
#11167 = VERTEX_POINT('',#11168);
#11168 = CARTESIAN_POINT('',(347.6025,-182.935,0.));
#11169 = CIRCLE('',#11170,2.);
#11170 = AXIS2_PLACEMENT_3D('',#11171,#11172,#11173);
#11171 = CARTESIAN_POINT('',(347.6025,-180.935,0.));
#11172 = DIRECTION('',(-0.,0.,-1.));
#11173 = DIRECTION('',(-0.,-1.,0.));
#11174 = FACE_BOUND('',#11175,.F.);
#11175 = EDGE_LOOP('',(#11176));
#11176 = ORIENTED_EDGE('',*,*,#11177,.T.);
#11177 = EDGE_CURVE('',#11178,#11178,#11180,.T.);
#11178 = VERTEX_POINT('',#11179);
#11179 = CARTESIAN_POINT('',(343.7925,-179.145,0.));
#11180 = CIRCLE('',#11181,0.75);
#11181 = AXIS2_PLACEMENT_3D('',#11182,#11183,#11184);
#11182 = CARTESIAN_POINT('',(343.7925,-178.395,0.));
#11183 = DIRECTION('',(-0.,0.,-1.));
#11184 = DIRECTION('',(-0.,-1.,0.));
#11185 = FACE_BOUND('',#11186,.F.);
#11186 = EDGE_LOOP('',(#11187));
#11187 = ORIENTED_EDGE('',*,*,#11188,.T.);
#11188 = EDGE_CURVE('',#11189,#11189,#11191,.T.);
#11189 = VERTEX_POINT('',#11190);
#11190 = CARTESIAN_POINT('',(352.6825,-181.81,0.));
#11191 = CIRCLE('',#11192,0.875);
#11192 = AXIS2_PLACEMENT_3D('',#11193,#11194,#11195);
#11193 = CARTESIAN_POINT('',(352.6825,-180.935,0.));
#11194 = DIRECTION('',(-0.,0.,-1.));
#11195 = DIRECTION('',(-0.,-1.,0.));
#11196 = FACE_BOUND('',#11197,.F.);
#11197 = EDGE_LOOP('',(#11198));
#11198 = ORIENTED_EDGE('',*,*,#11199,.T.);
#11199 = EDGE_CURVE('',#11200,#11200,#11202,.T.);
#11200 = VERTEX_POINT('',#11201);
#11201 = CARTESIAN_POINT('',(361.5725,-181.81,0.));
#11202 = CIRCLE('',#11203,0.875);
#11203 = AXIS2_PLACEMENT_3D('',#11204,#11205,#11206);
#11204 = CARTESIAN_POINT('',(361.5725,-180.935,0.));
#11205 = DIRECTION('',(-0.,0.,-1.));
#11206 = DIRECTION('',(-0.,-1.,0.));
#11207 = FACE_BOUND('',#11208,.F.);
#11208 = EDGE_LOOP('',(#11209));
#11209 = ORIENTED_EDGE('',*,*,#11210,.T.);
#11210 = EDGE_CURVE('',#11211,#11211,#11213,.T.);
#11211 = VERTEX_POINT('',#11212);
#11212 = CARTESIAN_POINT('',(350.1425,-176.605,0.));
#11213 = CIRCLE('',#11214,0.75);
#11214 = AXIS2_PLACEMENT_3D('',#11215,#11216,#11217);
#11215 = CARTESIAN_POINT('',(350.1425,-175.855,0.));
#11216 = DIRECTION('',(-0.,0.,-1.));
#11217 = DIRECTION('',(-0.,-1.,0.));
#11218 = FACE_BOUND('',#11219,.F.);
#11219 = EDGE_LOOP('',(#11220));
#11220 = ORIENTED_EDGE('',*,*,#11221,.T.);
#11221 = EDGE_CURVE('',#11222,#11222,#11224,.T.);
#11222 = VERTEX_POINT('',#11223);
#11223 = CARTESIAN_POINT('',(299.66,-162.76,0.));
#11224 = CIRCLE('',#11225,0.875);
#11225 = AXIS2_PLACEMENT_3D('',#11226,#11227,#11228);
#11226 = CARTESIAN_POINT('',(299.66,-161.885,0.));
#11227 = DIRECTION('',(-0.,0.,-1.));
#11228 = DIRECTION('',(-0.,-1.,0.));
#11229 = FACE_BOUND('',#11230,.F.);
#11230 = EDGE_LOOP('',(#11231));
#11231 = ORIENTED_EDGE('',*,*,#11232,.T.);
#11232 = EDGE_CURVE('',#11233,#11233,#11235,.T.);
#11233 = VERTEX_POINT('',#11234);
#11234 = CARTESIAN_POINT('',(300.93,-160.095,0.));
#11235 = CIRCLE('',#11236,0.75);
#11236 = AXIS2_PLACEMENT_3D('',#11237,#11238,#11239);
#11237 = CARTESIAN_POINT('',(300.93,-159.345,0.));
#11238 = DIRECTION('',(-0.,0.,-1.));
#11239 = DIRECTION('',(-0.,-1.,0.));
#11240 = FACE_BOUND('',#11241,.F.);
#11241 = EDGE_LOOP('',(#11242));
#11242 = ORIENTED_EDGE('',*,*,#11243,.T.);
#11243 = EDGE_CURVE('',#11244,#11244,#11246,.T.);
#11244 = VERTEX_POINT('',#11245);
#11245 = CARTESIAN_POINT('',(304.74,-163.885,0.));
#11246 = CIRCLE('',#11247,2.);
#11247 = AXIS2_PLACEMENT_3D('',#11248,#11249,#11250);
#11248 = CARTESIAN_POINT('',(304.74,-161.885,0.));
#11249 = DIRECTION('',(-0.,0.,-1.));
#11250 = DIRECTION('',(-0.,-1.,0.));
#11251 = FACE_BOUND('',#11252,.F.);
#11252 = EDGE_LOOP('',(#11253));
#11253 = ORIENTED_EDGE('',*,*,#11254,.T.);
#11254 = EDGE_CURVE('',#11255,#11255,#11257,.T.);
#11255 = VERTEX_POINT('',#11256);
#11256 = CARTESIAN_POINT('',(309.82,-162.76,0.));
#11257 = CIRCLE('',#11258,0.875);
#11258 = AXIS2_PLACEMENT_3D('',#11259,#11260,#11261);
#11259 = CARTESIAN_POINT('',(309.82,-161.885,0.));
#11260 = DIRECTION('',(-0.,0.,-1.));
#11261 = DIRECTION('',(-0.,-1.,0.));
#11262 = FACE_BOUND('',#11263,.F.);
#11263 = EDGE_LOOP('',(#11264));
#11264 = ORIENTED_EDGE('',*,*,#11265,.T.);
#11265 = EDGE_CURVE('',#11266,#11266,#11268,.T.);
#11266 = VERTEX_POINT('',#11267);
#11267 = CARTESIAN_POINT('',(318.71,-162.76,0.));
#11268 = CIRCLE('',#11269,0.875);
#11269 = AXIS2_PLACEMENT_3D('',#11270,#11271,#11272);
#11270 = CARTESIAN_POINT('',(318.71,-161.885,0.));
#11271 = DIRECTION('',(-0.,0.,-1.));
#11272 = DIRECTION('',(-0.,-1.,0.));
#11273 = FACE_BOUND('',#11274,.F.);
#11274 = EDGE_LOOP('',(#11275));
#11275 = ORIENTED_EDGE('',*,*,#11276,.T.);
#11276 = EDGE_CURVE('',#11277,#11277,#11279,.T.);
#11277 = VERTEX_POINT('',#11278);
#11278 = CARTESIAN_POINT('',(319.98,-160.095,0.));
#11279 = CIRCLE('',#11280,0.75);
#11280 = AXIS2_PLACEMENT_3D('',#11281,#11282,#11283);
#11281 = CARTESIAN_POINT('',(319.98,-159.345,0.));
#11282 = DIRECTION('',(-0.,0.,-1.));
#11283 = DIRECTION('',(-0.,-1.,0.));
#11284 = FACE_BOUND('',#11285,.F.);
#11285 = EDGE_LOOP('',(#11286));
#11286 = ORIENTED_EDGE('',*,*,#11287,.T.);
#11287 = EDGE_CURVE('',#11288,#11288,#11290,.T.);
#11288 = VERTEX_POINT('',#11289);
#11289 = CARTESIAN_POINT('',(307.28,-157.555,0.));
#11290 = CIRCLE('',#11291,0.75);
#11291 = AXIS2_PLACEMENT_3D('',#11292,#11293,#11294);
#11292 = CARTESIAN_POINT('',(307.28,-156.805,0.));
#11293 = DIRECTION('',(-0.,0.,-1.));
#11294 = DIRECTION('',(-0.,-1.,0.));
#11295 = FACE_BOUND('',#11296,.F.);
#11296 = EDGE_LOOP('',(#11297));
#11297 = ORIENTED_EDGE('',*,*,#11298,.F.);
#11298 = EDGE_CURVE('',#11299,#11299,#11301,.T.);
#11299 = VERTEX_POINT('',#11300);
#11300 = CARTESIAN_POINT('',(315.455766,-154.741244,0.));
#11301 = CIRCLE('',#11302,1.190626);
#11302 = AXIS2_PLACEMENT_3D('',#11303,#11304,#11305);
#11303 = CARTESIAN_POINT('',(314.26514,-154.741244,0.));
#11304 = DIRECTION('',(0.,0.,1.));
#11305 = DIRECTION('',(1.,0.,0.));
#11306 = FACE_BOUND('',#11307,.F.);
#11307 = EDGE_LOOP('',(#11308));
#11308 = ORIENTED_EDGE('',*,*,#11309,.T.);
#11309 = EDGE_CURVE('',#11310,#11310,#11312,.T.);
#11310 = VERTEX_POINT('',#11311);
#11311 = CARTESIAN_POINT('',(323.79,-163.885,0.));
#11312 = CIRCLE('',#11313,2.);
#11313 = AXIS2_PLACEMENT_3D('',#11314,#11315,#11316);
#11314 = CARTESIAN_POINT('',(323.79,-161.885,0.));
#11315 = DIRECTION('',(-0.,0.,-1.));
#11316 = DIRECTION('',(-0.,-1.,0.));
#11317 = FACE_BOUND('',#11318,.F.);
#11318 = EDGE_LOOP('',(#11319));
#11319 = ORIENTED_EDGE('',*,*,#11320,.T.);
#11320 = EDGE_CURVE('',#11321,#11321,#11323,.T.);
#11321 = VERTEX_POINT('',#11322);
#11322 = CARTESIAN_POINT('',(328.87,-162.76,0.));
#11323 = CIRCLE('',#11324,0.875);
#11324 = AXIS2_PLACEMENT_3D('',#11325,#11326,#11327);
#11325 = CARTESIAN_POINT('',(328.87,-161.885,0.));
#11326 = DIRECTION('',(-0.,0.,-1.));
#11327 = DIRECTION('',(-0.,-1.,0.));
#11328 = FACE_BOUND('',#11329,.F.);
#11329 = EDGE_LOOP('',(#11330));
#11330 = ORIENTED_EDGE('',*,*,#11331,.T.);
#11331 = EDGE_CURVE('',#11332,#11332,#11334,.T.);
#11332 = VERTEX_POINT('',#11333);
#11333 = CARTESIAN_POINT('',(337.76,-162.76,0.));
#11334 = CIRCLE('',#11335,0.875);
#11335 = AXIS2_PLACEMENT_3D('',#11336,#11337,#11338);
#11336 = CARTESIAN_POINT('',(337.76,-161.885,0.));
#11337 = DIRECTION('',(-0.,0.,-1.));
#11338 = DIRECTION('',(-0.,-1.,0.));
#11339 = FACE_BOUND('',#11340,.F.);
#11340 = EDGE_LOOP('',(#11341));
#11341 = ORIENTED_EDGE('',*,*,#11342,.T.);
#11342 = EDGE_CURVE('',#11343,#11343,#11345,.T.);
#11343 = VERTEX_POINT('',#11344);
#11344 = CARTESIAN_POINT('',(339.03,-160.095,0.));
#11345 = CIRCLE('',#11346,0.75);
#11346 = AXIS2_PLACEMENT_3D('',#11347,#11348,#11349);
#11347 = CARTESIAN_POINT('',(339.03,-159.345,0.));
#11348 = DIRECTION('',(-0.,0.,-1.));
#11349 = DIRECTION('',(-0.,-1.,0.));
#11350 = FACE_BOUND('',#11351,.F.);
#11351 = EDGE_LOOP('',(#11352));
#11352 = ORIENTED_EDGE('',*,*,#11353,.T.);
#11353 = EDGE_CURVE('',#11354,#11354,#11356,.T.);
#11354 = VERTEX_POINT('',#11355);
#11355 = CARTESIAN_POINT('',(326.33,-157.555,0.));
#11356 = CIRCLE('',#11357,0.75);
#11357 = AXIS2_PLACEMENT_3D('',#11358,#11359,#11360);
#11358 = CARTESIAN_POINT('',(326.33,-156.805,0.));
#11359 = DIRECTION('',(-0.,0.,-1.));
#11360 = DIRECTION('',(-0.,-1.,0.));
#11361 = FACE_BOUND('',#11362,.F.);
#11362 = EDGE_LOOP('',(#11363));
#11363 = ORIENTED_EDGE('',*,*,#11364,.T.);
#11364 = EDGE_CURVE('',#11365,#11365,#11367,.T.);
#11365 = VERTEX_POINT('',#11366);
#11366 = CARTESIAN_POINT('',(342.84,-163.885,0.));
#11367 = CIRCLE('',#11368,2.);
#11368 = AXIS2_PLACEMENT_3D('',#11369,#11370,#11371);
#11369 = CARTESIAN_POINT('',(342.84,-161.885,0.));
#11370 = DIRECTION('',(-0.,0.,-1.));
#11371 = DIRECTION('',(-0.,-1.,0.));
#11372 = FACE_BOUND('',#11373,.F.);
#11373 = EDGE_LOOP('',(#11374));
#11374 = ORIENTED_EDGE('',*,*,#11375,.T.);
#11375 = EDGE_CURVE('',#11376,#11376,#11378,.T.);
#11376 = VERTEX_POINT('',#11377);
#11377 = CARTESIAN_POINT('',(347.92,-162.76,0.));
#11378 = CIRCLE('',#11379,0.875);
#11379 = AXIS2_PLACEMENT_3D('',#11380,#11381,#11382);
#11380 = CARTESIAN_POINT('',(347.92,-161.885,0.));
#11381 = DIRECTION('',(-0.,0.,-1.));
#11382 = DIRECTION('',(-0.,-1.,0.));
#11383 = FACE_BOUND('',#11384,.F.);
#11384 = EDGE_LOOP('',(#11385));
#11385 = ORIENTED_EDGE('',*,*,#11386,.T.);
#11386 = EDGE_CURVE('',#11387,#11387,#11389,.T.);
#11387 = VERTEX_POINT('',#11388);
#11388 = CARTESIAN_POINT('',(356.81,-162.76,0.));
#11389 = CIRCLE('',#11390,0.875);
#11390 = AXIS2_PLACEMENT_3D('',#11391,#11392,#11393);
#11391 = CARTESIAN_POINT('',(356.81,-161.885,0.));
#11392 = DIRECTION('',(-0.,0.,-1.));
#11393 = DIRECTION('',(-0.,-1.,0.));
#11394 = FACE_BOUND('',#11395,.F.);
#11395 = EDGE_LOOP('',(#11396));
#11396 = ORIENTED_EDGE('',*,*,#11397,.T.);
#11397 = EDGE_CURVE('',#11398,#11398,#11400,.T.);
#11398 = VERTEX_POINT('',#11399);
#11399 = CARTESIAN_POINT('',(358.08,-160.095,0.));
#11400 = CIRCLE('',#11401,0.75);
#11401 = AXIS2_PLACEMENT_3D('',#11402,#11403,#11404);
#11402 = CARTESIAN_POINT('',(358.08,-159.345,0.));
#11403 = DIRECTION('',(-0.,0.,-1.));
#11404 = DIRECTION('',(-0.,-1.,0.));
#11405 = FACE_BOUND('',#11406,.F.);
#11406 = EDGE_LOOP('',(#11407));
#11407 = ORIENTED_EDGE('',*,*,#11408,.T.);
#11408 = EDGE_CURVE('',#11409,#11409,#11411,.T.);
#11409 = VERTEX_POINT('',#11410);
#11410 = CARTESIAN_POINT('',(345.38,-157.555,0.));
#11411 = CIRCLE('',#11412,0.75);
#11412 = AXIS2_PLACEMENT_3D('',#11413,#11414,#11415);
#11413 = CARTESIAN_POINT('',(345.38,-156.805,0.));
#11414 = DIRECTION('',(-0.,0.,-1.));
#11415 = DIRECTION('',(-0.,-1.,0.));
#11416 = FACE_BOUND('',#11417,.F.);
#11417 = EDGE_LOOP('',(#11418));
#11418 = ORIENTED_EDGE('',*,*,#11419,.T.);
#11419 = EDGE_CURVE('',#11420,#11420,#11422,.T.);
#11420 = VERTEX_POINT('',#11421);
#11421 = CARTESIAN_POINT('',(366.6525,-182.935,0.));
#11422 = CIRCLE('',#11423,2.);
#11423 = AXIS2_PLACEMENT_3D('',#11424,#11425,#11426);
#11424 = CARTESIAN_POINT('',(366.6525,-180.935,0.));
#11425 = DIRECTION('',(-0.,0.,-1.));
#11426 = DIRECTION('',(-0.,-1.,0.));
#11427 = FACE_BOUND('',#11428,.F.);
#11428 = EDGE_LOOP('',(#11429));
#11429 = ORIENTED_EDGE('',*,*,#11430,.T.);
#11430 = EDGE_CURVE('',#11431,#11431,#11433,.T.);
#11431 = VERTEX_POINT('',#11432);
#11432 = CARTESIAN_POINT('',(362.8425,-179.145,0.));
#11433 = CIRCLE('',#11434,0.75);
#11434 = AXIS2_PLACEMENT_3D('',#11435,#11436,#11437);
#11435 = CARTESIAN_POINT('',(362.8425,-178.395,0.));
#11436 = DIRECTION('',(-0.,0.,-1.));
#11437 = DIRECTION('',(-0.,-1.,0.));
#11438 = FACE_BOUND('',#11439,.F.);
#11439 = EDGE_LOOP('',(#11440));
#11440 = ORIENTED_EDGE('',*,*,#11441,.T.);
#11441 = EDGE_CURVE('',#11442,#11442,#11444,.T.);
#11442 = VERTEX_POINT('',#11443);
#11443 = CARTESIAN_POINT('',(371.7325,-181.81,0.));
#11444 = CIRCLE('',#11445,0.875);
#11445 = AXIS2_PLACEMENT_3D('',#11446,#11447,#11448);
#11446 = CARTESIAN_POINT('',(371.7325,-180.935,0.));
#11447 = DIRECTION('',(-0.,0.,-1.));
#11448 = DIRECTION('',(-0.,-1.,0.));
#11449 = FACE_BOUND('',#11450,.F.);
#11450 = EDGE_LOOP('',(#11451));
#11451 = ORIENTED_EDGE('',*,*,#11452,.T.);
#11452 = EDGE_CURVE('',#11453,#11453,#11455,.T.);
#11453 = VERTEX_POINT('',#11454);
#11454 = CARTESIAN_POINT('',(380.6225,-181.81,0.));
#11455 = CIRCLE('',#11456,0.875);
#11456 = AXIS2_PLACEMENT_3D('',#11457,#11458,#11459);
#11457 = CARTESIAN_POINT('',(380.6225,-180.935,0.));
#11458 = DIRECTION('',(-0.,0.,-1.));
#11459 = DIRECTION('',(-0.,-1.,0.));
#11460 = FACE_BOUND('',#11461,.F.);
#11461 = EDGE_LOOP('',(#11462));
#11462 = ORIENTED_EDGE('',*,*,#11463,.T.);
#11463 = EDGE_CURVE('',#11464,#11464,#11466,.T.);
#11464 = VERTEX_POINT('',#11465);
#11465 = CARTESIAN_POINT('',(369.1925,-176.605,0.));
#11466 = CIRCLE('',#11467,0.75);
#11467 = AXIS2_PLACEMENT_3D('',#11468,#11469,#11470);
#11468 = CARTESIAN_POINT('',(369.1925,-175.855,0.));
#11469 = DIRECTION('',(-0.,0.,-1.));
#11470 = DIRECTION('',(-0.,-1.,0.));
#11471 = FACE_BOUND('',#11472,.F.);
#11472 = EDGE_LOOP('',(#11473));
#11473 = ORIENTED_EDGE('',*,*,#11474,.T.);
#11474 = EDGE_CURVE('',#11475,#11475,#11477,.T.);
#11475 = VERTEX_POINT('',#11476);
#11476 = CARTESIAN_POINT('',(385.7025,-182.935,0.));
#11477 = CIRCLE('',#11478,2.);
#11478 = AXIS2_PLACEMENT_3D('',#11479,#11480,#11481);
#11479 = CARTESIAN_POINT('',(385.7025,-180.935,0.));
#11480 = DIRECTION('',(-0.,0.,-1.));
#11481 = DIRECTION('',(-0.,-1.,0.));
#11482 = FACE_BOUND('',#11483,.F.);
#11483 = EDGE_LOOP('',(#11484));
#11484 = ORIENTED_EDGE('',*,*,#11485,.T.);
#11485 = EDGE_CURVE('',#11486,#11486,#11488,.T.);
#11486 = VERTEX_POINT('',#11487);
#11487 = CARTESIAN_POINT('',(390.7825,-181.81,0.));
#11488 = CIRCLE('',#11489,0.875);
#11489 = AXIS2_PLACEMENT_3D('',#11490,#11491,#11492);
#11490 = CARTESIAN_POINT('',(390.7825,-180.935,0.));
#11491 = DIRECTION('',(-0.,0.,-1.));
#11492 = DIRECTION('',(-0.,-1.,0.));
#11493 = FACE_BOUND('',#11494,.F.);
#11494 = EDGE_LOOP('',(#11495));
#11495 = ORIENTED_EDGE('',*,*,#11496,.T.);
#11496 = EDGE_CURVE('',#11497,#11497,#11499,.T.);
#11497 = VERTEX_POINT('',#11498);
#11498 = CARTESIAN_POINT('',(381.8925,-179.145,0.));
#11499 = CIRCLE('',#11500,0.75);
#11500 = AXIS2_PLACEMENT_3D('',#11501,#11502,#11503);
#11501 = CARTESIAN_POINT('',(381.8925,-178.395,0.));
#11502 = DIRECTION('',(-0.,0.,-1.));
#11503 = DIRECTION('',(-0.,-1.,0.));
#11504 = FACE_BOUND('',#11505,.F.);
#11505 = EDGE_LOOP('',(#11506));
#11506 = ORIENTED_EDGE('',*,*,#11507,.T.);
#11507 = EDGE_CURVE('',#11508,#11508,#11510,.T.);
#11508 = VERTEX_POINT('',#11509);
#11509 = CARTESIAN_POINT('',(388.2425,-176.605,0.));
#11510 = CIRCLE('',#11511,0.75);
#11511 = AXIS2_PLACEMENT_3D('',#11512,#11513,#11514);
#11512 = CARTESIAN_POINT('',(388.2425,-175.855,0.));
#11513 = DIRECTION('',(-0.,0.,-1.));
#11514 = DIRECTION('',(-0.,-1.,0.));
#11515 = FACE_BOUND('',#11516,.F.);
#11516 = EDGE_LOOP('',(#11517));
#11517 = ORIENTED_EDGE('',*,*,#11518,.T.);
#11518 = EDGE_CURVE('',#11519,#11519,#11521,.T.);
#11519 = VERTEX_POINT('',#11520);
#11520 = CARTESIAN_POINT('',(417.7975,-184.565,0.));
#11521 = CIRCLE('',#11522,0.5);
#11522 = AXIS2_PLACEMENT_3D('',#11523,#11524,#11525);
#11523 = CARTESIAN_POINT('',(417.7975,-184.065,0.));
#11524 = DIRECTION('',(-0.,0.,-1.));
#11525 = DIRECTION('',(-0.,-1.,0.));
#11526 = FACE_BOUND('',#11527,.F.);
#11527 = EDGE_LOOP('',(#11528));
#11528 = ORIENTED_EDGE('',*,*,#11529,.T.);
#11529 = EDGE_CURVE('',#11530,#11530,#11532,.T.);
#11530 = VERTEX_POINT('',#11531);
#11531 = CARTESIAN_POINT('',(433.0375,-184.565,0.));
#11532 = CIRCLE('',#11533,0.5);
#11533 = AXIS2_PLACEMENT_3D('',#11534,#11535,#11536);
#11534 = CARTESIAN_POINT('',(433.0375,-184.065,0.));
#11535 = DIRECTION('',(-0.,0.,-1.));
#11536 = DIRECTION('',(-0.,-1.,0.));
#11537 = FACE_BOUND('',#11538,.F.);
#11538 = EDGE_LOOP('',(#11539));
#11539 = ORIENTED_EDGE('',*,*,#11540,.T.);
#11540 = EDGE_CURVE('',#11541,#11541,#11543,.T.);
#11541 = VERTEX_POINT('',#11542);
#11542 = CARTESIAN_POINT('',(402.05375,-181.81,0.));
#11543 = CIRCLE('',#11544,0.875);
#11544 = AXIS2_PLACEMENT_3D('',#11545,#11546,#11547);
#11545 = CARTESIAN_POINT('',(402.05375,-180.935,0.));
#11546 = DIRECTION('',(-0.,0.,-1.));
#11547 = DIRECTION('',(-0.,-1.,0.));
#11548 = FACE_BOUND('',#11549,.F.);
#11549 = EDGE_LOOP('',(#11550));
#11550 = ORIENTED_EDGE('',*,*,#11551,.T.);
#11551 = EDGE_CURVE('',#11552,#11552,#11554,.T.);
#11552 = VERTEX_POINT('',#11553);
#11553 = CARTESIAN_POINT('',(407.13375,-182.935,0.));
#11554 = CIRCLE('',#11555,2.);
#11555 = AXIS2_PLACEMENT_3D('',#11556,#11557,#11558);
#11556 = CARTESIAN_POINT('',(407.13375,-180.935,0.));
#11557 = DIRECTION('',(-0.,0.,-1.));
#11558 = DIRECTION('',(-0.,-1.,0.));
#11559 = FACE_BOUND('',#11560,.F.);
#11560 = EDGE_LOOP('',(#11561));
#11561 = ORIENTED_EDGE('',*,*,#11562,.T.);
#11562 = EDGE_CURVE('',#11563,#11563,#11565,.T.);
#11563 = VERTEX_POINT('',#11564);
#11564 = CARTESIAN_POINT('',(403.32375,-179.145,0.));
#11565 = CIRCLE('',#11566,0.75);
#11566 = AXIS2_PLACEMENT_3D('',#11567,#11568,#11569);
#11567 = CARTESIAN_POINT('',(403.32375,-178.395,0.));
#11568 = DIRECTION('',(-0.,0.,-1.));
#11569 = DIRECTION('',(-0.,-1.,0.));
#11570 = FACE_BOUND('',#11571,.F.);
#11571 = EDGE_LOOP('',(#11572));
#11572 = ORIENTED_EDGE('',*,*,#11573,.T.);
#11573 = EDGE_CURVE('',#11574,#11574,#11576,.T.);
#11574 = VERTEX_POINT('',#11575);
#11575 = CARTESIAN_POINT('',(412.21375,-181.81,0.));
#11576 = CIRCLE('',#11577,0.875);
#11577 = AXIS2_PLACEMENT_3D('',#11578,#11579,#11580);
#11578 = CARTESIAN_POINT('',(412.21375,-180.935,0.));
#11579 = DIRECTION('',(-0.,0.,-1.));
#11580 = DIRECTION('',(-0.,-1.,0.));
#11581 = FACE_BOUND('',#11582,.F.);
#11582 = EDGE_LOOP('',(#11583));
#11583 = ORIENTED_EDGE('',*,*,#11584,.T.);
#11584 = EDGE_CURVE('',#11585,#11585,#11587,.T.);
#11585 = VERTEX_POINT('',#11586);
#11586 = CARTESIAN_POINT('',(417.7975,-182.025,0.));
#11587 = CIRCLE('',#11588,0.5);
#11588 = AXIS2_PLACEMENT_3D('',#11589,#11590,#11591);
#11589 = CARTESIAN_POINT('',(417.7975,-181.525,0.));
#11590 = DIRECTION('',(-0.,0.,-1.));
#11591 = DIRECTION('',(-0.,-1.,0.));
#11592 = FACE_BOUND('',#11593,.F.);
#11593 = EDGE_LOOP('',(#11594));
#11594 = ORIENTED_EDGE('',*,*,#11595,.T.);
#11595 = EDGE_CURVE('',#11596,#11596,#11598,.T.);
#11596 = VERTEX_POINT('',#11597);
#11597 = CARTESIAN_POINT('',(417.7975,-179.485,0.));
#11598 = CIRCLE('',#11599,0.5);
#11599 = AXIS2_PLACEMENT_3D('',#11600,#11601,#11602);
#11600 = CARTESIAN_POINT('',(417.7975,-178.985,0.));
#11601 = DIRECTION('',(-0.,0.,-1.));
#11602 = DIRECTION('',(-0.,-1.,0.));
#11603 = FACE_BOUND('',#11604,.F.);
#11604 = EDGE_LOOP('',(#11605));
#11605 = ORIENTED_EDGE('',*,*,#11606,.T.);
#11606 = EDGE_CURVE('',#11607,#11607,#11609,.T.);
#11607 = VERTEX_POINT('',#11608);
#11608 = CARTESIAN_POINT('',(409.67375,-176.605,0.));
#11609 = CIRCLE('',#11610,0.75);
#11610 = AXIS2_PLACEMENT_3D('',#11611,#11612,#11613);
#11611 = CARTESIAN_POINT('',(409.67375,-175.855,0.));
#11612 = DIRECTION('',(-0.,0.,-1.));
#11613 = DIRECTION('',(-0.,-1.,0.));
#11614 = FACE_BOUND('',#11615,.F.);
#11615 = EDGE_LOOP('',(#11616));
#11616 = ORIENTED_EDGE('',*,*,#11617,.T.);
#11617 = EDGE_CURVE('',#11618,#11618,#11620,.T.);
#11618 = VERTEX_POINT('',#11619);
#11619 = CARTESIAN_POINT('',(417.7975,-176.945,0.));
#11620 = CIRCLE('',#11621,0.5);
#11621 = AXIS2_PLACEMENT_3D('',#11622,#11623,#11624);
#11622 = CARTESIAN_POINT('',(417.7975,-176.445,0.));
#11623 = DIRECTION('',(-0.,0.,-1.));
#11624 = DIRECTION('',(-0.,-1.,0.));
#11625 = FACE_BOUND('',#11626,.F.);
#11626 = EDGE_LOOP('',(#11627));
#11627 = ORIENTED_EDGE('',*,*,#11628,.T.);
#11628 = EDGE_CURVE('',#11629,#11629,#11631,.T.);
#11629 = VERTEX_POINT('',#11630);
#11630 = CARTESIAN_POINT('',(417.7975,-174.405,0.));
#11631 = CIRCLE('',#11632,0.5);
#11632 = AXIS2_PLACEMENT_3D('',#11633,#11634,#11635);
#11633 = CARTESIAN_POINT('',(417.7975,-173.905,0.));
#11634 = DIRECTION('',(-0.,0.,-1.));
#11635 = DIRECTION('',(-0.,-1.,0.));
#11636 = FACE_BOUND('',#11637,.F.);
#11637 = EDGE_LOOP('',(#11638));
#11638 = ORIENTED_EDGE('',*,*,#11639,.T.);
#11639 = EDGE_CURVE('',#11640,#11640,#11642,.T.);
#11640 = VERTEX_POINT('',#11641);
#11641 = CARTESIAN_POINT('',(433.0375,-182.025,0.));
#11642 = CIRCLE('',#11643,0.5);
#11643 = AXIS2_PLACEMENT_3D('',#11644,#11645,#11646);
#11644 = CARTESIAN_POINT('',(433.0375,-181.525,0.));
#11645 = DIRECTION('',(-0.,0.,-1.));
#11646 = DIRECTION('',(-0.,-1.,0.));
#11647 = FACE_BOUND('',#11648,.F.);
#11648 = EDGE_LOOP('',(#11649));
#11649 = ORIENTED_EDGE('',*,*,#11650,.T.);
#11650 = EDGE_CURVE('',#11651,#11651,#11653,.T.);
#11651 = VERTEX_POINT('',#11652);
#11652 = CARTESIAN_POINT('',(433.0375,-179.485,0.));
#11653 = CIRCLE('',#11654,0.5);
#11654 = AXIS2_PLACEMENT_3D('',#11655,#11656,#11657);
#11655 = CARTESIAN_POINT('',(433.0375,-178.985,0.));
#11656 = DIRECTION('',(-0.,0.,-1.));
#11657 = DIRECTION('',(-0.,-1.,0.));
#11658 = FACE_BOUND('',#11659,.F.);
#11659 = EDGE_LOOP('',(#11660));
#11660 = ORIENTED_EDGE('',*,*,#11661,.T.);
#11661 = EDGE_CURVE('',#11662,#11662,#11664,.T.);
#11662 = VERTEX_POINT('',#11663);
#11663 = CARTESIAN_POINT('',(433.0375,-176.945,0.));
#11664 = CIRCLE('',#11665,0.5);
#11665 = AXIS2_PLACEMENT_3D('',#11666,#11667,#11668);
#11666 = CARTESIAN_POINT('',(433.0375,-176.445,0.));
#11667 = DIRECTION('',(-0.,0.,-1.));
#11668 = DIRECTION('',(-0.,-1.,0.));
#11669 = FACE_BOUND('',#11670,.F.);
#11670 = EDGE_LOOP('',(#11671));
#11671 = ORIENTED_EDGE('',*,*,#11672,.T.);
#11672 = EDGE_CURVE('',#11673,#11673,#11675,.T.);
#11673 = VERTEX_POINT('',#11674);
#11674 = CARTESIAN_POINT('',(433.0375,-174.405,0.));
#11675 = CIRCLE('',#11676,0.5);
#11676 = AXIS2_PLACEMENT_3D('',#11677,#11678,#11679);
#11677 = CARTESIAN_POINT('',(433.0375,-173.905,0.));
#11678 = DIRECTION('',(-0.,0.,-1.));
#11679 = DIRECTION('',(-0.,-1.,0.));
#11680 = FACE_BOUND('',#11681,.F.);
#11681 = EDGE_LOOP('',(#11682,#11693,#11701,#11710));
#11682 = ORIENTED_EDGE('',*,*,#11683,.T.);
#11683 = EDGE_CURVE('',#11684,#11686,#11688,.T.);
#11684 = VERTEX_POINT('',#11685);
#11685 = CARTESIAN_POINT('',(395.2575,-162.945,0.));
#11686 = VERTEX_POINT('',#11687);
#11687 = CARTESIAN_POINT('',(396.1575,-162.945,0.));
#11688 = CIRCLE('',#11689,0.45);
#11689 = AXIS2_PLACEMENT_3D('',#11690,#11691,#11692);
#11690 = CARTESIAN_POINT('',(395.7075,-162.945,0.));
#11691 = DIRECTION('',(0.,-0.,-1.));
#11692 = DIRECTION('',(1.,1.263187085796E-13,-0.));
#11693 = ORIENTED_EDGE('',*,*,#11694,.T.);
#11694 = EDGE_CURVE('',#11686,#11695,#11697,.T.);
#11695 = VERTEX_POINT('',#11696);
#11696 = CARTESIAN_POINT('',(396.1575,-163.345,0.));
#11697 = LINE('',#11698,#11699);
#11698 = CARTESIAN_POINT('',(396.1575,-81.6725,0.));
#11699 = VECTOR('',#11700,1.);
#11700 = DIRECTION('',(0.,-1.,0.));
#11701 = ORIENTED_EDGE('',*,*,#11702,.T.);
#11702 = EDGE_CURVE('',#11695,#11703,#11705,.T.);
#11703 = VERTEX_POINT('',#11704);
#11704 = CARTESIAN_POINT('',(395.2575,-163.345,0.));
#11705 = CIRCLE('',#11706,0.45);
#11706 = AXIS2_PLACEMENT_3D('',#11707,#11708,#11709);
#11707 = CARTESIAN_POINT('',(395.7075,-163.345,0.));
#11708 = DIRECTION('',(-0.,0.,-1.));
#11709 = DIRECTION('',(-1.,-1.263187085796E-13,0.));
#11710 = ORIENTED_EDGE('',*,*,#11711,.T.);
#11711 = EDGE_CURVE('',#11703,#11684,#11712,.T.);
#11712 = LINE('',#11713,#11714);
#11713 = CARTESIAN_POINT('',(395.2575,-81.4725,0.));
#11714 = VECTOR('',#11715,1.);
#11715 = DIRECTION('',(-0.,1.,0.));
#11716 = FACE_BOUND('',#11717,.F.);
#11717 = EDGE_LOOP('',(#11718));
#11718 = ORIENTED_EDGE('',*,*,#11719,.T.);
#11719 = EDGE_CURVE('',#11720,#11720,#11722,.T.);
#11720 = VERTEX_POINT('',#11721);
#11721 = CARTESIAN_POINT('',(361.89,-163.885,0.));
#11722 = CIRCLE('',#11723,2.);
#11723 = AXIS2_PLACEMENT_3D('',#11724,#11725,#11726);
#11724 = CARTESIAN_POINT('',(361.89,-161.885,0.));
#11725 = DIRECTION('',(-0.,0.,-1.));
#11726 = DIRECTION('',(-0.,-1.,0.));
#11727 = FACE_BOUND('',#11728,.F.);
#11728 = EDGE_LOOP('',(#11729));
#11729 = ORIENTED_EDGE('',*,*,#11730,.T.);
#11730 = EDGE_CURVE('',#11731,#11731,#11733,.T.);
#11731 = VERTEX_POINT('',#11732);
#11732 = CARTESIAN_POINT('',(366.97,-162.76,0.));
#11733 = CIRCLE('',#11734,0.875);
#11734 = AXIS2_PLACEMENT_3D('',#11735,#11736,#11737);
#11735 = CARTESIAN_POINT('',(366.97,-161.885,0.));
#11736 = DIRECTION('',(-0.,0.,-1.));
#11737 = DIRECTION('',(-0.,-1.,0.));
#11738 = FACE_BOUND('',#11739,.F.);
#11739 = EDGE_LOOP('',(#11740));
#11740 = ORIENTED_EDGE('',*,*,#11741,.T.);
#11741 = EDGE_CURVE('',#11742,#11742,#11744,.T.);
#11742 = VERTEX_POINT('',#11743);
#11743 = CARTESIAN_POINT('',(375.86,-162.76,0.));
#11744 = CIRCLE('',#11745,0.875);
#11745 = AXIS2_PLACEMENT_3D('',#11746,#11747,#11748);
#11746 = CARTESIAN_POINT('',(375.86,-161.885,0.));
#11747 = DIRECTION('',(-0.,0.,-1.));
#11748 = DIRECTION('',(-0.,-1.,0.));
#11749 = FACE_BOUND('',#11750,.F.);
#11750 = EDGE_LOOP('',(#11751));
#11751 = ORIENTED_EDGE('',*,*,#11752,.T.);
#11752 = EDGE_CURVE('',#11753,#11753,#11755,.T.);
#11753 = VERTEX_POINT('',#11754);
#11754 = CARTESIAN_POINT('',(380.94,-163.885,0.));
#11755 = CIRCLE('',#11756,2.);
#11756 = AXIS2_PLACEMENT_3D('',#11757,#11758,#11759);
#11757 = CARTESIAN_POINT('',(380.94,-161.885,0.));
#11758 = DIRECTION('',(-0.,0.,-1.));
#11759 = DIRECTION('',(-0.,-1.,0.));
#11760 = FACE_BOUND('',#11761,.F.);
#11761 = EDGE_LOOP('',(#11762));
#11762 = ORIENTED_EDGE('',*,*,#11763,.T.);
#11763 = EDGE_CURVE('',#11764,#11764,#11766,.T.);
#11764 = VERTEX_POINT('',#11765);
#11765 = CARTESIAN_POINT('',(377.13,-160.095,0.));
#11766 = CIRCLE('',#11767,0.75);
#11767 = AXIS2_PLACEMENT_3D('',#11768,#11769,#11770);
#11768 = CARTESIAN_POINT('',(377.13,-159.345,0.));
#11769 = DIRECTION('',(-0.,0.,-1.));
#11770 = DIRECTION('',(-0.,-1.,0.));
#11771 = FACE_BOUND('',#11772,.F.);
#11772 = EDGE_LOOP('',(#11773));
#11773 = ORIENTED_EDGE('',*,*,#11774,.T.);
#11774 = EDGE_CURVE('',#11775,#11775,#11777,.T.);
#11775 = VERTEX_POINT('',#11776);
#11776 = CARTESIAN_POINT('',(364.43,-157.555,0.));
#11777 = CIRCLE('',#11778,0.75);
#11778 = AXIS2_PLACEMENT_3D('',#11779,#11780,#11781);
#11779 = CARTESIAN_POINT('',(364.43,-156.805,0.));
#11780 = DIRECTION('',(-0.,0.,-1.));
#11781 = DIRECTION('',(-0.,-1.,0.));
#11782 = FACE_BOUND('',#11783,.F.);
#11783 = EDGE_LOOP('',(#11784));
#11784 = ORIENTED_EDGE('',*,*,#11785,.T.);
#11785 = EDGE_CURVE('',#11786,#11786,#11788,.T.);
#11786 = VERTEX_POINT('',#11787);
#11787 = CARTESIAN_POINT('',(386.02,-162.76,0.));
#11788 = CIRCLE('',#11789,0.875);
#11789 = AXIS2_PLACEMENT_3D('',#11790,#11791,#11792);
#11790 = CARTESIAN_POINT('',(386.02,-161.885,0.));
#11791 = DIRECTION('',(-0.,0.,-1.));
#11792 = DIRECTION('',(-0.,-1.,0.));
#11793 = FACE_BOUND('',#11794,.F.);
#11794 = EDGE_LOOP('',(#11795,#11806,#11814,#11823));
#11795 = ORIENTED_EDGE('',*,*,#11796,.T.);
#11796 = EDGE_CURVE('',#11797,#11799,#11801,.T.);
#11797 = VERTEX_POINT('',#11798);
#11798 = CARTESIAN_POINT('',(390.6575,-161.845,0.));
#11799 = VERTEX_POINT('',#11800);
#11800 = CARTESIAN_POINT('',(391.5575,-161.845,0.));
#11801 = CIRCLE('',#11802,0.45);
#11802 = AXIS2_PLACEMENT_3D('',#11803,#11804,#11805);
#11803 = CARTESIAN_POINT('',(391.1075,-161.845,0.));
#11804 = DIRECTION('',(0.,-0.,-1.));
#11805 = DIRECTION('',(1.,-6.315935428979E-14,0.));
#11806 = ORIENTED_EDGE('',*,*,#11807,.T.);
#11807 = EDGE_CURVE('',#11799,#11808,#11810,.T.);
#11808 = VERTEX_POINT('',#11809);
#11809 = CARTESIAN_POINT('',(391.5575,-162.245,0.));
#11810 = LINE('',#11811,#11812);
#11811 = CARTESIAN_POINT('',(391.5575,-81.1225,0.));
#11812 = VECTOR('',#11813,1.);
#11813 = DIRECTION('',(0.,-1.,0.));
#11814 = ORIENTED_EDGE('',*,*,#11815,.T.);
#11815 = EDGE_CURVE('',#11808,#11816,#11818,.T.);
#11816 = VERTEX_POINT('',#11817);
#11817 = CARTESIAN_POINT('',(390.6575,-162.245,0.));
#11818 = CIRCLE('',#11819,0.45);
#11819 = AXIS2_PLACEMENT_3D('',#11820,#11821,#11822);
#11820 = CARTESIAN_POINT('',(391.1075,-162.245,0.));
#11821 = DIRECTION('',(-0.,0.,-1.));
#11822 = DIRECTION('',(-1.,6.315935428979E-14,0.));
#11823 = ORIENTED_EDGE('',*,*,#11824,.T.);
#11824 = EDGE_CURVE('',#11816,#11797,#11825,.T.);
#11825 = LINE('',#11826,#11827);
#11826 = CARTESIAN_POINT('',(390.6575,-80.9225,0.));
#11827 = VECTOR('',#11828,1.);
#11828 = DIRECTION('',(-0.,1.,0.));
#11829 = FACE_BOUND('',#11830,.F.);
#11830 = EDGE_LOOP('',(#11831,#11842,#11850,#11859));
#11831 = ORIENTED_EDGE('',*,*,#11832,.T.);
#11832 = EDGE_CURVE('',#11833,#11835,#11837,.T.);
#11833 = VERTEX_POINT('',#11834);
#11834 = CARTESIAN_POINT('',(390.6575,-157.845,0.));
#11835 = VERTEX_POINT('',#11836);
#11836 = CARTESIAN_POINT('',(391.5575,-157.845,0.));
#11837 = CIRCLE('',#11838,0.45);
#11838 = AXIS2_PLACEMENT_3D('',#11839,#11840,#11841);
#11839 = CARTESIAN_POINT('',(391.1075,-157.845,0.));
#11840 = DIRECTION('',(0.,-0.,-1.));
#11841 = DIRECTION('',(1.,-6.315935428979E-14,0.));
#11842 = ORIENTED_EDGE('',*,*,#11843,.T.);
#11843 = EDGE_CURVE('',#11835,#11844,#11846,.T.);
#11844 = VERTEX_POINT('',#11845);
#11845 = CARTESIAN_POINT('',(391.5575,-158.245,0.));
#11846 = LINE('',#11847,#11848);
#11847 = CARTESIAN_POINT('',(391.5575,-79.1225,0.));
#11848 = VECTOR('',#11849,1.);
#11849 = DIRECTION('',(0.,-1.,0.));
#11850 = ORIENTED_EDGE('',*,*,#11851,.T.);
#11851 = EDGE_CURVE('',#11844,#11852,#11854,.T.);
#11852 = VERTEX_POINT('',#11853);
#11853 = CARTESIAN_POINT('',(390.6575,-158.245,0.));
#11854 = CIRCLE('',#11855,0.45);
#11855 = AXIS2_PLACEMENT_3D('',#11856,#11857,#11858);
#11856 = CARTESIAN_POINT('',(391.1075,-158.245,0.));
#11857 = DIRECTION('',(-0.,0.,-1.));
#11858 = DIRECTION('',(-1.,6.315935428979E-14,0.));
#11859 = ORIENTED_EDGE('',*,*,#11860,.T.);
#11860 = EDGE_CURVE('',#11852,#11833,#11861,.T.);
#11861 = LINE('',#11862,#11863);
#11862 = CARTESIAN_POINT('',(390.6575,-78.9225,0.));
#11863 = VECTOR('',#11864,1.);
#11864 = DIRECTION('',(-0.,1.,0.));
#11865 = FACE_BOUND('',#11866,.F.);
#11866 = EDGE_LOOP('',(#11867));
#11867 = ORIENTED_EDGE('',*,*,#11868,.T.);
#11868 = EDGE_CURVE('',#11869,#11869,#11871,.T.);
#11869 = VERTEX_POINT('',#11870);
#11870 = CARTESIAN_POINT('',(393.4075,-160.845,0.));
#11871 = CIRCLE('',#11872,0.4);
#11872 = AXIS2_PLACEMENT_3D('',#11873,#11874,#11875);
#11873 = CARTESIAN_POINT('',(393.4075,-160.445,0.));
#11874 = DIRECTION('',(-0.,0.,-1.));
#11875 = DIRECTION('',(-0.,-1.,0.));
#11876 = FACE_BOUND('',#11877,.F.);
#11877 = EDGE_LOOP('',(#11878));
#11878 = ORIENTED_EDGE('',*,*,#11879,.T.);
#11879 = EDGE_CURVE('',#11880,#11880,#11882,.T.);
#11880 = VERTEX_POINT('',#11881);
#11881 = CARTESIAN_POINT('',(399.6725,-162.76,0.));
#11882 = CIRCLE('',#11883,0.875);
#11883 = AXIS2_PLACEMENT_3D('',#11884,#11885,#11886);
#11884 = CARTESIAN_POINT('',(399.6725,-161.885,0.));
#11885 = DIRECTION('',(-0.,0.,-1.));
#11886 = DIRECTION('',(-0.,-1.,0.));
#11887 = FACE_BOUND('',#11888,.F.);
#11888 = EDGE_LOOP('',(#11889));
#11889 = ORIENTED_EDGE('',*,*,#11890,.T.);
#11890 = EDGE_CURVE('',#11891,#11891,#11893,.T.);
#11891 = VERTEX_POINT('',#11892);
#11892 = CARTESIAN_POINT('',(400.9425,-160.095,0.));
#11893 = CIRCLE('',#11894,0.75);
#11894 = AXIS2_PLACEMENT_3D('',#11895,#11896,#11897);
#11895 = CARTESIAN_POINT('',(400.9425,-159.345,0.));
#11896 = DIRECTION('',(-0.,0.,-1.));
#11897 = DIRECTION('',(-0.,-1.,0.));
#11898 = FACE_BOUND('',#11899,.F.);
#11899 = EDGE_LOOP('',(#11900));
#11900 = ORIENTED_EDGE('',*,*,#11901,.T.);
#11901 = EDGE_CURVE('',#11902,#11902,#11904,.T.);
#11902 = VERTEX_POINT('',#11903);
#11903 = CARTESIAN_POINT('',(383.48,-157.555,0.));
#11904 = CIRCLE('',#11905,0.75);
#11905 = AXIS2_PLACEMENT_3D('',#11906,#11907,#11908);
#11906 = CARTESIAN_POINT('',(383.48,-156.805,0.));
#11907 = DIRECTION('',(-0.,0.,-1.));
#11908 = DIRECTION('',(-0.,-1.,0.));
#11909 = FACE_BOUND('',#11910,.F.);
#11910 = EDGE_LOOP('',(#11911,#11922,#11930,#11939));
#11911 = ORIENTED_EDGE('',*,*,#11912,.T.);
#11912 = EDGE_CURVE('',#11913,#11915,#11917,.T.);
#11913 = VERTEX_POINT('',#11914);
#11914 = CARTESIAN_POINT('',(390.6575,-154.845,0.));
#11915 = VERTEX_POINT('',#11916);
#11916 = CARTESIAN_POINT('',(391.5575,-154.845,0.));
#11917 = CIRCLE('',#11918,0.45);
#11918 = AXIS2_PLACEMENT_3D('',#11919,#11920,#11921);
#11919 = CARTESIAN_POINT('',(391.1075,-154.845,0.));
#11920 = DIRECTION('',(0.,-0.,-1.));
#11921 = DIRECTION('',(1.,-6.315935428979E-14,0.));
#11922 = ORIENTED_EDGE('',*,*,#11923,.T.);
#11923 = EDGE_CURVE('',#11915,#11924,#11926,.T.);
#11924 = VERTEX_POINT('',#11925);
#11925 = CARTESIAN_POINT('',(391.5575,-155.245,0.));
#11926 = LINE('',#11927,#11928);
#11927 = CARTESIAN_POINT('',(391.5575,-77.6225,0.));
#11928 = VECTOR('',#11929,1.);
#11929 = DIRECTION('',(0.,-1.,0.));
#11930 = ORIENTED_EDGE('',*,*,#11931,.T.);
#11931 = EDGE_CURVE('',#11924,#11932,#11934,.T.);
#11932 = VERTEX_POINT('',#11933);
#11933 = CARTESIAN_POINT('',(390.6575,-155.245,0.));
#11934 = CIRCLE('',#11935,0.45);
#11935 = AXIS2_PLACEMENT_3D('',#11936,#11937,#11938);
#11936 = CARTESIAN_POINT('',(391.1075,-155.245,0.));
#11937 = DIRECTION('',(-0.,0.,-1.));
#11938 = DIRECTION('',(-1.,6.315935428979E-14,0.));
#11939 = ORIENTED_EDGE('',*,*,#11940,.T.);
#11940 = EDGE_CURVE('',#11932,#11913,#11941,.T.);
#11941 = LINE('',#11942,#11943);
#11942 = CARTESIAN_POINT('',(390.6575,-77.4225,0.));
#11943 = VECTOR('',#11944,1.);
#11944 = DIRECTION('',(-0.,1.,0.));
#11945 = FACE_BOUND('',#11946,.F.);
#11946 = EDGE_LOOP('',(#11947));
#11947 = ORIENTED_EDGE('',*,*,#11948,.T.);
#11948 = EDGE_CURVE('',#11949,#11949,#11951,.T.);
#11949 = VERTEX_POINT('',#11950);
#11950 = CARTESIAN_POINT('',(393.4075,-153.845,0.));
#11951 = CIRCLE('',#11952,0.4);
#11952 = AXIS2_PLACEMENT_3D('',#11953,#11954,#11955);
#11953 = CARTESIAN_POINT('',(393.4075,-153.445,0.));
#11954 = DIRECTION('',(-0.,0.,-1.));
#11955 = DIRECTION('',(-0.,-1.,0.));
#11956 = FACE_BOUND('',#11957,.F.);
#11957 = EDGE_LOOP('',(#11958));
#11958 = ORIENTED_EDGE('',*,*,#11959,.F.);
#11959 = EDGE_CURVE('',#11960,#11960,#11962,.T.);
#11960 = VERTEX_POINT('',#11961);
#11961 = CARTESIAN_POINT('',(412.491785,-171.410008,0.));
#11962 = CIRCLE('',#11963,1.190626);
#11963 = AXIS2_PLACEMENT_3D('',#11964,#11965,#11966);
#11964 = CARTESIAN_POINT('',(411.301159,-171.410008,0.));
#11965 = DIRECTION('',(0.,0.,1.));
#11966 = DIRECTION('',(1.,0.,0.));
#11967 = FACE_BOUND('',#11968,.F.);
#11968 = EDGE_LOOP('',(#11969));
#11969 = ORIENTED_EDGE('',*,*,#11970,.T.);
#11970 = EDGE_CURVE('',#11971,#11971,#11973,.T.);
#11971 = VERTEX_POINT('',#11972);
#11972 = CARTESIAN_POINT('',(417.7975,-171.865,0.));
#11973 = CIRCLE('',#11974,0.5);
#11974 = AXIS2_PLACEMENT_3D('',#11975,#11976,#11977);
#11975 = CARTESIAN_POINT('',(417.7975,-171.365,0.));
#11976 = DIRECTION('',(-0.,0.,-1.));
#11977 = DIRECTION('',(-0.,-1.,0.));
#11978 = FACE_BOUND('',#11979,.F.);
#11979 = EDGE_LOOP('',(#11980));
#11980 = ORIENTED_EDGE('',*,*,#11981,.T.);
#11981 = EDGE_CURVE('',#11982,#11982,#11984,.T.);
#11982 = VERTEX_POINT('',#11983);
#11983 = CARTESIAN_POINT('',(417.7975,-169.325,0.));
#11984 = CIRCLE('',#11985,0.5);
#11985 = AXIS2_PLACEMENT_3D('',#11986,#11987,#11988);
#11986 = CARTESIAN_POINT('',(417.7975,-168.825,0.));
#11987 = DIRECTION('',(-0.,0.,-1.));
#11988 = DIRECTION('',(-0.,-1.,0.));
#11989 = FACE_BOUND('',#11990,.F.);
#11990 = EDGE_LOOP('',(#11991));
#11991 = ORIENTED_EDGE('',*,*,#11992,.T.);
#11992 = EDGE_CURVE('',#11993,#11993,#11995,.T.);
#11993 = VERTEX_POINT('',#11994);
#11994 = CARTESIAN_POINT('',(417.7975,-166.785,0.));
#11995 = CIRCLE('',#11996,0.5);
#11996 = AXIS2_PLACEMENT_3D('',#11997,#11998,#11999);
#11997 = CARTESIAN_POINT('',(417.7975,-166.285,0.));
#11998 = DIRECTION('',(-0.,0.,-1.));
#11999 = DIRECTION('',(-0.,-1.,0.));
#12000 = FACE_BOUND('',#12001,.F.);
#12001 = EDGE_LOOP('',(#12002));
#12002 = ORIENTED_EDGE('',*,*,#12003,.T.);
#12003 = EDGE_CURVE('',#12004,#12004,#12006,.T.);
#12004 = VERTEX_POINT('',#12005);
#12005 = CARTESIAN_POINT('',(417.7975,-164.245,0.));
#12006 = CIRCLE('',#12007,0.5);
#12007 = AXIS2_PLACEMENT_3D('',#12008,#12009,#12010);
#12008 = CARTESIAN_POINT('',(417.7975,-163.745,0.));
#12009 = DIRECTION('',(-0.,0.,-1.));
#12010 = DIRECTION('',(-0.,-1.,0.));
#12011 = FACE_BOUND('',#12012,.F.);
#12012 = EDGE_LOOP('',(#12013));
#12013 = ORIENTED_EDGE('',*,*,#12014,.T.);
#12014 = EDGE_CURVE('',#12015,#12015,#12017,.T.);
#12015 = VERTEX_POINT('',#12016);
#12016 = CARTESIAN_POINT('',(433.0375,-171.865,0.));
#12017 = CIRCLE('',#12018,0.5);
#12018 = AXIS2_PLACEMENT_3D('',#12019,#12020,#12021);
#12019 = CARTESIAN_POINT('',(433.0375,-171.365,0.));
#12020 = DIRECTION('',(-0.,0.,-1.));
#12021 = DIRECTION('',(-0.,-1.,0.));
#12022 = FACE_BOUND('',#12023,.F.);
#12023 = EDGE_LOOP('',(#12024));
#12024 = ORIENTED_EDGE('',*,*,#12025,.T.);
#12025 = EDGE_CURVE('',#12026,#12026,#12028,.T.);
#12026 = VERTEX_POINT('',#12027);
#12027 = CARTESIAN_POINT('',(433.0375,-169.325,0.));
#12028 = CIRCLE('',#12029,0.5);
#12029 = AXIS2_PLACEMENT_3D('',#12030,#12031,#12032);
#12030 = CARTESIAN_POINT('',(433.0375,-168.825,0.));
#12031 = DIRECTION('',(-0.,0.,-1.));
#12032 = DIRECTION('',(-0.,-1.,0.));
#12033 = FACE_BOUND('',#12034,.F.);
#12034 = EDGE_LOOP('',(#12035));
#12035 = ORIENTED_EDGE('',*,*,#12036,.T.);
#12036 = EDGE_CURVE('',#12037,#12037,#12039,.T.);
#12037 = VERTEX_POINT('',#12038);
#12038 = CARTESIAN_POINT('',(433.0375,-166.785,0.));
#12039 = CIRCLE('',#12040,0.5);
#12040 = AXIS2_PLACEMENT_3D('',#12041,#12042,#12043);
#12041 = CARTESIAN_POINT('',(433.0375,-166.285,0.));
#12042 = DIRECTION('',(-0.,0.,-1.));
#12043 = DIRECTION('',(-0.,-1.,0.));
#12044 = FACE_BOUND('',#12045,.F.);
#12045 = EDGE_LOOP('',(#12046));
#12046 = ORIENTED_EDGE('',*,*,#12047,.T.);
#12047 = EDGE_CURVE('',#12048,#12048,#12050,.T.);
#12048 = VERTEX_POINT('',#12049);
#12049 = CARTESIAN_POINT('',(433.0375,-164.245,0.));
#12050 = CIRCLE('',#12051,0.5);
#12051 = AXIS2_PLACEMENT_3D('',#12052,#12053,#12054);
#12052 = CARTESIAN_POINT('',(433.0375,-163.745,0.));
#12053 = DIRECTION('',(-0.,0.,-1.));
#12054 = DIRECTION('',(-0.,-1.,0.));
#12055 = FACE_BOUND('',#12056,.F.);
#12056 = EDGE_LOOP('',(#12057));
#12057 = ORIENTED_EDGE('',*,*,#12058,.T.);
#12058 = EDGE_CURVE('',#12059,#12059,#12061,.T.);
#12059 = VERTEX_POINT('',#12060);
#12060 = CARTESIAN_POINT('',(404.7525,-163.885,0.));
#12061 = CIRCLE('',#12062,2.);
#12062 = AXIS2_PLACEMENT_3D('',#12063,#12064,#12065);
#12063 = CARTESIAN_POINT('',(404.7525,-161.885,0.));
#12064 = DIRECTION('',(-0.,0.,-1.));
#12065 = DIRECTION('',(-0.,-1.,0.));
#12066 = FACE_BOUND('',#12067,.F.);
#12067 = EDGE_LOOP('',(#12068));
#12068 = ORIENTED_EDGE('',*,*,#12069,.T.);
#12069 = EDGE_CURVE('',#12070,#12070,#12072,.T.);
#12070 = VERTEX_POINT('',#12071);
#12071 = CARTESIAN_POINT('',(409.8325,-162.76,0.));
#12072 = CIRCLE('',#12073,0.875);
#12073 = AXIS2_PLACEMENT_3D('',#12074,#12075,#12076);
#12074 = CARTESIAN_POINT('',(409.8325,-161.885,0.));
#12075 = DIRECTION('',(-0.,0.,-1.));
#12076 = DIRECTION('',(-0.,-1.,0.));
#12077 = FACE_BOUND('',#12078,.F.);
#12078 = EDGE_LOOP('',(#12079));
#12079 = ORIENTED_EDGE('',*,*,#12080,.T.);
#12080 = EDGE_CURVE('',#12081,#12081,#12083,.T.);
#12081 = VERTEX_POINT('',#12082);
#12082 = CARTESIAN_POINT('',(417.7975,-161.705,0.));
#12083 = CIRCLE('',#12084,0.5);
#12084 = AXIS2_PLACEMENT_3D('',#12085,#12086,#12087);
#12085 = CARTESIAN_POINT('',(417.7975,-161.205,0.));
#12086 = DIRECTION('',(-0.,0.,-1.));
#12087 = DIRECTION('',(-0.,-1.,0.));
#12088 = FACE_BOUND('',#12089,.F.);
#12089 = EDGE_LOOP('',(#12090));
#12090 = ORIENTED_EDGE('',*,*,#12091,.T.);
#12091 = EDGE_CURVE('',#12092,#12092,#12094,.T.);
#12092 = VERTEX_POINT('',#12093);
#12093 = CARTESIAN_POINT('',(417.7975,-159.165,0.));
#12094 = CIRCLE('',#12095,0.5);
#12095 = AXIS2_PLACEMENT_3D('',#12096,#12097,#12098);
#12096 = CARTESIAN_POINT('',(417.7975,-158.665,0.));
#12097 = DIRECTION('',(-0.,0.,-1.));
#12098 = DIRECTION('',(-0.,-1.,0.));
#12099 = FACE_BOUND('',#12100,.F.);
#12100 = EDGE_LOOP('',(#12101));
#12101 = ORIENTED_EDGE('',*,*,#12102,.T.);
#12102 = EDGE_CURVE('',#12103,#12103,#12105,.T.);
#12103 = VERTEX_POINT('',#12104);
#12104 = CARTESIAN_POINT('',(407.2925,-157.555,0.));
#12105 = CIRCLE('',#12106,0.75);
#12106 = AXIS2_PLACEMENT_3D('',#12107,#12108,#12109);
#12107 = CARTESIAN_POINT('',(407.2925,-156.805,0.));
#12108 = DIRECTION('',(-0.,0.,-1.));
#12109 = DIRECTION('',(-0.,-1.,0.));
#12110 = FACE_BOUND('',#12111,.F.);
#12111 = EDGE_LOOP('',(#12112));
#12112 = ORIENTED_EDGE('',*,*,#12113,.T.);
#12113 = EDGE_CURVE('',#12114,#12114,#12116,.T.);
#12114 = VERTEX_POINT('',#12115);
#12115 = CARTESIAN_POINT('',(417.7975,-156.625,0.));
#12116 = CIRCLE('',#12117,0.5);
#12117 = AXIS2_PLACEMENT_3D('',#12118,#12119,#12120);
#12118 = CARTESIAN_POINT('',(417.7975,-156.125,0.));
#12119 = DIRECTION('',(-0.,0.,-1.));
#12120 = DIRECTION('',(-0.,-1.,0.));
#12121 = FACE_BOUND('',#12122,.F.);
#12122 = EDGE_LOOP('',(#12123));
#12123 = ORIENTED_EDGE('',*,*,#12124,.T.);
#12124 = EDGE_CURVE('',#12125,#12125,#12127,.T.);
#12125 = VERTEX_POINT('',#12126);
#12126 = CARTESIAN_POINT('',(417.7975,-154.085,0.));
#12127 = CIRCLE('',#12128,0.5);
#12128 = AXIS2_PLACEMENT_3D('',#12129,#12130,#12131);
#12129 = CARTESIAN_POINT('',(417.7975,-153.585,0.));
#12130 = DIRECTION('',(-0.,0.,-1.));
#12131 = DIRECTION('',(-0.,-1.,0.));
#12132 = FACE_BOUND('',#12133,.F.);
#12133 = EDGE_LOOP('',(#12134));
#12134 = ORIENTED_EDGE('',*,*,#12135,.T.);
#12135 = EDGE_CURVE('',#12136,#12136,#12138,.T.);
#12136 = VERTEX_POINT('',#12137);
#12137 = CARTESIAN_POINT('',(433.0375,-161.705,0.));
#12138 = CIRCLE('',#12139,0.5);
#12139 = AXIS2_PLACEMENT_3D('',#12140,#12141,#12142);
#12140 = CARTESIAN_POINT('',(433.0375,-161.205,0.));
#12141 = DIRECTION('',(-0.,0.,-1.));
#12142 = DIRECTION('',(-0.,-1.,0.));
#12143 = FACE_BOUND('',#12144,.F.);
#12144 = EDGE_LOOP('',(#12145));
#12145 = ORIENTED_EDGE('',*,*,#12146,.T.);
#12146 = EDGE_CURVE('',#12147,#12147,#12149,.T.);
#12147 = VERTEX_POINT('',#12148);
#12148 = CARTESIAN_POINT('',(433.0375,-159.165,0.));
#12149 = CIRCLE('',#12150,0.5);
#12150 = AXIS2_PLACEMENT_3D('',#12151,#12152,#12153);
#12151 = CARTESIAN_POINT('',(433.0375,-158.665,0.));
#12152 = DIRECTION('',(-0.,0.,-1.));
#12153 = DIRECTION('',(-0.,-1.,0.));
#12154 = FACE_BOUND('',#12155,.F.);
#12155 = EDGE_LOOP('',(#12156));
#12156 = ORIENTED_EDGE('',*,*,#12157,.T.);
#12157 = EDGE_CURVE('',#12158,#12158,#12160,.T.);
#12158 = VERTEX_POINT('',#12159);
#12159 = CARTESIAN_POINT('',(433.0375,-156.625,0.));
#12160 = CIRCLE('',#12161,0.5);
#12161 = AXIS2_PLACEMENT_3D('',#12162,#12163,#12164);
#12162 = CARTESIAN_POINT('',(433.0375,-156.125,0.));
#12163 = DIRECTION('',(-0.,0.,-1.));
#12164 = DIRECTION('',(-0.,-1.,0.));
#12165 = FACE_BOUND('',#12166,.F.);
#12166 = EDGE_LOOP('',(#12167));
#12167 = ORIENTED_EDGE('',*,*,#12168,.T.);
#12168 = EDGE_CURVE('',#12169,#12169,#12171,.T.);
#12169 = VERTEX_POINT('',#12170);
#12170 = CARTESIAN_POINT('',(433.0375,-154.085,0.));
#12171 = CIRCLE('',#12172,0.5);
#12172 = AXIS2_PLACEMENT_3D('',#12173,#12174,#12175);
#12173 = CARTESIAN_POINT('',(433.0375,-153.585,0.));
#12174 = DIRECTION('',(-0.,0.,-1.));
#12175 = DIRECTION('',(-0.,-1.,0.));
#12176 = FACE_BOUND('',#12177,.F.);
#12177 = EDGE_LOOP('',(#12178));
#12178 = ORIENTED_EDGE('',*,*,#12179,.F.);
#12179 = EDGE_CURVE('',#12180,#12180,#12182,.T.);
#12180 = VERTEX_POINT('',#12181);
#12181 = CARTESIAN_POINT('',(441.066809,-155.336557,0.));
#12182 = CIRCLE('',#12183,1.190626);
#12183 = AXIS2_PLACEMENT_3D('',#12184,#12185,#12186);
#12184 = CARTESIAN_POINT('',(439.876183,-155.336557,0.));
#12185 = DIRECTION('',(0.,0.,1.));
#12186 = DIRECTION('',(1.,0.,0.));
#12187 = PLANE('',#12188);
#12188 = AXIS2_PLACEMENT_3D('',#12189,#12190,#12191);
#12189 = CARTESIAN_POINT('',(0.,0.,0.));
#12190 = DIRECTION('',(0.,0.,1.));
#12191 = DIRECTION('',(1.,0.,-0.));
#12192 = ADVANCED_FACE('',(#12193,#12373,#12384,#12395,#12431,#12442,
    #12453,#12464,#12475,#12486,#12497,#12508,#12519,#12530,#12541,
    #12577,#12588,#12599,#12610,#12621,#12632,#12643,#12654,#12665,
    #12676,#12687,#12698,#12709,#12720,#12731,#12742,#12753,#12764,
    #12775,#12786,#12797,#12808,#12819,#12830,#12841,#12852,#12863,
    #12874,#12885,#12896,#12907,#12918,#12929,#12940,#12951,#12962,
    #12973,#12984,#12995,#13006,#13017,#13028,#13039,#13050,#13061,
    #13072,#13083,#13094,#13105,#13116,#13127,#13138,#13149,#13160,
    #13171,#13182,#13193,#13204,#13215,#13226,#13237,#13248,#13259,
    #13270,#13281,#13292,#13303,#13314,#13325,#13336,#13347,#13358,
    #13369,#13380,#13391,#13402,#13413,#13424,#13435,#13446,#13457,
    #13468,#13479,#13490,#13501,#13512,#13523,#13534,#13545,#13556,
    #13567,#13578,#13589,#13600,#13611,#13622,#13633,#13644,#13655,
    #13666,#13677,#13688,#13699,#13710,#13721,#13732,#13743,#13754,
    #13765,#13776,#13787,#13798,#13809,#13820,#13831,#13842,#13853,
    #13864,#13875,#13886,#13897,#13908,#13919,#13930,#13941,#13952,
    #13963,#13974,#13985,#13996,#14007,#14018,#14029,#14040,#14051,
    #14062,#14073,#14084,#14095,#14106,#14117,#14128,#14139,#14150,
    #14161,#14172,#14183,#14194,#14205,#14216,#14227,#14238,#14249,
    #14260,#14271,#14282,#14293,#14304,#14315,#14326,#14337,#14348,
    #14359,#14370,#14381,#14392,#14403,#14439,#14450,#14461,#14472,
    #14483,#14494,#14505,#14516,#14552,#14588,#14599,#14610,#14621,
    #14632,#14668,#14679,#14690,#14701,#14712,#14723,#14734,#14745,
    #14756,#14767,#14778,#14789,#14800,#14811,#14822,#14833,#14844,
    #14855,#14866,#14877,#14888,#14899),#14910,.T.);
#12193 = FACE_BOUND('',#12194,.T.);
#12194 = EDGE_LOOP('',(#12195,#12196,#12197,#12206,#12214,#12222,#12231,
    #12239,#12248,#12256,#12265,#12273,#12282,#12290,#12299,#12307,
    #12316,#12324,#12332,#12341,#12349,#12358,#12366,#12372));
#12195 = ORIENTED_EDGE('',*,*,#9379,.F.);
#12196 = ORIENTED_EDGE('',*,*,#9421,.F.);
#12197 = ORIENTED_EDGE('',*,*,#12198,.F.);
#12198 = EDGE_CURVE('',#12199,#9414,#12201,.T.);
#12199 = VERTEX_POINT('',#12200);
#12200 = CARTESIAN_POINT('',(295.215,-152.764679,1.51));
#12201 = CIRCLE('',#12202,0.999999252925);
#12202 = AXIS2_PLACEMENT_3D('',#12203,#12204,#12205);
#12203 = CARTESIAN_POINT('',(296.21499925292,-152.7646782529,1.51));
#12204 = DIRECTION('',(0.,0.,-1.));
#12205 = DIRECTION('',(-1.,-7.470756781104E-07,-0.));
#12206 = ORIENTED_EDGE('',*,*,#12207,.F.);
#12207 = EDGE_CURVE('',#12208,#12199,#12210,.T.);
#12208 = VERTEX_POINT('',#12209);
#12209 = CARTESIAN_POINT('',(295.215,-153.36,1.51));
#12210 = LINE('',#12211,#12212);
#12211 = CARTESIAN_POINT('',(295.215,-153.36,1.51));
#12212 = VECTOR('',#12213,1.);
#12213 = DIRECTION('',(0.,1.,0.));
#12214 = ORIENTED_EDGE('',*,*,#12215,.F.);
#12215 = EDGE_CURVE('',#12216,#12208,#12218,.T.);
#12216 = VERTEX_POINT('',#12217);
#12217 = CARTESIAN_POINT('',(295.215,-170.41,1.51));
#12218 = LINE('',#12219,#12220);
#12219 = CARTESIAN_POINT('',(295.215,-170.41,1.51));
#12220 = VECTOR('',#12221,1.);
#12221 = DIRECTION('',(0.,1.,0.));
#12222 = ORIENTED_EDGE('',*,*,#12223,.F.);
#12223 = EDGE_CURVE('',#12224,#12216,#12226,.T.);
#12224 = VERTEX_POINT('',#12225);
#12225 = CARTESIAN_POINT('',(294.215,-171.41,1.51));
#12226 = CIRCLE('',#12227,0.999999252925);
#12227 = AXIS2_PLACEMENT_3D('',#12228,#12229,#12230);
#12228 = CARTESIAN_POINT('',(294.21500074707,-170.410000747,1.51));
#12229 = DIRECTION('',(0.,0.,1.));
#12230 = DIRECTION('',(-7.470758202191E-07,-1.,0.));
#12231 = ORIENTED_EDGE('',*,*,#12232,.F.);
#12232 = EDGE_CURVE('',#12233,#12224,#12235,.T.);
#12233 = VERTEX_POINT('',#12234);
#12234 = CARTESIAN_POINT('',(281.9275,-171.41,1.51));
#12235 = LINE('',#12236,#12237);
#12236 = CARTESIAN_POINT('',(281.9275,-171.41,1.51));
#12237 = VECTOR('',#12238,1.);
#12238 = DIRECTION('',(1.,0.,0.));
#12239 = ORIENTED_EDGE('',*,*,#12240,.F.);
#12240 = EDGE_CURVE('',#12241,#12233,#12243,.T.);
#12241 = VERTEX_POINT('',#12242);
#12242 = CARTESIAN_POINT('',(280.9275,-172.41,1.51));
#12243 = CIRCLE('',#12244,0.999999252925);
#12244 = AXIS2_PLACEMENT_3D('',#12245,#12246,#12247);
#12245 = CARTESIAN_POINT('',(281.92749925292,-172.4099992529,1.51));
#12246 = DIRECTION('',(0.,0.,-1.));
#12247 = DIRECTION('',(-1.,-7.470757633756E-07,-0.));
#12248 = ORIENTED_EDGE('',*,*,#12249,.F.);
#12249 = EDGE_CURVE('',#12250,#12241,#12252,.T.);
#12250 = VERTEX_POINT('',#12251);
#12251 = CARTESIAN_POINT('',(280.9275,-189.46,1.51));
#12252 = LINE('',#12253,#12254);
#12253 = CARTESIAN_POINT('',(280.9275,-189.46,1.51));
#12254 = VECTOR('',#12255,1.);
#12255 = DIRECTION('',(0.,1.,0.));
#12256 = ORIENTED_EDGE('',*,*,#12257,.F.);
#12257 = EDGE_CURVE('',#12258,#12250,#12260,.T.);
#12258 = VERTEX_POINT('',#12259);
#12259 = CARTESIAN_POINT('',(281.9275,-190.46,1.51));
#12260 = CIRCLE('',#12261,0.999999252925);
#12261 = AXIS2_PLACEMENT_3D('',#12262,#12263,#12264);
#12262 = CARTESIAN_POINT('',(281.92749925292,-189.460000747,1.51));
#12263 = DIRECTION('',(0.,0.,-1.));
#12264 = DIRECTION('',(7.470757065322E-07,-1.,0.));
#12265 = ORIENTED_EDGE('',*,*,#12266,.F.);
#12266 = EDGE_CURVE('',#12267,#12258,#12269,.T.);
#12267 = VERTEX_POINT('',#12268);
#12268 = CARTESIAN_POINT('',(289.4525,-190.46,1.51));
#12269 = LINE('',#12270,#12271);
#12270 = CARTESIAN_POINT('',(289.4525,-190.46,1.51));
#12271 = VECTOR('',#12272,1.);
#12272 = DIRECTION('',(-1.,0.,0.));
#12273 = ORIENTED_EDGE('',*,*,#12274,.F.);
#12274 = EDGE_CURVE('',#12275,#12267,#12277,.T.);
#12275 = VERTEX_POINT('',#12276);
#12276 = CARTESIAN_POINT('',(290.4525,-191.46,1.51));
#12277 = CIRCLE('',#12278,0.999999252925);
#12278 = AXIS2_PLACEMENT_3D('',#12279,#12280,#12281);
#12279 = CARTESIAN_POINT('',(289.45250074707,-191.4599992529,1.51));
#12280 = DIRECTION('',(0.,0.,1.));
#12281 = DIRECTION('',(1.,-7.470757633756E-07,0.));
#12282 = ORIENTED_EDGE('',*,*,#12283,.F.);
#12283 = EDGE_CURVE('',#12284,#12275,#12286,.T.);
#12284 = VERTEX_POINT('',#12285);
#12285 = CARTESIAN_POINT('',(290.4525,-208.51,1.51));
#12286 = LINE('',#12287,#12288);
#12287 = CARTESIAN_POINT('',(290.4525,-208.51,1.51));
#12288 = VECTOR('',#12289,1.);
#12289 = DIRECTION('',(0.,1.,0.));
#12290 = ORIENTED_EDGE('',*,*,#12291,.F.);
#12291 = EDGE_CURVE('',#12292,#12284,#12294,.T.);
#12292 = VERTEX_POINT('',#12293);
#12293 = CARTESIAN_POINT('',(289.4525,-209.51,1.51));
#12294 = CIRCLE('',#12295,0.999999252925);
#12295 = AXIS2_PLACEMENT_3D('',#12296,#12297,#12298);
#12296 = CARTESIAN_POINT('',(289.45250074707,-208.510000747,1.51));
#12297 = DIRECTION('',(0.,0.,1.));
#12298 = DIRECTION('',(-7.470757633756E-07,-1.,0.));
#12299 = ORIENTED_EDGE('',*,*,#12300,.F.);
#12300 = EDGE_CURVE('',#12301,#12292,#12303,.T.);
#12301 = VERTEX_POINT('',#12302);
#12302 = CARTESIAN_POINT('',(281.9275,-209.51,1.51));
#12303 = LINE('',#12304,#12305);
#12304 = CARTESIAN_POINT('',(281.9275,-209.51,1.51));
#12305 = VECTOR('',#12306,1.);
#12306 = DIRECTION('',(1.,0.,0.));
#12307 = ORIENTED_EDGE('',*,*,#12308,.F.);
#12308 = EDGE_CURVE('',#12309,#12301,#12311,.T.);
#12309 = VERTEX_POINT('',#12310);
#12310 = CARTESIAN_POINT('',(280.9275,-210.51,1.51));
#12311 = CIRCLE('',#12312,0.999999252925);
#12312 = AXIS2_PLACEMENT_3D('',#12313,#12314,#12315);
#12313 = CARTESIAN_POINT('',(281.92749925292,-210.5099992529,1.51));
#12314 = DIRECTION('',(0.,0.,-1.));
#12315 = DIRECTION('',(-1.,-7.470757065321E-07,-0.));
#12316 = ORIENTED_EDGE('',*,*,#12317,.F.);
#12317 = EDGE_CURVE('',#12318,#12309,#12320,.T.);
#12318 = VERTEX_POINT('',#12319);
#12319 = CARTESIAN_POINT('',(280.9275,-227.56,1.51));
#12320 = LINE('',#12321,#12322);
#12321 = CARTESIAN_POINT('',(280.9275,-227.56,1.51));
#12322 = VECTOR('',#12323,1.);
#12323 = DIRECTION('',(0.,1.,0.));
#12324 = ORIENTED_EDGE('',*,*,#12325,.F.);
#12325 = EDGE_CURVE('',#12326,#12318,#12328,.T.);
#12326 = VERTEX_POINT('',#12327);
#12327 = CARTESIAN_POINT('',(280.9275,-230.585,1.51));
#12328 = LINE('',#12329,#12330);
#12329 = CARTESIAN_POINT('',(280.9275,-230.585,1.51));
#12330 = VECTOR('',#12331,1.);
#12331 = DIRECTION('',(0.,1.,0.));
#12332 = ORIENTED_EDGE('',*,*,#12333,.F.);
#12333 = EDGE_CURVE('',#12334,#12326,#12336,.T.);
#12334 = VERTEX_POINT('',#12335);
#12335 = CARTESIAN_POINT('',(281.9275,-231.585,1.51));
#12336 = CIRCLE('',#12337,0.999999252925);
#12337 = AXIS2_PLACEMENT_3D('',#12338,#12339,#12340);
#12338 = CARTESIAN_POINT('',(281.92749925292,-230.585000747,1.51));
#12339 = DIRECTION('',(0.,0.,-1.));
#12340 = DIRECTION('',(7.470757065322E-07,-1.,0.));
#12341 = ORIENTED_EDGE('',*,*,#12342,.F.);
#12342 = EDGE_CURVE('',#12343,#12334,#12345,.T.);
#12343 = VERTEX_POINT('',#12344);
#12344 = CARTESIAN_POINT('',(441.8525,-231.585,1.51));
#12345 = LINE('',#12346,#12347);
#12346 = CARTESIAN_POINT('',(441.8525,-231.585,1.51));
#12347 = VECTOR('',#12348,1.);
#12348 = DIRECTION('',(-1.,0.,0.));
#12349 = ORIENTED_EDGE('',*,*,#12350,.F.);
#12350 = EDGE_CURVE('',#12351,#12343,#12353,.T.);
#12351 = VERTEX_POINT('',#12352);
#12352 = CARTESIAN_POINT('',(442.8525,-230.585,1.51));
#12353 = CIRCLE('',#12354,0.999999252925);
#12354 = AXIS2_PLACEMENT_3D('',#12355,#12356,#12357);
#12355 = CARTESIAN_POINT('',(441.85250074707,-230.585000747,1.51));
#12356 = DIRECTION('',(0.,0.,-1.));
#12357 = DIRECTION('',(1.,7.470757349539E-07,0.));
#12358 = ORIENTED_EDGE('',*,*,#12359,.F.);
#12359 = EDGE_CURVE('',#12360,#12351,#12362,.T.);
#12360 = VERTEX_POINT('',#12361);
#12361 = CARTESIAN_POINT('',(442.8525,-227.56,1.51));
#12362 = LINE('',#12363,#12364);
#12363 = CARTESIAN_POINT('',(442.8525,-227.56,1.51));
#12364 = VECTOR('',#12365,1.);
#12365 = DIRECTION('',(0.,-1.,0.));
#12366 = ORIENTED_EDGE('',*,*,#12367,.F.);
#12367 = EDGE_CURVE('',#9444,#12360,#12368,.T.);
#12368 = LINE('',#12369,#12370);
#12369 = CARTESIAN_POINT('',(442.8525,-153.36,1.51));
#12370 = VECTOR('',#12371,1.);
#12371 = DIRECTION('',(0.,-1.,0.));
#12372 = ORIENTED_EDGE('',*,*,#9443,.F.);
#12373 = FACE_BOUND('',#12374,.T.);
#12374 = EDGE_LOOP('',(#12375));
#12375 = ORIENTED_EDGE('',*,*,#12376,.F.);
#12376 = EDGE_CURVE('',#12377,#12377,#12379,.T.);
#12377 = VERTEX_POINT('',#12378);
#12378 = CARTESIAN_POINT('',(285.094803,-228.560056,1.51));
#12379 = CIRCLE('',#12380,1.190626);
#12380 = AXIS2_PLACEMENT_3D('',#12381,#12382,#12383);
#12381 = CARTESIAN_POINT('',(283.904177,-228.560056,1.51));
#12382 = DIRECTION('',(0.,0.,1.));
#12383 = DIRECTION('',(1.,0.,0.));
#12384 = FACE_BOUND('',#12385,.T.);
#12385 = EDGE_LOOP('',(#12386));
#12386 = ORIENTED_EDGE('',*,*,#12387,.T.);
#12387 = EDGE_CURVE('',#12388,#12388,#12390,.T.);
#12388 = VERTEX_POINT('',#12389);
#12389 = CARTESIAN_POINT('',(287.9125,-224.865,1.51));
#12390 = CIRCLE('',#12391,0.75);
#12391 = AXIS2_PLACEMENT_3D('',#12392,#12393,#12394);
#12392 = CARTESIAN_POINT('',(287.9125,-224.115,1.51));
#12393 = DIRECTION('',(-0.,0.,-1.));
#12394 = DIRECTION('',(-0.,-1.,0.));
#12395 = FACE_BOUND('',#12396,.T.);
#12396 = EDGE_LOOP('',(#12397,#12408,#12416,#12425));
#12397 = ORIENTED_EDGE('',*,*,#12398,.T.);
#12398 = EDGE_CURVE('',#12399,#12401,#12403,.T.);
#12399 = VERTEX_POINT('',#12400);
#12400 = CARTESIAN_POINT('',(291.1025,-223.885,1.51));
#12401 = VERTEX_POINT('',#12402);
#12402 = CARTESIAN_POINT('',(291.1025,-225.385,1.51));
#12403 = CIRCLE('',#12404,0.75);
#12404 = AXIS2_PLACEMENT_3D('',#12405,#12406,#12407);
#12405 = CARTESIAN_POINT('',(291.1025,-224.635,1.51));
#12406 = DIRECTION('',(-0.,0.,-1.));
#12407 = DIRECTION('',(-0.,-1.,0.));
#12408 = ORIENTED_EDGE('',*,*,#12409,.T.);
#12409 = EDGE_CURVE('',#12401,#12410,#12412,.T.);
#12410 = VERTEX_POINT('',#12411);
#12411 = CARTESIAN_POINT('',(289.8025,-225.385,1.51));
#12412 = LINE('',#12413,#12414);
#12413 = CARTESIAN_POINT('',(144.90125,-225.385,1.51));
#12414 = VECTOR('',#12415,1.);
#12415 = DIRECTION('',(-1.,0.,0.));
#12416 = ORIENTED_EDGE('',*,*,#12417,.T.);
#12417 = EDGE_CURVE('',#12410,#12418,#12420,.T.);
#12418 = VERTEX_POINT('',#12419);
#12419 = CARTESIAN_POINT('',(289.8025,-223.885,1.51));
#12420 = CIRCLE('',#12421,0.75);
#12421 = AXIS2_PLACEMENT_3D('',#12422,#12423,#12424);
#12422 = CARTESIAN_POINT('',(289.8025,-224.635,1.51));
#12423 = DIRECTION('',(-0.,0.,-1.));
#12424 = DIRECTION('',(0.,1.,0.));
#12425 = ORIENTED_EDGE('',*,*,#12426,.T.);
#12426 = EDGE_CURVE('',#12418,#12399,#12427,.T.);
#12427 = LINE('',#12428,#12429);
#12428 = CARTESIAN_POINT('',(145.55125,-223.885,1.51));
#12429 = VECTOR('',#12430,1.);
#12430 = DIRECTION('',(1.,0.,-0.));
#12431 = FACE_BOUND('',#12432,.T.);
#12432 = EDGE_LOOP('',(#12433));
#12433 = ORIENTED_EDGE('',*,*,#12434,.T.);
#12434 = EDGE_CURVE('',#12435,#12435,#12437,.T.);
#12435 = VERTEX_POINT('',#12436);
#12436 = CARTESIAN_POINT('',(282.9525,-222.035,1.51));
#12437 = CIRCLE('',#12438,0.5);
#12438 = AXIS2_PLACEMENT_3D('',#12439,#12440,#12441);
#12439 = CARTESIAN_POINT('',(282.9525,-221.535,1.51));
#12440 = DIRECTION('',(-0.,0.,-1.));
#12441 = DIRECTION('',(-0.,-1.,0.));
#12442 = FACE_BOUND('',#12443,.T.);
#12443 = EDGE_LOOP('',(#12444));
#12444 = ORIENTED_EDGE('',*,*,#12445,.T.);
#12445 = EDGE_CURVE('',#12446,#12446,#12448,.T.);
#12446 = VERTEX_POINT('',#12447);
#12447 = CARTESIAN_POINT('',(294.2625,-222.325,1.51));
#12448 = CIRCLE('',#12449,0.75);
#12449 = AXIS2_PLACEMENT_3D('',#12450,#12451,#12452);
#12450 = CARTESIAN_POINT('',(294.2625,-221.575,1.51));
#12451 = DIRECTION('',(-0.,0.,-1.));
#12452 = DIRECTION('',(-0.,-1.,0.));
#12453 = FACE_BOUND('',#12454,.T.);
#12454 = EDGE_LOOP('',(#12455));
#12455 = ORIENTED_EDGE('',*,*,#12456,.T.);
#12456 = EDGE_CURVE('',#12457,#12457,#12459,.T.);
#12457 = VERTEX_POINT('',#12458);
#12458 = CARTESIAN_POINT('',(297.4525,-222.035,1.51));
#12459 = CIRCLE('',#12460,0.5);
#12460 = AXIS2_PLACEMENT_3D('',#12461,#12462,#12463);
#12461 = CARTESIAN_POINT('',(297.4525,-221.535,1.51));
#12462 = DIRECTION('',(-0.,0.,-1.));
#12463 = DIRECTION('',(-0.,-1.,0.));
#12464 = FACE_BOUND('',#12465,.T.);
#12465 = EDGE_LOOP('',(#12466));
#12466 = ORIENTED_EDGE('',*,*,#12467,.T.);
#12467 = EDGE_CURVE('',#12468,#12468,#12470,.T.);
#12468 = VERTEX_POINT('',#12469);
#12469 = CARTESIAN_POINT('',(314.2334,-229.253948,1.51));
#12470 = CIRCLE('',#12471,1.9939);
#12471 = AXIS2_PLACEMENT_3D('',#12472,#12473,#12474);
#12472 = CARTESIAN_POINT('',(314.2334,-227.260048,1.51));
#12473 = DIRECTION('',(-0.,0.,-1.));
#12474 = DIRECTION('',(-0.,-1.,0.));
#12475 = FACE_BOUND('',#12476,.T.);
#12476 = EDGE_LOOP('',(#12477));
#12477 = ORIENTED_EDGE('',*,*,#12478,.T.);
#12478 = EDGE_CURVE('',#12479,#12479,#12481,.T.);
#12479 = VERTEX_POINT('',#12480);
#12480 = CARTESIAN_POINT('',(282.9525,-219.535,1.51));
#12481 = CIRCLE('',#12482,0.5);
#12482 = AXIS2_PLACEMENT_3D('',#12483,#12484,#12485);
#12483 = CARTESIAN_POINT('',(282.9525,-219.035,1.51));
#12484 = DIRECTION('',(-0.,0.,-1.));
#12485 = DIRECTION('',(-0.,-1.,0.));
#12486 = FACE_BOUND('',#12487,.T.);
#12487 = EDGE_LOOP('',(#12488));
#12488 = ORIENTED_EDGE('',*,*,#12489,.T.);
#12489 = EDGE_CURVE('',#12490,#12490,#12492,.T.);
#12490 = VERTEX_POINT('',#12491);
#12491 = CARTESIAN_POINT('',(285.3725,-219.91,1.51));
#12492 = CIRCLE('',#12493,0.875);
#12493 = AXIS2_PLACEMENT_3D('',#12494,#12495,#12496);
#12494 = CARTESIAN_POINT('',(285.3725,-219.035,1.51));
#12495 = DIRECTION('',(-0.,0.,-1.));
#12496 = DIRECTION('',(-0.,-1.,0.));
#12497 = FACE_BOUND('',#12498,.T.);
#12498 = EDGE_LOOP('',(#12499));
#12499 = ORIENTED_EDGE('',*,*,#12500,.T.);
#12500 = EDGE_CURVE('',#12501,#12501,#12503,.T.);
#12501 = VERTEX_POINT('',#12502);
#12502 = CARTESIAN_POINT('',(290.4525,-221.035,1.51));
#12503 = CIRCLE('',#12504,2.);
#12504 = AXIS2_PLACEMENT_3D('',#12505,#12506,#12507);
#12505 = CARTESIAN_POINT('',(290.4525,-219.035,1.51));
#12506 = DIRECTION('',(-0.,0.,-1.));
#12507 = DIRECTION('',(-0.,-1.,0.));
#12508 = FACE_BOUND('',#12509,.T.);
#12509 = EDGE_LOOP('',(#12510));
#12510 = ORIENTED_EDGE('',*,*,#12511,.T.);
#12511 = EDGE_CURVE('',#12512,#12512,#12514,.T.);
#12512 = VERTEX_POINT('',#12513);
#12513 = CARTESIAN_POINT('',(282.9525,-217.035,1.51));
#12514 = CIRCLE('',#12515,0.5);
#12515 = AXIS2_PLACEMENT_3D('',#12516,#12517,#12518);
#12516 = CARTESIAN_POINT('',(282.9525,-216.535,1.51));
#12517 = DIRECTION('',(-0.,0.,-1.));
#12518 = DIRECTION('',(-0.,-1.,0.));
#12519 = FACE_BOUND('',#12520,.T.);
#12520 = EDGE_LOOP('',(#12521));
#12521 = ORIENTED_EDGE('',*,*,#12522,.T.);
#12522 = EDGE_CURVE('',#12523,#12523,#12525,.T.);
#12523 = VERTEX_POINT('',#12524);
#12524 = CARTESIAN_POINT('',(295.5325,-219.91,1.51));
#12525 = CIRCLE('',#12526,0.875);
#12526 = AXIS2_PLACEMENT_3D('',#12527,#12528,#12529);
#12527 = CARTESIAN_POINT('',(295.5325,-219.035,1.51));
#12528 = DIRECTION('',(-0.,0.,-1.));
#12529 = DIRECTION('',(-0.,-1.,0.));
#12530 = FACE_BOUND('',#12531,.T.);
#12531 = EDGE_LOOP('',(#12532));
#12532 = ORIENTED_EDGE('',*,*,#12533,.T.);
#12533 = EDGE_CURVE('',#12534,#12534,#12536,.T.);
#12534 = VERTEX_POINT('',#12535);
#12535 = CARTESIAN_POINT('',(297.4525,-217.035,1.51));
#12536 = CIRCLE('',#12537,0.5);
#12537 = AXIS2_PLACEMENT_3D('',#12538,#12539,#12540);
#12538 = CARTESIAN_POINT('',(297.4525,-216.535,1.51));
#12539 = DIRECTION('',(-0.,0.,-1.));
#12540 = DIRECTION('',(-0.,-1.,0.));
#12541 = FACE_BOUND('',#12542,.T.);
#12542 = EDGE_LOOP('',(#12543,#12554,#12562,#12571));
#12543 = ORIENTED_EDGE('',*,*,#12544,.T.);
#12544 = EDGE_CURVE('',#12545,#12547,#12549,.T.);
#12545 = VERTEX_POINT('',#12546);
#12546 = CARTESIAN_POINT('',(291.1025,-212.685,1.51));
#12547 = VERTEX_POINT('',#12548);
#12548 = CARTESIAN_POINT('',(291.1025,-214.185,1.51));
#12549 = CIRCLE('',#12550,0.75);
#12550 = AXIS2_PLACEMENT_3D('',#12551,#12552,#12553);
#12551 = CARTESIAN_POINT('',(291.1025,-213.435,1.51));
#12552 = DIRECTION('',(-0.,0.,-1.));
#12553 = DIRECTION('',(-0.,-1.,0.));
#12554 = ORIENTED_EDGE('',*,*,#12555,.T.);
#12555 = EDGE_CURVE('',#12547,#12556,#12558,.T.);
#12556 = VERTEX_POINT('',#12557);
#12557 = CARTESIAN_POINT('',(289.8025,-214.185,1.51));
#12558 = LINE('',#12559,#12560);
#12559 = CARTESIAN_POINT('',(144.90125,-214.185,1.51));
#12560 = VECTOR('',#12561,1.);
#12561 = DIRECTION('',(-1.,0.,0.));
#12562 = ORIENTED_EDGE('',*,*,#12563,.T.);
#12563 = EDGE_CURVE('',#12556,#12564,#12566,.T.);
#12564 = VERTEX_POINT('',#12565);
#12565 = CARTESIAN_POINT('',(289.8025,-212.685,1.51));
#12566 = CIRCLE('',#12567,0.75);
#12567 = AXIS2_PLACEMENT_3D('',#12568,#12569,#12570);
#12568 = CARTESIAN_POINT('',(289.8025,-213.435,1.51));
#12569 = DIRECTION('',(-0.,0.,-1.));
#12570 = DIRECTION('',(0.,1.,0.));
#12571 = ORIENTED_EDGE('',*,*,#12572,.T.);
#12572 = EDGE_CURVE('',#12564,#12545,#12573,.T.);
#12573 = LINE('',#12574,#12575);
#12574 = CARTESIAN_POINT('',(145.55125,-212.685,1.51));
#12575 = VECTOR('',#12576,1.);
#12576 = DIRECTION('',(1.,0.,-0.));
#12577 = FACE_BOUND('',#12578,.T.);
#12578 = EDGE_LOOP('',(#12579));
#12579 = ORIENTED_EDGE('',*,*,#12580,.T.);
#12580 = EDGE_CURVE('',#12581,#12581,#12583,.T.);
#12581 = VERTEX_POINT('',#12582);
#12582 = CARTESIAN_POINT('',(321.09125,-219.91,1.51));
#12583 = CIRCLE('',#12584,0.875);
#12584 = AXIS2_PLACEMENT_3D('',#12585,#12586,#12587);
#12585 = CARTESIAN_POINT('',(321.09125,-219.035,1.51));
#12586 = DIRECTION('',(-0.,0.,-1.));
#12587 = DIRECTION('',(-0.,-1.,0.));
#12588 = FACE_BOUND('',#12589,.T.);
#12589 = EDGE_LOOP('',(#12590));
#12590 = ORIENTED_EDGE('',*,*,#12591,.T.);
#12591 = EDGE_CURVE('',#12592,#12592,#12594,.T.);
#12592 = VERTEX_POINT('',#12593);
#12593 = CARTESIAN_POINT('',(314.2334,-213.574048,1.51));
#12594 = CIRCLE('',#12595,1.524);
#12595 = AXIS2_PLACEMENT_3D('',#12596,#12597,#12598);
#12596 = CARTESIAN_POINT('',(314.2334,-212.050048,1.51));
#12597 = DIRECTION('',(-0.,0.,-1.));
#12598 = DIRECTION('',(-0.,-1.,0.));
#12599 = FACE_BOUND('',#12600,.T.);
#12600 = EDGE_LOOP('',(#12601));
#12601 = ORIENTED_EDGE('',*,*,#12602,.T.);
#12602 = EDGE_CURVE('',#12603,#12603,#12605,.T.);
#12603 = VERTEX_POINT('',#12604);
#12604 = CARTESIAN_POINT('',(338.1094,-229.253948,1.51));
#12605 = CIRCLE('',#12606,1.9939);
#12606 = AXIS2_PLACEMENT_3D('',#12607,#12608,#12609);
#12607 = CARTESIAN_POINT('',(338.1094,-227.260048,1.51));
#12608 = DIRECTION('',(-0.,0.,-1.));
#12609 = DIRECTION('',(-0.,-1.,0.));
#12610 = FACE_BOUND('',#12611,.T.);
#12611 = EDGE_LOOP('',(#12612));
#12612 = ORIENTED_EDGE('',*,*,#12613,.T.);
#12613 = EDGE_CURVE('',#12614,#12614,#12616,.T.);
#12614 = VERTEX_POINT('',#12615);
#12615 = CARTESIAN_POINT('',(326.17125,-221.035,1.51));
#12616 = CIRCLE('',#12617,2.);
#12617 = AXIS2_PLACEMENT_3D('',#12618,#12619,#12620);
#12618 = CARTESIAN_POINT('',(326.17125,-219.035,1.51));
#12619 = DIRECTION('',(-0.,0.,-1.));
#12620 = DIRECTION('',(-0.,-1.,0.));
#12621 = FACE_BOUND('',#12622,.T.);
#12622 = EDGE_LOOP('',(#12623));
#12623 = ORIENTED_EDGE('',*,*,#12624,.T.);
#12624 = EDGE_CURVE('',#12625,#12625,#12627,.T.);
#12625 = VERTEX_POINT('',#12626);
#12626 = CARTESIAN_POINT('',(331.25125,-219.91,1.51));
#12627 = CIRCLE('',#12628,0.875);
#12628 = AXIS2_PLACEMENT_3D('',#12629,#12630,#12631);
#12629 = CARTESIAN_POINT('',(331.25125,-219.035,1.51));
#12630 = DIRECTION('',(-0.,0.,-1.));
#12631 = DIRECTION('',(-0.,-1.,0.));
#12632 = FACE_BOUND('',#12633,.T.);
#12633 = EDGE_LOOP('',(#12634));
#12634 = ORIENTED_EDGE('',*,*,#12635,.T.);
#12635 = EDGE_CURVE('',#12636,#12636,#12638,.T.);
#12636 = VERTEX_POINT('',#12637);
#12637 = CARTESIAN_POINT('',(322.36125,-217.245,1.51));
#12638 = CIRCLE('',#12639,0.75);
#12639 = AXIS2_PLACEMENT_3D('',#12640,#12641,#12642);
#12640 = CARTESIAN_POINT('',(322.36125,-216.495,1.51));
#12641 = DIRECTION('',(-0.,0.,-1.));
#12642 = DIRECTION('',(-0.,-1.,0.));
#12643 = FACE_BOUND('',#12644,.T.);
#12644 = EDGE_LOOP('',(#12645));
#12645 = ORIENTED_EDGE('',*,*,#12646,.T.);
#12646 = EDGE_CURVE('',#12647,#12647,#12649,.T.);
#12647 = VERTEX_POINT('',#12648);
#12648 = CARTESIAN_POINT('',(328.71125,-214.705,1.51));
#12649 = CIRCLE('',#12650,0.75);
#12650 = AXIS2_PLACEMENT_3D('',#12651,#12652,#12653);
#12651 = CARTESIAN_POINT('',(328.71125,-213.955,1.51));
#12652 = DIRECTION('',(-0.,0.,-1.));
#12653 = DIRECTION('',(-0.,-1.,0.));
#12654 = FACE_BOUND('',#12655,.T.);
#12655 = EDGE_LOOP('',(#12656));
#12656 = ORIENTED_EDGE('',*,*,#12657,.T.);
#12657 = EDGE_CURVE('',#12658,#12658,#12660,.T.);
#12658 = VERTEX_POINT('',#12659);
#12659 = CARTESIAN_POINT('',(338.1094,-213.574048,1.51));
#12660 = CIRCLE('',#12661,1.524);
#12661 = AXIS2_PLACEMENT_3D('',#12662,#12663,#12664);
#12662 = CARTESIAN_POINT('',(338.1094,-212.050048,1.51));
#12663 = DIRECTION('',(-0.,0.,-1.));
#12664 = DIRECTION('',(-0.,-1.,0.));
#12665 = FACE_BOUND('',#12666,.T.);
#12666 = EDGE_LOOP('',(#12667));
#12667 = ORIENTED_EDGE('',*,*,#12668,.T.);
#12668 = EDGE_CURVE('',#12669,#12669,#12671,.T.);
#12669 = VERTEX_POINT('',#12670);
#12670 = CARTESIAN_POINT('',(359.19125,-219.91,1.51));
#12671 = CIRCLE('',#12672,0.875);
#12672 = AXIS2_PLACEMENT_3D('',#12673,#12674,#12675);
#12673 = CARTESIAN_POINT('',(359.19125,-219.035,1.51));
#12674 = DIRECTION('',(-0.,0.,-1.));
#12675 = DIRECTION('',(-0.,-1.,0.));
#12676 = FACE_BOUND('',#12677,.T.);
#12677 = EDGE_LOOP('',(#12678));
#12678 = ORIENTED_EDGE('',*,*,#12679,.T.);
#12679 = EDGE_CURVE('',#12680,#12680,#12682,.T.);
#12680 = VERTEX_POINT('',#12681);
#12681 = CARTESIAN_POINT('',(360.46125,-217.245,1.51));
#12682 = CIRCLE('',#12683,0.75);
#12683 = AXIS2_PLACEMENT_3D('',#12684,#12685,#12686);
#12684 = CARTESIAN_POINT('',(360.46125,-216.495,1.51));
#12685 = DIRECTION('',(-0.,0.,-1.));
#12686 = DIRECTION('',(-0.,-1.,0.));
#12687 = FACE_BOUND('',#12688,.T.);
#12688 = EDGE_LOOP('',(#12689));
#12689 = ORIENTED_EDGE('',*,*,#12690,.T.);
#12690 = EDGE_CURVE('',#12691,#12691,#12693,.T.);
#12691 = VERTEX_POINT('',#12692);
#12692 = CARTESIAN_POINT('',(294.8975,-200.86,1.51));
#12693 = CIRCLE('',#12694,0.875);
#12694 = AXIS2_PLACEMENT_3D('',#12695,#12696,#12697);
#12695 = CARTESIAN_POINT('',(294.8975,-199.985,1.51));
#12696 = DIRECTION('',(-0.,0.,-1.));
#12697 = DIRECTION('',(-0.,-1.,0.));
#12698 = FACE_BOUND('',#12699,.T.);
#12699 = EDGE_LOOP('',(#12700));
#12700 = ORIENTED_EDGE('',*,*,#12701,.T.);
#12701 = EDGE_CURVE('',#12702,#12702,#12704,.T.);
#12702 = VERTEX_POINT('',#12703);
#12703 = CARTESIAN_POINT('',(299.9775,-201.985,1.51));
#12704 = CIRCLE('',#12705,2.);
#12705 = AXIS2_PLACEMENT_3D('',#12706,#12707,#12708);
#12706 = CARTESIAN_POINT('',(299.9775,-199.985,1.51));
#12707 = DIRECTION('',(-0.,0.,-1.));
#12708 = DIRECTION('',(-0.,-1.,0.));
#12709 = FACE_BOUND('',#12710,.T.);
#12710 = EDGE_LOOP('',(#12711));
#12711 = ORIENTED_EDGE('',*,*,#12712,.T.);
#12712 = EDGE_CURVE('',#12713,#12713,#12715,.T.);
#12713 = VERTEX_POINT('',#12714);
#12714 = CARTESIAN_POINT('',(296.1675,-198.195,1.51));
#12715 = CIRCLE('',#12716,0.75);
#12716 = AXIS2_PLACEMENT_3D('',#12717,#12718,#12719);
#12717 = CARTESIAN_POINT('',(296.1675,-197.445,1.51));
#12718 = DIRECTION('',(-0.,0.,-1.));
#12719 = DIRECTION('',(-0.,-1.,0.));
#12720 = FACE_BOUND('',#12721,.T.);
#12721 = EDGE_LOOP('',(#12722));
#12722 = ORIENTED_EDGE('',*,*,#12723,.T.);
#12723 = EDGE_CURVE('',#12724,#12724,#12726,.T.);
#12724 = VERTEX_POINT('',#12725);
#12725 = CARTESIAN_POINT('',(305.0575,-200.86,1.51));
#12726 = CIRCLE('',#12727,0.875);
#12727 = AXIS2_PLACEMENT_3D('',#12728,#12729,#12730);
#12728 = CARTESIAN_POINT('',(305.0575,-199.985,1.51));
#12729 = DIRECTION('',(-0.,0.,-1.));
#12730 = DIRECTION('',(-0.,-1.,0.));
#12731 = FACE_BOUND('',#12732,.T.);
#12732 = EDGE_LOOP('',(#12733));
#12733 = ORIENTED_EDGE('',*,*,#12734,.T.);
#12734 = EDGE_CURVE('',#12735,#12735,#12737,.T.);
#12735 = VERTEX_POINT('',#12736);
#12736 = CARTESIAN_POINT('',(313.9475,-200.86,1.51));
#12737 = CIRCLE('',#12738,0.875);
#12738 = AXIS2_PLACEMENT_3D('',#12739,#12740,#12741);
#12739 = CARTESIAN_POINT('',(313.9475,-199.985,1.51));
#12740 = DIRECTION('',(-0.,0.,-1.));
#12741 = DIRECTION('',(-0.,-1.,0.));
#12742 = FACE_BOUND('',#12743,.T.);
#12743 = EDGE_LOOP('',(#12744));
#12744 = ORIENTED_EDGE('',*,*,#12745,.T.);
#12745 = EDGE_CURVE('',#12746,#12746,#12748,.T.);
#12746 = VERTEX_POINT('',#12747);
#12747 = CARTESIAN_POINT('',(319.0275,-201.985,1.51));
#12748 = CIRCLE('',#12749,2.);
#12749 = AXIS2_PLACEMENT_3D('',#12750,#12751,#12752);
#12750 = CARTESIAN_POINT('',(319.0275,-199.985,1.51));
#12751 = DIRECTION('',(-0.,0.,-1.));
#12752 = DIRECTION('',(-0.,-1.,0.));
#12753 = FACE_BOUND('',#12754,.T.);
#12754 = EDGE_LOOP('',(#12755));
#12755 = ORIENTED_EDGE('',*,*,#12756,.T.);
#12756 = EDGE_CURVE('',#12757,#12757,#12759,.T.);
#12757 = VERTEX_POINT('',#12758);
#12758 = CARTESIAN_POINT('',(315.2175,-198.195,1.51));
#12759 = CIRCLE('',#12760,0.75);
#12760 = AXIS2_PLACEMENT_3D('',#12761,#12762,#12763);
#12761 = CARTESIAN_POINT('',(315.2175,-197.445,1.51));
#12762 = DIRECTION('',(-0.,0.,-1.));
#12763 = DIRECTION('',(-0.,-1.,0.));
#12764 = FACE_BOUND('',#12765,.T.);
#12765 = EDGE_LOOP('',(#12766));
#12766 = ORIENTED_EDGE('',*,*,#12767,.T.);
#12767 = EDGE_CURVE('',#12768,#12768,#12770,.T.);
#12768 = VERTEX_POINT('',#12769);
#12769 = CARTESIAN_POINT('',(302.5175,-195.655,1.51));
#12770 = CIRCLE('',#12771,0.75);
#12771 = AXIS2_PLACEMENT_3D('',#12772,#12773,#12774);
#12772 = CARTESIAN_POINT('',(302.5175,-194.905,1.51));
#12773 = DIRECTION('',(-0.,0.,-1.));
#12774 = DIRECTION('',(-0.,-1.,0.));
#12775 = FACE_BOUND('',#12776,.T.);
#12776 = EDGE_LOOP('',(#12777));
#12777 = ORIENTED_EDGE('',*,*,#12778,.T.);
#12778 = EDGE_CURVE('',#12779,#12779,#12781,.T.);
#12779 = VERTEX_POINT('',#12780);
#12780 = CARTESIAN_POINT('',(321.5675,-195.655,1.51));
#12781 = CIRCLE('',#12782,0.75);
#12782 = AXIS2_PLACEMENT_3D('',#12783,#12784,#12785);
#12783 = CARTESIAN_POINT('',(321.5675,-194.905,1.51));
#12784 = DIRECTION('',(-0.,0.,-1.));
#12785 = DIRECTION('',(-0.,-1.,0.));
#12786 = FACE_BOUND('',#12787,.T.);
#12787 = EDGE_LOOP('',(#12788));
#12788 = ORIENTED_EDGE('',*,*,#12789,.T.);
#12789 = EDGE_CURVE('',#12790,#12790,#12792,.T.);
#12790 = VERTEX_POINT('',#12791);
#12791 = CARTESIAN_POINT('',(324.1075,-200.86,1.51));
#12792 = CIRCLE('',#12793,0.875);
#12793 = AXIS2_PLACEMENT_3D('',#12794,#12795,#12796);
#12794 = CARTESIAN_POINT('',(324.1075,-199.985,1.51));
#12795 = DIRECTION('',(-0.,0.,-1.));
#12796 = DIRECTION('',(-0.,-1.,0.));
#12797 = FACE_BOUND('',#12798,.T.);
#12798 = EDGE_LOOP('',(#12799));
#12799 = ORIENTED_EDGE('',*,*,#12800,.T.);
#12800 = EDGE_CURVE('',#12801,#12801,#12803,.T.);
#12801 = VERTEX_POINT('',#12802);
#12802 = CARTESIAN_POINT('',(332.9975,-200.86,1.51));
#12803 = CIRCLE('',#12804,0.875);
#12804 = AXIS2_PLACEMENT_3D('',#12805,#12806,#12807);
#12805 = CARTESIAN_POINT('',(332.9975,-199.985,1.51));
#12806 = DIRECTION('',(-0.,0.,-1.));
#12807 = DIRECTION('',(-0.,-1.,0.));
#12808 = FACE_BOUND('',#12809,.T.);
#12809 = EDGE_LOOP('',(#12810));
#12810 = ORIENTED_EDGE('',*,*,#12811,.T.);
#12811 = EDGE_CURVE('',#12812,#12812,#12814,.T.);
#12812 = VERTEX_POINT('',#12813);
#12813 = CARTESIAN_POINT('',(338.0775,-201.985,1.51));
#12814 = CIRCLE('',#12815,2.);
#12815 = AXIS2_PLACEMENT_3D('',#12816,#12817,#12818);
#12816 = CARTESIAN_POINT('',(338.0775,-199.985,1.51));
#12817 = DIRECTION('',(-0.,0.,-1.));
#12818 = DIRECTION('',(-0.,-1.,0.));
#12819 = FACE_BOUND('',#12820,.T.);
#12820 = EDGE_LOOP('',(#12821));
#12821 = ORIENTED_EDGE('',*,*,#12822,.T.);
#12822 = EDGE_CURVE('',#12823,#12823,#12825,.T.);
#12823 = VERTEX_POINT('',#12824);
#12824 = CARTESIAN_POINT('',(334.2675,-198.195,1.51));
#12825 = CIRCLE('',#12826,0.75);
#12826 = AXIS2_PLACEMENT_3D('',#12827,#12828,#12829);
#12827 = CARTESIAN_POINT('',(334.2675,-197.445,1.51));
#12828 = DIRECTION('',(-0.,0.,-1.));
#12829 = DIRECTION('',(-0.,-1.,0.));
#12830 = FACE_BOUND('',#12831,.T.);
#12831 = EDGE_LOOP('',(#12832));
#12832 = ORIENTED_EDGE('',*,*,#12833,.T.);
#12833 = EDGE_CURVE('',#12834,#12834,#12836,.T.);
#12834 = VERTEX_POINT('',#12835);
#12835 = CARTESIAN_POINT('',(340.6175,-195.655,1.51));
#12836 = CIRCLE('',#12837,0.75);
#12837 = AXIS2_PLACEMENT_3D('',#12838,#12839,#12840);
#12838 = CARTESIAN_POINT('',(340.6175,-194.905,1.51));
#12839 = DIRECTION('',(-0.,0.,-1.));
#12840 = DIRECTION('',(-0.,-1.,0.));
#12841 = FACE_BOUND('',#12842,.T.);
#12842 = EDGE_LOOP('',(#12843));
#12843 = ORIENTED_EDGE('',*,*,#12844,.T.);
#12844 = EDGE_CURVE('',#12845,#12845,#12847,.T.);
#12845 = VERTEX_POINT('',#12846);
#12846 = CARTESIAN_POINT('',(343.1575,-200.86,1.51));
#12847 = CIRCLE('',#12848,0.875);
#12848 = AXIS2_PLACEMENT_3D('',#12849,#12850,#12851);
#12849 = CARTESIAN_POINT('',(343.1575,-199.985,1.51));
#12850 = DIRECTION('',(-0.,0.,-1.));
#12851 = DIRECTION('',(-0.,-1.,0.));
#12852 = FACE_BOUND('',#12853,.T.);
#12853 = EDGE_LOOP('',(#12854));
#12854 = ORIENTED_EDGE('',*,*,#12855,.T.);
#12855 = EDGE_CURVE('',#12856,#12856,#12858,.T.);
#12856 = VERTEX_POINT('',#12857);
#12857 = CARTESIAN_POINT('',(352.0475,-200.86,1.51));
#12858 = CIRCLE('',#12859,0.875);
#12859 = AXIS2_PLACEMENT_3D('',#12860,#12861,#12862);
#12860 = CARTESIAN_POINT('',(352.0475,-199.985,1.51));
#12861 = DIRECTION('',(-0.,0.,-1.));
#12862 = DIRECTION('',(-0.,-1.,0.));
#12863 = FACE_BOUND('',#12864,.T.);
#12864 = EDGE_LOOP('',(#12865));
#12865 = ORIENTED_EDGE('',*,*,#12866,.T.);
#12866 = EDGE_CURVE('',#12867,#12867,#12869,.T.);
#12867 = VERTEX_POINT('',#12868);
#12868 = CARTESIAN_POINT('',(357.1275,-201.985,1.51));
#12869 = CIRCLE('',#12870,2.);
#12870 = AXIS2_PLACEMENT_3D('',#12871,#12872,#12873);
#12871 = CARTESIAN_POINT('',(357.1275,-199.985,1.51));
#12872 = DIRECTION('',(-0.,0.,-1.));
#12873 = DIRECTION('',(-0.,-1.,0.));
#12874 = FACE_BOUND('',#12875,.T.);
#12875 = EDGE_LOOP('',(#12876));
#12876 = ORIENTED_EDGE('',*,*,#12877,.T.);
#12877 = EDGE_CURVE('',#12878,#12878,#12880,.T.);
#12878 = VERTEX_POINT('',#12879);
#12879 = CARTESIAN_POINT('',(353.3175,-198.195,1.51));
#12880 = CIRCLE('',#12881,0.75);
#12881 = AXIS2_PLACEMENT_3D('',#12882,#12883,#12884);
#12882 = CARTESIAN_POINT('',(353.3175,-197.445,1.51));
#12883 = DIRECTION('',(-0.,0.,-1.));
#12884 = DIRECTION('',(-0.,-1.,0.));
#12885 = FACE_BOUND('',#12886,.T.);
#12886 = EDGE_LOOP('',(#12887));
#12887 = ORIENTED_EDGE('',*,*,#12888,.T.);
#12888 = EDGE_CURVE('',#12889,#12889,#12891,.T.);
#12889 = VERTEX_POINT('',#12890);
#12890 = CARTESIAN_POINT('',(359.6675,-195.655,1.51));
#12891 = CIRCLE('',#12892,0.75);
#12892 = AXIS2_PLACEMENT_3D('',#12893,#12894,#12895);
#12893 = CARTESIAN_POINT('',(359.6675,-194.905,1.51));
#12894 = DIRECTION('',(-0.,0.,-1.));
#12895 = DIRECTION('',(-0.,-1.,0.));
#12896 = FACE_BOUND('',#12897,.T.);
#12897 = EDGE_LOOP('',(#12898));
#12898 = ORIENTED_EDGE('',*,*,#12899,.T.);
#12899 = EDGE_CURVE('',#12900,#12900,#12902,.T.);
#12900 = VERTEX_POINT('',#12901);
#12901 = CARTESIAN_POINT('',(364.27125,-221.035,1.51));
#12902 = CIRCLE('',#12903,2.);
#12903 = AXIS2_PLACEMENT_3D('',#12904,#12905,#12906);
#12904 = CARTESIAN_POINT('',(364.27125,-219.035,1.51));
#12905 = DIRECTION('',(-0.,0.,-1.));
#12906 = DIRECTION('',(-0.,-1.,0.));
#12907 = FACE_BOUND('',#12908,.T.);
#12908 = EDGE_LOOP('',(#12909));
#12909 = ORIENTED_EDGE('',*,*,#12910,.T.);
#12910 = EDGE_CURVE('',#12911,#12911,#12913,.T.);
#12911 = VERTEX_POINT('',#12912);
#12912 = CARTESIAN_POINT('',(369.35125,-219.91,1.51));
#12913 = CIRCLE('',#12914,0.875);
#12914 = AXIS2_PLACEMENT_3D('',#12915,#12916,#12917);
#12915 = CARTESIAN_POINT('',(369.35125,-219.035,1.51));
#12916 = DIRECTION('',(-0.,0.,-1.));
#12917 = DIRECTION('',(-0.,-1.,0.));
#12918 = FACE_BOUND('',#12919,.T.);
#12919 = EDGE_LOOP('',(#12920));
#12920 = ORIENTED_EDGE('',*,*,#12921,.T.);
#12921 = EDGE_CURVE('',#12922,#12922,#12924,.T.);
#12922 = VERTEX_POINT('',#12923);
#12923 = CARTESIAN_POINT('',(380.6225,-219.91,1.51));
#12924 = CIRCLE('',#12925,0.875);
#12925 = AXIS2_PLACEMENT_3D('',#12926,#12927,#12928);
#12926 = CARTESIAN_POINT('',(380.6225,-219.035,1.51));
#12927 = DIRECTION('',(-0.,0.,-1.));
#12928 = DIRECTION('',(-0.,-1.,0.));
#12929 = FACE_BOUND('',#12930,.T.);
#12930 = EDGE_LOOP('',(#12931));
#12931 = ORIENTED_EDGE('',*,*,#12932,.T.);
#12932 = EDGE_CURVE('',#12933,#12933,#12935,.T.);
#12933 = VERTEX_POINT('',#12934);
#12934 = CARTESIAN_POINT('',(366.81125,-214.705,1.51));
#12935 = CIRCLE('',#12936,0.75);
#12936 = AXIS2_PLACEMENT_3D('',#12937,#12938,#12939);
#12937 = CARTESIAN_POINT('',(366.81125,-213.955,1.51));
#12938 = DIRECTION('',(-0.,0.,-1.));
#12939 = DIRECTION('',(-0.,-1.,0.));
#12940 = FACE_BOUND('',#12941,.T.);
#12941 = EDGE_LOOP('',(#12942));
#12942 = ORIENTED_EDGE('',*,*,#12943,.T.);
#12943 = EDGE_CURVE('',#12944,#12944,#12946,.T.);
#12944 = VERTEX_POINT('',#12945);
#12945 = CARTESIAN_POINT('',(385.7025,-221.035,1.51));
#12946 = CIRCLE('',#12947,2.);
#12947 = AXIS2_PLACEMENT_3D('',#12948,#12949,#12950);
#12948 = CARTESIAN_POINT('',(385.7025,-219.035,1.51));
#12949 = DIRECTION('',(-0.,0.,-1.));
#12950 = DIRECTION('',(-0.,-1.,0.));
#12951 = FACE_BOUND('',#12952,.T.);
#12952 = EDGE_LOOP('',(#12953));
#12953 = ORIENTED_EDGE('',*,*,#12954,.T.);
#12954 = EDGE_CURVE('',#12955,#12955,#12957,.T.);
#12955 = VERTEX_POINT('',#12956);
#12956 = CARTESIAN_POINT('',(390.7825,-219.91,1.51));
#12957 = CIRCLE('',#12958,0.875);
#12958 = AXIS2_PLACEMENT_3D('',#12959,#12960,#12961);
#12959 = CARTESIAN_POINT('',(390.7825,-219.035,1.51));
#12960 = DIRECTION('',(-0.,0.,-1.));
#12961 = DIRECTION('',(-0.,-1.,0.));
#12962 = FACE_BOUND('',#12963,.T.);
#12963 = EDGE_LOOP('',(#12964));
#12964 = ORIENTED_EDGE('',*,*,#12965,.T.);
#12965 = EDGE_CURVE('',#12966,#12966,#12968,.T.);
#12966 = VERTEX_POINT('',#12967);
#12967 = CARTESIAN_POINT('',(381.8925,-217.245,1.51));
#12968 = CIRCLE('',#12969,0.75);
#12969 = AXIS2_PLACEMENT_3D('',#12970,#12971,#12972);
#12970 = CARTESIAN_POINT('',(381.8925,-216.495,1.51));
#12971 = DIRECTION('',(-0.,0.,-1.));
#12972 = DIRECTION('',(-0.,-1.,0.));
#12973 = FACE_BOUND('',#12974,.T.);
#12974 = EDGE_LOOP('',(#12975));
#12975 = ORIENTED_EDGE('',*,*,#12976,.T.);
#12976 = EDGE_CURVE('',#12977,#12977,#12979,.T.);
#12977 = VERTEX_POINT('',#12978);
#12978 = CARTESIAN_POINT('',(388.2425,-214.705,1.51));
#12979 = CIRCLE('',#12980,0.75);
#12980 = AXIS2_PLACEMENT_3D('',#12981,#12982,#12983);
#12981 = CARTESIAN_POINT('',(388.2425,-213.955,1.51));
#12982 = DIRECTION('',(-0.,0.,-1.));
#12983 = DIRECTION('',(-0.,-1.,0.));
#12984 = FACE_BOUND('',#12985,.T.);
#12985 = EDGE_LOOP('',(#12986));
#12986 = ORIENTED_EDGE('',*,*,#12987,.F.);
#12987 = EDGE_CURVE('',#12988,#12988,#12990,.T.);
#12988 = VERTEX_POINT('',#12989);
#12989 = CARTESIAN_POINT('',(423.207419,-228.560056,1.51));
#12990 = CIRCLE('',#12991,1.190626);
#12991 = AXIS2_PLACEMENT_3D('',#12992,#12993,#12994);
#12992 = CARTESIAN_POINT('',(422.016793,-228.560056,1.51));
#12993 = DIRECTION('',(0.,0.,1.));
#12994 = DIRECTION('',(1.,0.,0.));
#12995 = FACE_BOUND('',#12996,.T.);
#12996 = EDGE_LOOP('',(#12997));
#12997 = ORIENTED_EDGE('',*,*,#12998,.F.);
#12998 = EDGE_CURVE('',#12999,#12999,#13001,.T.);
#12999 = VERTEX_POINT('',#13000);
#13000 = CARTESIAN_POINT('',(441.066809,-228.560056,1.51));
#13001 = CIRCLE('',#13002,1.190626);
#13002 = AXIS2_PLACEMENT_3D('',#13003,#13004,#13005);
#13003 = CARTESIAN_POINT('',(439.876183,-228.560056,1.51));
#13004 = DIRECTION('',(0.,0.,1.));
#13005 = DIRECTION('',(1.,0.,0.));
#13006 = FACE_BOUND('',#13007,.T.);
#13007 = EDGE_LOOP('',(#13008));
#13008 = ORIENTED_EDGE('',*,*,#13009,.T.);
#13009 = EDGE_CURVE('',#13010,#13010,#13012,.T.);
#13010 = VERTEX_POINT('',#13011);
#13011 = CARTESIAN_POINT('',(423.802732,-221.459109,1.51));
#13012 = CIRCLE('',#13013,0.4);
#13013 = AXIS2_PLACEMENT_3D('',#13014,#13015,#13016);
#13014 = CARTESIAN_POINT('',(423.802732,-221.059109,1.51));
#13015 = DIRECTION('',(-0.,0.,-1.));
#13016 = DIRECTION('',(-0.,-1.,0.));
#13017 = FACE_BOUND('',#13018,.T.);
#13018 = EDGE_LOOP('',(#13019));
#13019 = ORIENTED_EDGE('',*,*,#13020,.T.);
#13020 = EDGE_CURVE('',#13021,#13021,#13023,.T.);
#13021 = VERTEX_POINT('',#13022);
#13022 = CARTESIAN_POINT('',(426.183984,-221.459109,1.51));
#13023 = CIRCLE('',#13024,0.4);
#13024 = AXIS2_PLACEMENT_3D('',#13025,#13026,#13027);
#13025 = CARTESIAN_POINT('',(426.183984,-221.059109,1.51));
#13026 = DIRECTION('',(-0.,0.,-1.));
#13027 = DIRECTION('',(-0.,-1.,0.));
#13028 = FACE_BOUND('',#13029,.T.);
#13029 = EDGE_LOOP('',(#13030));
#13030 = ORIENTED_EDGE('',*,*,#13031,.T.);
#13031 = EDGE_CURVE('',#13032,#13032,#13034,.T.);
#13032 = VERTEX_POINT('',#13033);
#13033 = CARTESIAN_POINT('',(428.565236,-221.459109,1.51));
#13034 = CIRCLE('',#13035,0.4);
#13035 = AXIS2_PLACEMENT_3D('',#13036,#13037,#13038);
#13036 = CARTESIAN_POINT('',(428.565236,-221.059109,1.51));
#13037 = DIRECTION('',(-0.,0.,-1.));
#13038 = DIRECTION('',(-0.,-1.,0.));
#13039 = FACE_BOUND('',#13040,.T.);
#13040 = EDGE_LOOP('',(#13041));
#13041 = ORIENTED_EDGE('',*,*,#13042,.T.);
#13042 = EDGE_CURVE('',#13043,#13043,#13045,.T.);
#13043 = VERTEX_POINT('',#13044);
#13044 = CARTESIAN_POINT('',(430.946488,-221.459109,1.51));
#13045 = CIRCLE('',#13046,0.4);
#13046 = AXIS2_PLACEMENT_3D('',#13047,#13048,#13049);
#13047 = CARTESIAN_POINT('',(430.946488,-221.059109,1.51));
#13048 = DIRECTION('',(-0.,0.,-1.));
#13049 = DIRECTION('',(-1.42108547152E-13,-1.,0.));
#13050 = FACE_BOUND('',#13051,.T.);
#13051 = EDGE_LOOP('',(#13052));
#13052 = ORIENTED_EDGE('',*,*,#13053,.T.);
#13053 = EDGE_CURVE('',#13054,#13054,#13056,.T.);
#13054 = VERTEX_POINT('',#13055);
#13055 = CARTESIAN_POINT('',(433.32774,-221.459109,1.51));
#13056 = CIRCLE('',#13057,0.4);
#13057 = AXIS2_PLACEMENT_3D('',#13058,#13059,#13060);
#13058 = CARTESIAN_POINT('',(433.32774,-221.059109,1.51));
#13059 = DIRECTION('',(-0.,0.,-1.));
#13060 = DIRECTION('',(1.42108547152E-13,-1.,-0.));
#13061 = FACE_BOUND('',#13062,.T.);
#13062 = EDGE_LOOP('',(#13063));
#13063 = ORIENTED_EDGE('',*,*,#13064,.T.);
#13064 = EDGE_CURVE('',#13065,#13065,#13067,.T.);
#13065 = VERTEX_POINT('',#13066);
#13066 = CARTESIAN_POINT('',(435.708992,-221.459109,1.51));
#13067 = CIRCLE('',#13068,0.4);
#13068 = AXIS2_PLACEMENT_3D('',#13069,#13070,#13071);
#13069 = CARTESIAN_POINT('',(435.708992,-221.059109,1.51));
#13070 = DIRECTION('',(-0.,0.,-1.));
#13071 = DIRECTION('',(1.42108547152E-13,-1.,-0.));
#13072 = FACE_BOUND('',#13073,.T.);
#13073 = EDGE_LOOP('',(#13074));
#13074 = ORIENTED_EDGE('',*,*,#13075,.T.);
#13075 = EDGE_CURVE('',#13076,#13076,#13078,.T.);
#13076 = VERTEX_POINT('',#13077);
#13077 = CARTESIAN_POINT('',(438.090244,-221.459109,1.51));
#13078 = CIRCLE('',#13079,0.4);
#13079 = AXIS2_PLACEMENT_3D('',#13080,#13081,#13082);
#13080 = CARTESIAN_POINT('',(438.090244,-221.059109,1.51));
#13081 = DIRECTION('',(-0.,0.,-1.));
#13082 = DIRECTION('',(-0.,-1.,0.));
#13083 = FACE_BOUND('',#13084,.T.);
#13084 = EDGE_LOOP('',(#13085));
#13085 = ORIENTED_EDGE('',*,*,#13086,.T.);
#13086 = EDGE_CURVE('',#13087,#13087,#13089,.T.);
#13087 = VERTEX_POINT('',#13088);
#13088 = CARTESIAN_POINT('',(402.05375,-219.91,1.51));
#13089 = CIRCLE('',#13090,0.875);
#13090 = AXIS2_PLACEMENT_3D('',#13091,#13092,#13093);
#13091 = CARTESIAN_POINT('',(402.05375,-219.035,1.51));
#13092 = DIRECTION('',(-0.,0.,-1.));
#13093 = DIRECTION('',(-0.,-1.,0.));
#13094 = FACE_BOUND('',#13095,.T.);
#13095 = EDGE_LOOP('',(#13096));
#13096 = ORIENTED_EDGE('',*,*,#13097,.T.);
#13097 = EDGE_CURVE('',#13098,#13098,#13100,.T.);
#13098 = VERTEX_POINT('',#13099);
#13099 = CARTESIAN_POINT('',(407.13375,-221.035,1.51));
#13100 = CIRCLE('',#13101,2.);
#13101 = AXIS2_PLACEMENT_3D('',#13102,#13103,#13104);
#13102 = CARTESIAN_POINT('',(407.13375,-219.035,1.51));
#13103 = DIRECTION('',(-0.,0.,-1.));
#13104 = DIRECTION('',(-0.,-1.,0.));
#13105 = FACE_BOUND('',#13106,.T.);
#13106 = EDGE_LOOP('',(#13107));
#13107 = ORIENTED_EDGE('',*,*,#13108,.T.);
#13108 = EDGE_CURVE('',#13109,#13109,#13111,.T.);
#13109 = VERTEX_POINT('',#13110);
#13110 = CARTESIAN_POINT('',(403.32375,-217.245,1.51));
#13111 = CIRCLE('',#13112,0.75);
#13112 = AXIS2_PLACEMENT_3D('',#13113,#13114,#13115);
#13113 = CARTESIAN_POINT('',(403.32375,-216.495,1.51));
#13114 = DIRECTION('',(-0.,0.,-1.));
#13115 = DIRECTION('',(-0.,-1.,0.));
#13116 = FACE_BOUND('',#13117,.T.);
#13117 = EDGE_LOOP('',(#13118));
#13118 = ORIENTED_EDGE('',*,*,#13119,.T.);
#13119 = EDGE_CURVE('',#13120,#13120,#13122,.T.);
#13120 = VERTEX_POINT('',#13121);
#13121 = CARTESIAN_POINT('',(412.21375,-219.91,1.51));
#13122 = CIRCLE('',#13123,0.875);
#13123 = AXIS2_PLACEMENT_3D('',#13124,#13125,#13126);
#13124 = CARTESIAN_POINT('',(412.21375,-219.035,1.51));
#13125 = DIRECTION('',(-0.,0.,-1.));
#13126 = DIRECTION('',(-0.,-1.,0.));
#13127 = FACE_BOUND('',#13128,.T.);
#13128 = EDGE_LOOP('',(#13129));
#13129 = ORIENTED_EDGE('',*,*,#13130,.T.);
#13130 = EDGE_CURVE('',#13131,#13131,#13133,.T.);
#13131 = VERTEX_POINT('',#13132);
#13132 = CARTESIAN_POINT('',(409.67375,-214.705,1.51));
#13133 = CIRCLE('',#13134,0.75);
#13134 = AXIS2_PLACEMENT_3D('',#13135,#13136,#13137);
#13135 = CARTESIAN_POINT('',(409.67375,-213.955,1.51));
#13136 = DIRECTION('',(-0.,0.,-1.));
#13137 = DIRECTION('',(-0.,-1.,0.));
#13138 = FACE_BOUND('',#13139,.T.);
#13139 = EDGE_LOOP('',(#13140));
#13140 = ORIENTED_EDGE('',*,*,#13141,.T.);
#13141 = EDGE_CURVE('',#13142,#13142,#13144,.T.);
#13142 = VERTEX_POINT('',#13143);
#13143 = CARTESIAN_POINT('',(423.802732,-213.839109,1.51));
#13144 = CIRCLE('',#13145,0.4);
#13145 = AXIS2_PLACEMENT_3D('',#13146,#13147,#13148);
#13146 = CARTESIAN_POINT('',(423.802732,-213.439109,1.51));
#13147 = DIRECTION('',(-0.,0.,-1.));
#13148 = DIRECTION('',(-0.,-1.,0.));
#13149 = FACE_BOUND('',#13150,.T.);
#13150 = EDGE_LOOP('',(#13151));
#13151 = ORIENTED_EDGE('',*,*,#13152,.T.);
#13152 = EDGE_CURVE('',#13153,#13153,#13155,.T.);
#13153 = VERTEX_POINT('',#13154);
#13154 = CARTESIAN_POINT('',(426.183984,-213.839109,1.51));
#13155 = CIRCLE('',#13156,0.4);
#13156 = AXIS2_PLACEMENT_3D('',#13157,#13158,#13159);
#13157 = CARTESIAN_POINT('',(426.183984,-213.439109,1.51));
#13158 = DIRECTION('',(-0.,0.,-1.));
#13159 = DIRECTION('',(-0.,-1.,0.));
#13160 = FACE_BOUND('',#13161,.T.);
#13161 = EDGE_LOOP('',(#13162));
#13162 = ORIENTED_EDGE('',*,*,#13163,.T.);
#13163 = EDGE_CURVE('',#13164,#13164,#13166,.T.);
#13164 = VERTEX_POINT('',#13165);
#13165 = CARTESIAN_POINT('',(428.565236,-213.839109,1.51));
#13166 = CIRCLE('',#13167,0.4);
#13167 = AXIS2_PLACEMENT_3D('',#13168,#13169,#13170);
#13168 = CARTESIAN_POINT('',(428.565236,-213.439109,1.51));
#13169 = DIRECTION('',(-0.,0.,-1.));
#13170 = DIRECTION('',(-0.,-1.,0.));
#13171 = FACE_BOUND('',#13172,.T.);
#13172 = EDGE_LOOP('',(#13173));
#13173 = ORIENTED_EDGE('',*,*,#13174,.T.);
#13174 = EDGE_CURVE('',#13175,#13175,#13177,.T.);
#13175 = VERTEX_POINT('',#13176);
#13176 = CARTESIAN_POINT('',(430.946488,-213.839109,1.51));
#13177 = CIRCLE('',#13178,0.4);
#13178 = AXIS2_PLACEMENT_3D('',#13179,#13180,#13181);
#13179 = CARTESIAN_POINT('',(430.946488,-213.439109,1.51));
#13180 = DIRECTION('',(-0.,0.,-1.));
#13181 = DIRECTION('',(-1.42108547152E-13,-1.,0.));
#13182 = FACE_BOUND('',#13183,.T.);
#13183 = EDGE_LOOP('',(#13184));
#13184 = ORIENTED_EDGE('',*,*,#13185,.T.);
#13185 = EDGE_CURVE('',#13186,#13186,#13188,.T.);
#13186 = VERTEX_POINT('',#13187);
#13187 = CARTESIAN_POINT('',(422.612106,-211.338788,1.51));
#13188 = CIRCLE('',#13189,0.4);
#13189 = AXIS2_PLACEMENT_3D('',#13190,#13191,#13192);
#13190 = CARTESIAN_POINT('',(422.612106,-210.938788,1.51));
#13191 = DIRECTION('',(-0.,0.,-1.));
#13192 = DIRECTION('',(-1.42108547152E-13,-1.,0.));
#13193 = FACE_BOUND('',#13194,.T.);
#13194 = EDGE_LOOP('',(#13195));
#13195 = ORIENTED_EDGE('',*,*,#13196,.T.);
#13196 = EDGE_CURVE('',#13197,#13197,#13199,.T.);
#13197 = VERTEX_POINT('',#13198);
#13198 = CARTESIAN_POINT('',(424.993358,-211.338788,1.51));
#13199 = CIRCLE('',#13200,0.4);
#13200 = AXIS2_PLACEMENT_3D('',#13201,#13202,#13203);
#13201 = CARTESIAN_POINT('',(424.993358,-210.938788,1.51));
#13202 = DIRECTION('',(-0.,0.,-1.));
#13203 = DIRECTION('',(-0.,-1.,0.));
#13204 = FACE_BOUND('',#13205,.T.);
#13205 = EDGE_LOOP('',(#13206));
#13206 = ORIENTED_EDGE('',*,*,#13207,.T.);
#13207 = EDGE_CURVE('',#13208,#13208,#13210,.T.);
#13208 = VERTEX_POINT('',#13209);
#13209 = CARTESIAN_POINT('',(427.37461,-211.338788,1.51));
#13210 = CIRCLE('',#13211,0.4);
#13211 = AXIS2_PLACEMENT_3D('',#13212,#13213,#13214);
#13212 = CARTESIAN_POINT('',(427.37461,-210.938788,1.51));
#13213 = DIRECTION('',(-0.,0.,-1.));
#13214 = DIRECTION('',(1.42108547152E-13,-1.,-0.));
#13215 = FACE_BOUND('',#13216,.T.);
#13216 = EDGE_LOOP('',(#13217));
#13217 = ORIENTED_EDGE('',*,*,#13218,.T.);
#13218 = EDGE_CURVE('',#13219,#13219,#13221,.T.);
#13219 = VERTEX_POINT('',#13220);
#13220 = CARTESIAN_POINT('',(429.755862,-211.338788,1.51));
#13221 = CIRCLE('',#13222,0.4);
#13222 = AXIS2_PLACEMENT_3D('',#13223,#13224,#13225);
#13223 = CARTESIAN_POINT('',(429.755862,-210.938788,1.51));
#13224 = DIRECTION('',(-0.,0.,-1.));
#13225 = DIRECTION('',(-0.,-1.,0.));
#13226 = FACE_BOUND('',#13227,.T.);
#13227 = EDGE_LOOP('',(#13228));
#13228 = ORIENTED_EDGE('',*,*,#13229,.T.);
#13229 = EDGE_CURVE('',#13230,#13230,#13232,.T.);
#13230 = VERTEX_POINT('',#13231);
#13231 = CARTESIAN_POINT('',(433.32774,-213.839109,1.51));
#13232 = CIRCLE('',#13233,0.4);
#13233 = AXIS2_PLACEMENT_3D('',#13234,#13235,#13236);
#13234 = CARTESIAN_POINT('',(433.32774,-213.439109,1.51));
#13235 = DIRECTION('',(-0.,0.,-1.));
#13236 = DIRECTION('',(1.42108547152E-13,-1.,-0.));
#13237 = FACE_BOUND('',#13238,.T.);
#13238 = EDGE_LOOP('',(#13239));
#13239 = ORIENTED_EDGE('',*,*,#13240,.T.);
#13240 = EDGE_CURVE('',#13241,#13241,#13243,.T.);
#13241 = VERTEX_POINT('',#13242);
#13242 = CARTESIAN_POINT('',(435.708992,-213.839109,1.51));
#13243 = CIRCLE('',#13244,0.4);
#13244 = AXIS2_PLACEMENT_3D('',#13245,#13246,#13247);
#13245 = CARTESIAN_POINT('',(435.708992,-213.439109,1.51));
#13246 = DIRECTION('',(-0.,0.,-1.));
#13247 = DIRECTION('',(1.42108547152E-13,-1.,-0.));
#13248 = FACE_BOUND('',#13249,.T.);
#13249 = EDGE_LOOP('',(#13250));
#13250 = ORIENTED_EDGE('',*,*,#13251,.T.);
#13251 = EDGE_CURVE('',#13252,#13252,#13254,.T.);
#13252 = VERTEX_POINT('',#13253);
#13253 = CARTESIAN_POINT('',(438.090244,-213.839109,1.51));
#13254 = CIRCLE('',#13255,0.4);
#13255 = AXIS2_PLACEMENT_3D('',#13256,#13257,#13258);
#13256 = CARTESIAN_POINT('',(438.090244,-213.439109,1.51));
#13257 = DIRECTION('',(-0.,0.,-1.));
#13258 = DIRECTION('',(-0.,-1.,0.));
#13259 = FACE_BOUND('',#13260,.T.);
#13260 = EDGE_LOOP('',(#13261));
#13261 = ORIENTED_EDGE('',*,*,#13262,.T.);
#13262 = EDGE_CURVE('',#13263,#13263,#13265,.T.);
#13263 = VERTEX_POINT('',#13264);
#13264 = CARTESIAN_POINT('',(432.137114,-211.338788,1.51));
#13265 = CIRCLE('',#13266,0.4);
#13266 = AXIS2_PLACEMENT_3D('',#13267,#13268,#13269);
#13267 = CARTESIAN_POINT('',(432.137114,-210.938788,1.51));
#13268 = DIRECTION('',(-0.,0.,-1.));
#13269 = DIRECTION('',(-0.,-1.,0.));
#13270 = FACE_BOUND('',#13271,.T.);
#13271 = EDGE_LOOP('',(#13272));
#13272 = ORIENTED_EDGE('',*,*,#13273,.T.);
#13273 = EDGE_CURVE('',#13274,#13274,#13276,.T.);
#13274 = VERTEX_POINT('',#13275);
#13275 = CARTESIAN_POINT('',(434.518366,-211.338788,1.51));
#13276 = CIRCLE('',#13277,0.4);
#13277 = AXIS2_PLACEMENT_3D('',#13278,#13279,#13280);
#13278 = CARTESIAN_POINT('',(434.518366,-210.938788,1.51));
#13279 = DIRECTION('',(-0.,0.,-1.));
#13280 = DIRECTION('',(-0.,-1.,0.));
#13281 = FACE_BOUND('',#13282,.T.);
#13282 = EDGE_LOOP('',(#13283));
#13283 = ORIENTED_EDGE('',*,*,#13284,.T.);
#13284 = EDGE_CURVE('',#13285,#13285,#13287,.T.);
#13285 = VERTEX_POINT('',#13286);
#13286 = CARTESIAN_POINT('',(436.899618,-211.338788,1.51));
#13287 = CIRCLE('',#13288,0.4);
#13288 = AXIS2_PLACEMENT_3D('',#13289,#13290,#13291);
#13289 = CARTESIAN_POINT('',(436.899618,-210.938788,1.51));
#13290 = DIRECTION('',(-0.,0.,-1.));
#13291 = DIRECTION('',(-1.42108547152E-13,-1.,0.));
#13292 = FACE_BOUND('',#13293,.T.);
#13293 = EDGE_LOOP('',(#13294));
#13294 = ORIENTED_EDGE('',*,*,#13295,.T.);
#13295 = EDGE_CURVE('',#13296,#13296,#13298,.T.);
#13296 = VERTEX_POINT('',#13297);
#13297 = CARTESIAN_POINT('',(439.28087,-211.338788,1.51));
#13298 = CIRCLE('',#13299,0.4);
#13299 = AXIS2_PLACEMENT_3D('',#13300,#13301,#13302);
#13300 = CARTESIAN_POINT('',(439.28087,-210.938788,1.51));
#13301 = DIRECTION('',(-0.,0.,-1.));
#13302 = DIRECTION('',(-1.42108547152E-13,-1.,0.));
#13303 = FACE_BOUND('',#13304,.T.);
#13304 = EDGE_LOOP('',(#13305));
#13305 = ORIENTED_EDGE('',*,*,#13306,.T.);
#13306 = EDGE_CURVE('',#13307,#13307,#13309,.T.);
#13307 = VERTEX_POINT('',#13308);
#13308 = CARTESIAN_POINT('',(362.2075,-200.86,1.51));
#13309 = CIRCLE('',#13310,0.875);
#13310 = AXIS2_PLACEMENT_3D('',#13311,#13312,#13313);
#13311 = CARTESIAN_POINT('',(362.2075,-199.985,1.51));
#13312 = DIRECTION('',(-0.,0.,-1.));
#13313 = DIRECTION('',(-0.,-1.,0.));
#13314 = FACE_BOUND('',#13315,.T.);
#13315 = EDGE_LOOP('',(#13316));
#13316 = ORIENTED_EDGE('',*,*,#13317,.T.);
#13317 = EDGE_CURVE('',#13318,#13318,#13320,.T.);
#13318 = VERTEX_POINT('',#13319);
#13319 = CARTESIAN_POINT('',(371.0975,-200.86,1.51));
#13320 = CIRCLE('',#13321,0.875);
#13321 = AXIS2_PLACEMENT_3D('',#13322,#13323,#13324);
#13322 = CARTESIAN_POINT('',(371.0975,-199.985,1.51));
#13323 = DIRECTION('',(-0.,0.,-1.));
#13324 = DIRECTION('',(-0.,-1.,0.));
#13325 = FACE_BOUND('',#13326,.T.);
#13326 = EDGE_LOOP('',(#13327));
#13327 = ORIENTED_EDGE('',*,*,#13328,.T.);
#13328 = EDGE_CURVE('',#13329,#13329,#13331,.T.);
#13329 = VERTEX_POINT('',#13330);
#13330 = CARTESIAN_POINT('',(376.1775,-201.985,1.51));
#13331 = CIRCLE('',#13332,2.);
#13332 = AXIS2_PLACEMENT_3D('',#13333,#13334,#13335);
#13333 = CARTESIAN_POINT('',(376.1775,-199.985,1.51));
#13334 = DIRECTION('',(-0.,0.,-1.));
#13335 = DIRECTION('',(-0.,-1.,0.));
#13336 = FACE_BOUND('',#13337,.T.);
#13337 = EDGE_LOOP('',(#13338));
#13338 = ORIENTED_EDGE('',*,*,#13339,.T.);
#13339 = EDGE_CURVE('',#13340,#13340,#13342,.T.);
#13340 = VERTEX_POINT('',#13341);
#13341 = CARTESIAN_POINT('',(381.2575,-200.86,1.51));
#13342 = CIRCLE('',#13343,0.875);
#13343 = AXIS2_PLACEMENT_3D('',#13344,#13345,#13346);
#13344 = CARTESIAN_POINT('',(381.2575,-199.985,1.51));
#13345 = DIRECTION('',(-0.,0.,-1.));
#13346 = DIRECTION('',(-0.,-1.,0.));
#13347 = FACE_BOUND('',#13348,.T.);
#13348 = EDGE_LOOP('',(#13349));
#13349 = ORIENTED_EDGE('',*,*,#13350,.T.);
#13350 = EDGE_CURVE('',#13351,#13351,#13353,.T.);
#13351 = VERTEX_POINT('',#13352);
#13352 = CARTESIAN_POINT('',(372.3675,-198.195,1.51));
#13353 = CIRCLE('',#13354,0.75);
#13354 = AXIS2_PLACEMENT_3D('',#13355,#13356,#13357);
#13355 = CARTESIAN_POINT('',(372.3675,-197.445,1.51));
#13356 = DIRECTION('',(-0.,0.,-1.));
#13357 = DIRECTION('',(-0.,-1.,0.));
#13358 = FACE_BOUND('',#13359,.T.);
#13359 = EDGE_LOOP('',(#13360));
#13360 = ORIENTED_EDGE('',*,*,#13361,.T.);
#13361 = EDGE_CURVE('',#13362,#13362,#13364,.T.);
#13362 = VERTEX_POINT('',#13363);
#13363 = CARTESIAN_POINT('',(378.7175,-195.655,1.51));
#13364 = CIRCLE('',#13365,0.75);
#13365 = AXIS2_PLACEMENT_3D('',#13366,#13367,#13368);
#13366 = CARTESIAN_POINT('',(378.7175,-194.905,1.51));
#13367 = DIRECTION('',(-0.,0.,-1.));
#13368 = DIRECTION('',(-0.,-1.,0.));
#13369 = FACE_BOUND('',#13370,.T.);
#13370 = EDGE_LOOP('',(#13371));
#13371 = ORIENTED_EDGE('',*,*,#13372,.T.);
#13372 = EDGE_CURVE('',#13373,#13373,#13375,.T.);
#13373 = VERTEX_POINT('',#13374);
#13374 = CARTESIAN_POINT('',(397.29125,-200.86,1.51));
#13375 = CIRCLE('',#13376,0.875);
#13376 = AXIS2_PLACEMENT_3D('',#13377,#13378,#13379);
#13377 = CARTESIAN_POINT('',(397.29125,-199.985,1.51));
#13378 = DIRECTION('',(-0.,0.,-1.));
#13379 = DIRECTION('',(-0.,-1.,0.));
#13380 = FACE_BOUND('',#13381,.T.);
#13381 = EDGE_LOOP('',(#13382));
#13382 = ORIENTED_EDGE('',*,*,#13383,.T.);
#13383 = EDGE_CURVE('',#13384,#13384,#13386,.T.);
#13384 = VERTEX_POINT('',#13385);
#13385 = CARTESIAN_POINT('',(398.56125,-198.195,1.51));
#13386 = CIRCLE('',#13387,0.75);
#13387 = AXIS2_PLACEMENT_3D('',#13388,#13389,#13390);
#13388 = CARTESIAN_POINT('',(398.56125,-197.445,1.51));
#13389 = DIRECTION('',(-0.,0.,-1.));
#13390 = DIRECTION('',(-0.,-1.,0.));
#13391 = FACE_BOUND('',#13392,.T.);
#13392 = EDGE_LOOP('',(#13393));
#13393 = ORIENTED_EDGE('',*,*,#13394,.T.);
#13394 = EDGE_CURVE('',#13395,#13395,#13397,.T.);
#13395 = VERTEX_POINT('',#13396);
#13396 = CARTESIAN_POINT('',(422.612106,-203.718788,1.51));
#13397 = CIRCLE('',#13398,0.4);
#13398 = AXIS2_PLACEMENT_3D('',#13399,#13400,#13401);
#13399 = CARTESIAN_POINT('',(422.612106,-203.318788,1.51));
#13400 = DIRECTION('',(-0.,0.,-1.));
#13401 = DIRECTION('',(-1.42108547152E-13,-1.,0.));
#13402 = FACE_BOUND('',#13403,.T.);
#13403 = EDGE_LOOP('',(#13404));
#13404 = ORIENTED_EDGE('',*,*,#13405,.T.);
#13405 = EDGE_CURVE('',#13406,#13406,#13408,.T.);
#13406 = VERTEX_POINT('',#13407);
#13407 = CARTESIAN_POINT('',(424.993358,-203.718788,1.51));
#13408 = CIRCLE('',#13409,0.4);
#13409 = AXIS2_PLACEMENT_3D('',#13410,#13411,#13412);
#13410 = CARTESIAN_POINT('',(424.993358,-203.318788,1.51));
#13411 = DIRECTION('',(-0.,0.,-1.));
#13412 = DIRECTION('',(-0.,-1.,0.));
#13413 = FACE_BOUND('',#13414,.T.);
#13414 = EDGE_LOOP('',(#13415));
#13415 = ORIENTED_EDGE('',*,*,#13416,.T.);
#13416 = EDGE_CURVE('',#13417,#13417,#13419,.T.);
#13417 = VERTEX_POINT('',#13418);
#13418 = CARTESIAN_POINT('',(421.42148,-201.456589,1.51));
#13419 = CIRCLE('',#13420,0.4);
#13420 = AXIS2_PLACEMENT_3D('',#13421,#13422,#13423);
#13421 = CARTESIAN_POINT('',(421.42148,-201.056589,1.51));
#13422 = DIRECTION('',(-0.,0.,-1.));
#13423 = DIRECTION('',(-0.,-1.,0.));
#13424 = FACE_BOUND('',#13425,.T.);
#13425 = EDGE_LOOP('',(#13426));
#13426 = ORIENTED_EDGE('',*,*,#13427,.T.);
#13427 = EDGE_CURVE('',#13428,#13428,#13430,.T.);
#13428 = VERTEX_POINT('',#13429);
#13429 = CARTESIAN_POINT('',(423.802732,-201.456589,1.51));
#13430 = CIRCLE('',#13431,0.4);
#13431 = AXIS2_PLACEMENT_3D('',#13432,#13433,#13434);
#13432 = CARTESIAN_POINT('',(423.802732,-201.056589,1.51));
#13433 = DIRECTION('',(-0.,0.,-1.));
#13434 = DIRECTION('',(-0.,-1.,0.));
#13435 = FACE_BOUND('',#13436,.T.);
#13436 = EDGE_LOOP('',(#13437));
#13437 = ORIENTED_EDGE('',*,*,#13438,.T.);
#13438 = EDGE_CURVE('',#13439,#13439,#13441,.T.);
#13439 = VERTEX_POINT('',#13440);
#13440 = CARTESIAN_POINT('',(426.183984,-201.456589,1.51));
#13441 = CIRCLE('',#13442,0.4);
#13442 = AXIS2_PLACEMENT_3D('',#13443,#13444,#13445);
#13443 = CARTESIAN_POINT('',(426.183984,-201.056589,1.51));
#13444 = DIRECTION('',(-0.,0.,-1.));
#13445 = DIRECTION('',(-0.,-1.,0.));
#13446 = FACE_BOUND('',#13447,.T.);
#13447 = EDGE_LOOP('',(#13448));
#13448 = ORIENTED_EDGE('',*,*,#13449,.T.);
#13449 = EDGE_CURVE('',#13450,#13450,#13452,.T.);
#13450 = VERTEX_POINT('',#13451);
#13451 = CARTESIAN_POINT('',(427.37461,-203.718788,1.51));
#13452 = CIRCLE('',#13453,0.4);
#13453 = AXIS2_PLACEMENT_3D('',#13454,#13455,#13456);
#13454 = CARTESIAN_POINT('',(427.37461,-203.318788,1.51));
#13455 = DIRECTION('',(-0.,0.,-1.));
#13456 = DIRECTION('',(1.42108547152E-13,-1.,-0.));
#13457 = FACE_BOUND('',#13458,.T.);
#13458 = EDGE_LOOP('',(#13459));
#13459 = ORIENTED_EDGE('',*,*,#13460,.T.);
#13460 = EDGE_CURVE('',#13461,#13461,#13463,.T.);
#13461 = VERTEX_POINT('',#13462);
#13462 = CARTESIAN_POINT('',(429.755862,-203.718788,1.51));
#13463 = CIRCLE('',#13464,0.4);
#13464 = AXIS2_PLACEMENT_3D('',#13465,#13466,#13467);
#13465 = CARTESIAN_POINT('',(429.755862,-203.318788,1.51));
#13466 = DIRECTION('',(-0.,0.,-1.));
#13467 = DIRECTION('',(-0.,-1.,0.));
#13468 = FACE_BOUND('',#13469,.T.);
#13469 = EDGE_LOOP('',(#13470));
#13470 = ORIENTED_EDGE('',*,*,#13471,.T.);
#13471 = EDGE_CURVE('',#13472,#13472,#13474,.T.);
#13472 = VERTEX_POINT('',#13473);
#13473 = CARTESIAN_POINT('',(428.565236,-201.456589,1.51));
#13474 = CIRCLE('',#13475,0.4);
#13475 = AXIS2_PLACEMENT_3D('',#13476,#13477,#13478);
#13476 = CARTESIAN_POINT('',(428.565236,-201.056589,1.51));
#13477 = DIRECTION('',(-0.,0.,-1.));
#13478 = DIRECTION('',(-0.,-1.,0.));
#13479 = FACE_BOUND('',#13480,.T.);
#13480 = EDGE_LOOP('',(#13481));
#13481 = ORIENTED_EDGE('',*,*,#13482,.T.);
#13482 = EDGE_CURVE('',#13483,#13483,#13485,.T.);
#13483 = VERTEX_POINT('',#13484);
#13484 = CARTESIAN_POINT('',(430.946488,-201.456589,1.51));
#13485 = CIRCLE('',#13486,0.4);
#13486 = AXIS2_PLACEMENT_3D('',#13487,#13488,#13489);
#13487 = CARTESIAN_POINT('',(430.946488,-201.056589,1.51));
#13488 = DIRECTION('',(-0.,0.,-1.));
#13489 = DIRECTION('',(-1.42108547152E-13,-1.,0.));
#13490 = FACE_BOUND('',#13491,.T.);
#13491 = EDGE_LOOP('',(#13492));
#13492 = ORIENTED_EDGE('',*,*,#13493,.T.);
#13493 = EDGE_CURVE('',#13494,#13494,#13496,.T.);
#13494 = VERTEX_POINT('',#13495);
#13495 = CARTESIAN_POINT('',(432.137114,-203.718788,1.51));
#13496 = CIRCLE('',#13497,0.4);
#13497 = AXIS2_PLACEMENT_3D('',#13498,#13499,#13500);
#13498 = CARTESIAN_POINT('',(432.137114,-203.318788,1.51));
#13499 = DIRECTION('',(-0.,0.,-1.));
#13500 = DIRECTION('',(-0.,-1.,0.));
#13501 = FACE_BOUND('',#13502,.T.);
#13502 = EDGE_LOOP('',(#13503));
#13503 = ORIENTED_EDGE('',*,*,#13504,.T.);
#13504 = EDGE_CURVE('',#13505,#13505,#13507,.T.);
#13505 = VERTEX_POINT('',#13506);
#13506 = CARTESIAN_POINT('',(434.518366,-203.718788,1.51));
#13507 = CIRCLE('',#13508,0.4);
#13508 = AXIS2_PLACEMENT_3D('',#13509,#13510,#13511);
#13509 = CARTESIAN_POINT('',(434.518366,-203.318788,1.51));
#13510 = DIRECTION('',(-0.,0.,-1.));
#13511 = DIRECTION('',(-0.,-1.,0.));
#13512 = FACE_BOUND('',#13513,.T.);
#13513 = EDGE_LOOP('',(#13514));
#13514 = ORIENTED_EDGE('',*,*,#13515,.T.);
#13515 = EDGE_CURVE('',#13516,#13516,#13518,.T.);
#13516 = VERTEX_POINT('',#13517);
#13517 = CARTESIAN_POINT('',(433.32774,-201.456589,1.51));
#13518 = CIRCLE('',#13519,0.4);
#13519 = AXIS2_PLACEMENT_3D('',#13520,#13521,#13522);
#13520 = CARTESIAN_POINT('',(433.32774,-201.056589,1.51));
#13521 = DIRECTION('',(-0.,0.,-1.));
#13522 = DIRECTION('',(1.42108547152E-13,-1.,-0.));
#13523 = FACE_BOUND('',#13524,.T.);
#13524 = EDGE_LOOP('',(#13525));
#13525 = ORIENTED_EDGE('',*,*,#13526,.T.);
#13526 = EDGE_CURVE('',#13527,#13527,#13529,.T.);
#13527 = VERTEX_POINT('',#13528);
#13528 = CARTESIAN_POINT('',(435.708992,-201.456589,1.51));
#13529 = CIRCLE('',#13530,0.4);
#13530 = AXIS2_PLACEMENT_3D('',#13531,#13532,#13533);
#13531 = CARTESIAN_POINT('',(435.708992,-201.056589,1.51));
#13532 = DIRECTION('',(-0.,0.,-1.));
#13533 = DIRECTION('',(1.42108547152E-13,-1.,-0.));
#13534 = FACE_BOUND('',#13535,.T.);
#13535 = EDGE_LOOP('',(#13536));
#13536 = ORIENTED_EDGE('',*,*,#13537,.T.);
#13537 = EDGE_CURVE('',#13538,#13538,#13540,.T.);
#13538 = VERTEX_POINT('',#13539);
#13539 = CARTESIAN_POINT('',(436.899618,-203.718788,1.51));
#13540 = CIRCLE('',#13541,0.4);
#13541 = AXIS2_PLACEMENT_3D('',#13542,#13543,#13544);
#13542 = CARTESIAN_POINT('',(436.899618,-203.318788,1.51));
#13543 = DIRECTION('',(-0.,0.,-1.));
#13544 = DIRECTION('',(-1.42108547152E-13,-1.,0.));
#13545 = FACE_BOUND('',#13546,.T.);
#13546 = EDGE_LOOP('',(#13547));
#13547 = ORIENTED_EDGE('',*,*,#13548,.T.);
#13548 = EDGE_CURVE('',#13549,#13549,#13551,.T.);
#13549 = VERTEX_POINT('',#13550);
#13550 = CARTESIAN_POINT('',(439.28087,-203.718788,1.51));
#13551 = CIRCLE('',#13552,0.4);
#13552 = AXIS2_PLACEMENT_3D('',#13553,#13554,#13555);
#13553 = CARTESIAN_POINT('',(439.28087,-203.318788,1.51));
#13554 = DIRECTION('',(-0.,0.,-1.));
#13555 = DIRECTION('',(-1.42108547152E-13,-1.,0.));
#13556 = FACE_BOUND('',#13557,.T.);
#13557 = EDGE_LOOP('',(#13558));
#13558 = ORIENTED_EDGE('',*,*,#13559,.T.);
#13559 = EDGE_CURVE('',#13560,#13560,#13562,.T.);
#13560 = VERTEX_POINT('',#13561);
#13561 = CARTESIAN_POINT('',(438.090244,-201.456589,1.51));
#13562 = CIRCLE('',#13563,0.4);
#13563 = AXIS2_PLACEMENT_3D('',#13564,#13565,#13566);
#13564 = CARTESIAN_POINT('',(438.090244,-201.056589,1.51));
#13565 = DIRECTION('',(-0.,0.,-1.));
#13566 = DIRECTION('',(-0.,-1.,0.));
#13567 = FACE_BOUND('',#13568,.T.);
#13568 = EDGE_LOOP('',(#13569));
#13569 = ORIENTED_EDGE('',*,*,#13570,.T.);
#13570 = EDGE_CURVE('',#13571,#13571,#13573,.T.);
#13571 = VERTEX_POINT('',#13572);
#13572 = CARTESIAN_POINT('',(440.471496,-201.456589,1.51));
#13573 = CIRCLE('',#13574,0.4);
#13574 = AXIS2_PLACEMENT_3D('',#13575,#13576,#13577);
#13575 = CARTESIAN_POINT('',(440.471496,-201.056589,1.51));
#13576 = DIRECTION('',(-0.,0.,-1.));
#13577 = DIRECTION('',(-0.,-1.,0.));
#13578 = FACE_BOUND('',#13579,.T.);
#13579 = EDGE_LOOP('',(#13580));
#13580 = ORIENTED_EDGE('',*,*,#13581,.T.);
#13581 = EDGE_CURVE('',#13582,#13582,#13584,.T.);
#13582 = VERTEX_POINT('',#13583);
#13583 = CARTESIAN_POINT('',(402.37125,-201.985,1.51));
#13584 = CIRCLE('',#13585,2.);
#13585 = AXIS2_PLACEMENT_3D('',#13586,#13587,#13588);
#13586 = CARTESIAN_POINT('',(402.37125,-199.985,1.51));
#13587 = DIRECTION('',(-0.,0.,-1.));
#13588 = DIRECTION('',(-0.,-1.,0.));
#13589 = FACE_BOUND('',#13590,.T.);
#13590 = EDGE_LOOP('',(#13591));
#13591 = ORIENTED_EDGE('',*,*,#13592,.T.);
#13592 = EDGE_CURVE('',#13593,#13593,#13595,.T.);
#13593 = VERTEX_POINT('',#13594);
#13594 = CARTESIAN_POINT('',(407.45125,-200.86,1.51));
#13595 = CIRCLE('',#13596,0.875);
#13596 = AXIS2_PLACEMENT_3D('',#13597,#13598,#13599);
#13597 = CARTESIAN_POINT('',(407.45125,-199.985,1.51));
#13598 = DIRECTION('',(-0.,0.,-1.));
#13599 = DIRECTION('',(-0.,-1.,0.));
#13600 = FACE_BOUND('',#13601,.T.);
#13601 = EDGE_LOOP('',(#13602));
#13602 = ORIENTED_EDGE('',*,*,#13603,.T.);
#13603 = EDGE_CURVE('',#13604,#13604,#13606,.T.);
#13604 = VERTEX_POINT('',#13605);
#13605 = CARTESIAN_POINT('',(404.91125,-195.655,1.51));
#13606 = CIRCLE('',#13607,0.75);
#13607 = AXIS2_PLACEMENT_3D('',#13608,#13609,#13610);
#13608 = CARTESIAN_POINT('',(404.91125,-194.905,1.51));
#13609 = DIRECTION('',(-0.,0.,-1.));
#13610 = DIRECTION('',(-0.,-1.,0.));
#13611 = FACE_BOUND('',#13612,.T.);
#13612 = EDGE_LOOP('',(#13613));
#13613 = ORIENTED_EDGE('',*,*,#13614,.T.);
#13614 = EDGE_CURVE('',#13615,#13615,#13617,.T.);
#13615 = VERTEX_POINT('',#13616);
#13616 = CARTESIAN_POINT('',(421.42148,-193.836589,1.51));
#13617 = CIRCLE('',#13618,0.4);
#13618 = AXIS2_PLACEMENT_3D('',#13619,#13620,#13621);
#13619 = CARTESIAN_POINT('',(421.42148,-193.436589,1.51));
#13620 = DIRECTION('',(-0.,0.,-1.));
#13621 = DIRECTION('',(-0.,-1.,0.));
#13622 = FACE_BOUND('',#13623,.T.);
#13623 = EDGE_LOOP('',(#13624));
#13624 = ORIENTED_EDGE('',*,*,#13625,.T.);
#13625 = EDGE_CURVE('',#13626,#13626,#13628,.T.);
#13626 = VERTEX_POINT('',#13627);
#13627 = CARTESIAN_POINT('',(423.802732,-193.836589,1.51));
#13628 = CIRCLE('',#13629,0.4);
#13629 = AXIS2_PLACEMENT_3D('',#13630,#13631,#13632);
#13630 = CARTESIAN_POINT('',(423.802732,-193.436589,1.51));
#13631 = DIRECTION('',(-0.,0.,-1.));
#13632 = DIRECTION('',(-0.,-1.,0.));
#13633 = FACE_BOUND('',#13634,.T.);
#13634 = EDGE_LOOP('',(#13635));
#13635 = ORIENTED_EDGE('',*,*,#13636,.T.);
#13636 = EDGE_CURVE('',#13637,#13637,#13639,.T.);
#13637 = VERTEX_POINT('',#13638);
#13638 = CARTESIAN_POINT('',(426.183984,-193.836589,1.51));
#13639 = CIRCLE('',#13640,0.4);
#13640 = AXIS2_PLACEMENT_3D('',#13641,#13642,#13643);
#13641 = CARTESIAN_POINT('',(426.183984,-193.436589,1.51));
#13642 = DIRECTION('',(-0.,0.,-1.));
#13643 = DIRECTION('',(-0.,-1.,0.));
#13644 = FACE_BOUND('',#13645,.T.);
#13645 = EDGE_LOOP('',(#13646));
#13646 = ORIENTED_EDGE('',*,*,#13647,.T.);
#13647 = EDGE_CURVE('',#13648,#13648,#13650,.T.);
#13648 = VERTEX_POINT('',#13649);
#13649 = CARTESIAN_POINT('',(428.565236,-193.836589,1.51));
#13650 = CIRCLE('',#13651,0.4);
#13651 = AXIS2_PLACEMENT_3D('',#13652,#13653,#13654);
#13652 = CARTESIAN_POINT('',(428.565236,-193.436589,1.51));
#13653 = DIRECTION('',(-0.,0.,-1.));
#13654 = DIRECTION('',(-0.,-1.,0.));
#13655 = FACE_BOUND('',#13656,.T.);
#13656 = EDGE_LOOP('',(#13657));
#13657 = ORIENTED_EDGE('',*,*,#13658,.T.);
#13658 = EDGE_CURVE('',#13659,#13659,#13661,.T.);
#13659 = VERTEX_POINT('',#13660);
#13660 = CARTESIAN_POINT('',(430.946488,-193.836589,1.51));
#13661 = CIRCLE('',#13662,0.4);
#13662 = AXIS2_PLACEMENT_3D('',#13663,#13664,#13665);
#13663 = CARTESIAN_POINT('',(430.946488,-193.436589,1.51));
#13664 = DIRECTION('',(-0.,0.,-1.));
#13665 = DIRECTION('',(-1.42108547152E-13,-1.,0.));
#13666 = FACE_BOUND('',#13667,.T.);
#13667 = EDGE_LOOP('',(#13668));
#13668 = ORIENTED_EDGE('',*,*,#13669,.T.);
#13669 = EDGE_CURVE('',#13670,#13670,#13672,.T.);
#13670 = VERTEX_POINT('',#13671);
#13671 = CARTESIAN_POINT('',(433.32774,-193.836589,1.51));
#13672 = CIRCLE('',#13673,0.4);
#13673 = AXIS2_PLACEMENT_3D('',#13674,#13675,#13676);
#13674 = CARTESIAN_POINT('',(433.32774,-193.436589,1.51));
#13675 = DIRECTION('',(-0.,0.,-1.));
#13676 = DIRECTION('',(1.42108547152E-13,-1.,-0.));
#13677 = FACE_BOUND('',#13678,.T.);
#13678 = EDGE_LOOP('',(#13679));
#13679 = ORIENTED_EDGE('',*,*,#13680,.T.);
#13680 = EDGE_CURVE('',#13681,#13681,#13683,.T.);
#13681 = VERTEX_POINT('',#13682);
#13682 = CARTESIAN_POINT('',(435.708992,-193.836589,1.51));
#13683 = CIRCLE('',#13684,0.4);
#13684 = AXIS2_PLACEMENT_3D('',#13685,#13686,#13687);
#13685 = CARTESIAN_POINT('',(435.708992,-193.436589,1.51));
#13686 = DIRECTION('',(-0.,0.,-1.));
#13687 = DIRECTION('',(1.42108547152E-13,-1.,-0.));
#13688 = FACE_BOUND('',#13689,.T.);
#13689 = EDGE_LOOP('',(#13690));
#13690 = ORIENTED_EDGE('',*,*,#13691,.T.);
#13691 = EDGE_CURVE('',#13692,#13692,#13694,.T.);
#13692 = VERTEX_POINT('',#13693);
#13693 = CARTESIAN_POINT('',(438.090244,-193.836589,1.51));
#13694 = CIRCLE('',#13695,0.4);
#13695 = AXIS2_PLACEMENT_3D('',#13696,#13697,#13698);
#13696 = CARTESIAN_POINT('',(438.090244,-193.436589,1.51));
#13697 = DIRECTION('',(-0.,0.,-1.));
#13698 = DIRECTION('',(-0.,-1.,0.));
#13699 = FACE_BOUND('',#13700,.T.);
#13700 = EDGE_LOOP('',(#13701));
#13701 = ORIENTED_EDGE('',*,*,#13702,.T.);
#13702 = EDGE_CURVE('',#13703,#13703,#13705,.T.);
#13703 = VERTEX_POINT('',#13704);
#13704 = CARTESIAN_POINT('',(440.471496,-193.836589,1.51));
#13705 = CIRCLE('',#13706,0.4);
#13706 = AXIS2_PLACEMENT_3D('',#13707,#13708,#13709);
#13707 = CARTESIAN_POINT('',(440.471496,-193.436589,1.51));
#13708 = DIRECTION('',(-0.,0.,-1.));
#13709 = DIRECTION('',(-0.,-1.,0.));
#13710 = FACE_BOUND('',#13711,.T.);
#13711 = EDGE_LOOP('',(#13712));
#13712 = ORIENTED_EDGE('',*,*,#13713,.T.);
#13713 = EDGE_CURVE('',#13714,#13714,#13716,.T.);
#13714 = VERTEX_POINT('',#13715);
#13715 = CARTESIAN_POINT('',(285.3725,-181.81,1.51));
#13716 = CIRCLE('',#13717,0.875);
#13717 = AXIS2_PLACEMENT_3D('',#13718,#13719,#13720);
#13718 = CARTESIAN_POINT('',(285.3725,-180.935,1.51));
#13719 = DIRECTION('',(-0.,0.,-1.));
#13720 = DIRECTION('',(-0.,-1.,0.));
#13721 = FACE_BOUND('',#13722,.T.);
#13722 = EDGE_LOOP('',(#13723));
#13723 = ORIENTED_EDGE('',*,*,#13724,.T.);
#13724 = EDGE_CURVE('',#13725,#13725,#13727,.T.);
#13725 = VERTEX_POINT('',#13726);
#13726 = CARTESIAN_POINT('',(290.4525,-182.935,1.51));
#13727 = CIRCLE('',#13728,2.);
#13728 = AXIS2_PLACEMENT_3D('',#13729,#13730,#13731);
#13729 = CARTESIAN_POINT('',(290.4525,-180.935,1.51));
#13730 = DIRECTION('',(-0.,0.,-1.));
#13731 = DIRECTION('',(-0.,-1.,0.));
#13732 = FACE_BOUND('',#13733,.T.);
#13733 = EDGE_LOOP('',(#13734));
#13734 = ORIENTED_EDGE('',*,*,#13735,.T.);
#13735 = EDGE_CURVE('',#13736,#13736,#13738,.T.);
#13736 = VERTEX_POINT('',#13737);
#13737 = CARTESIAN_POINT('',(286.6425,-179.145,1.51));
#13738 = CIRCLE('',#13739,0.75);
#13739 = AXIS2_PLACEMENT_3D('',#13740,#13741,#13742);
#13740 = CARTESIAN_POINT('',(286.6425,-178.395,1.51));
#13741 = DIRECTION('',(-0.,0.,-1.));
#13742 = DIRECTION('',(-0.,-1.,0.));
#13743 = FACE_BOUND('',#13744,.T.);
#13744 = EDGE_LOOP('',(#13745));
#13745 = ORIENTED_EDGE('',*,*,#13746,.T.);
#13746 = EDGE_CURVE('',#13747,#13747,#13749,.T.);
#13747 = VERTEX_POINT('',#13748);
#13748 = CARTESIAN_POINT('',(295.5325,-181.81,1.51));
#13749 = CIRCLE('',#13750,0.875);
#13750 = AXIS2_PLACEMENT_3D('',#13751,#13752,#13753);
#13751 = CARTESIAN_POINT('',(295.5325,-180.935,1.51));
#13752 = DIRECTION('',(-0.,0.,-1.));
#13753 = DIRECTION('',(-0.,-1.,0.));
#13754 = FACE_BOUND('',#13755,.T.);
#13755 = EDGE_LOOP('',(#13756));
#13756 = ORIENTED_EDGE('',*,*,#13757,.T.);
#13757 = EDGE_CURVE('',#13758,#13758,#13760,.T.);
#13758 = VERTEX_POINT('',#13759);
#13759 = CARTESIAN_POINT('',(292.9925,-176.605,1.51));
#13760 = CIRCLE('',#13761,0.75);
#13761 = AXIS2_PLACEMENT_3D('',#13762,#13763,#13764);
#13762 = CARTESIAN_POINT('',(292.9925,-175.855,1.51));
#13763 = DIRECTION('',(-0.,0.,-1.));
#13764 = DIRECTION('',(-0.,-1.,0.));
#13765 = FACE_BOUND('',#13766,.T.);
#13766 = EDGE_LOOP('',(#13767));
#13767 = ORIENTED_EDGE('',*,*,#13768,.T.);
#13768 = EDGE_CURVE('',#13769,#13769,#13771,.T.);
#13769 = VERTEX_POINT('',#13770);
#13770 = CARTESIAN_POINT('',(304.4225,-181.81,1.51));
#13771 = CIRCLE('',#13772,0.875);
#13772 = AXIS2_PLACEMENT_3D('',#13773,#13774,#13775);
#13773 = CARTESIAN_POINT('',(304.4225,-180.935,1.51));
#13774 = DIRECTION('',(-0.,0.,-1.));
#13775 = DIRECTION('',(-0.,-1.,0.));
#13776 = FACE_BOUND('',#13777,.T.);
#13777 = EDGE_LOOP('',(#13778));
#13778 = ORIENTED_EDGE('',*,*,#13779,.T.);
#13779 = EDGE_CURVE('',#13780,#13780,#13782,.T.);
#13780 = VERTEX_POINT('',#13781);
#13781 = CARTESIAN_POINT('',(309.5025,-182.935,1.51));
#13782 = CIRCLE('',#13783,2.);
#13783 = AXIS2_PLACEMENT_3D('',#13784,#13785,#13786);
#13784 = CARTESIAN_POINT('',(309.5025,-180.935,1.51));
#13785 = DIRECTION('',(-0.,0.,-1.));
#13786 = DIRECTION('',(-0.,-1.,0.));
#13787 = FACE_BOUND('',#13788,.T.);
#13788 = EDGE_LOOP('',(#13789));
#13789 = ORIENTED_EDGE('',*,*,#13790,.T.);
#13790 = EDGE_CURVE('',#13791,#13791,#13793,.T.);
#13791 = VERTEX_POINT('',#13792);
#13792 = CARTESIAN_POINT('',(305.6925,-179.145,1.51));
#13793 = CIRCLE('',#13794,0.75);
#13794 = AXIS2_PLACEMENT_3D('',#13795,#13796,#13797);
#13795 = CARTESIAN_POINT('',(305.6925,-178.395,1.51));
#13796 = DIRECTION('',(-0.,0.,-1.));
#13797 = DIRECTION('',(-0.,-1.,0.));
#13798 = FACE_BOUND('',#13799,.T.);
#13799 = EDGE_LOOP('',(#13800));
#13800 = ORIENTED_EDGE('',*,*,#13801,.T.);
#13801 = EDGE_CURVE('',#13802,#13802,#13804,.T.);
#13802 = VERTEX_POINT('',#13803);
#13803 = CARTESIAN_POINT('',(314.5825,-181.81,1.51));
#13804 = CIRCLE('',#13805,0.875);
#13805 = AXIS2_PLACEMENT_3D('',#13806,#13807,#13808);
#13806 = CARTESIAN_POINT('',(314.5825,-180.935,1.51));
#13807 = DIRECTION('',(-0.,0.,-1.));
#13808 = DIRECTION('',(-0.,-1.,0.));
#13809 = FACE_BOUND('',#13810,.T.);
#13810 = EDGE_LOOP('',(#13811));
#13811 = ORIENTED_EDGE('',*,*,#13812,.T.);
#13812 = EDGE_CURVE('',#13813,#13813,#13815,.T.);
#13813 = VERTEX_POINT('',#13814);
#13814 = CARTESIAN_POINT('',(312.0425,-176.605,1.51));
#13815 = CIRCLE('',#13816,0.75);
#13816 = AXIS2_PLACEMENT_3D('',#13817,#13818,#13819);
#13817 = CARTESIAN_POINT('',(312.0425,-175.855,1.51));
#13818 = DIRECTION('',(-0.,0.,-1.));
#13819 = DIRECTION('',(-0.,-1.,0.));
#13820 = FACE_BOUND('',#13821,.T.);
#13821 = EDGE_LOOP('',(#13822));
#13822 = ORIENTED_EDGE('',*,*,#13823,.T.);
#13823 = EDGE_CURVE('',#13824,#13824,#13826,.T.);
#13824 = VERTEX_POINT('',#13825);
#13825 = CARTESIAN_POINT('',(323.4725,-181.81,1.51));
#13826 = CIRCLE('',#13827,0.875);
#13827 = AXIS2_PLACEMENT_3D('',#13828,#13829,#13830);
#13828 = CARTESIAN_POINT('',(323.4725,-180.935,1.51));
#13829 = DIRECTION('',(-0.,0.,-1.));
#13830 = DIRECTION('',(-0.,-1.,0.));
#13831 = FACE_BOUND('',#13832,.T.);
#13832 = EDGE_LOOP('',(#13833));
#13833 = ORIENTED_EDGE('',*,*,#13834,.T.);
#13834 = EDGE_CURVE('',#13835,#13835,#13837,.T.);
#13835 = VERTEX_POINT('',#13836);
#13836 = CARTESIAN_POINT('',(328.5525,-182.935,1.51));
#13837 = CIRCLE('',#13838,2.);
#13838 = AXIS2_PLACEMENT_3D('',#13839,#13840,#13841);
#13839 = CARTESIAN_POINT('',(328.5525,-180.935,1.51));
#13840 = DIRECTION('',(-0.,0.,-1.));
#13841 = DIRECTION('',(-0.,-1.,0.));
#13842 = FACE_BOUND('',#13843,.T.);
#13843 = EDGE_LOOP('',(#13844));
#13844 = ORIENTED_EDGE('',*,*,#13845,.T.);
#13845 = EDGE_CURVE('',#13846,#13846,#13848,.T.);
#13846 = VERTEX_POINT('',#13847);
#13847 = CARTESIAN_POINT('',(324.7425,-179.145,1.51));
#13848 = CIRCLE('',#13849,0.75);
#13849 = AXIS2_PLACEMENT_3D('',#13850,#13851,#13852);
#13850 = CARTESIAN_POINT('',(324.7425,-178.395,1.51));
#13851 = DIRECTION('',(-0.,0.,-1.));
#13852 = DIRECTION('',(-0.,-1.,0.));
#13853 = FACE_BOUND('',#13854,.T.);
#13854 = EDGE_LOOP('',(#13855));
#13855 = ORIENTED_EDGE('',*,*,#13856,.T.);
#13856 = EDGE_CURVE('',#13857,#13857,#13859,.T.);
#13857 = VERTEX_POINT('',#13858);
#13858 = CARTESIAN_POINT('',(333.6325,-181.81,1.51));
#13859 = CIRCLE('',#13860,0.875);
#13860 = AXIS2_PLACEMENT_3D('',#13861,#13862,#13863);
#13861 = CARTESIAN_POINT('',(333.6325,-180.935,1.51));
#13862 = DIRECTION('',(-0.,0.,-1.));
#13863 = DIRECTION('',(-0.,-1.,0.));
#13864 = FACE_BOUND('',#13865,.T.);
#13865 = EDGE_LOOP('',(#13866));
#13866 = ORIENTED_EDGE('',*,*,#13867,.T.);
#13867 = EDGE_CURVE('',#13868,#13868,#13870,.T.);
#13868 = VERTEX_POINT('',#13869);
#13869 = CARTESIAN_POINT('',(331.0925,-176.605,1.51));
#13870 = CIRCLE('',#13871,0.75);
#13871 = AXIS2_PLACEMENT_3D('',#13872,#13873,#13874);
#13872 = CARTESIAN_POINT('',(331.0925,-175.855,1.51));
#13873 = DIRECTION('',(-0.,0.,-1.));
#13874 = DIRECTION('',(-0.,-1.,0.));
#13875 = FACE_BOUND('',#13876,.T.);
#13876 = EDGE_LOOP('',(#13877));
#13877 = ORIENTED_EDGE('',*,*,#13878,.T.);
#13878 = EDGE_CURVE('',#13879,#13879,#13881,.T.);
#13879 = VERTEX_POINT('',#13880);
#13880 = CARTESIAN_POINT('',(342.5225,-181.81,1.51));
#13881 = CIRCLE('',#13882,0.875);
#13882 = AXIS2_PLACEMENT_3D('',#13883,#13884,#13885);
#13883 = CARTESIAN_POINT('',(342.5225,-180.935,1.51));
#13884 = DIRECTION('',(-0.,0.,-1.));
#13885 = DIRECTION('',(-0.,-1.,0.));
#13886 = FACE_BOUND('',#13887,.T.);
#13887 = EDGE_LOOP('',(#13888));
#13888 = ORIENTED_EDGE('',*,*,#13889,.T.);
#13889 = EDGE_CURVE('',#13890,#13890,#13892,.T.);
#13890 = VERTEX_POINT('',#13891);
#13891 = CARTESIAN_POINT('',(347.6025,-182.935,1.51));
#13892 = CIRCLE('',#13893,2.);
#13893 = AXIS2_PLACEMENT_3D('',#13894,#13895,#13896);
#13894 = CARTESIAN_POINT('',(347.6025,-180.935,1.51));
#13895 = DIRECTION('',(-0.,0.,-1.));
#13896 = DIRECTION('',(-0.,-1.,0.));
#13897 = FACE_BOUND('',#13898,.T.);
#13898 = EDGE_LOOP('',(#13899));
#13899 = ORIENTED_EDGE('',*,*,#13900,.T.);
#13900 = EDGE_CURVE('',#13901,#13901,#13903,.T.);
#13901 = VERTEX_POINT('',#13902);
#13902 = CARTESIAN_POINT('',(343.7925,-179.145,1.51));
#13903 = CIRCLE('',#13904,0.75);
#13904 = AXIS2_PLACEMENT_3D('',#13905,#13906,#13907);
#13905 = CARTESIAN_POINT('',(343.7925,-178.395,1.51));
#13906 = DIRECTION('',(-0.,0.,-1.));
#13907 = DIRECTION('',(-0.,-1.,0.));
#13908 = FACE_BOUND('',#13909,.T.);
#13909 = EDGE_LOOP('',(#13910));
#13910 = ORIENTED_EDGE('',*,*,#13911,.T.);
#13911 = EDGE_CURVE('',#13912,#13912,#13914,.T.);
#13912 = VERTEX_POINT('',#13913);
#13913 = CARTESIAN_POINT('',(352.6825,-181.81,1.51));
#13914 = CIRCLE('',#13915,0.875);
#13915 = AXIS2_PLACEMENT_3D('',#13916,#13917,#13918);
#13916 = CARTESIAN_POINT('',(352.6825,-180.935,1.51));
#13917 = DIRECTION('',(-0.,0.,-1.));
#13918 = DIRECTION('',(-0.,-1.,0.));
#13919 = FACE_BOUND('',#13920,.T.);
#13920 = EDGE_LOOP('',(#13921));
#13921 = ORIENTED_EDGE('',*,*,#13922,.T.);
#13922 = EDGE_CURVE('',#13923,#13923,#13925,.T.);
#13923 = VERTEX_POINT('',#13924);
#13924 = CARTESIAN_POINT('',(361.5725,-181.81,1.51));
#13925 = CIRCLE('',#13926,0.875);
#13926 = AXIS2_PLACEMENT_3D('',#13927,#13928,#13929);
#13927 = CARTESIAN_POINT('',(361.5725,-180.935,1.51));
#13928 = DIRECTION('',(-0.,0.,-1.));
#13929 = DIRECTION('',(-0.,-1.,0.));
#13930 = FACE_BOUND('',#13931,.T.);
#13931 = EDGE_LOOP('',(#13932));
#13932 = ORIENTED_EDGE('',*,*,#13933,.T.);
#13933 = EDGE_CURVE('',#13934,#13934,#13936,.T.);
#13934 = VERTEX_POINT('',#13935);
#13935 = CARTESIAN_POINT('',(350.1425,-176.605,1.51));
#13936 = CIRCLE('',#13937,0.75);
#13937 = AXIS2_PLACEMENT_3D('',#13938,#13939,#13940);
#13938 = CARTESIAN_POINT('',(350.1425,-175.855,1.51));
#13939 = DIRECTION('',(-0.,0.,-1.));
#13940 = DIRECTION('',(-0.,-1.,0.));
#13941 = FACE_BOUND('',#13942,.T.);
#13942 = EDGE_LOOP('',(#13943));
#13943 = ORIENTED_EDGE('',*,*,#13944,.T.);
#13944 = EDGE_CURVE('',#13945,#13945,#13947,.T.);
#13945 = VERTEX_POINT('',#13946);
#13946 = CARTESIAN_POINT('',(299.66,-162.76,1.51));
#13947 = CIRCLE('',#13948,0.875);
#13948 = AXIS2_PLACEMENT_3D('',#13949,#13950,#13951);
#13949 = CARTESIAN_POINT('',(299.66,-161.885,1.51));
#13950 = DIRECTION('',(-0.,0.,-1.));
#13951 = DIRECTION('',(-0.,-1.,0.));
#13952 = FACE_BOUND('',#13953,.T.);
#13953 = EDGE_LOOP('',(#13954));
#13954 = ORIENTED_EDGE('',*,*,#13955,.T.);
#13955 = EDGE_CURVE('',#13956,#13956,#13958,.T.);
#13956 = VERTEX_POINT('',#13957);
#13957 = CARTESIAN_POINT('',(300.93,-160.095,1.51));
#13958 = CIRCLE('',#13959,0.75);
#13959 = AXIS2_PLACEMENT_3D('',#13960,#13961,#13962);
#13960 = CARTESIAN_POINT('',(300.93,-159.345,1.51));
#13961 = DIRECTION('',(-0.,0.,-1.));
#13962 = DIRECTION('',(-0.,-1.,0.));
#13963 = FACE_BOUND('',#13964,.T.);
#13964 = EDGE_LOOP('',(#13965));
#13965 = ORIENTED_EDGE('',*,*,#13966,.T.);
#13966 = EDGE_CURVE('',#13967,#13967,#13969,.T.);
#13967 = VERTEX_POINT('',#13968);
#13968 = CARTESIAN_POINT('',(304.74,-163.885,1.51));
#13969 = CIRCLE('',#13970,2.);
#13970 = AXIS2_PLACEMENT_3D('',#13971,#13972,#13973);
#13971 = CARTESIAN_POINT('',(304.74,-161.885,1.51));
#13972 = DIRECTION('',(-0.,0.,-1.));
#13973 = DIRECTION('',(-0.,-1.,0.));
#13974 = FACE_BOUND('',#13975,.T.);
#13975 = EDGE_LOOP('',(#13976));
#13976 = ORIENTED_EDGE('',*,*,#13977,.T.);
#13977 = EDGE_CURVE('',#13978,#13978,#13980,.T.);
#13978 = VERTEX_POINT('',#13979);
#13979 = CARTESIAN_POINT('',(309.82,-162.76,1.51));
#13980 = CIRCLE('',#13981,0.875);
#13981 = AXIS2_PLACEMENT_3D('',#13982,#13983,#13984);
#13982 = CARTESIAN_POINT('',(309.82,-161.885,1.51));
#13983 = DIRECTION('',(-0.,0.,-1.));
#13984 = DIRECTION('',(-0.,-1.,0.));
#13985 = FACE_BOUND('',#13986,.T.);
#13986 = EDGE_LOOP('',(#13987));
#13987 = ORIENTED_EDGE('',*,*,#13988,.T.);
#13988 = EDGE_CURVE('',#13989,#13989,#13991,.T.);
#13989 = VERTEX_POINT('',#13990);
#13990 = CARTESIAN_POINT('',(318.71,-162.76,1.51));
#13991 = CIRCLE('',#13992,0.875);
#13992 = AXIS2_PLACEMENT_3D('',#13993,#13994,#13995);
#13993 = CARTESIAN_POINT('',(318.71,-161.885,1.51));
#13994 = DIRECTION('',(-0.,0.,-1.));
#13995 = DIRECTION('',(-0.,-1.,0.));
#13996 = FACE_BOUND('',#13997,.T.);
#13997 = EDGE_LOOP('',(#13998));
#13998 = ORIENTED_EDGE('',*,*,#13999,.T.);
#13999 = EDGE_CURVE('',#14000,#14000,#14002,.T.);
#14000 = VERTEX_POINT('',#14001);
#14001 = CARTESIAN_POINT('',(319.98,-160.095,1.51));
#14002 = CIRCLE('',#14003,0.75);
#14003 = AXIS2_PLACEMENT_3D('',#14004,#14005,#14006);
#14004 = CARTESIAN_POINT('',(319.98,-159.345,1.51));
#14005 = DIRECTION('',(-0.,0.,-1.));
#14006 = DIRECTION('',(-0.,-1.,0.));
#14007 = FACE_BOUND('',#14008,.T.);
#14008 = EDGE_LOOP('',(#14009));
#14009 = ORIENTED_EDGE('',*,*,#14010,.T.);
#14010 = EDGE_CURVE('',#14011,#14011,#14013,.T.);
#14011 = VERTEX_POINT('',#14012);
#14012 = CARTESIAN_POINT('',(307.28,-157.555,1.51));
#14013 = CIRCLE('',#14014,0.75);
#14014 = AXIS2_PLACEMENT_3D('',#14015,#14016,#14017);
#14015 = CARTESIAN_POINT('',(307.28,-156.805,1.51));
#14016 = DIRECTION('',(-0.,0.,-1.));
#14017 = DIRECTION('',(-0.,-1.,0.));
#14018 = FACE_BOUND('',#14019,.T.);
#14019 = EDGE_LOOP('',(#14020));
#14020 = ORIENTED_EDGE('',*,*,#14021,.F.);
#14021 = EDGE_CURVE('',#14022,#14022,#14024,.T.);
#14022 = VERTEX_POINT('',#14023);
#14023 = CARTESIAN_POINT('',(315.455766,-154.741244,1.51));
#14024 = CIRCLE('',#14025,1.190626);
#14025 = AXIS2_PLACEMENT_3D('',#14026,#14027,#14028);
#14026 = CARTESIAN_POINT('',(314.26514,-154.741244,1.51));
#14027 = DIRECTION('',(0.,0.,1.));
#14028 = DIRECTION('',(1.,0.,0.));
#14029 = FACE_BOUND('',#14030,.T.);
#14030 = EDGE_LOOP('',(#14031));
#14031 = ORIENTED_EDGE('',*,*,#14032,.T.);
#14032 = EDGE_CURVE('',#14033,#14033,#14035,.T.);
#14033 = VERTEX_POINT('',#14034);
#14034 = CARTESIAN_POINT('',(323.79,-163.885,1.51));
#14035 = CIRCLE('',#14036,2.);
#14036 = AXIS2_PLACEMENT_3D('',#14037,#14038,#14039);
#14037 = CARTESIAN_POINT('',(323.79,-161.885,1.51));
#14038 = DIRECTION('',(-0.,0.,-1.));
#14039 = DIRECTION('',(-0.,-1.,0.));
#14040 = FACE_BOUND('',#14041,.T.);
#14041 = EDGE_LOOP('',(#14042));
#14042 = ORIENTED_EDGE('',*,*,#14043,.T.);
#14043 = EDGE_CURVE('',#14044,#14044,#14046,.T.);
#14044 = VERTEX_POINT('',#14045);
#14045 = CARTESIAN_POINT('',(328.87,-162.76,1.51));
#14046 = CIRCLE('',#14047,0.875);
#14047 = AXIS2_PLACEMENT_3D('',#14048,#14049,#14050);
#14048 = CARTESIAN_POINT('',(328.87,-161.885,1.51));
#14049 = DIRECTION('',(-0.,0.,-1.));
#14050 = DIRECTION('',(-0.,-1.,0.));
#14051 = FACE_BOUND('',#14052,.T.);
#14052 = EDGE_LOOP('',(#14053));
#14053 = ORIENTED_EDGE('',*,*,#14054,.T.);
#14054 = EDGE_CURVE('',#14055,#14055,#14057,.T.);
#14055 = VERTEX_POINT('',#14056);
#14056 = CARTESIAN_POINT('',(337.76,-162.76,1.51));
#14057 = CIRCLE('',#14058,0.875);
#14058 = AXIS2_PLACEMENT_3D('',#14059,#14060,#14061);
#14059 = CARTESIAN_POINT('',(337.76,-161.885,1.51));
#14060 = DIRECTION('',(-0.,0.,-1.));
#14061 = DIRECTION('',(-0.,-1.,0.));
#14062 = FACE_BOUND('',#14063,.T.);
#14063 = EDGE_LOOP('',(#14064));
#14064 = ORIENTED_EDGE('',*,*,#14065,.T.);
#14065 = EDGE_CURVE('',#14066,#14066,#14068,.T.);
#14066 = VERTEX_POINT('',#14067);
#14067 = CARTESIAN_POINT('',(339.03,-160.095,1.51));
#14068 = CIRCLE('',#14069,0.75);
#14069 = AXIS2_PLACEMENT_3D('',#14070,#14071,#14072);
#14070 = CARTESIAN_POINT('',(339.03,-159.345,1.51));
#14071 = DIRECTION('',(-0.,0.,-1.));
#14072 = DIRECTION('',(-0.,-1.,0.));
#14073 = FACE_BOUND('',#14074,.T.);
#14074 = EDGE_LOOP('',(#14075));
#14075 = ORIENTED_EDGE('',*,*,#14076,.T.);
#14076 = EDGE_CURVE('',#14077,#14077,#14079,.T.);
#14077 = VERTEX_POINT('',#14078);
#14078 = CARTESIAN_POINT('',(326.33,-157.555,1.51));
#14079 = CIRCLE('',#14080,0.75);
#14080 = AXIS2_PLACEMENT_3D('',#14081,#14082,#14083);
#14081 = CARTESIAN_POINT('',(326.33,-156.805,1.51));
#14082 = DIRECTION('',(-0.,0.,-1.));
#14083 = DIRECTION('',(-0.,-1.,0.));
#14084 = FACE_BOUND('',#14085,.T.);
#14085 = EDGE_LOOP('',(#14086));
#14086 = ORIENTED_EDGE('',*,*,#14087,.T.);
#14087 = EDGE_CURVE('',#14088,#14088,#14090,.T.);
#14088 = VERTEX_POINT('',#14089);
#14089 = CARTESIAN_POINT('',(342.84,-163.885,1.51));
#14090 = CIRCLE('',#14091,2.);
#14091 = AXIS2_PLACEMENT_3D('',#14092,#14093,#14094);
#14092 = CARTESIAN_POINT('',(342.84,-161.885,1.51));
#14093 = DIRECTION('',(-0.,0.,-1.));
#14094 = DIRECTION('',(-0.,-1.,0.));
#14095 = FACE_BOUND('',#14096,.T.);
#14096 = EDGE_LOOP('',(#14097));
#14097 = ORIENTED_EDGE('',*,*,#14098,.T.);
#14098 = EDGE_CURVE('',#14099,#14099,#14101,.T.);
#14099 = VERTEX_POINT('',#14100);
#14100 = CARTESIAN_POINT('',(347.92,-162.76,1.51));
#14101 = CIRCLE('',#14102,0.875);
#14102 = AXIS2_PLACEMENT_3D('',#14103,#14104,#14105);
#14103 = CARTESIAN_POINT('',(347.92,-161.885,1.51));
#14104 = DIRECTION('',(-0.,0.,-1.));
#14105 = DIRECTION('',(-0.,-1.,0.));
#14106 = FACE_BOUND('',#14107,.T.);
#14107 = EDGE_LOOP('',(#14108));
#14108 = ORIENTED_EDGE('',*,*,#14109,.T.);
#14109 = EDGE_CURVE('',#14110,#14110,#14112,.T.);
#14110 = VERTEX_POINT('',#14111);
#14111 = CARTESIAN_POINT('',(356.81,-162.76,1.51));
#14112 = CIRCLE('',#14113,0.875);
#14113 = AXIS2_PLACEMENT_3D('',#14114,#14115,#14116);
#14114 = CARTESIAN_POINT('',(356.81,-161.885,1.51));
#14115 = DIRECTION('',(-0.,0.,-1.));
#14116 = DIRECTION('',(-0.,-1.,0.));
#14117 = FACE_BOUND('',#14118,.T.);
#14118 = EDGE_LOOP('',(#14119));
#14119 = ORIENTED_EDGE('',*,*,#14120,.T.);
#14120 = EDGE_CURVE('',#14121,#14121,#14123,.T.);
#14121 = VERTEX_POINT('',#14122);
#14122 = CARTESIAN_POINT('',(358.08,-160.095,1.51));
#14123 = CIRCLE('',#14124,0.75);
#14124 = AXIS2_PLACEMENT_3D('',#14125,#14126,#14127);
#14125 = CARTESIAN_POINT('',(358.08,-159.345,1.51));
#14126 = DIRECTION('',(-0.,0.,-1.));
#14127 = DIRECTION('',(-0.,-1.,0.));
#14128 = FACE_BOUND('',#14129,.T.);
#14129 = EDGE_LOOP('',(#14130));
#14130 = ORIENTED_EDGE('',*,*,#14131,.T.);
#14131 = EDGE_CURVE('',#14132,#14132,#14134,.T.);
#14132 = VERTEX_POINT('',#14133);
#14133 = CARTESIAN_POINT('',(345.38,-157.555,1.51));
#14134 = CIRCLE('',#14135,0.75);
#14135 = AXIS2_PLACEMENT_3D('',#14136,#14137,#14138);
#14136 = CARTESIAN_POINT('',(345.38,-156.805,1.51));
#14137 = DIRECTION('',(-0.,0.,-1.));
#14138 = DIRECTION('',(-0.,-1.,0.));
#14139 = FACE_BOUND('',#14140,.T.);
#14140 = EDGE_LOOP('',(#14141));
#14141 = ORIENTED_EDGE('',*,*,#14142,.T.);
#14142 = EDGE_CURVE('',#14143,#14143,#14145,.T.);
#14143 = VERTEX_POINT('',#14144);
#14144 = CARTESIAN_POINT('',(366.6525,-182.935,1.51));
#14145 = CIRCLE('',#14146,2.);
#14146 = AXIS2_PLACEMENT_3D('',#14147,#14148,#14149);
#14147 = CARTESIAN_POINT('',(366.6525,-180.935,1.51));
#14148 = DIRECTION('',(-0.,0.,-1.));
#14149 = DIRECTION('',(-0.,-1.,0.));
#14150 = FACE_BOUND('',#14151,.T.);
#14151 = EDGE_LOOP('',(#14152));
#14152 = ORIENTED_EDGE('',*,*,#14153,.T.);
#14153 = EDGE_CURVE('',#14154,#14154,#14156,.T.);
#14154 = VERTEX_POINT('',#14155);
#14155 = CARTESIAN_POINT('',(362.8425,-179.145,1.51));
#14156 = CIRCLE('',#14157,0.75);
#14157 = AXIS2_PLACEMENT_3D('',#14158,#14159,#14160);
#14158 = CARTESIAN_POINT('',(362.8425,-178.395,1.51));
#14159 = DIRECTION('',(-0.,0.,-1.));
#14160 = DIRECTION('',(-0.,-1.,0.));
#14161 = FACE_BOUND('',#14162,.T.);
#14162 = EDGE_LOOP('',(#14163));
#14163 = ORIENTED_EDGE('',*,*,#14164,.T.);
#14164 = EDGE_CURVE('',#14165,#14165,#14167,.T.);
#14165 = VERTEX_POINT('',#14166);
#14166 = CARTESIAN_POINT('',(371.7325,-181.81,1.51));
#14167 = CIRCLE('',#14168,0.875);
#14168 = AXIS2_PLACEMENT_3D('',#14169,#14170,#14171);
#14169 = CARTESIAN_POINT('',(371.7325,-180.935,1.51));
#14170 = DIRECTION('',(-0.,0.,-1.));
#14171 = DIRECTION('',(-0.,-1.,0.));
#14172 = FACE_BOUND('',#14173,.T.);
#14173 = EDGE_LOOP('',(#14174));
#14174 = ORIENTED_EDGE('',*,*,#14175,.T.);
#14175 = EDGE_CURVE('',#14176,#14176,#14178,.T.);
#14176 = VERTEX_POINT('',#14177);
#14177 = CARTESIAN_POINT('',(380.6225,-181.81,1.51));
#14178 = CIRCLE('',#14179,0.875);
#14179 = AXIS2_PLACEMENT_3D('',#14180,#14181,#14182);
#14180 = CARTESIAN_POINT('',(380.6225,-180.935,1.51));
#14181 = DIRECTION('',(-0.,0.,-1.));
#14182 = DIRECTION('',(-0.,-1.,0.));
#14183 = FACE_BOUND('',#14184,.T.);
#14184 = EDGE_LOOP('',(#14185));
#14185 = ORIENTED_EDGE('',*,*,#14186,.T.);
#14186 = EDGE_CURVE('',#14187,#14187,#14189,.T.);
#14187 = VERTEX_POINT('',#14188);
#14188 = CARTESIAN_POINT('',(369.1925,-176.605,1.51));
#14189 = CIRCLE('',#14190,0.75);
#14190 = AXIS2_PLACEMENT_3D('',#14191,#14192,#14193);
#14191 = CARTESIAN_POINT('',(369.1925,-175.855,1.51));
#14192 = DIRECTION('',(-0.,0.,-1.));
#14193 = DIRECTION('',(-0.,-1.,0.));
#14194 = FACE_BOUND('',#14195,.T.);
#14195 = EDGE_LOOP('',(#14196));
#14196 = ORIENTED_EDGE('',*,*,#14197,.T.);
#14197 = EDGE_CURVE('',#14198,#14198,#14200,.T.);
#14198 = VERTEX_POINT('',#14199);
#14199 = CARTESIAN_POINT('',(385.7025,-182.935,1.51));
#14200 = CIRCLE('',#14201,2.);
#14201 = AXIS2_PLACEMENT_3D('',#14202,#14203,#14204);
#14202 = CARTESIAN_POINT('',(385.7025,-180.935,1.51));
#14203 = DIRECTION('',(-0.,0.,-1.));
#14204 = DIRECTION('',(-0.,-1.,0.));
#14205 = FACE_BOUND('',#14206,.T.);
#14206 = EDGE_LOOP('',(#14207));
#14207 = ORIENTED_EDGE('',*,*,#14208,.T.);
#14208 = EDGE_CURVE('',#14209,#14209,#14211,.T.);
#14209 = VERTEX_POINT('',#14210);
#14210 = CARTESIAN_POINT('',(390.7825,-181.81,1.51));
#14211 = CIRCLE('',#14212,0.875);
#14212 = AXIS2_PLACEMENT_3D('',#14213,#14214,#14215);
#14213 = CARTESIAN_POINT('',(390.7825,-180.935,1.51));
#14214 = DIRECTION('',(-0.,0.,-1.));
#14215 = DIRECTION('',(-0.,-1.,0.));
#14216 = FACE_BOUND('',#14217,.T.);
#14217 = EDGE_LOOP('',(#14218));
#14218 = ORIENTED_EDGE('',*,*,#14219,.T.);
#14219 = EDGE_CURVE('',#14220,#14220,#14222,.T.);
#14220 = VERTEX_POINT('',#14221);
#14221 = CARTESIAN_POINT('',(381.8925,-179.145,1.51));
#14222 = CIRCLE('',#14223,0.75);
#14223 = AXIS2_PLACEMENT_3D('',#14224,#14225,#14226);
#14224 = CARTESIAN_POINT('',(381.8925,-178.395,1.51));
#14225 = DIRECTION('',(-0.,0.,-1.));
#14226 = DIRECTION('',(-0.,-1.,0.));
#14227 = FACE_BOUND('',#14228,.T.);
#14228 = EDGE_LOOP('',(#14229));
#14229 = ORIENTED_EDGE('',*,*,#14230,.T.);
#14230 = EDGE_CURVE('',#14231,#14231,#14233,.T.);
#14231 = VERTEX_POINT('',#14232);
#14232 = CARTESIAN_POINT('',(388.2425,-176.605,1.51));
#14233 = CIRCLE('',#14234,0.75);
#14234 = AXIS2_PLACEMENT_3D('',#14235,#14236,#14237);
#14235 = CARTESIAN_POINT('',(388.2425,-175.855,1.51));
#14236 = DIRECTION('',(-0.,0.,-1.));
#14237 = DIRECTION('',(-0.,-1.,0.));
#14238 = FACE_BOUND('',#14239,.T.);
#14239 = EDGE_LOOP('',(#14240));
#14240 = ORIENTED_EDGE('',*,*,#14241,.T.);
#14241 = EDGE_CURVE('',#14242,#14242,#14244,.T.);
#14242 = VERTEX_POINT('',#14243);
#14243 = CARTESIAN_POINT('',(417.7975,-184.565,1.51));
#14244 = CIRCLE('',#14245,0.5);
#14245 = AXIS2_PLACEMENT_3D('',#14246,#14247,#14248);
#14246 = CARTESIAN_POINT('',(417.7975,-184.065,1.51));
#14247 = DIRECTION('',(-0.,0.,-1.));
#14248 = DIRECTION('',(-0.,-1.,0.));
#14249 = FACE_BOUND('',#14250,.T.);
#14250 = EDGE_LOOP('',(#14251));
#14251 = ORIENTED_EDGE('',*,*,#14252,.T.);
#14252 = EDGE_CURVE('',#14253,#14253,#14255,.T.);
#14253 = VERTEX_POINT('',#14254);
#14254 = CARTESIAN_POINT('',(433.0375,-184.565,1.51));
#14255 = CIRCLE('',#14256,0.5);
#14256 = AXIS2_PLACEMENT_3D('',#14257,#14258,#14259);
#14257 = CARTESIAN_POINT('',(433.0375,-184.065,1.51));
#14258 = DIRECTION('',(-0.,0.,-1.));
#14259 = DIRECTION('',(-0.,-1.,0.));
#14260 = FACE_BOUND('',#14261,.T.);
#14261 = EDGE_LOOP('',(#14262));
#14262 = ORIENTED_EDGE('',*,*,#14263,.T.);
#14263 = EDGE_CURVE('',#14264,#14264,#14266,.T.);
#14264 = VERTEX_POINT('',#14265);
#14265 = CARTESIAN_POINT('',(402.05375,-181.81,1.51));
#14266 = CIRCLE('',#14267,0.875);
#14267 = AXIS2_PLACEMENT_3D('',#14268,#14269,#14270);
#14268 = CARTESIAN_POINT('',(402.05375,-180.935,1.51));
#14269 = DIRECTION('',(-0.,0.,-1.));
#14270 = DIRECTION('',(-0.,-1.,0.));
#14271 = FACE_BOUND('',#14272,.T.);
#14272 = EDGE_LOOP('',(#14273));
#14273 = ORIENTED_EDGE('',*,*,#14274,.T.);
#14274 = EDGE_CURVE('',#14275,#14275,#14277,.T.);
#14275 = VERTEX_POINT('',#14276);
#14276 = CARTESIAN_POINT('',(407.13375,-182.935,1.51));
#14277 = CIRCLE('',#14278,2.);
#14278 = AXIS2_PLACEMENT_3D('',#14279,#14280,#14281);
#14279 = CARTESIAN_POINT('',(407.13375,-180.935,1.51));
#14280 = DIRECTION('',(-0.,0.,-1.));
#14281 = DIRECTION('',(-0.,-1.,0.));
#14282 = FACE_BOUND('',#14283,.T.);
#14283 = EDGE_LOOP('',(#14284));
#14284 = ORIENTED_EDGE('',*,*,#14285,.T.);
#14285 = EDGE_CURVE('',#14286,#14286,#14288,.T.);
#14286 = VERTEX_POINT('',#14287);
#14287 = CARTESIAN_POINT('',(403.32375,-179.145,1.51));
#14288 = CIRCLE('',#14289,0.75);
#14289 = AXIS2_PLACEMENT_3D('',#14290,#14291,#14292);
#14290 = CARTESIAN_POINT('',(403.32375,-178.395,1.51));
#14291 = DIRECTION('',(-0.,0.,-1.));
#14292 = DIRECTION('',(-0.,-1.,0.));
#14293 = FACE_BOUND('',#14294,.T.);
#14294 = EDGE_LOOP('',(#14295));
#14295 = ORIENTED_EDGE('',*,*,#14296,.T.);
#14296 = EDGE_CURVE('',#14297,#14297,#14299,.T.);
#14297 = VERTEX_POINT('',#14298);
#14298 = CARTESIAN_POINT('',(412.21375,-181.81,1.51));
#14299 = CIRCLE('',#14300,0.875);
#14300 = AXIS2_PLACEMENT_3D('',#14301,#14302,#14303);
#14301 = CARTESIAN_POINT('',(412.21375,-180.935,1.51));
#14302 = DIRECTION('',(-0.,0.,-1.));
#14303 = DIRECTION('',(-0.,-1.,0.));
#14304 = FACE_BOUND('',#14305,.T.);
#14305 = EDGE_LOOP('',(#14306));
#14306 = ORIENTED_EDGE('',*,*,#14307,.T.);
#14307 = EDGE_CURVE('',#14308,#14308,#14310,.T.);
#14308 = VERTEX_POINT('',#14309);
#14309 = CARTESIAN_POINT('',(417.7975,-182.025,1.51));
#14310 = CIRCLE('',#14311,0.5);
#14311 = AXIS2_PLACEMENT_3D('',#14312,#14313,#14314);
#14312 = CARTESIAN_POINT('',(417.7975,-181.525,1.51));
#14313 = DIRECTION('',(-0.,0.,-1.));
#14314 = DIRECTION('',(-0.,-1.,0.));
#14315 = FACE_BOUND('',#14316,.T.);
#14316 = EDGE_LOOP('',(#14317));
#14317 = ORIENTED_EDGE('',*,*,#14318,.T.);
#14318 = EDGE_CURVE('',#14319,#14319,#14321,.T.);
#14319 = VERTEX_POINT('',#14320);
#14320 = CARTESIAN_POINT('',(417.7975,-179.485,1.51));
#14321 = CIRCLE('',#14322,0.5);
#14322 = AXIS2_PLACEMENT_3D('',#14323,#14324,#14325);
#14323 = CARTESIAN_POINT('',(417.7975,-178.985,1.51));
#14324 = DIRECTION('',(-0.,0.,-1.));
#14325 = DIRECTION('',(-0.,-1.,0.));
#14326 = FACE_BOUND('',#14327,.T.);
#14327 = EDGE_LOOP('',(#14328));
#14328 = ORIENTED_EDGE('',*,*,#14329,.T.);
#14329 = EDGE_CURVE('',#14330,#14330,#14332,.T.);
#14330 = VERTEX_POINT('',#14331);
#14331 = CARTESIAN_POINT('',(409.67375,-176.605,1.51));
#14332 = CIRCLE('',#14333,0.75);
#14333 = AXIS2_PLACEMENT_3D('',#14334,#14335,#14336);
#14334 = CARTESIAN_POINT('',(409.67375,-175.855,1.51));
#14335 = DIRECTION('',(-0.,0.,-1.));
#14336 = DIRECTION('',(-0.,-1.,0.));
#14337 = FACE_BOUND('',#14338,.T.);
#14338 = EDGE_LOOP('',(#14339));
#14339 = ORIENTED_EDGE('',*,*,#14340,.T.);
#14340 = EDGE_CURVE('',#14341,#14341,#14343,.T.);
#14341 = VERTEX_POINT('',#14342);
#14342 = CARTESIAN_POINT('',(417.7975,-176.945,1.51));
#14343 = CIRCLE('',#14344,0.5);
#14344 = AXIS2_PLACEMENT_3D('',#14345,#14346,#14347);
#14345 = CARTESIAN_POINT('',(417.7975,-176.445,1.51));
#14346 = DIRECTION('',(-0.,0.,-1.));
#14347 = DIRECTION('',(-0.,-1.,0.));
#14348 = FACE_BOUND('',#14349,.T.);
#14349 = EDGE_LOOP('',(#14350));
#14350 = ORIENTED_EDGE('',*,*,#14351,.T.);
#14351 = EDGE_CURVE('',#14352,#14352,#14354,.T.);
#14352 = VERTEX_POINT('',#14353);
#14353 = CARTESIAN_POINT('',(417.7975,-174.405,1.51));
#14354 = CIRCLE('',#14355,0.5);
#14355 = AXIS2_PLACEMENT_3D('',#14356,#14357,#14358);
#14356 = CARTESIAN_POINT('',(417.7975,-173.905,1.51));
#14357 = DIRECTION('',(-0.,0.,-1.));
#14358 = DIRECTION('',(-0.,-1.,0.));
#14359 = FACE_BOUND('',#14360,.T.);
#14360 = EDGE_LOOP('',(#14361));
#14361 = ORIENTED_EDGE('',*,*,#14362,.T.);
#14362 = EDGE_CURVE('',#14363,#14363,#14365,.T.);
#14363 = VERTEX_POINT('',#14364);
#14364 = CARTESIAN_POINT('',(433.0375,-182.025,1.51));
#14365 = CIRCLE('',#14366,0.5);
#14366 = AXIS2_PLACEMENT_3D('',#14367,#14368,#14369);
#14367 = CARTESIAN_POINT('',(433.0375,-181.525,1.51));
#14368 = DIRECTION('',(-0.,0.,-1.));
#14369 = DIRECTION('',(-0.,-1.,0.));
#14370 = FACE_BOUND('',#14371,.T.);
#14371 = EDGE_LOOP('',(#14372));
#14372 = ORIENTED_EDGE('',*,*,#14373,.T.);
#14373 = EDGE_CURVE('',#14374,#14374,#14376,.T.);
#14374 = VERTEX_POINT('',#14375);
#14375 = CARTESIAN_POINT('',(433.0375,-179.485,1.51));
#14376 = CIRCLE('',#14377,0.5);
#14377 = AXIS2_PLACEMENT_3D('',#14378,#14379,#14380);
#14378 = CARTESIAN_POINT('',(433.0375,-178.985,1.51));
#14379 = DIRECTION('',(-0.,0.,-1.));
#14380 = DIRECTION('',(-0.,-1.,0.));
#14381 = FACE_BOUND('',#14382,.T.);
#14382 = EDGE_LOOP('',(#14383));
#14383 = ORIENTED_EDGE('',*,*,#14384,.T.);
#14384 = EDGE_CURVE('',#14385,#14385,#14387,.T.);
#14385 = VERTEX_POINT('',#14386);
#14386 = CARTESIAN_POINT('',(433.0375,-176.945,1.51));
#14387 = CIRCLE('',#14388,0.5);
#14388 = AXIS2_PLACEMENT_3D('',#14389,#14390,#14391);
#14389 = CARTESIAN_POINT('',(433.0375,-176.445,1.51));
#14390 = DIRECTION('',(-0.,0.,-1.));
#14391 = DIRECTION('',(-0.,-1.,0.));
#14392 = FACE_BOUND('',#14393,.T.);
#14393 = EDGE_LOOP('',(#14394));
#14394 = ORIENTED_EDGE('',*,*,#14395,.T.);
#14395 = EDGE_CURVE('',#14396,#14396,#14398,.T.);
#14396 = VERTEX_POINT('',#14397);
#14397 = CARTESIAN_POINT('',(433.0375,-174.405,1.51));
#14398 = CIRCLE('',#14399,0.5);
#14399 = AXIS2_PLACEMENT_3D('',#14400,#14401,#14402);
#14400 = CARTESIAN_POINT('',(433.0375,-173.905,1.51));
#14401 = DIRECTION('',(-0.,0.,-1.));
#14402 = DIRECTION('',(-0.,-1.,0.));
#14403 = FACE_BOUND('',#14404,.T.);
#14404 = EDGE_LOOP('',(#14405,#14416,#14424,#14433));
#14405 = ORIENTED_EDGE('',*,*,#14406,.T.);
#14406 = EDGE_CURVE('',#14407,#14409,#14411,.T.);
#14407 = VERTEX_POINT('',#14408);
#14408 = CARTESIAN_POINT('',(395.2575,-162.945,1.51));
#14409 = VERTEX_POINT('',#14410);
#14410 = CARTESIAN_POINT('',(396.1575,-162.945,1.51));
#14411 = CIRCLE('',#14412,0.45);
#14412 = AXIS2_PLACEMENT_3D('',#14413,#14414,#14415);
#14413 = CARTESIAN_POINT('',(395.7075,-162.945,1.51));
#14414 = DIRECTION('',(0.,-0.,-1.));
#14415 = DIRECTION('',(1.,1.263187085796E-13,-0.));
#14416 = ORIENTED_EDGE('',*,*,#14417,.T.);
#14417 = EDGE_CURVE('',#14409,#14418,#14420,.T.);
#14418 = VERTEX_POINT('',#14419);
#14419 = CARTESIAN_POINT('',(396.1575,-163.345,1.51));
#14420 = LINE('',#14421,#14422);
#14421 = CARTESIAN_POINT('',(396.1575,-81.6725,1.51));
#14422 = VECTOR('',#14423,1.);
#14423 = DIRECTION('',(0.,-1.,0.));
#14424 = ORIENTED_EDGE('',*,*,#14425,.T.);
#14425 = EDGE_CURVE('',#14418,#14426,#14428,.T.);
#14426 = VERTEX_POINT('',#14427);
#14427 = CARTESIAN_POINT('',(395.2575,-163.345,1.51));
#14428 = CIRCLE('',#14429,0.45);
#14429 = AXIS2_PLACEMENT_3D('',#14430,#14431,#14432);
#14430 = CARTESIAN_POINT('',(395.7075,-163.345,1.51));
#14431 = DIRECTION('',(-0.,0.,-1.));
#14432 = DIRECTION('',(-1.,-1.263187085796E-13,0.));
#14433 = ORIENTED_EDGE('',*,*,#14434,.T.);
#14434 = EDGE_CURVE('',#14426,#14407,#14435,.T.);
#14435 = LINE('',#14436,#14437);
#14436 = CARTESIAN_POINT('',(395.2575,-81.4725,1.51));
#14437 = VECTOR('',#14438,1.);
#14438 = DIRECTION('',(-0.,1.,0.));
#14439 = FACE_BOUND('',#14440,.T.);
#14440 = EDGE_LOOP('',(#14441));
#14441 = ORIENTED_EDGE('',*,*,#14442,.T.);
#14442 = EDGE_CURVE('',#14443,#14443,#14445,.T.);
#14443 = VERTEX_POINT('',#14444);
#14444 = CARTESIAN_POINT('',(361.89,-163.885,1.51));
#14445 = CIRCLE('',#14446,2.);
#14446 = AXIS2_PLACEMENT_3D('',#14447,#14448,#14449);
#14447 = CARTESIAN_POINT('',(361.89,-161.885,1.51));
#14448 = DIRECTION('',(-0.,0.,-1.));
#14449 = DIRECTION('',(-0.,-1.,0.));
#14450 = FACE_BOUND('',#14451,.T.);
#14451 = EDGE_LOOP('',(#14452));
#14452 = ORIENTED_EDGE('',*,*,#14453,.T.);
#14453 = EDGE_CURVE('',#14454,#14454,#14456,.T.);
#14454 = VERTEX_POINT('',#14455);
#14455 = CARTESIAN_POINT('',(366.97,-162.76,1.51));
#14456 = CIRCLE('',#14457,0.875);
#14457 = AXIS2_PLACEMENT_3D('',#14458,#14459,#14460);
#14458 = CARTESIAN_POINT('',(366.97,-161.885,1.51));
#14459 = DIRECTION('',(-0.,0.,-1.));
#14460 = DIRECTION('',(-0.,-1.,0.));
#14461 = FACE_BOUND('',#14462,.T.);
#14462 = EDGE_LOOP('',(#14463));
#14463 = ORIENTED_EDGE('',*,*,#14464,.T.);
#14464 = EDGE_CURVE('',#14465,#14465,#14467,.T.);
#14465 = VERTEX_POINT('',#14466);
#14466 = CARTESIAN_POINT('',(375.86,-162.76,1.51));
#14467 = CIRCLE('',#14468,0.875);
#14468 = AXIS2_PLACEMENT_3D('',#14469,#14470,#14471);
#14469 = CARTESIAN_POINT('',(375.86,-161.885,1.51));
#14470 = DIRECTION('',(-0.,0.,-1.));
#14471 = DIRECTION('',(-0.,-1.,0.));
#14472 = FACE_BOUND('',#14473,.T.);
#14473 = EDGE_LOOP('',(#14474));
#14474 = ORIENTED_EDGE('',*,*,#14475,.T.);
#14475 = EDGE_CURVE('',#14476,#14476,#14478,.T.);
#14476 = VERTEX_POINT('',#14477);
#14477 = CARTESIAN_POINT('',(380.94,-163.885,1.51));
#14478 = CIRCLE('',#14479,2.);
#14479 = AXIS2_PLACEMENT_3D('',#14480,#14481,#14482);
#14480 = CARTESIAN_POINT('',(380.94,-161.885,1.51));
#14481 = DIRECTION('',(-0.,0.,-1.));
#14482 = DIRECTION('',(-0.,-1.,0.));
#14483 = FACE_BOUND('',#14484,.T.);
#14484 = EDGE_LOOP('',(#14485));
#14485 = ORIENTED_EDGE('',*,*,#14486,.T.);
#14486 = EDGE_CURVE('',#14487,#14487,#14489,.T.);
#14487 = VERTEX_POINT('',#14488);
#14488 = CARTESIAN_POINT('',(377.13,-160.095,1.51));
#14489 = CIRCLE('',#14490,0.75);
#14490 = AXIS2_PLACEMENT_3D('',#14491,#14492,#14493);
#14491 = CARTESIAN_POINT('',(377.13,-159.345,1.51));
#14492 = DIRECTION('',(-0.,0.,-1.));
#14493 = DIRECTION('',(-0.,-1.,0.));
#14494 = FACE_BOUND('',#14495,.T.);
#14495 = EDGE_LOOP('',(#14496));
#14496 = ORIENTED_EDGE('',*,*,#14497,.T.);
#14497 = EDGE_CURVE('',#14498,#14498,#14500,.T.);
#14498 = VERTEX_POINT('',#14499);
#14499 = CARTESIAN_POINT('',(364.43,-157.555,1.51));
#14500 = CIRCLE('',#14501,0.75);
#14501 = AXIS2_PLACEMENT_3D('',#14502,#14503,#14504);
#14502 = CARTESIAN_POINT('',(364.43,-156.805,1.51));
#14503 = DIRECTION('',(-0.,0.,-1.));
#14504 = DIRECTION('',(-0.,-1.,0.));
#14505 = FACE_BOUND('',#14506,.T.);
#14506 = EDGE_LOOP('',(#14507));
#14507 = ORIENTED_EDGE('',*,*,#14508,.T.);
#14508 = EDGE_CURVE('',#14509,#14509,#14511,.T.);
#14509 = VERTEX_POINT('',#14510);
#14510 = CARTESIAN_POINT('',(386.02,-162.76,1.51));
#14511 = CIRCLE('',#14512,0.875);
#14512 = AXIS2_PLACEMENT_3D('',#14513,#14514,#14515);
#14513 = CARTESIAN_POINT('',(386.02,-161.885,1.51));
#14514 = DIRECTION('',(-0.,0.,-1.));
#14515 = DIRECTION('',(-0.,-1.,0.));
#14516 = FACE_BOUND('',#14517,.T.);
#14517 = EDGE_LOOP('',(#14518,#14529,#14537,#14546));
#14518 = ORIENTED_EDGE('',*,*,#14519,.T.);
#14519 = EDGE_CURVE('',#14520,#14522,#14524,.T.);
#14520 = VERTEX_POINT('',#14521);
#14521 = CARTESIAN_POINT('',(390.6575,-161.845,1.51));
#14522 = VERTEX_POINT('',#14523);
#14523 = CARTESIAN_POINT('',(391.5575,-161.845,1.51));
#14524 = CIRCLE('',#14525,0.45);
#14525 = AXIS2_PLACEMENT_3D('',#14526,#14527,#14528);
#14526 = CARTESIAN_POINT('',(391.1075,-161.845,1.51));
#14527 = DIRECTION('',(0.,-0.,-1.));
#14528 = DIRECTION('',(1.,-6.315935428979E-14,0.));
#14529 = ORIENTED_EDGE('',*,*,#14530,.T.);
#14530 = EDGE_CURVE('',#14522,#14531,#14533,.T.);
#14531 = VERTEX_POINT('',#14532);
#14532 = CARTESIAN_POINT('',(391.5575,-162.245,1.51));
#14533 = LINE('',#14534,#14535);
#14534 = CARTESIAN_POINT('',(391.5575,-81.1225,1.51));
#14535 = VECTOR('',#14536,1.);
#14536 = DIRECTION('',(0.,-1.,0.));
#14537 = ORIENTED_EDGE('',*,*,#14538,.T.);
#14538 = EDGE_CURVE('',#14531,#14539,#14541,.T.);
#14539 = VERTEX_POINT('',#14540);
#14540 = CARTESIAN_POINT('',(390.6575,-162.245,1.51));
#14541 = CIRCLE('',#14542,0.45);
#14542 = AXIS2_PLACEMENT_3D('',#14543,#14544,#14545);
#14543 = CARTESIAN_POINT('',(391.1075,-162.245,1.51));
#14544 = DIRECTION('',(-0.,0.,-1.));
#14545 = DIRECTION('',(-1.,6.315935428979E-14,0.));
#14546 = ORIENTED_EDGE('',*,*,#14547,.T.);
#14547 = EDGE_CURVE('',#14539,#14520,#14548,.T.);
#14548 = LINE('',#14549,#14550);
#14549 = CARTESIAN_POINT('',(390.6575,-80.9225,1.51));
#14550 = VECTOR('',#14551,1.);
#14551 = DIRECTION('',(-0.,1.,0.));
#14552 = FACE_BOUND('',#14553,.T.);
#14553 = EDGE_LOOP('',(#14554,#14565,#14573,#14582));
#14554 = ORIENTED_EDGE('',*,*,#14555,.T.);
#14555 = EDGE_CURVE('',#14556,#14558,#14560,.T.);
#14556 = VERTEX_POINT('',#14557);
#14557 = CARTESIAN_POINT('',(390.6575,-157.845,1.51));
#14558 = VERTEX_POINT('',#14559);
#14559 = CARTESIAN_POINT('',(391.5575,-157.845,1.51));
#14560 = CIRCLE('',#14561,0.45);
#14561 = AXIS2_PLACEMENT_3D('',#14562,#14563,#14564);
#14562 = CARTESIAN_POINT('',(391.1075,-157.845,1.51));
#14563 = DIRECTION('',(0.,-0.,-1.));
#14564 = DIRECTION('',(1.,-6.315935428979E-14,0.));
#14565 = ORIENTED_EDGE('',*,*,#14566,.T.);
#14566 = EDGE_CURVE('',#14558,#14567,#14569,.T.);
#14567 = VERTEX_POINT('',#14568);
#14568 = CARTESIAN_POINT('',(391.5575,-158.245,1.51));
#14569 = LINE('',#14570,#14571);
#14570 = CARTESIAN_POINT('',(391.5575,-79.1225,1.51));
#14571 = VECTOR('',#14572,1.);
#14572 = DIRECTION('',(0.,-1.,0.));
#14573 = ORIENTED_EDGE('',*,*,#14574,.T.);
#14574 = EDGE_CURVE('',#14567,#14575,#14577,.T.);
#14575 = VERTEX_POINT('',#14576);
#14576 = CARTESIAN_POINT('',(390.6575,-158.245,1.51));
#14577 = CIRCLE('',#14578,0.45);
#14578 = AXIS2_PLACEMENT_3D('',#14579,#14580,#14581);
#14579 = CARTESIAN_POINT('',(391.1075,-158.245,1.51));
#14580 = DIRECTION('',(-0.,0.,-1.));
#14581 = DIRECTION('',(-1.,6.315935428979E-14,0.));
#14582 = ORIENTED_EDGE('',*,*,#14583,.T.);
#14583 = EDGE_CURVE('',#14575,#14556,#14584,.T.);
#14584 = LINE('',#14585,#14586);
#14585 = CARTESIAN_POINT('',(390.6575,-78.9225,1.51));
#14586 = VECTOR('',#14587,1.);
#14587 = DIRECTION('',(-0.,1.,0.));
#14588 = FACE_BOUND('',#14589,.T.);
#14589 = EDGE_LOOP('',(#14590));
#14590 = ORIENTED_EDGE('',*,*,#14591,.T.);
#14591 = EDGE_CURVE('',#14592,#14592,#14594,.T.);
#14592 = VERTEX_POINT('',#14593);
#14593 = CARTESIAN_POINT('',(393.4075,-160.845,1.51));
#14594 = CIRCLE('',#14595,0.4);
#14595 = AXIS2_PLACEMENT_3D('',#14596,#14597,#14598);
#14596 = CARTESIAN_POINT('',(393.4075,-160.445,1.51));
#14597 = DIRECTION('',(-0.,0.,-1.));
#14598 = DIRECTION('',(-0.,-1.,0.));
#14599 = FACE_BOUND('',#14600,.T.);
#14600 = EDGE_LOOP('',(#14601));
#14601 = ORIENTED_EDGE('',*,*,#14602,.T.);
#14602 = EDGE_CURVE('',#14603,#14603,#14605,.T.);
#14603 = VERTEX_POINT('',#14604);
#14604 = CARTESIAN_POINT('',(399.6725,-162.76,1.51));
#14605 = CIRCLE('',#14606,0.875);
#14606 = AXIS2_PLACEMENT_3D('',#14607,#14608,#14609);
#14607 = CARTESIAN_POINT('',(399.6725,-161.885,1.51));
#14608 = DIRECTION('',(-0.,0.,-1.));
#14609 = DIRECTION('',(-0.,-1.,0.));
#14610 = FACE_BOUND('',#14611,.T.);
#14611 = EDGE_LOOP('',(#14612));
#14612 = ORIENTED_EDGE('',*,*,#14613,.T.);
#14613 = EDGE_CURVE('',#14614,#14614,#14616,.T.);
#14614 = VERTEX_POINT('',#14615);
#14615 = CARTESIAN_POINT('',(400.9425,-160.095,1.51));
#14616 = CIRCLE('',#14617,0.75);
#14617 = AXIS2_PLACEMENT_3D('',#14618,#14619,#14620);
#14618 = CARTESIAN_POINT('',(400.9425,-159.345,1.51));
#14619 = DIRECTION('',(-0.,0.,-1.));
#14620 = DIRECTION('',(-0.,-1.,0.));
#14621 = FACE_BOUND('',#14622,.T.);
#14622 = EDGE_LOOP('',(#14623));
#14623 = ORIENTED_EDGE('',*,*,#14624,.T.);
#14624 = EDGE_CURVE('',#14625,#14625,#14627,.T.);
#14625 = VERTEX_POINT('',#14626);
#14626 = CARTESIAN_POINT('',(383.48,-157.555,1.51));
#14627 = CIRCLE('',#14628,0.75);
#14628 = AXIS2_PLACEMENT_3D('',#14629,#14630,#14631);
#14629 = CARTESIAN_POINT('',(383.48,-156.805,1.51));
#14630 = DIRECTION('',(-0.,0.,-1.));
#14631 = DIRECTION('',(-0.,-1.,0.));
#14632 = FACE_BOUND('',#14633,.T.);
#14633 = EDGE_LOOP('',(#14634,#14645,#14653,#14662));
#14634 = ORIENTED_EDGE('',*,*,#14635,.T.);
#14635 = EDGE_CURVE('',#14636,#14638,#14640,.T.);
#14636 = VERTEX_POINT('',#14637);
#14637 = CARTESIAN_POINT('',(390.6575,-154.845,1.51));
#14638 = VERTEX_POINT('',#14639);
#14639 = CARTESIAN_POINT('',(391.5575,-154.845,1.51));
#14640 = CIRCLE('',#14641,0.45);
#14641 = AXIS2_PLACEMENT_3D('',#14642,#14643,#14644);
#14642 = CARTESIAN_POINT('',(391.1075,-154.845,1.51));
#14643 = DIRECTION('',(0.,-0.,-1.));
#14644 = DIRECTION('',(1.,-6.315935428979E-14,0.));
#14645 = ORIENTED_EDGE('',*,*,#14646,.T.);
#14646 = EDGE_CURVE('',#14638,#14647,#14649,.T.);
#14647 = VERTEX_POINT('',#14648);
#14648 = CARTESIAN_POINT('',(391.5575,-155.245,1.51));
#14649 = LINE('',#14650,#14651);
#14650 = CARTESIAN_POINT('',(391.5575,-77.6225,1.51));
#14651 = VECTOR('',#14652,1.);
#14652 = DIRECTION('',(0.,-1.,0.));
#14653 = ORIENTED_EDGE('',*,*,#14654,.T.);
#14654 = EDGE_CURVE('',#14647,#14655,#14657,.T.);
#14655 = VERTEX_POINT('',#14656);
#14656 = CARTESIAN_POINT('',(390.6575,-155.245,1.51));
#14657 = CIRCLE('',#14658,0.45);
#14658 = AXIS2_PLACEMENT_3D('',#14659,#14660,#14661);
#14659 = CARTESIAN_POINT('',(391.1075,-155.245,1.51));
#14660 = DIRECTION('',(-0.,0.,-1.));
#14661 = DIRECTION('',(-1.,6.315935428979E-14,0.));
#14662 = ORIENTED_EDGE('',*,*,#14663,.T.);
#14663 = EDGE_CURVE('',#14655,#14636,#14664,.T.);
#14664 = LINE('',#14665,#14666);
#14665 = CARTESIAN_POINT('',(390.6575,-77.4225,1.51));
#14666 = VECTOR('',#14667,1.);
#14667 = DIRECTION('',(-0.,1.,0.));
#14668 = FACE_BOUND('',#14669,.T.);
#14669 = EDGE_LOOP('',(#14670));
#14670 = ORIENTED_EDGE('',*,*,#14671,.T.);
#14671 = EDGE_CURVE('',#14672,#14672,#14674,.T.);
#14672 = VERTEX_POINT('',#14673);
#14673 = CARTESIAN_POINT('',(393.4075,-153.845,1.51));
#14674 = CIRCLE('',#14675,0.4);
#14675 = AXIS2_PLACEMENT_3D('',#14676,#14677,#14678);
#14676 = CARTESIAN_POINT('',(393.4075,-153.445,1.51));
#14677 = DIRECTION('',(-0.,0.,-1.));
#14678 = DIRECTION('',(-0.,-1.,0.));
#14679 = FACE_BOUND('',#14680,.T.);
#14680 = EDGE_LOOP('',(#14681));
#14681 = ORIENTED_EDGE('',*,*,#14682,.F.);
#14682 = EDGE_CURVE('',#14683,#14683,#14685,.T.);
#14683 = VERTEX_POINT('',#14684);
#14684 = CARTESIAN_POINT('',(412.491785,-171.410008,1.51));
#14685 = CIRCLE('',#14686,1.190626);
#14686 = AXIS2_PLACEMENT_3D('',#14687,#14688,#14689);
#14687 = CARTESIAN_POINT('',(411.301159,-171.410008,1.51));
#14688 = DIRECTION('',(0.,0.,1.));
#14689 = DIRECTION('',(1.,0.,0.));
#14690 = FACE_BOUND('',#14691,.T.);
#14691 = EDGE_LOOP('',(#14692));
#14692 = ORIENTED_EDGE('',*,*,#14693,.T.);
#14693 = EDGE_CURVE('',#14694,#14694,#14696,.T.);
#14694 = VERTEX_POINT('',#14695);
#14695 = CARTESIAN_POINT('',(417.7975,-171.865,1.51));
#14696 = CIRCLE('',#14697,0.5);
#14697 = AXIS2_PLACEMENT_3D('',#14698,#14699,#14700);
#14698 = CARTESIAN_POINT('',(417.7975,-171.365,1.51));
#14699 = DIRECTION('',(-0.,0.,-1.));
#14700 = DIRECTION('',(-0.,-1.,0.));
#14701 = FACE_BOUND('',#14702,.T.);
#14702 = EDGE_LOOP('',(#14703));
#14703 = ORIENTED_EDGE('',*,*,#14704,.T.);
#14704 = EDGE_CURVE('',#14705,#14705,#14707,.T.);
#14705 = VERTEX_POINT('',#14706);
#14706 = CARTESIAN_POINT('',(417.7975,-169.325,1.51));
#14707 = CIRCLE('',#14708,0.5);
#14708 = AXIS2_PLACEMENT_3D('',#14709,#14710,#14711);
#14709 = CARTESIAN_POINT('',(417.7975,-168.825,1.51));
#14710 = DIRECTION('',(-0.,0.,-1.));
#14711 = DIRECTION('',(-0.,-1.,0.));
#14712 = FACE_BOUND('',#14713,.T.);
#14713 = EDGE_LOOP('',(#14714));
#14714 = ORIENTED_EDGE('',*,*,#14715,.T.);
#14715 = EDGE_CURVE('',#14716,#14716,#14718,.T.);
#14716 = VERTEX_POINT('',#14717);
#14717 = CARTESIAN_POINT('',(417.7975,-166.785,1.51));
#14718 = CIRCLE('',#14719,0.5);
#14719 = AXIS2_PLACEMENT_3D('',#14720,#14721,#14722);
#14720 = CARTESIAN_POINT('',(417.7975,-166.285,1.51));
#14721 = DIRECTION('',(-0.,0.,-1.));
#14722 = DIRECTION('',(-0.,-1.,0.));
#14723 = FACE_BOUND('',#14724,.T.);
#14724 = EDGE_LOOP('',(#14725));
#14725 = ORIENTED_EDGE('',*,*,#14726,.T.);
#14726 = EDGE_CURVE('',#14727,#14727,#14729,.T.);
#14727 = VERTEX_POINT('',#14728);
#14728 = CARTESIAN_POINT('',(417.7975,-164.245,1.51));
#14729 = CIRCLE('',#14730,0.5);
#14730 = AXIS2_PLACEMENT_3D('',#14731,#14732,#14733);
#14731 = CARTESIAN_POINT('',(417.7975,-163.745,1.51));
#14732 = DIRECTION('',(-0.,0.,-1.));
#14733 = DIRECTION('',(-0.,-1.,0.));
#14734 = FACE_BOUND('',#14735,.T.);
#14735 = EDGE_LOOP('',(#14736));
#14736 = ORIENTED_EDGE('',*,*,#14737,.T.);
#14737 = EDGE_CURVE('',#14738,#14738,#14740,.T.);
#14738 = VERTEX_POINT('',#14739);
#14739 = CARTESIAN_POINT('',(433.0375,-171.865,1.51));
#14740 = CIRCLE('',#14741,0.5);
#14741 = AXIS2_PLACEMENT_3D('',#14742,#14743,#14744);
#14742 = CARTESIAN_POINT('',(433.0375,-171.365,1.51));
#14743 = DIRECTION('',(-0.,0.,-1.));
#14744 = DIRECTION('',(-0.,-1.,0.));
#14745 = FACE_BOUND('',#14746,.T.);
#14746 = EDGE_LOOP('',(#14747));
#14747 = ORIENTED_EDGE('',*,*,#14748,.T.);
#14748 = EDGE_CURVE('',#14749,#14749,#14751,.T.);
#14749 = VERTEX_POINT('',#14750);
#14750 = CARTESIAN_POINT('',(433.0375,-169.325,1.51));
#14751 = CIRCLE('',#14752,0.5);
#14752 = AXIS2_PLACEMENT_3D('',#14753,#14754,#14755);
#14753 = CARTESIAN_POINT('',(433.0375,-168.825,1.51));
#14754 = DIRECTION('',(-0.,0.,-1.));
#14755 = DIRECTION('',(-0.,-1.,0.));
#14756 = FACE_BOUND('',#14757,.T.);
#14757 = EDGE_LOOP('',(#14758));
#14758 = ORIENTED_EDGE('',*,*,#14759,.T.);
#14759 = EDGE_CURVE('',#14760,#14760,#14762,.T.);
#14760 = VERTEX_POINT('',#14761);
#14761 = CARTESIAN_POINT('',(433.0375,-166.785,1.51));
#14762 = CIRCLE('',#14763,0.5);
#14763 = AXIS2_PLACEMENT_3D('',#14764,#14765,#14766);
#14764 = CARTESIAN_POINT('',(433.0375,-166.285,1.51));
#14765 = DIRECTION('',(-0.,0.,-1.));
#14766 = DIRECTION('',(-0.,-1.,0.));
#14767 = FACE_BOUND('',#14768,.T.);
#14768 = EDGE_LOOP('',(#14769));
#14769 = ORIENTED_EDGE('',*,*,#14770,.T.);
#14770 = EDGE_CURVE('',#14771,#14771,#14773,.T.);
#14771 = VERTEX_POINT('',#14772);
#14772 = CARTESIAN_POINT('',(433.0375,-164.245,1.51));
#14773 = CIRCLE('',#14774,0.5);
#14774 = AXIS2_PLACEMENT_3D('',#14775,#14776,#14777);
#14775 = CARTESIAN_POINT('',(433.0375,-163.745,1.51));
#14776 = DIRECTION('',(-0.,0.,-1.));
#14777 = DIRECTION('',(-0.,-1.,0.));
#14778 = FACE_BOUND('',#14779,.T.);
#14779 = EDGE_LOOP('',(#14780));
#14780 = ORIENTED_EDGE('',*,*,#14781,.T.);
#14781 = EDGE_CURVE('',#14782,#14782,#14784,.T.);
#14782 = VERTEX_POINT('',#14783);
#14783 = CARTESIAN_POINT('',(404.7525,-163.885,1.51));
#14784 = CIRCLE('',#14785,2.);
#14785 = AXIS2_PLACEMENT_3D('',#14786,#14787,#14788);
#14786 = CARTESIAN_POINT('',(404.7525,-161.885,1.51));
#14787 = DIRECTION('',(-0.,0.,-1.));
#14788 = DIRECTION('',(-0.,-1.,0.));
#14789 = FACE_BOUND('',#14790,.T.);
#14790 = EDGE_LOOP('',(#14791));
#14791 = ORIENTED_EDGE('',*,*,#14792,.T.);
#14792 = EDGE_CURVE('',#14793,#14793,#14795,.T.);
#14793 = VERTEX_POINT('',#14794);
#14794 = CARTESIAN_POINT('',(409.8325,-162.76,1.51));
#14795 = CIRCLE('',#14796,0.875);
#14796 = AXIS2_PLACEMENT_3D('',#14797,#14798,#14799);
#14797 = CARTESIAN_POINT('',(409.8325,-161.885,1.51));
#14798 = DIRECTION('',(-0.,0.,-1.));
#14799 = DIRECTION('',(-0.,-1.,0.));
#14800 = FACE_BOUND('',#14801,.T.);
#14801 = EDGE_LOOP('',(#14802));
#14802 = ORIENTED_EDGE('',*,*,#14803,.T.);
#14803 = EDGE_CURVE('',#14804,#14804,#14806,.T.);
#14804 = VERTEX_POINT('',#14805);
#14805 = CARTESIAN_POINT('',(417.7975,-161.705,1.51));
#14806 = CIRCLE('',#14807,0.5);
#14807 = AXIS2_PLACEMENT_3D('',#14808,#14809,#14810);
#14808 = CARTESIAN_POINT('',(417.7975,-161.205,1.51));
#14809 = DIRECTION('',(-0.,0.,-1.));
#14810 = DIRECTION('',(-0.,-1.,0.));
#14811 = FACE_BOUND('',#14812,.T.);
#14812 = EDGE_LOOP('',(#14813));
#14813 = ORIENTED_EDGE('',*,*,#14814,.T.);
#14814 = EDGE_CURVE('',#14815,#14815,#14817,.T.);
#14815 = VERTEX_POINT('',#14816);
#14816 = CARTESIAN_POINT('',(417.7975,-159.165,1.51));
#14817 = CIRCLE('',#14818,0.5);
#14818 = AXIS2_PLACEMENT_3D('',#14819,#14820,#14821);
#14819 = CARTESIAN_POINT('',(417.7975,-158.665,1.51));
#14820 = DIRECTION('',(-0.,0.,-1.));
#14821 = DIRECTION('',(-0.,-1.,0.));
#14822 = FACE_BOUND('',#14823,.T.);
#14823 = EDGE_LOOP('',(#14824));
#14824 = ORIENTED_EDGE('',*,*,#14825,.T.);
#14825 = EDGE_CURVE('',#14826,#14826,#14828,.T.);
#14826 = VERTEX_POINT('',#14827);
#14827 = CARTESIAN_POINT('',(407.2925,-157.555,1.51));
#14828 = CIRCLE('',#14829,0.75);
#14829 = AXIS2_PLACEMENT_3D('',#14830,#14831,#14832);
#14830 = CARTESIAN_POINT('',(407.2925,-156.805,1.51));
#14831 = DIRECTION('',(-0.,0.,-1.));
#14832 = DIRECTION('',(-0.,-1.,0.));
#14833 = FACE_BOUND('',#14834,.T.);
#14834 = EDGE_LOOP('',(#14835));
#14835 = ORIENTED_EDGE('',*,*,#14836,.T.);
#14836 = EDGE_CURVE('',#14837,#14837,#14839,.T.);
#14837 = VERTEX_POINT('',#14838);
#14838 = CARTESIAN_POINT('',(417.7975,-156.625,1.51));
#14839 = CIRCLE('',#14840,0.5);
#14840 = AXIS2_PLACEMENT_3D('',#14841,#14842,#14843);
#14841 = CARTESIAN_POINT('',(417.7975,-156.125,1.51));
#14842 = DIRECTION('',(-0.,0.,-1.));
#14843 = DIRECTION('',(-0.,-1.,0.));
#14844 = FACE_BOUND('',#14845,.T.);
#14845 = EDGE_LOOP('',(#14846));
#14846 = ORIENTED_EDGE('',*,*,#14847,.T.);
#14847 = EDGE_CURVE('',#14848,#14848,#14850,.T.);
#14848 = VERTEX_POINT('',#14849);
#14849 = CARTESIAN_POINT('',(417.7975,-154.085,1.51));
#14850 = CIRCLE('',#14851,0.5);
#14851 = AXIS2_PLACEMENT_3D('',#14852,#14853,#14854);
#14852 = CARTESIAN_POINT('',(417.7975,-153.585,1.51));
#14853 = DIRECTION('',(-0.,0.,-1.));
#14854 = DIRECTION('',(-0.,-1.,0.));
#14855 = FACE_BOUND('',#14856,.T.);
#14856 = EDGE_LOOP('',(#14857));
#14857 = ORIENTED_EDGE('',*,*,#14858,.T.);
#14858 = EDGE_CURVE('',#14859,#14859,#14861,.T.);
#14859 = VERTEX_POINT('',#14860);
#14860 = CARTESIAN_POINT('',(433.0375,-161.705,1.51));
#14861 = CIRCLE('',#14862,0.5);
#14862 = AXIS2_PLACEMENT_3D('',#14863,#14864,#14865);
#14863 = CARTESIAN_POINT('',(433.0375,-161.205,1.51));
#14864 = DIRECTION('',(-0.,0.,-1.));
#14865 = DIRECTION('',(-0.,-1.,0.));
#14866 = FACE_BOUND('',#14867,.T.);
#14867 = EDGE_LOOP('',(#14868));
#14868 = ORIENTED_EDGE('',*,*,#14869,.T.);
#14869 = EDGE_CURVE('',#14870,#14870,#14872,.T.);
#14870 = VERTEX_POINT('',#14871);
#14871 = CARTESIAN_POINT('',(433.0375,-159.165,1.51));
#14872 = CIRCLE('',#14873,0.5);
#14873 = AXIS2_PLACEMENT_3D('',#14874,#14875,#14876);
#14874 = CARTESIAN_POINT('',(433.0375,-158.665,1.51));
#14875 = DIRECTION('',(-0.,0.,-1.));
#14876 = DIRECTION('',(-0.,-1.,0.));
#14877 = FACE_BOUND('',#14878,.T.);
#14878 = EDGE_LOOP('',(#14879));
#14879 = ORIENTED_EDGE('',*,*,#14880,.T.);
#14880 = EDGE_CURVE('',#14881,#14881,#14883,.T.);
#14881 = VERTEX_POINT('',#14882);
#14882 = CARTESIAN_POINT('',(433.0375,-156.625,1.51));
#14883 = CIRCLE('',#14884,0.5);
#14884 = AXIS2_PLACEMENT_3D('',#14885,#14886,#14887);
#14885 = CARTESIAN_POINT('',(433.0375,-156.125,1.51));
#14886 = DIRECTION('',(-0.,0.,-1.));
#14887 = DIRECTION('',(-0.,-1.,0.));
#14888 = FACE_BOUND('',#14889,.T.);
#14889 = EDGE_LOOP('',(#14890));
#14890 = ORIENTED_EDGE('',*,*,#14891,.T.);
#14891 = EDGE_CURVE('',#14892,#14892,#14894,.T.);
#14892 = VERTEX_POINT('',#14893);
#14893 = CARTESIAN_POINT('',(433.0375,-154.085,1.51));
#14894 = CIRCLE('',#14895,0.5);
#14895 = AXIS2_PLACEMENT_3D('',#14896,#14897,#14898);
#14896 = CARTESIAN_POINT('',(433.0375,-153.585,1.51));
#14897 = DIRECTION('',(-0.,0.,-1.));
#14898 = DIRECTION('',(-0.,-1.,0.));
#14899 = FACE_BOUND('',#14900,.T.);
#14900 = EDGE_LOOP('',(#14901));
#14901 = ORIENTED_EDGE('',*,*,#14902,.F.);
#14902 = EDGE_CURVE('',#14903,#14903,#14905,.T.);
#14903 = VERTEX_POINT('',#14904);
#14904 = CARTESIAN_POINT('',(441.066809,-155.336557,1.51));
#14905 = CIRCLE('',#14906,1.190626);
#14906 = AXIS2_PLACEMENT_3D('',#14907,#14908,#14909);
#14907 = CARTESIAN_POINT('',(439.876183,-155.336557,1.51));
#14908 = DIRECTION('',(0.,0.,1.));
#14909 = DIRECTION('',(1.,0.,0.));
#14910 = PLANE('',#14911);
#14911 = AXIS2_PLACEMENT_3D('',#14912,#14913,#14914);
#14912 = CARTESIAN_POINT('',(0.,0.,1.51));
#14913 = DIRECTION('',(0.,0.,1.));
#14914 = DIRECTION('',(1.,0.,-0.));
#14915 = ADVANCED_FACE('',(#14916),#14927,.T.);
#14916 = FACE_BOUND('',#14917,.T.);
#14917 = EDGE_LOOP('',(#14918,#14924,#14925,#14926));
#14918 = ORIENTED_EDGE('',*,*,#14919,.T.);
#14919 = EDGE_CURVE('',#9476,#12199,#14920,.T.);
#14920 = LINE('',#14921,#14922);
#14921 = CARTESIAN_POINT('',(295.215,-152.764679,0.));
#14922 = VECTOR('',#14923,1.);
#14923 = DIRECTION('',(0.,0.,1.));
#14924 = ORIENTED_EDGE('',*,*,#12198,.T.);
#14925 = ORIENTED_EDGE('',*,*,#9411,.F.);
#14926 = ORIENTED_EDGE('',*,*,#9475,.F.);
#14927 = CYLINDRICAL_SURFACE('',#14928,0.999999252925);
#14928 = AXIS2_PLACEMENT_3D('',#14929,#14930,#14931);
#14929 = CARTESIAN_POINT('',(296.21499925292,-152.7646782529,0.));
#14930 = DIRECTION('',(0.,0.,-1.));
#14931 = DIRECTION('',(-1.,-7.470756781104E-07,-0.));
#14932 = ADVANCED_FACE('',(#14933),#14944,.T.);
#14933 = FACE_BOUND('',#14934,.T.);
#14934 = EDGE_LOOP('',(#14935,#14936,#14937,#14943));
#14935 = ORIENTED_EDGE('',*,*,#9451,.T.);
#14936 = ORIENTED_EDGE('',*,*,#12367,.T.);
#14937 = ORIENTED_EDGE('',*,*,#14938,.F.);
#14938 = EDGE_CURVE('',#9637,#12360,#14939,.T.);
#14939 = LINE('',#14940,#14941);
#14940 = CARTESIAN_POINT('',(442.8525,-227.56,0.));
#14941 = VECTOR('',#14942,1.);
#14942 = DIRECTION('',(0.,0.,1.));
#14943 = ORIENTED_EDGE('',*,*,#9644,.F.);
#14944 = PLANE('',#14945);
#14945 = AXIS2_PLACEMENT_3D('',#14946,#14947,#14948);
#14946 = CARTESIAN_POINT('',(442.8525,-153.36,0.));
#14947 = DIRECTION('',(1.,0.,-0.));
#14948 = DIRECTION('',(0.,-1.,0.));
#14949 = ADVANCED_FACE('',(#14950),#14961,.T.);
#14950 = FACE_BOUND('',#14951,.T.);
#14951 = EDGE_LOOP('',(#14952,#14958,#14959,#14960));
#14952 = ORIENTED_EDGE('',*,*,#14953,.T.);
#14953 = EDGE_CURVE('',#9485,#12208,#14954,.T.);
#14954 = LINE('',#14955,#14956);
#14955 = CARTESIAN_POINT('',(295.215,-153.36,0.));
#14956 = VECTOR('',#14957,1.);
#14957 = DIRECTION('',(0.,0.,1.));
#14958 = ORIENTED_EDGE('',*,*,#12207,.T.);
#14959 = ORIENTED_EDGE('',*,*,#14919,.F.);
#14960 = ORIENTED_EDGE('',*,*,#9484,.F.);
#14961 = PLANE('',#14962);
#14962 = AXIS2_PLACEMENT_3D('',#14963,#14964,#14965);
#14963 = CARTESIAN_POINT('',(295.215,-153.36,0.));
#14964 = DIRECTION('',(-1.,0.,0.));
#14965 = DIRECTION('',(0.,1.,0.));
#14966 = ADVANCED_FACE('',(#14967),#14978,.T.);
#14967 = FACE_BOUND('',#14968,.T.);
#14968 = EDGE_LOOP('',(#14969,#14970,#14971,#14977));
#14969 = ORIENTED_EDGE('',*,*,#14938,.T.);
#14970 = ORIENTED_EDGE('',*,*,#12359,.T.);
#14971 = ORIENTED_EDGE('',*,*,#14972,.F.);
#14972 = EDGE_CURVE('',#9628,#12351,#14973,.T.);
#14973 = LINE('',#14974,#14975);
#14974 = CARTESIAN_POINT('',(442.8525,-230.585,0.));
#14975 = VECTOR('',#14976,1.);
#14976 = DIRECTION('',(0.,0.,1.));
#14977 = ORIENTED_EDGE('',*,*,#9636,.F.);
#14978 = PLANE('',#14979);
#14979 = AXIS2_PLACEMENT_3D('',#14980,#14981,#14982);
#14980 = CARTESIAN_POINT('',(442.8525,-227.56,0.));
#14981 = DIRECTION('',(1.,0.,-0.));
#14982 = DIRECTION('',(0.,-1.,0.));
#14983 = ADVANCED_FACE('',(#14984),#14995,.T.);
#14984 = FACE_BOUND('',#14985,.T.);
#14985 = EDGE_LOOP('',(#14986,#14992,#14993,#14994));
#14986 = ORIENTED_EDGE('',*,*,#14987,.T.);
#14987 = EDGE_CURVE('',#9493,#12216,#14988,.T.);
#14988 = LINE('',#14989,#14990);
#14989 = CARTESIAN_POINT('',(295.215,-170.41,0.));
#14990 = VECTOR('',#14991,1.);
#14991 = DIRECTION('',(0.,0.,1.));
#14992 = ORIENTED_EDGE('',*,*,#12215,.T.);
#14993 = ORIENTED_EDGE('',*,*,#14953,.F.);
#14994 = ORIENTED_EDGE('',*,*,#9492,.F.);
#14995 = PLANE('',#14996);
#14996 = AXIS2_PLACEMENT_3D('',#14997,#14998,#14999);
#14997 = CARTESIAN_POINT('',(295.215,-170.41,0.));
#14998 = DIRECTION('',(-1.,0.,0.));
#14999 = DIRECTION('',(0.,1.,0.));
#15000 = ADVANCED_FACE('',(#15001),#15012,.T.);
#15001 = FACE_BOUND('',#15002,.T.);
#15002 = EDGE_LOOP('',(#15003,#15004,#15005,#15011));
#15003 = ORIENTED_EDGE('',*,*,#14972,.T.);
#15004 = ORIENTED_EDGE('',*,*,#12350,.T.);
#15005 = ORIENTED_EDGE('',*,*,#15006,.F.);
#15006 = EDGE_CURVE('',#9620,#12343,#15007,.T.);
#15007 = LINE('',#15008,#15009);
#15008 = CARTESIAN_POINT('',(441.8525,-231.585,0.));
#15009 = VECTOR('',#15010,1.);
#15010 = DIRECTION('',(0.,0.,1.));
#15011 = ORIENTED_EDGE('',*,*,#9627,.F.);
#15012 = CYLINDRICAL_SURFACE('',#15013,0.999999252925);
#15013 = AXIS2_PLACEMENT_3D('',#15014,#15015,#15016);
#15014 = CARTESIAN_POINT('',(441.85250074707,-230.585000747,0.));
#15015 = DIRECTION('',(0.,0.,-1.));
#15016 = DIRECTION('',(1.,7.470757349539E-07,0.));
#15017 = ADVANCED_FACE('',(#15018),#15029,.F.);
#15018 = FACE_BOUND('',#15019,.T.);
#15019 = EDGE_LOOP('',(#15020,#15026,#15027,#15028));
#15020 = ORIENTED_EDGE('',*,*,#15021,.T.);
#15021 = EDGE_CURVE('',#9501,#12224,#15022,.T.);
#15022 = LINE('',#15023,#15024);
#15023 = CARTESIAN_POINT('',(294.215,-171.41,0.));
#15024 = VECTOR('',#15025,1.);
#15025 = DIRECTION('',(0.,0.,1.));
#15026 = ORIENTED_EDGE('',*,*,#12223,.T.);
#15027 = ORIENTED_EDGE('',*,*,#14987,.F.);
#15028 = ORIENTED_EDGE('',*,*,#9500,.F.);
#15029 = CYLINDRICAL_SURFACE('',#15030,0.999999252925);
#15030 = AXIS2_PLACEMENT_3D('',#15031,#15032,#15033);
#15031 = CARTESIAN_POINT('',(294.21500074707,-170.410000747,0.));
#15032 = DIRECTION('',(-0.,-0.,-1.));
#15033 = DIRECTION('',(-7.470758202191E-07,-1.,0.));
#15034 = ADVANCED_FACE('',(#15035),#15046,.T.);
#15035 = FACE_BOUND('',#15036,.T.);
#15036 = EDGE_LOOP('',(#15037,#15038,#15039,#15045));
#15037 = ORIENTED_EDGE('',*,*,#15006,.T.);
#15038 = ORIENTED_EDGE('',*,*,#12342,.T.);
#15039 = ORIENTED_EDGE('',*,*,#15040,.F.);
#15040 = EDGE_CURVE('',#9611,#12334,#15041,.T.);
#15041 = LINE('',#15042,#15043);
#15042 = CARTESIAN_POINT('',(281.9275,-231.585,0.));
#15043 = VECTOR('',#15044,1.);
#15044 = DIRECTION('',(0.,0.,1.));
#15045 = ORIENTED_EDGE('',*,*,#9619,.F.);
#15046 = PLANE('',#15047);
#15047 = AXIS2_PLACEMENT_3D('',#15048,#15049,#15050);
#15048 = CARTESIAN_POINT('',(441.8525,-231.585,0.));
#15049 = DIRECTION('',(0.,-1.,0.));
#15050 = DIRECTION('',(-1.,0.,0.));
#15051 = ADVANCED_FACE('',(#15052),#15063,.T.);
#15052 = FACE_BOUND('',#15053,.T.);
#15053 = EDGE_LOOP('',(#15054,#15060,#15061,#15062));
#15054 = ORIENTED_EDGE('',*,*,#15055,.T.);
#15055 = EDGE_CURVE('',#9510,#12233,#15056,.T.);
#15056 = LINE('',#15057,#15058);
#15057 = CARTESIAN_POINT('',(281.9275,-171.41,0.));
#15058 = VECTOR('',#15059,1.);
#15059 = DIRECTION('',(0.,0.,1.));
#15060 = ORIENTED_EDGE('',*,*,#12232,.T.);
#15061 = ORIENTED_EDGE('',*,*,#15021,.F.);
#15062 = ORIENTED_EDGE('',*,*,#9509,.F.);
#15063 = PLANE('',#15064);
#15064 = AXIS2_PLACEMENT_3D('',#15065,#15066,#15067);
#15065 = CARTESIAN_POINT('',(281.9275,-171.41,0.));
#15066 = DIRECTION('',(0.,1.,0.));
#15067 = DIRECTION('',(1.,0.,0.));
#15068 = ADVANCED_FACE('',(#15069),#15080,.T.);
#15069 = FACE_BOUND('',#15070,.T.);
#15070 = EDGE_LOOP('',(#15071,#15072,#15073,#15079));
#15071 = ORIENTED_EDGE('',*,*,#15040,.T.);
#15072 = ORIENTED_EDGE('',*,*,#12333,.T.);
#15073 = ORIENTED_EDGE('',*,*,#15074,.F.);
#15074 = EDGE_CURVE('',#9603,#12326,#15075,.T.);
#15075 = LINE('',#15076,#15077);
#15076 = CARTESIAN_POINT('',(280.9275,-230.585,0.));
#15077 = VECTOR('',#15078,1.);
#15078 = DIRECTION('',(0.,0.,1.));
#15079 = ORIENTED_EDGE('',*,*,#9610,.F.);
#15080 = CYLINDRICAL_SURFACE('',#15081,0.999999252925);
#15081 = AXIS2_PLACEMENT_3D('',#15082,#15083,#15084);
#15082 = CARTESIAN_POINT('',(281.92749925292,-230.585000747,0.));
#15083 = DIRECTION('',(0.,0.,-1.));
#15084 = DIRECTION('',(7.470757065322E-07,-1.,0.));
#15085 = ADVANCED_FACE('',(#15086),#15097,.T.);
#15086 = FACE_BOUND('',#15087,.T.);
#15087 = EDGE_LOOP('',(#15088,#15094,#15095,#15096));
#15088 = ORIENTED_EDGE('',*,*,#15089,.T.);
#15089 = EDGE_CURVE('',#9518,#12241,#15090,.T.);
#15090 = LINE('',#15091,#15092);
#15091 = CARTESIAN_POINT('',(280.9275,-172.41,0.));
#15092 = VECTOR('',#15093,1.);
#15093 = DIRECTION('',(0.,0.,1.));
#15094 = ORIENTED_EDGE('',*,*,#12240,.T.);
#15095 = ORIENTED_EDGE('',*,*,#15055,.F.);
#15096 = ORIENTED_EDGE('',*,*,#9517,.F.);
#15097 = CYLINDRICAL_SURFACE('',#15098,0.999999252925);
#15098 = AXIS2_PLACEMENT_3D('',#15099,#15100,#15101);
#15099 = CARTESIAN_POINT('',(281.92749925292,-172.4099992529,0.));
#15100 = DIRECTION('',(0.,0.,-1.));
#15101 = DIRECTION('',(-1.,-7.470757633756E-07,-0.));
#15102 = ADVANCED_FACE('',(#15103),#15114,.T.);
#15103 = FACE_BOUND('',#15104,.T.);
#15104 = EDGE_LOOP('',(#15105,#15106,#15107,#15113));
#15105 = ORIENTED_EDGE('',*,*,#15074,.T.);
#15106 = ORIENTED_EDGE('',*,*,#12325,.T.);
#15107 = ORIENTED_EDGE('',*,*,#15108,.F.);
#15108 = EDGE_CURVE('',#9595,#12318,#15109,.T.);
#15109 = LINE('',#15110,#15111);
#15110 = CARTESIAN_POINT('',(280.9275,-227.56,0.));
#15111 = VECTOR('',#15112,1.);
#15112 = DIRECTION('',(0.,0.,1.));
#15113 = ORIENTED_EDGE('',*,*,#9602,.F.);
#15114 = PLANE('',#15115);
#15115 = AXIS2_PLACEMENT_3D('',#15116,#15117,#15118);
#15116 = CARTESIAN_POINT('',(280.9275,-230.585,0.));
#15117 = DIRECTION('',(-1.,0.,0.));
#15118 = DIRECTION('',(0.,1.,0.));
#15119 = ADVANCED_FACE('',(#15120),#15131,.T.);
#15120 = FACE_BOUND('',#15121,.T.);
#15121 = EDGE_LOOP('',(#15122,#15128,#15129,#15130));
#15122 = ORIENTED_EDGE('',*,*,#15123,.T.);
#15123 = EDGE_CURVE('',#9527,#12250,#15124,.T.);
#15124 = LINE('',#15125,#15126);
#15125 = CARTESIAN_POINT('',(280.9275,-189.46,0.));
#15126 = VECTOR('',#15127,1.);
#15127 = DIRECTION('',(0.,0.,1.));
#15128 = ORIENTED_EDGE('',*,*,#12249,.T.);
#15129 = ORIENTED_EDGE('',*,*,#15089,.F.);
#15130 = ORIENTED_EDGE('',*,*,#9526,.F.);
#15131 = PLANE('',#15132);
#15132 = AXIS2_PLACEMENT_3D('',#15133,#15134,#15135);
#15133 = CARTESIAN_POINT('',(280.9275,-189.46,0.));
#15134 = DIRECTION('',(-1.,0.,0.));
#15135 = DIRECTION('',(0.,1.,0.));
#15136 = ADVANCED_FACE('',(#15137),#15148,.T.);
#15137 = FACE_BOUND('',#15138,.T.);
#15138 = EDGE_LOOP('',(#15139,#15140,#15141,#15147));
#15139 = ORIENTED_EDGE('',*,*,#15108,.T.);
#15140 = ORIENTED_EDGE('',*,*,#12317,.T.);
#15141 = ORIENTED_EDGE('',*,*,#15142,.F.);
#15142 = EDGE_CURVE('',#9586,#12309,#15143,.T.);
#15143 = LINE('',#15144,#15145);
#15144 = CARTESIAN_POINT('',(280.9275,-210.51,0.));
#15145 = VECTOR('',#15146,1.);
#15146 = DIRECTION('',(0.,0.,1.));
#15147 = ORIENTED_EDGE('',*,*,#9594,.F.);
#15148 = PLANE('',#15149);
#15149 = AXIS2_PLACEMENT_3D('',#15150,#15151,#15152);
#15150 = CARTESIAN_POINT('',(280.9275,-227.56,0.));
#15151 = DIRECTION('',(-1.,0.,0.));
#15152 = DIRECTION('',(0.,1.,0.));
#15153 = ADVANCED_FACE('',(#15154),#15165,.T.);
#15154 = FACE_BOUND('',#15155,.T.);
#15155 = EDGE_LOOP('',(#15156,#15162,#15163,#15164));
#15156 = ORIENTED_EDGE('',*,*,#15157,.T.);
#15157 = EDGE_CURVE('',#9535,#12258,#15158,.T.);
#15158 = LINE('',#15159,#15160);
#15159 = CARTESIAN_POINT('',(281.9275,-190.46,0.));
#15160 = VECTOR('',#15161,1.);
#15161 = DIRECTION('',(0.,0.,1.));
#15162 = ORIENTED_EDGE('',*,*,#12257,.T.);
#15163 = ORIENTED_EDGE('',*,*,#15123,.F.);
#15164 = ORIENTED_EDGE('',*,*,#9534,.F.);
#15165 = CYLINDRICAL_SURFACE('',#15166,0.999999252925);
#15166 = AXIS2_PLACEMENT_3D('',#15167,#15168,#15169);
#15167 = CARTESIAN_POINT('',(281.92749925292,-189.460000747,0.));
#15168 = DIRECTION('',(0.,0.,-1.));
#15169 = DIRECTION('',(7.470757065322E-07,-1.,0.));
#15170 = ADVANCED_FACE('',(#15171),#15182,.T.);
#15171 = FACE_BOUND('',#15172,.T.);
#15172 = EDGE_LOOP('',(#15173,#15174,#15175,#15181));
#15173 = ORIENTED_EDGE('',*,*,#15142,.T.);
#15174 = ORIENTED_EDGE('',*,*,#12308,.T.);
#15175 = ORIENTED_EDGE('',*,*,#15176,.F.);
#15176 = EDGE_CURVE('',#9578,#12301,#15177,.T.);
#15177 = LINE('',#15178,#15179);
#15178 = CARTESIAN_POINT('',(281.9275,-209.51,0.));
#15179 = VECTOR('',#15180,1.);
#15180 = DIRECTION('',(0.,0.,1.));
#15181 = ORIENTED_EDGE('',*,*,#9585,.F.);
#15182 = CYLINDRICAL_SURFACE('',#15183,0.999999252925);
#15183 = AXIS2_PLACEMENT_3D('',#15184,#15185,#15186);
#15184 = CARTESIAN_POINT('',(281.92749925292,-210.5099992529,0.));
#15185 = DIRECTION('',(0.,0.,-1.));
#15186 = DIRECTION('',(-1.,-7.470757065321E-07,-0.));
#15187 = ADVANCED_FACE('',(#15188),#15199,.T.);
#15188 = FACE_BOUND('',#15189,.T.);
#15189 = EDGE_LOOP('',(#15190,#15196,#15197,#15198));
#15190 = ORIENTED_EDGE('',*,*,#15191,.T.);
#15191 = EDGE_CURVE('',#9544,#12267,#15192,.T.);
#15192 = LINE('',#15193,#15194);
#15193 = CARTESIAN_POINT('',(289.4525,-190.46,0.));
#15194 = VECTOR('',#15195,1.);
#15195 = DIRECTION('',(0.,0.,1.));
#15196 = ORIENTED_EDGE('',*,*,#12266,.T.);
#15197 = ORIENTED_EDGE('',*,*,#15157,.F.);
#15198 = ORIENTED_EDGE('',*,*,#9543,.F.);
#15199 = PLANE('',#15200);
#15200 = AXIS2_PLACEMENT_3D('',#15201,#15202,#15203);
#15201 = CARTESIAN_POINT('',(289.4525,-190.46,0.));
#15202 = DIRECTION('',(0.,-1.,0.));
#15203 = DIRECTION('',(-1.,0.,0.));
#15204 = ADVANCED_FACE('',(#15205),#15216,.T.);
#15205 = FACE_BOUND('',#15206,.T.);
#15206 = EDGE_LOOP('',(#15207,#15208,#15209,#15215));
#15207 = ORIENTED_EDGE('',*,*,#15176,.T.);
#15208 = ORIENTED_EDGE('',*,*,#12300,.T.);
#15209 = ORIENTED_EDGE('',*,*,#15210,.F.);
#15210 = EDGE_CURVE('',#9569,#12292,#15211,.T.);
#15211 = LINE('',#15212,#15213);
#15212 = CARTESIAN_POINT('',(289.4525,-209.51,0.));
#15213 = VECTOR('',#15214,1.);
#15214 = DIRECTION('',(0.,0.,1.));
#15215 = ORIENTED_EDGE('',*,*,#9577,.F.);
#15216 = PLANE('',#15217);
#15217 = AXIS2_PLACEMENT_3D('',#15218,#15219,#15220);
#15218 = CARTESIAN_POINT('',(281.9275,-209.51,0.));
#15219 = DIRECTION('',(0.,1.,0.));
#15220 = DIRECTION('',(1.,0.,0.));
#15221 = ADVANCED_FACE('',(#15222),#15233,.F.);
#15222 = FACE_BOUND('',#15223,.T.);
#15223 = EDGE_LOOP('',(#15224,#15230,#15231,#15232));
#15224 = ORIENTED_EDGE('',*,*,#15225,.T.);
#15225 = EDGE_CURVE('',#9552,#12275,#15226,.T.);
#15226 = LINE('',#15227,#15228);
#15227 = CARTESIAN_POINT('',(290.4525,-191.46,0.));
#15228 = VECTOR('',#15229,1.);
#15229 = DIRECTION('',(0.,0.,1.));
#15230 = ORIENTED_EDGE('',*,*,#12274,.T.);
#15231 = ORIENTED_EDGE('',*,*,#15191,.F.);
#15232 = ORIENTED_EDGE('',*,*,#9551,.F.);
#15233 = CYLINDRICAL_SURFACE('',#15234,0.999999252925);
#15234 = AXIS2_PLACEMENT_3D('',#15235,#15236,#15237);
#15235 = CARTESIAN_POINT('',(289.45250074707,-191.4599992529,0.));
#15236 = DIRECTION('',(-0.,-0.,-1.));
#15237 = DIRECTION('',(1.,-7.470757633756E-07,0.));
#15238 = ADVANCED_FACE('',(#15239),#15250,.F.);
#15239 = FACE_BOUND('',#15240,.T.);
#15240 = EDGE_LOOP('',(#15241,#15242,#15243,#15249));
#15241 = ORIENTED_EDGE('',*,*,#15210,.T.);
#15242 = ORIENTED_EDGE('',*,*,#12291,.T.);
#15243 = ORIENTED_EDGE('',*,*,#15244,.F.);
#15244 = EDGE_CURVE('',#9561,#12284,#15245,.T.);
#15245 = LINE('',#15246,#15247);
#15246 = CARTESIAN_POINT('',(290.4525,-208.51,0.));
#15247 = VECTOR('',#15248,1.);
#15248 = DIRECTION('',(0.,0.,1.));
#15249 = ORIENTED_EDGE('',*,*,#9568,.F.);
#15250 = CYLINDRICAL_SURFACE('',#15251,0.999999252925);
#15251 = AXIS2_PLACEMENT_3D('',#15252,#15253,#15254);
#15252 = CARTESIAN_POINT('',(289.45250074707,-208.510000747,0.));
#15253 = DIRECTION('',(-0.,-0.,-1.));
#15254 = DIRECTION('',(-7.470757633756E-07,-1.,0.));
#15255 = ADVANCED_FACE('',(#15256),#15262,.T.);
#15256 = FACE_BOUND('',#15257,.T.);
#15257 = EDGE_LOOP('',(#15258,#15259,#15260,#15261));
#15258 = ORIENTED_EDGE('',*,*,#15244,.T.);
#15259 = ORIENTED_EDGE('',*,*,#12283,.T.);
#15260 = ORIENTED_EDGE('',*,*,#15225,.F.);
#15261 = ORIENTED_EDGE('',*,*,#9560,.F.);
#15262 = PLANE('',#15263);
#15263 = AXIS2_PLACEMENT_3D('',#15264,#15265,#15266);
#15264 = CARTESIAN_POINT('',(290.4525,-208.51,0.));
#15265 = DIRECTION('',(-1.,0.,0.));
#15266 = DIRECTION('',(0.,1.,0.));
#15267 = ADVANCED_FACE('',(#15268),#15279,.F.);
#15268 = FACE_BOUND('',#15269,.T.);
#15269 = EDGE_LOOP('',(#15270,#15276,#15277,#15278));
#15270 = ORIENTED_EDGE('',*,*,#15271,.T.);
#15271 = EDGE_CURVE('',#9654,#12377,#15272,.T.);
#15272 = LINE('',#15273,#15274);
#15273 = CARTESIAN_POINT('',(285.094803,-228.560056,0.));
#15274 = VECTOR('',#15275,1.);
#15275 = DIRECTION('',(0.,0.,1.));
#15276 = ORIENTED_EDGE('',*,*,#12376,.T.);
#15277 = ORIENTED_EDGE('',*,*,#15271,.F.);
#15278 = ORIENTED_EDGE('',*,*,#9653,.F.);
#15279 = CYLINDRICAL_SURFACE('',#15280,1.190626);
#15280 = AXIS2_PLACEMENT_3D('',#15281,#15282,#15283);
#15281 = CARTESIAN_POINT('',(283.904177,-228.560056,0.));
#15282 = DIRECTION('',(-0.,-0.,-1.));
#15283 = DIRECTION('',(1.,0.,0.));
#15284 = ADVANCED_FACE('',(#15285),#15296,.F.);
#15285 = FACE_BOUND('',#15286,.T.);
#15286 = EDGE_LOOP('',(#15287,#15288,#15294,#15295));
#15287 = ORIENTED_EDGE('',*,*,#9664,.T.);
#15288 = ORIENTED_EDGE('',*,*,#15289,.T.);
#15289 = EDGE_CURVE('',#9665,#12388,#15290,.T.);
#15290 = LINE('',#15291,#15292);
#15291 = CARTESIAN_POINT('',(287.9125,-224.865,-4.6E-02));
#15292 = VECTOR('',#15293,1.);
#15293 = DIRECTION('',(0.,0.,1.));
#15294 = ORIENTED_EDGE('',*,*,#12387,.F.);
#15295 = ORIENTED_EDGE('',*,*,#15289,.F.);
#15296 = CYLINDRICAL_SURFACE('',#15297,0.75);
#15297 = AXIS2_PLACEMENT_3D('',#15298,#15299,#15300);
#15298 = CARTESIAN_POINT('',(287.9125,-224.115,-4.6E-02));
#15299 = DIRECTION('',(-0.,-0.,-1.));
#15300 = DIRECTION('',(-0.,-1.,0.));
#15301 = ADVANCED_FACE('',(#15302),#15318,.F.);
#15302 = FACE_BOUND('',#15303,.T.);
#15303 = EDGE_LOOP('',(#15304,#15305,#15311,#15312));
#15304 = ORIENTED_EDGE('',*,*,#9675,.T.);
#15305 = ORIENTED_EDGE('',*,*,#15306,.T.);
#15306 = EDGE_CURVE('',#9678,#12401,#15307,.T.);
#15307 = LINE('',#15308,#15309);
#15308 = CARTESIAN_POINT('',(291.1025,-225.385,-4.6E-02));
#15309 = VECTOR('',#15310,1.);
#15310 = DIRECTION('',(0.,0.,1.));
#15311 = ORIENTED_EDGE('',*,*,#12398,.F.);
#15312 = ORIENTED_EDGE('',*,*,#15313,.F.);
#15313 = EDGE_CURVE('',#9676,#12399,#15314,.T.);
#15314 = LINE('',#15315,#15316);
#15315 = CARTESIAN_POINT('',(291.1025,-223.885,-4.6E-02));
#15316 = VECTOR('',#15317,1.);
#15317 = DIRECTION('',(0.,0.,1.));
#15318 = CYLINDRICAL_SURFACE('',#15319,0.75);
#15319 = AXIS2_PLACEMENT_3D('',#15320,#15321,#15322);
#15320 = CARTESIAN_POINT('',(291.1025,-224.635,-4.6E-02));
#15321 = DIRECTION('',(-0.,-0.,-1.));
#15322 = DIRECTION('',(-0.,-1.,0.));
#15323 = ADVANCED_FACE('',(#15324),#15335,.T.);
#15324 = FACE_BOUND('',#15325,.T.);
#15325 = EDGE_LOOP('',(#15326,#15327,#15328,#15329));
#15326 = ORIENTED_EDGE('',*,*,#9703,.T.);
#15327 = ORIENTED_EDGE('',*,*,#15313,.T.);
#15328 = ORIENTED_EDGE('',*,*,#12426,.F.);
#15329 = ORIENTED_EDGE('',*,*,#15330,.F.);
#15330 = EDGE_CURVE('',#9695,#12418,#15331,.T.);
#15331 = LINE('',#15332,#15333);
#15332 = CARTESIAN_POINT('',(289.8025,-223.885,-4.6E-02));
#15333 = VECTOR('',#15334,1.);
#15334 = DIRECTION('',(0.,0.,1.));
#15335 = PLANE('',#15336);
#15336 = AXIS2_PLACEMENT_3D('',#15337,#15338,#15339);
#15337 = CARTESIAN_POINT('',(291.1025,-223.885,-4.6E-02));
#15338 = DIRECTION('',(0.,-1.,0.));
#15339 = DIRECTION('',(-1.,0.,0.));
#15340 = ADVANCED_FACE('',(#15341),#15352,.F.);
#15341 = FACE_BOUND('',#15342,.T.);
#15342 = EDGE_LOOP('',(#15343,#15344,#15345,#15346));
#15343 = ORIENTED_EDGE('',*,*,#9694,.T.);
#15344 = ORIENTED_EDGE('',*,*,#15330,.T.);
#15345 = ORIENTED_EDGE('',*,*,#12417,.F.);
#15346 = ORIENTED_EDGE('',*,*,#15347,.F.);
#15347 = EDGE_CURVE('',#9687,#12410,#15348,.T.);
#15348 = LINE('',#15349,#15350);
#15349 = CARTESIAN_POINT('',(289.8025,-225.385,-4.6E-02));
#15350 = VECTOR('',#15351,1.);
#15351 = DIRECTION('',(0.,0.,1.));
#15352 = CYLINDRICAL_SURFACE('',#15353,0.75);
#15353 = AXIS2_PLACEMENT_3D('',#15354,#15355,#15356);
#15354 = CARTESIAN_POINT('',(289.8025,-224.635,-4.6E-02));
#15355 = DIRECTION('',(-0.,0.,-1.));
#15356 = DIRECTION('',(0.,1.,0.));
#15357 = ADVANCED_FACE('',(#15358),#15364,.T.);
#15358 = FACE_BOUND('',#15359,.T.);
#15359 = EDGE_LOOP('',(#15360,#15361,#15362,#15363));
#15360 = ORIENTED_EDGE('',*,*,#9686,.T.);
#15361 = ORIENTED_EDGE('',*,*,#15347,.T.);
#15362 = ORIENTED_EDGE('',*,*,#12409,.F.);
#15363 = ORIENTED_EDGE('',*,*,#15306,.F.);
#15364 = PLANE('',#15365);
#15365 = AXIS2_PLACEMENT_3D('',#15366,#15367,#15368);
#15366 = CARTESIAN_POINT('',(289.8025,-225.385,-4.6E-02));
#15367 = DIRECTION('',(0.,1.,0.));
#15368 = DIRECTION('',(1.,0.,0.));
#15369 = ADVANCED_FACE('',(#15370),#15381,.F.);
#15370 = FACE_BOUND('',#15371,.T.);
#15371 = EDGE_LOOP('',(#15372,#15373,#15379,#15380));
#15372 = ORIENTED_EDGE('',*,*,#9711,.T.);
#15373 = ORIENTED_EDGE('',*,*,#15374,.T.);
#15374 = EDGE_CURVE('',#9712,#12435,#15375,.T.);
#15375 = LINE('',#15376,#15377);
#15376 = CARTESIAN_POINT('',(282.9525,-222.035,-4.6E-02));
#15377 = VECTOR('',#15378,1.);
#15378 = DIRECTION('',(0.,0.,1.));
#15379 = ORIENTED_EDGE('',*,*,#12434,.F.);
#15380 = ORIENTED_EDGE('',*,*,#15374,.F.);
#15381 = CYLINDRICAL_SURFACE('',#15382,0.5);
#15382 = AXIS2_PLACEMENT_3D('',#15383,#15384,#15385);
#15383 = CARTESIAN_POINT('',(282.9525,-221.535,-4.6E-02));
#15384 = DIRECTION('',(-0.,-0.,-1.));
#15385 = DIRECTION('',(-0.,-1.,0.));
#15386 = ADVANCED_FACE('',(#15387),#15398,.F.);
#15387 = FACE_BOUND('',#15388,.T.);
#15388 = EDGE_LOOP('',(#15389,#15390,#15396,#15397));
#15389 = ORIENTED_EDGE('',*,*,#9722,.T.);
#15390 = ORIENTED_EDGE('',*,*,#15391,.T.);
#15391 = EDGE_CURVE('',#9723,#12446,#15392,.T.);
#15392 = LINE('',#15393,#15394);
#15393 = CARTESIAN_POINT('',(294.2625,-222.325,-4.6E-02));
#15394 = VECTOR('',#15395,1.);
#15395 = DIRECTION('',(0.,0.,1.));
#15396 = ORIENTED_EDGE('',*,*,#12445,.F.);
#15397 = ORIENTED_EDGE('',*,*,#15391,.F.);
#15398 = CYLINDRICAL_SURFACE('',#15399,0.75);
#15399 = AXIS2_PLACEMENT_3D('',#15400,#15401,#15402);
#15400 = CARTESIAN_POINT('',(294.2625,-221.575,-4.6E-02));
#15401 = DIRECTION('',(-0.,-0.,-1.));
#15402 = DIRECTION('',(-0.,-1.,0.));
#15403 = ADVANCED_FACE('',(#15404),#15415,.F.);
#15404 = FACE_BOUND('',#15405,.T.);
#15405 = EDGE_LOOP('',(#15406,#15407,#15413,#15414));
#15406 = ORIENTED_EDGE('',*,*,#9733,.T.);
#15407 = ORIENTED_EDGE('',*,*,#15408,.T.);
#15408 = EDGE_CURVE('',#9734,#12457,#15409,.T.);
#15409 = LINE('',#15410,#15411);
#15410 = CARTESIAN_POINT('',(297.4525,-222.035,-4.6E-02));
#15411 = VECTOR('',#15412,1.);
#15412 = DIRECTION('',(0.,0.,1.));
#15413 = ORIENTED_EDGE('',*,*,#12456,.F.);
#15414 = ORIENTED_EDGE('',*,*,#15408,.F.);
#15415 = CYLINDRICAL_SURFACE('',#15416,0.5);
#15416 = AXIS2_PLACEMENT_3D('',#15417,#15418,#15419);
#15417 = CARTESIAN_POINT('',(297.4525,-221.535,-4.6E-02));
#15418 = DIRECTION('',(-0.,-0.,-1.));
#15419 = DIRECTION('',(-0.,-1.,0.));
#15420 = ADVANCED_FACE('',(#15421),#15432,.F.);
#15421 = FACE_BOUND('',#15422,.T.);
#15422 = EDGE_LOOP('',(#15423,#15424,#15430,#15431));
#15423 = ORIENTED_EDGE('',*,*,#9744,.T.);
#15424 = ORIENTED_EDGE('',*,*,#15425,.T.);
#15425 = EDGE_CURVE('',#9745,#12468,#15426,.T.);
#15426 = LINE('',#15427,#15428);
#15427 = CARTESIAN_POINT('',(314.2334,-229.253948,-4.6E-02));
#15428 = VECTOR('',#15429,1.);
#15429 = DIRECTION('',(0.,0.,1.));
#15430 = ORIENTED_EDGE('',*,*,#12467,.F.);
#15431 = ORIENTED_EDGE('',*,*,#15425,.F.);
#15432 = CYLINDRICAL_SURFACE('',#15433,1.9939);
#15433 = AXIS2_PLACEMENT_3D('',#15434,#15435,#15436);
#15434 = CARTESIAN_POINT('',(314.2334,-227.260048,-4.6E-02));
#15435 = DIRECTION('',(-0.,-0.,-1.));
#15436 = DIRECTION('',(-0.,-1.,0.));
#15437 = ADVANCED_FACE('',(#15438),#15449,.F.);
#15438 = FACE_BOUND('',#15439,.T.);
#15439 = EDGE_LOOP('',(#15440,#15441,#15447,#15448));
#15440 = ORIENTED_EDGE('',*,*,#9755,.T.);
#15441 = ORIENTED_EDGE('',*,*,#15442,.T.);
#15442 = EDGE_CURVE('',#9756,#12479,#15443,.T.);
#15443 = LINE('',#15444,#15445);
#15444 = CARTESIAN_POINT('',(282.9525,-219.535,-4.6E-02));
#15445 = VECTOR('',#15446,1.);
#15446 = DIRECTION('',(0.,0.,1.));
#15447 = ORIENTED_EDGE('',*,*,#12478,.F.);
#15448 = ORIENTED_EDGE('',*,*,#15442,.F.);
#15449 = CYLINDRICAL_SURFACE('',#15450,0.5);
#15450 = AXIS2_PLACEMENT_3D('',#15451,#15452,#15453);
#15451 = CARTESIAN_POINT('',(282.9525,-219.035,-4.6E-02));
#15452 = DIRECTION('',(-0.,-0.,-1.));
#15453 = DIRECTION('',(-0.,-1.,0.));
#15454 = ADVANCED_FACE('',(#15455),#15466,.F.);
#15455 = FACE_BOUND('',#15456,.T.);
#15456 = EDGE_LOOP('',(#15457,#15458,#15464,#15465));
#15457 = ORIENTED_EDGE('',*,*,#9766,.T.);
#15458 = ORIENTED_EDGE('',*,*,#15459,.T.);
#15459 = EDGE_CURVE('',#9767,#12490,#15460,.T.);
#15460 = LINE('',#15461,#15462);
#15461 = CARTESIAN_POINT('',(285.3725,-219.91,-4.6E-02));
#15462 = VECTOR('',#15463,1.);
#15463 = DIRECTION('',(0.,0.,1.));
#15464 = ORIENTED_EDGE('',*,*,#12489,.F.);
#15465 = ORIENTED_EDGE('',*,*,#15459,.F.);
#15466 = CYLINDRICAL_SURFACE('',#15467,0.875);
#15467 = AXIS2_PLACEMENT_3D('',#15468,#15469,#15470);
#15468 = CARTESIAN_POINT('',(285.3725,-219.035,-4.6E-02));
#15469 = DIRECTION('',(-0.,-0.,-1.));
#15470 = DIRECTION('',(-0.,-1.,0.));
#15471 = ADVANCED_FACE('',(#15472),#15483,.F.);
#15472 = FACE_BOUND('',#15473,.T.);
#15473 = EDGE_LOOP('',(#15474,#15475,#15481,#15482));
#15474 = ORIENTED_EDGE('',*,*,#9777,.T.);
#15475 = ORIENTED_EDGE('',*,*,#15476,.T.);
#15476 = EDGE_CURVE('',#9778,#12501,#15477,.T.);
#15477 = LINE('',#15478,#15479);
#15478 = CARTESIAN_POINT('',(290.4525,-221.035,-4.6E-02));
#15479 = VECTOR('',#15480,1.);
#15480 = DIRECTION('',(0.,0.,1.));
#15481 = ORIENTED_EDGE('',*,*,#12500,.F.);
#15482 = ORIENTED_EDGE('',*,*,#15476,.F.);
#15483 = CYLINDRICAL_SURFACE('',#15484,2.);
#15484 = AXIS2_PLACEMENT_3D('',#15485,#15486,#15487);
#15485 = CARTESIAN_POINT('',(290.4525,-219.035,-4.6E-02));
#15486 = DIRECTION('',(-0.,-0.,-1.));
#15487 = DIRECTION('',(-0.,-1.,0.));
#15488 = ADVANCED_FACE('',(#15489),#15500,.F.);
#15489 = FACE_BOUND('',#15490,.T.);
#15490 = EDGE_LOOP('',(#15491,#15492,#15498,#15499));
#15491 = ORIENTED_EDGE('',*,*,#9788,.T.);
#15492 = ORIENTED_EDGE('',*,*,#15493,.T.);
#15493 = EDGE_CURVE('',#9789,#12512,#15494,.T.);
#15494 = LINE('',#15495,#15496);
#15495 = CARTESIAN_POINT('',(282.9525,-217.035,-4.6E-02));
#15496 = VECTOR('',#15497,1.);
#15497 = DIRECTION('',(0.,0.,1.));
#15498 = ORIENTED_EDGE('',*,*,#12511,.F.);
#15499 = ORIENTED_EDGE('',*,*,#15493,.F.);
#15500 = CYLINDRICAL_SURFACE('',#15501,0.5);
#15501 = AXIS2_PLACEMENT_3D('',#15502,#15503,#15504);
#15502 = CARTESIAN_POINT('',(282.9525,-216.535,-4.6E-02));
#15503 = DIRECTION('',(-0.,-0.,-1.));
#15504 = DIRECTION('',(-0.,-1.,0.));
#15505 = ADVANCED_FACE('',(#15506),#15517,.F.);
#15506 = FACE_BOUND('',#15507,.T.);
#15507 = EDGE_LOOP('',(#15508,#15509,#15515,#15516));
#15508 = ORIENTED_EDGE('',*,*,#9799,.T.);
#15509 = ORIENTED_EDGE('',*,*,#15510,.T.);
#15510 = EDGE_CURVE('',#9800,#12523,#15511,.T.);
#15511 = LINE('',#15512,#15513);
#15512 = CARTESIAN_POINT('',(295.5325,-219.91,-4.6E-02));
#15513 = VECTOR('',#15514,1.);
#15514 = DIRECTION('',(0.,0.,1.));
#15515 = ORIENTED_EDGE('',*,*,#12522,.F.);
#15516 = ORIENTED_EDGE('',*,*,#15510,.F.);
#15517 = CYLINDRICAL_SURFACE('',#15518,0.875);
#15518 = AXIS2_PLACEMENT_3D('',#15519,#15520,#15521);
#15519 = CARTESIAN_POINT('',(295.5325,-219.035,-4.6E-02));
#15520 = DIRECTION('',(-0.,-0.,-1.));
#15521 = DIRECTION('',(-0.,-1.,0.));
#15522 = ADVANCED_FACE('',(#15523),#15534,.F.);
#15523 = FACE_BOUND('',#15524,.T.);
#15524 = EDGE_LOOP('',(#15525,#15526,#15532,#15533));
#15525 = ORIENTED_EDGE('',*,*,#9810,.T.);
#15526 = ORIENTED_EDGE('',*,*,#15527,.T.);
#15527 = EDGE_CURVE('',#9811,#12534,#15528,.T.);
#15528 = LINE('',#15529,#15530);
#15529 = CARTESIAN_POINT('',(297.4525,-217.035,-4.6E-02));
#15530 = VECTOR('',#15531,1.);
#15531 = DIRECTION('',(0.,0.,1.));
#15532 = ORIENTED_EDGE('',*,*,#12533,.F.);
#15533 = ORIENTED_EDGE('',*,*,#15527,.F.);
#15534 = CYLINDRICAL_SURFACE('',#15535,0.5);
#15535 = AXIS2_PLACEMENT_3D('',#15536,#15537,#15538);
#15536 = CARTESIAN_POINT('',(297.4525,-216.535,-4.6E-02));
#15537 = DIRECTION('',(-0.,-0.,-1.));
#15538 = DIRECTION('',(-0.,-1.,0.));
#15539 = ADVANCED_FACE('',(#15540),#15556,.F.);
#15540 = FACE_BOUND('',#15541,.T.);
#15541 = EDGE_LOOP('',(#15542,#15543,#15549,#15550));
#15542 = ORIENTED_EDGE('',*,*,#9821,.T.);
#15543 = ORIENTED_EDGE('',*,*,#15544,.T.);
#15544 = EDGE_CURVE('',#9824,#12547,#15545,.T.);
#15545 = LINE('',#15546,#15547);
#15546 = CARTESIAN_POINT('',(291.1025,-214.185,-4.6E-02));
#15547 = VECTOR('',#15548,1.);
#15548 = DIRECTION('',(0.,0.,1.));
#15549 = ORIENTED_EDGE('',*,*,#12544,.F.);
#15550 = ORIENTED_EDGE('',*,*,#15551,.F.);
#15551 = EDGE_CURVE('',#9822,#12545,#15552,.T.);
#15552 = LINE('',#15553,#15554);
#15553 = CARTESIAN_POINT('',(291.1025,-212.685,-4.6E-02));
#15554 = VECTOR('',#15555,1.);
#15555 = DIRECTION('',(0.,0.,1.));
#15556 = CYLINDRICAL_SURFACE('',#15557,0.75);
#15557 = AXIS2_PLACEMENT_3D('',#15558,#15559,#15560);
#15558 = CARTESIAN_POINT('',(291.1025,-213.435,-4.6E-02));
#15559 = DIRECTION('',(-0.,-0.,-1.));
#15560 = DIRECTION('',(-0.,-1.,0.));
#15561 = ADVANCED_FACE('',(#15562),#15573,.T.);
#15562 = FACE_BOUND('',#15563,.T.);
#15563 = EDGE_LOOP('',(#15564,#15565,#15566,#15567));
#15564 = ORIENTED_EDGE('',*,*,#9849,.T.);
#15565 = ORIENTED_EDGE('',*,*,#15551,.T.);
#15566 = ORIENTED_EDGE('',*,*,#12572,.F.);
#15567 = ORIENTED_EDGE('',*,*,#15568,.F.);
#15568 = EDGE_CURVE('',#9841,#12564,#15569,.T.);
#15569 = LINE('',#15570,#15571);
#15570 = CARTESIAN_POINT('',(289.8025,-212.685,-4.6E-02));
#15571 = VECTOR('',#15572,1.);
#15572 = DIRECTION('',(0.,0.,1.));
#15573 = PLANE('',#15574);
#15574 = AXIS2_PLACEMENT_3D('',#15575,#15576,#15577);
#15575 = CARTESIAN_POINT('',(291.1025,-212.685,-4.6E-02));
#15576 = DIRECTION('',(0.,-1.,0.));
#15577 = DIRECTION('',(-1.,0.,0.));
#15578 = ADVANCED_FACE('',(#15579),#15590,.F.);
#15579 = FACE_BOUND('',#15580,.T.);
#15580 = EDGE_LOOP('',(#15581,#15582,#15583,#15584));
#15581 = ORIENTED_EDGE('',*,*,#9840,.T.);
#15582 = ORIENTED_EDGE('',*,*,#15568,.T.);
#15583 = ORIENTED_EDGE('',*,*,#12563,.F.);
#15584 = ORIENTED_EDGE('',*,*,#15585,.F.);
#15585 = EDGE_CURVE('',#9833,#12556,#15586,.T.);
#15586 = LINE('',#15587,#15588);
#15587 = CARTESIAN_POINT('',(289.8025,-214.185,-4.6E-02));
#15588 = VECTOR('',#15589,1.);
#15589 = DIRECTION('',(0.,0.,1.));
#15590 = CYLINDRICAL_SURFACE('',#15591,0.75);
#15591 = AXIS2_PLACEMENT_3D('',#15592,#15593,#15594);
#15592 = CARTESIAN_POINT('',(289.8025,-213.435,-4.6E-02));
#15593 = DIRECTION('',(-0.,0.,-1.));
#15594 = DIRECTION('',(0.,1.,0.));
#15595 = ADVANCED_FACE('',(#15596),#15602,.T.);
#15596 = FACE_BOUND('',#15597,.T.);
#15597 = EDGE_LOOP('',(#15598,#15599,#15600,#15601));
#15598 = ORIENTED_EDGE('',*,*,#9832,.T.);
#15599 = ORIENTED_EDGE('',*,*,#15585,.T.);
#15600 = ORIENTED_EDGE('',*,*,#12555,.F.);
#15601 = ORIENTED_EDGE('',*,*,#15544,.F.);
#15602 = PLANE('',#15603);
#15603 = AXIS2_PLACEMENT_3D('',#15604,#15605,#15606);
#15604 = CARTESIAN_POINT('',(289.8025,-214.185,-4.6E-02));
#15605 = DIRECTION('',(0.,1.,0.));
#15606 = DIRECTION('',(1.,0.,0.));
#15607 = ADVANCED_FACE('',(#15608),#15619,.F.);
#15608 = FACE_BOUND('',#15609,.T.);
#15609 = EDGE_LOOP('',(#15610,#15611,#15617,#15618));
#15610 = ORIENTED_EDGE('',*,*,#9857,.T.);
#15611 = ORIENTED_EDGE('',*,*,#15612,.T.);
#15612 = EDGE_CURVE('',#9858,#12581,#15613,.T.);
#15613 = LINE('',#15614,#15615);
#15614 = CARTESIAN_POINT('',(321.09125,-219.91,-4.6E-02));
#15615 = VECTOR('',#15616,1.);
#15616 = DIRECTION('',(0.,0.,1.));
#15617 = ORIENTED_EDGE('',*,*,#12580,.F.);
#15618 = ORIENTED_EDGE('',*,*,#15612,.F.);
#15619 = CYLINDRICAL_SURFACE('',#15620,0.875);
#15620 = AXIS2_PLACEMENT_3D('',#15621,#15622,#15623);
#15621 = CARTESIAN_POINT('',(321.09125,-219.035,-4.6E-02));
#15622 = DIRECTION('',(-0.,-0.,-1.));
#15623 = DIRECTION('',(-0.,-1.,0.));
#15624 = ADVANCED_FACE('',(#15625),#15636,.F.);
#15625 = FACE_BOUND('',#15626,.T.);
#15626 = EDGE_LOOP('',(#15627,#15628,#15634,#15635));
#15627 = ORIENTED_EDGE('',*,*,#9868,.T.);
#15628 = ORIENTED_EDGE('',*,*,#15629,.T.);
#15629 = EDGE_CURVE('',#9869,#12592,#15630,.T.);
#15630 = LINE('',#15631,#15632);
#15631 = CARTESIAN_POINT('',(314.2334,-213.574048,-4.6E-02));
#15632 = VECTOR('',#15633,1.);
#15633 = DIRECTION('',(0.,0.,1.));
#15634 = ORIENTED_EDGE('',*,*,#12591,.F.);
#15635 = ORIENTED_EDGE('',*,*,#15629,.F.);
#15636 = CYLINDRICAL_SURFACE('',#15637,1.524);
#15637 = AXIS2_PLACEMENT_3D('',#15638,#15639,#15640);
#15638 = CARTESIAN_POINT('',(314.2334,-212.050048,-4.6E-02));
#15639 = DIRECTION('',(-0.,-0.,-1.));
#15640 = DIRECTION('',(-0.,-1.,0.));
#15641 = ADVANCED_FACE('',(#15642),#15653,.F.);
#15642 = FACE_BOUND('',#15643,.T.);
#15643 = EDGE_LOOP('',(#15644,#15645,#15651,#15652));
#15644 = ORIENTED_EDGE('',*,*,#9879,.T.);
#15645 = ORIENTED_EDGE('',*,*,#15646,.T.);
#15646 = EDGE_CURVE('',#9880,#12603,#15647,.T.);
#15647 = LINE('',#15648,#15649);
#15648 = CARTESIAN_POINT('',(338.1094,-229.253948,-4.6E-02));
#15649 = VECTOR('',#15650,1.);
#15650 = DIRECTION('',(0.,0.,1.));
#15651 = ORIENTED_EDGE('',*,*,#12602,.F.);
#15652 = ORIENTED_EDGE('',*,*,#15646,.F.);
#15653 = CYLINDRICAL_SURFACE('',#15654,1.9939);
#15654 = AXIS2_PLACEMENT_3D('',#15655,#15656,#15657);
#15655 = CARTESIAN_POINT('',(338.1094,-227.260048,-4.6E-02));
#15656 = DIRECTION('',(-0.,-0.,-1.));
#15657 = DIRECTION('',(-0.,-1.,0.));
#15658 = ADVANCED_FACE('',(#15659),#15670,.F.);
#15659 = FACE_BOUND('',#15660,.T.);
#15660 = EDGE_LOOP('',(#15661,#15662,#15668,#15669));
#15661 = ORIENTED_EDGE('',*,*,#9890,.T.);
#15662 = ORIENTED_EDGE('',*,*,#15663,.T.);
#15663 = EDGE_CURVE('',#9891,#12614,#15664,.T.);
#15664 = LINE('',#15665,#15666);
#15665 = CARTESIAN_POINT('',(326.17125,-221.035,-4.6E-02));
#15666 = VECTOR('',#15667,1.);
#15667 = DIRECTION('',(0.,0.,1.));
#15668 = ORIENTED_EDGE('',*,*,#12613,.F.);
#15669 = ORIENTED_EDGE('',*,*,#15663,.F.);
#15670 = CYLINDRICAL_SURFACE('',#15671,2.);
#15671 = AXIS2_PLACEMENT_3D('',#15672,#15673,#15674);
#15672 = CARTESIAN_POINT('',(326.17125,-219.035,-4.6E-02));
#15673 = DIRECTION('',(-0.,-0.,-1.));
#15674 = DIRECTION('',(-0.,-1.,0.));
#15675 = ADVANCED_FACE('',(#15676),#15687,.F.);
#15676 = FACE_BOUND('',#15677,.T.);
#15677 = EDGE_LOOP('',(#15678,#15679,#15685,#15686));
#15678 = ORIENTED_EDGE('',*,*,#9901,.T.);
#15679 = ORIENTED_EDGE('',*,*,#15680,.T.);
#15680 = EDGE_CURVE('',#9902,#12625,#15681,.T.);
#15681 = LINE('',#15682,#15683);
#15682 = CARTESIAN_POINT('',(331.25125,-219.91,-4.6E-02));
#15683 = VECTOR('',#15684,1.);
#15684 = DIRECTION('',(0.,0.,1.));
#15685 = ORIENTED_EDGE('',*,*,#12624,.F.);
#15686 = ORIENTED_EDGE('',*,*,#15680,.F.);
#15687 = CYLINDRICAL_SURFACE('',#15688,0.875);
#15688 = AXIS2_PLACEMENT_3D('',#15689,#15690,#15691);
#15689 = CARTESIAN_POINT('',(331.25125,-219.035,-4.6E-02));
#15690 = DIRECTION('',(-0.,-0.,-1.));
#15691 = DIRECTION('',(-0.,-1.,0.));
#15692 = ADVANCED_FACE('',(#15693),#15704,.F.);
#15693 = FACE_BOUND('',#15694,.T.);
#15694 = EDGE_LOOP('',(#15695,#15696,#15702,#15703));
#15695 = ORIENTED_EDGE('',*,*,#9912,.T.);
#15696 = ORIENTED_EDGE('',*,*,#15697,.T.);
#15697 = EDGE_CURVE('',#9913,#12636,#15698,.T.);
#15698 = LINE('',#15699,#15700);
#15699 = CARTESIAN_POINT('',(322.36125,-217.245,-4.6E-02));
#15700 = VECTOR('',#15701,1.);
#15701 = DIRECTION('',(0.,0.,1.));
#15702 = ORIENTED_EDGE('',*,*,#12635,.F.);
#15703 = ORIENTED_EDGE('',*,*,#15697,.F.);
#15704 = CYLINDRICAL_SURFACE('',#15705,0.75);
#15705 = AXIS2_PLACEMENT_3D('',#15706,#15707,#15708);
#15706 = CARTESIAN_POINT('',(322.36125,-216.495,-4.6E-02));
#15707 = DIRECTION('',(-0.,-0.,-1.));
#15708 = DIRECTION('',(-0.,-1.,0.));
#15709 = ADVANCED_FACE('',(#15710),#15721,.F.);
#15710 = FACE_BOUND('',#15711,.T.);
#15711 = EDGE_LOOP('',(#15712,#15713,#15719,#15720));
#15712 = ORIENTED_EDGE('',*,*,#9923,.T.);
#15713 = ORIENTED_EDGE('',*,*,#15714,.T.);
#15714 = EDGE_CURVE('',#9924,#12647,#15715,.T.);
#15715 = LINE('',#15716,#15717);
#15716 = CARTESIAN_POINT('',(328.71125,-214.705,-4.6E-02));
#15717 = VECTOR('',#15718,1.);
#15718 = DIRECTION('',(0.,0.,1.));
#15719 = ORIENTED_EDGE('',*,*,#12646,.F.);
#15720 = ORIENTED_EDGE('',*,*,#15714,.F.);
#15721 = CYLINDRICAL_SURFACE('',#15722,0.75);
#15722 = AXIS2_PLACEMENT_3D('',#15723,#15724,#15725);
#15723 = CARTESIAN_POINT('',(328.71125,-213.955,-4.6E-02));
#15724 = DIRECTION('',(-0.,-0.,-1.));
#15725 = DIRECTION('',(-0.,-1.,0.));
#15726 = ADVANCED_FACE('',(#15727),#15738,.F.);
#15727 = FACE_BOUND('',#15728,.T.);
#15728 = EDGE_LOOP('',(#15729,#15730,#15736,#15737));
#15729 = ORIENTED_EDGE('',*,*,#9934,.T.);
#15730 = ORIENTED_EDGE('',*,*,#15731,.T.);
#15731 = EDGE_CURVE('',#9935,#12658,#15732,.T.);
#15732 = LINE('',#15733,#15734);
#15733 = CARTESIAN_POINT('',(338.1094,-213.574048,-4.6E-02));
#15734 = VECTOR('',#15735,1.);
#15735 = DIRECTION('',(0.,0.,1.));
#15736 = ORIENTED_EDGE('',*,*,#12657,.F.);
#15737 = ORIENTED_EDGE('',*,*,#15731,.F.);
#15738 = CYLINDRICAL_SURFACE('',#15739,1.524);
#15739 = AXIS2_PLACEMENT_3D('',#15740,#15741,#15742);
#15740 = CARTESIAN_POINT('',(338.1094,-212.050048,-4.6E-02));
#15741 = DIRECTION('',(-0.,-0.,-1.));
#15742 = DIRECTION('',(-0.,-1.,0.));
#15743 = ADVANCED_FACE('',(#15744),#15755,.F.);
#15744 = FACE_BOUND('',#15745,.T.);
#15745 = EDGE_LOOP('',(#15746,#15747,#15753,#15754));
#15746 = ORIENTED_EDGE('',*,*,#9945,.T.);
#15747 = ORIENTED_EDGE('',*,*,#15748,.T.);
#15748 = EDGE_CURVE('',#9946,#12669,#15749,.T.);
#15749 = LINE('',#15750,#15751);
#15750 = CARTESIAN_POINT('',(359.19125,-219.91,-4.6E-02));
#15751 = VECTOR('',#15752,1.);
#15752 = DIRECTION('',(0.,0.,1.));
#15753 = ORIENTED_EDGE('',*,*,#12668,.F.);
#15754 = ORIENTED_EDGE('',*,*,#15748,.F.);
#15755 = CYLINDRICAL_SURFACE('',#15756,0.875);
#15756 = AXIS2_PLACEMENT_3D('',#15757,#15758,#15759);
#15757 = CARTESIAN_POINT('',(359.19125,-219.035,-4.6E-02));
#15758 = DIRECTION('',(-0.,-0.,-1.));
#15759 = DIRECTION('',(-0.,-1.,0.));
#15760 = ADVANCED_FACE('',(#15761),#15772,.F.);
#15761 = FACE_BOUND('',#15762,.T.);
#15762 = EDGE_LOOP('',(#15763,#15764,#15770,#15771));
#15763 = ORIENTED_EDGE('',*,*,#9956,.T.);
#15764 = ORIENTED_EDGE('',*,*,#15765,.T.);
#15765 = EDGE_CURVE('',#9957,#12680,#15766,.T.);
#15766 = LINE('',#15767,#15768);
#15767 = CARTESIAN_POINT('',(360.46125,-217.245,-4.6E-02));
#15768 = VECTOR('',#15769,1.);
#15769 = DIRECTION('',(0.,0.,1.));
#15770 = ORIENTED_EDGE('',*,*,#12679,.F.);
#15771 = ORIENTED_EDGE('',*,*,#15765,.F.);
#15772 = CYLINDRICAL_SURFACE('',#15773,0.75);
#15773 = AXIS2_PLACEMENT_3D('',#15774,#15775,#15776);
#15774 = CARTESIAN_POINT('',(360.46125,-216.495,-4.6E-02));
#15775 = DIRECTION('',(-0.,-0.,-1.));
#15776 = DIRECTION('',(-0.,-1.,0.));
#15777 = ADVANCED_FACE('',(#15778),#15789,.F.);
#15778 = FACE_BOUND('',#15779,.T.);
#15779 = EDGE_LOOP('',(#15780,#15781,#15787,#15788));
#15780 = ORIENTED_EDGE('',*,*,#9967,.T.);
#15781 = ORIENTED_EDGE('',*,*,#15782,.T.);
#15782 = EDGE_CURVE('',#9968,#12691,#15783,.T.);
#15783 = LINE('',#15784,#15785);
#15784 = CARTESIAN_POINT('',(294.8975,-200.86,-4.6E-02));
#15785 = VECTOR('',#15786,1.);
#15786 = DIRECTION('',(0.,0.,1.));
#15787 = ORIENTED_EDGE('',*,*,#12690,.F.);
#15788 = ORIENTED_EDGE('',*,*,#15782,.F.);
#15789 = CYLINDRICAL_SURFACE('',#15790,0.875);
#15790 = AXIS2_PLACEMENT_3D('',#15791,#15792,#15793);
#15791 = CARTESIAN_POINT('',(294.8975,-199.985,-4.6E-02));
#15792 = DIRECTION('',(-0.,-0.,-1.));
#15793 = DIRECTION('',(-0.,-1.,0.));
#15794 = ADVANCED_FACE('',(#15795),#15806,.F.);
#15795 = FACE_BOUND('',#15796,.T.);
#15796 = EDGE_LOOP('',(#15797,#15798,#15804,#15805));
#15797 = ORIENTED_EDGE('',*,*,#9978,.T.);
#15798 = ORIENTED_EDGE('',*,*,#15799,.T.);
#15799 = EDGE_CURVE('',#9979,#12702,#15800,.T.);
#15800 = LINE('',#15801,#15802);
#15801 = CARTESIAN_POINT('',(299.9775,-201.985,-4.6E-02));
#15802 = VECTOR('',#15803,1.);
#15803 = DIRECTION('',(0.,0.,1.));
#15804 = ORIENTED_EDGE('',*,*,#12701,.F.);
#15805 = ORIENTED_EDGE('',*,*,#15799,.F.);
#15806 = CYLINDRICAL_SURFACE('',#15807,2.);
#15807 = AXIS2_PLACEMENT_3D('',#15808,#15809,#15810);
#15808 = CARTESIAN_POINT('',(299.9775,-199.985,-4.6E-02));
#15809 = DIRECTION('',(-0.,-0.,-1.));
#15810 = DIRECTION('',(-0.,-1.,0.));
#15811 = ADVANCED_FACE('',(#15812),#15823,.F.);
#15812 = FACE_BOUND('',#15813,.T.);
#15813 = EDGE_LOOP('',(#15814,#15815,#15821,#15822));
#15814 = ORIENTED_EDGE('',*,*,#9989,.T.);
#15815 = ORIENTED_EDGE('',*,*,#15816,.T.);
#15816 = EDGE_CURVE('',#9990,#12713,#15817,.T.);
#15817 = LINE('',#15818,#15819);
#15818 = CARTESIAN_POINT('',(296.1675,-198.195,-4.6E-02));
#15819 = VECTOR('',#15820,1.);
#15820 = DIRECTION('',(0.,0.,1.));
#15821 = ORIENTED_EDGE('',*,*,#12712,.F.);
#15822 = ORIENTED_EDGE('',*,*,#15816,.F.);
#15823 = CYLINDRICAL_SURFACE('',#15824,0.75);
#15824 = AXIS2_PLACEMENT_3D('',#15825,#15826,#15827);
#15825 = CARTESIAN_POINT('',(296.1675,-197.445,-4.6E-02));
#15826 = DIRECTION('',(-0.,-0.,-1.));
#15827 = DIRECTION('',(-0.,-1.,0.));
#15828 = ADVANCED_FACE('',(#15829),#15840,.F.);
#15829 = FACE_BOUND('',#15830,.T.);
#15830 = EDGE_LOOP('',(#15831,#15832,#15838,#15839));
#15831 = ORIENTED_EDGE('',*,*,#10000,.T.);
#15832 = ORIENTED_EDGE('',*,*,#15833,.T.);
#15833 = EDGE_CURVE('',#10001,#12724,#15834,.T.);
#15834 = LINE('',#15835,#15836);
#15835 = CARTESIAN_POINT('',(305.0575,-200.86,-4.6E-02));
#15836 = VECTOR('',#15837,1.);
#15837 = DIRECTION('',(0.,0.,1.));
#15838 = ORIENTED_EDGE('',*,*,#12723,.F.);
#15839 = ORIENTED_EDGE('',*,*,#15833,.F.);
#15840 = CYLINDRICAL_SURFACE('',#15841,0.875);
#15841 = AXIS2_PLACEMENT_3D('',#15842,#15843,#15844);
#15842 = CARTESIAN_POINT('',(305.0575,-199.985,-4.6E-02));
#15843 = DIRECTION('',(-0.,-0.,-1.));
#15844 = DIRECTION('',(-0.,-1.,0.));
#15845 = ADVANCED_FACE('',(#15846),#15857,.F.);
#15846 = FACE_BOUND('',#15847,.T.);
#15847 = EDGE_LOOP('',(#15848,#15849,#15855,#15856));
#15848 = ORIENTED_EDGE('',*,*,#10011,.T.);
#15849 = ORIENTED_EDGE('',*,*,#15850,.T.);
#15850 = EDGE_CURVE('',#10012,#12735,#15851,.T.);
#15851 = LINE('',#15852,#15853);
#15852 = CARTESIAN_POINT('',(313.9475,-200.86,-4.6E-02));
#15853 = VECTOR('',#15854,1.);
#15854 = DIRECTION('',(0.,0.,1.));
#15855 = ORIENTED_EDGE('',*,*,#12734,.F.);
#15856 = ORIENTED_EDGE('',*,*,#15850,.F.);
#15857 = CYLINDRICAL_SURFACE('',#15858,0.875);
#15858 = AXIS2_PLACEMENT_3D('',#15859,#15860,#15861);
#15859 = CARTESIAN_POINT('',(313.9475,-199.985,-4.6E-02));
#15860 = DIRECTION('',(-0.,-0.,-1.));
#15861 = DIRECTION('',(-0.,-1.,0.));
#15862 = ADVANCED_FACE('',(#15863),#15874,.F.);
#15863 = FACE_BOUND('',#15864,.T.);
#15864 = EDGE_LOOP('',(#15865,#15866,#15872,#15873));
#15865 = ORIENTED_EDGE('',*,*,#10022,.T.);
#15866 = ORIENTED_EDGE('',*,*,#15867,.T.);
#15867 = EDGE_CURVE('',#10023,#12746,#15868,.T.);
#15868 = LINE('',#15869,#15870);
#15869 = CARTESIAN_POINT('',(319.0275,-201.985,-4.6E-02));
#15870 = VECTOR('',#15871,1.);
#15871 = DIRECTION('',(0.,0.,1.));
#15872 = ORIENTED_EDGE('',*,*,#12745,.F.);
#15873 = ORIENTED_EDGE('',*,*,#15867,.F.);
#15874 = CYLINDRICAL_SURFACE('',#15875,2.);
#15875 = AXIS2_PLACEMENT_3D('',#15876,#15877,#15878);
#15876 = CARTESIAN_POINT('',(319.0275,-199.985,-4.6E-02));
#15877 = DIRECTION('',(-0.,-0.,-1.));
#15878 = DIRECTION('',(-0.,-1.,0.));
#15879 = ADVANCED_FACE('',(#15880),#15891,.F.);
#15880 = FACE_BOUND('',#15881,.T.);
#15881 = EDGE_LOOP('',(#15882,#15883,#15889,#15890));
#15882 = ORIENTED_EDGE('',*,*,#10033,.T.);
#15883 = ORIENTED_EDGE('',*,*,#15884,.T.);
#15884 = EDGE_CURVE('',#10034,#12757,#15885,.T.);
#15885 = LINE('',#15886,#15887);
#15886 = CARTESIAN_POINT('',(315.2175,-198.195,-4.6E-02));
#15887 = VECTOR('',#15888,1.);
#15888 = DIRECTION('',(0.,0.,1.));
#15889 = ORIENTED_EDGE('',*,*,#12756,.F.);
#15890 = ORIENTED_EDGE('',*,*,#15884,.F.);
#15891 = CYLINDRICAL_SURFACE('',#15892,0.75);
#15892 = AXIS2_PLACEMENT_3D('',#15893,#15894,#15895);
#15893 = CARTESIAN_POINT('',(315.2175,-197.445,-4.6E-02));
#15894 = DIRECTION('',(-0.,-0.,-1.));
#15895 = DIRECTION('',(-0.,-1.,0.));
#15896 = ADVANCED_FACE('',(#15897),#15908,.F.);
#15897 = FACE_BOUND('',#15898,.T.);
#15898 = EDGE_LOOP('',(#15899,#15900,#15906,#15907));
#15899 = ORIENTED_EDGE('',*,*,#10044,.T.);
#15900 = ORIENTED_EDGE('',*,*,#15901,.T.);
#15901 = EDGE_CURVE('',#10045,#12768,#15902,.T.);
#15902 = LINE('',#15903,#15904);
#15903 = CARTESIAN_POINT('',(302.5175,-195.655,-4.6E-02));
#15904 = VECTOR('',#15905,1.);
#15905 = DIRECTION('',(0.,0.,1.));
#15906 = ORIENTED_EDGE('',*,*,#12767,.F.);
#15907 = ORIENTED_EDGE('',*,*,#15901,.F.);
#15908 = CYLINDRICAL_SURFACE('',#15909,0.75);
#15909 = AXIS2_PLACEMENT_3D('',#15910,#15911,#15912);
#15910 = CARTESIAN_POINT('',(302.5175,-194.905,-4.6E-02));
#15911 = DIRECTION('',(-0.,-0.,-1.));
#15912 = DIRECTION('',(-0.,-1.,0.));
#15913 = ADVANCED_FACE('',(#15914),#15925,.F.);
#15914 = FACE_BOUND('',#15915,.T.);
#15915 = EDGE_LOOP('',(#15916,#15917,#15923,#15924));
#15916 = ORIENTED_EDGE('',*,*,#10055,.T.);
#15917 = ORIENTED_EDGE('',*,*,#15918,.T.);
#15918 = EDGE_CURVE('',#10056,#12779,#15919,.T.);
#15919 = LINE('',#15920,#15921);
#15920 = CARTESIAN_POINT('',(321.5675,-195.655,-4.6E-02));
#15921 = VECTOR('',#15922,1.);
#15922 = DIRECTION('',(0.,0.,1.));
#15923 = ORIENTED_EDGE('',*,*,#12778,.F.);
#15924 = ORIENTED_EDGE('',*,*,#15918,.F.);
#15925 = CYLINDRICAL_SURFACE('',#15926,0.75);
#15926 = AXIS2_PLACEMENT_3D('',#15927,#15928,#15929);
#15927 = CARTESIAN_POINT('',(321.5675,-194.905,-4.6E-02));
#15928 = DIRECTION('',(-0.,-0.,-1.));
#15929 = DIRECTION('',(-0.,-1.,0.));
#15930 = ADVANCED_FACE('',(#15931),#15942,.F.);
#15931 = FACE_BOUND('',#15932,.T.);
#15932 = EDGE_LOOP('',(#15933,#15934,#15940,#15941));
#15933 = ORIENTED_EDGE('',*,*,#10066,.T.);
#15934 = ORIENTED_EDGE('',*,*,#15935,.T.);
#15935 = EDGE_CURVE('',#10067,#12790,#15936,.T.);
#15936 = LINE('',#15937,#15938);
#15937 = CARTESIAN_POINT('',(324.1075,-200.86,-4.6E-02));
#15938 = VECTOR('',#15939,1.);
#15939 = DIRECTION('',(0.,0.,1.));
#15940 = ORIENTED_EDGE('',*,*,#12789,.F.);
#15941 = ORIENTED_EDGE('',*,*,#15935,.F.);
#15942 = CYLINDRICAL_SURFACE('',#15943,0.875);
#15943 = AXIS2_PLACEMENT_3D('',#15944,#15945,#15946);
#15944 = CARTESIAN_POINT('',(324.1075,-199.985,-4.6E-02));
#15945 = DIRECTION('',(-0.,-0.,-1.));
#15946 = DIRECTION('',(-0.,-1.,0.));
#15947 = ADVANCED_FACE('',(#15948),#15959,.F.);
#15948 = FACE_BOUND('',#15949,.T.);
#15949 = EDGE_LOOP('',(#15950,#15951,#15957,#15958));
#15950 = ORIENTED_EDGE('',*,*,#10077,.T.);
#15951 = ORIENTED_EDGE('',*,*,#15952,.T.);
#15952 = EDGE_CURVE('',#10078,#12801,#15953,.T.);
#15953 = LINE('',#15954,#15955);
#15954 = CARTESIAN_POINT('',(332.9975,-200.86,-4.6E-02));
#15955 = VECTOR('',#15956,1.);
#15956 = DIRECTION('',(0.,0.,1.));
#15957 = ORIENTED_EDGE('',*,*,#12800,.F.);
#15958 = ORIENTED_EDGE('',*,*,#15952,.F.);
#15959 = CYLINDRICAL_SURFACE('',#15960,0.875);
#15960 = AXIS2_PLACEMENT_3D('',#15961,#15962,#15963);
#15961 = CARTESIAN_POINT('',(332.9975,-199.985,-4.6E-02));
#15962 = DIRECTION('',(-0.,-0.,-1.));
#15963 = DIRECTION('',(-0.,-1.,0.));
#15964 = ADVANCED_FACE('',(#15965),#15976,.F.);
#15965 = FACE_BOUND('',#15966,.T.);
#15966 = EDGE_LOOP('',(#15967,#15968,#15974,#15975));
#15967 = ORIENTED_EDGE('',*,*,#10088,.T.);
#15968 = ORIENTED_EDGE('',*,*,#15969,.T.);
#15969 = EDGE_CURVE('',#10089,#12812,#15970,.T.);
#15970 = LINE('',#15971,#15972);
#15971 = CARTESIAN_POINT('',(338.0775,-201.985,-4.6E-02));
#15972 = VECTOR('',#15973,1.);
#15973 = DIRECTION('',(0.,0.,1.));
#15974 = ORIENTED_EDGE('',*,*,#12811,.F.);
#15975 = ORIENTED_EDGE('',*,*,#15969,.F.);
#15976 = CYLINDRICAL_SURFACE('',#15977,2.);
#15977 = AXIS2_PLACEMENT_3D('',#15978,#15979,#15980);
#15978 = CARTESIAN_POINT('',(338.0775,-199.985,-4.6E-02));
#15979 = DIRECTION('',(-0.,-0.,-1.));
#15980 = DIRECTION('',(-0.,-1.,0.));
#15981 = ADVANCED_FACE('',(#15982),#15993,.F.);
#15982 = FACE_BOUND('',#15983,.T.);
#15983 = EDGE_LOOP('',(#15984,#15985,#15991,#15992));
#15984 = ORIENTED_EDGE('',*,*,#10099,.T.);
#15985 = ORIENTED_EDGE('',*,*,#15986,.T.);
#15986 = EDGE_CURVE('',#10100,#12823,#15987,.T.);
#15987 = LINE('',#15988,#15989);
#15988 = CARTESIAN_POINT('',(334.2675,-198.195,-4.6E-02));
#15989 = VECTOR('',#15990,1.);
#15990 = DIRECTION('',(0.,0.,1.));
#15991 = ORIENTED_EDGE('',*,*,#12822,.F.);
#15992 = ORIENTED_EDGE('',*,*,#15986,.F.);
#15993 = CYLINDRICAL_SURFACE('',#15994,0.75);
#15994 = AXIS2_PLACEMENT_3D('',#15995,#15996,#15997);
#15995 = CARTESIAN_POINT('',(334.2675,-197.445,-4.6E-02));
#15996 = DIRECTION('',(-0.,-0.,-1.));
#15997 = DIRECTION('',(-0.,-1.,0.));
#15998 = ADVANCED_FACE('',(#15999),#16010,.F.);
#15999 = FACE_BOUND('',#16000,.T.);
#16000 = EDGE_LOOP('',(#16001,#16002,#16008,#16009));
#16001 = ORIENTED_EDGE('',*,*,#10110,.T.);
#16002 = ORIENTED_EDGE('',*,*,#16003,.T.);
#16003 = EDGE_CURVE('',#10111,#12834,#16004,.T.);
#16004 = LINE('',#16005,#16006);
#16005 = CARTESIAN_POINT('',(340.6175,-195.655,-4.6E-02));
#16006 = VECTOR('',#16007,1.);
#16007 = DIRECTION('',(0.,0.,1.));
#16008 = ORIENTED_EDGE('',*,*,#12833,.F.);
#16009 = ORIENTED_EDGE('',*,*,#16003,.F.);
#16010 = CYLINDRICAL_SURFACE('',#16011,0.75);
#16011 = AXIS2_PLACEMENT_3D('',#16012,#16013,#16014);
#16012 = CARTESIAN_POINT('',(340.6175,-194.905,-4.6E-02));
#16013 = DIRECTION('',(-0.,-0.,-1.));
#16014 = DIRECTION('',(-0.,-1.,0.));
#16015 = ADVANCED_FACE('',(#16016),#16027,.F.);
#16016 = FACE_BOUND('',#16017,.T.);
#16017 = EDGE_LOOP('',(#16018,#16019,#16025,#16026));
#16018 = ORIENTED_EDGE('',*,*,#10121,.T.);
#16019 = ORIENTED_EDGE('',*,*,#16020,.T.);
#16020 = EDGE_CURVE('',#10122,#12845,#16021,.T.);
#16021 = LINE('',#16022,#16023);
#16022 = CARTESIAN_POINT('',(343.1575,-200.86,-4.6E-02));
#16023 = VECTOR('',#16024,1.);
#16024 = DIRECTION('',(0.,0.,1.));
#16025 = ORIENTED_EDGE('',*,*,#12844,.F.);
#16026 = ORIENTED_EDGE('',*,*,#16020,.F.);
#16027 = CYLINDRICAL_SURFACE('',#16028,0.875);
#16028 = AXIS2_PLACEMENT_3D('',#16029,#16030,#16031);
#16029 = CARTESIAN_POINT('',(343.1575,-199.985,-4.6E-02));
#16030 = DIRECTION('',(-0.,-0.,-1.));
#16031 = DIRECTION('',(-0.,-1.,0.));
#16032 = ADVANCED_FACE('',(#16033),#16044,.F.);
#16033 = FACE_BOUND('',#16034,.T.);
#16034 = EDGE_LOOP('',(#16035,#16036,#16042,#16043));
#16035 = ORIENTED_EDGE('',*,*,#10132,.T.);
#16036 = ORIENTED_EDGE('',*,*,#16037,.T.);
#16037 = EDGE_CURVE('',#10133,#12856,#16038,.T.);
#16038 = LINE('',#16039,#16040);
#16039 = CARTESIAN_POINT('',(352.0475,-200.86,-4.6E-02));
#16040 = VECTOR('',#16041,1.);
#16041 = DIRECTION('',(0.,0.,1.));
#16042 = ORIENTED_EDGE('',*,*,#12855,.F.);
#16043 = ORIENTED_EDGE('',*,*,#16037,.F.);
#16044 = CYLINDRICAL_SURFACE('',#16045,0.875);
#16045 = AXIS2_PLACEMENT_3D('',#16046,#16047,#16048);
#16046 = CARTESIAN_POINT('',(352.0475,-199.985,-4.6E-02));
#16047 = DIRECTION('',(-0.,-0.,-1.));
#16048 = DIRECTION('',(-0.,-1.,0.));
#16049 = ADVANCED_FACE('',(#16050),#16061,.F.);
#16050 = FACE_BOUND('',#16051,.T.);
#16051 = EDGE_LOOP('',(#16052,#16053,#16059,#16060));
#16052 = ORIENTED_EDGE('',*,*,#10143,.T.);
#16053 = ORIENTED_EDGE('',*,*,#16054,.T.);
#16054 = EDGE_CURVE('',#10144,#12867,#16055,.T.);
#16055 = LINE('',#16056,#16057);
#16056 = CARTESIAN_POINT('',(357.1275,-201.985,-4.6E-02));
#16057 = VECTOR('',#16058,1.);
#16058 = DIRECTION('',(0.,0.,1.));
#16059 = ORIENTED_EDGE('',*,*,#12866,.F.);
#16060 = ORIENTED_EDGE('',*,*,#16054,.F.);
#16061 = CYLINDRICAL_SURFACE('',#16062,2.);
#16062 = AXIS2_PLACEMENT_3D('',#16063,#16064,#16065);
#16063 = CARTESIAN_POINT('',(357.1275,-199.985,-4.6E-02));
#16064 = DIRECTION('',(-0.,-0.,-1.));
#16065 = DIRECTION('',(-0.,-1.,0.));
#16066 = ADVANCED_FACE('',(#16067),#16078,.F.);
#16067 = FACE_BOUND('',#16068,.T.);
#16068 = EDGE_LOOP('',(#16069,#16070,#16076,#16077));
#16069 = ORIENTED_EDGE('',*,*,#10154,.T.);
#16070 = ORIENTED_EDGE('',*,*,#16071,.T.);
#16071 = EDGE_CURVE('',#10155,#12878,#16072,.T.);
#16072 = LINE('',#16073,#16074);
#16073 = CARTESIAN_POINT('',(353.3175,-198.195,-4.6E-02));
#16074 = VECTOR('',#16075,1.);
#16075 = DIRECTION('',(0.,0.,1.));
#16076 = ORIENTED_EDGE('',*,*,#12877,.F.);
#16077 = ORIENTED_EDGE('',*,*,#16071,.F.);
#16078 = CYLINDRICAL_SURFACE('',#16079,0.75);
#16079 = AXIS2_PLACEMENT_3D('',#16080,#16081,#16082);
#16080 = CARTESIAN_POINT('',(353.3175,-197.445,-4.6E-02));
#16081 = DIRECTION('',(-0.,-0.,-1.));
#16082 = DIRECTION('',(-0.,-1.,0.));
#16083 = ADVANCED_FACE('',(#16084),#16095,.F.);
#16084 = FACE_BOUND('',#16085,.T.);
#16085 = EDGE_LOOP('',(#16086,#16087,#16093,#16094));
#16086 = ORIENTED_EDGE('',*,*,#10165,.T.);
#16087 = ORIENTED_EDGE('',*,*,#16088,.T.);
#16088 = EDGE_CURVE('',#10166,#12889,#16089,.T.);
#16089 = LINE('',#16090,#16091);
#16090 = CARTESIAN_POINT('',(359.6675,-195.655,-4.6E-02));
#16091 = VECTOR('',#16092,1.);
#16092 = DIRECTION('',(0.,0.,1.));
#16093 = ORIENTED_EDGE('',*,*,#12888,.F.);
#16094 = ORIENTED_EDGE('',*,*,#16088,.F.);
#16095 = CYLINDRICAL_SURFACE('',#16096,0.75);
#16096 = AXIS2_PLACEMENT_3D('',#16097,#16098,#16099);
#16097 = CARTESIAN_POINT('',(359.6675,-194.905,-4.6E-02));
#16098 = DIRECTION('',(-0.,-0.,-1.));
#16099 = DIRECTION('',(-0.,-1.,0.));
#16100 = ADVANCED_FACE('',(#16101),#16112,.F.);
#16101 = FACE_BOUND('',#16102,.T.);
#16102 = EDGE_LOOP('',(#16103,#16104,#16110,#16111));
#16103 = ORIENTED_EDGE('',*,*,#10176,.T.);
#16104 = ORIENTED_EDGE('',*,*,#16105,.T.);
#16105 = EDGE_CURVE('',#10177,#12900,#16106,.T.);
#16106 = LINE('',#16107,#16108);
#16107 = CARTESIAN_POINT('',(364.27125,-221.035,-4.6E-02));
#16108 = VECTOR('',#16109,1.);
#16109 = DIRECTION('',(0.,0.,1.));
#16110 = ORIENTED_EDGE('',*,*,#12899,.F.);
#16111 = ORIENTED_EDGE('',*,*,#16105,.F.);
#16112 = CYLINDRICAL_SURFACE('',#16113,2.);
#16113 = AXIS2_PLACEMENT_3D('',#16114,#16115,#16116);
#16114 = CARTESIAN_POINT('',(364.27125,-219.035,-4.6E-02));
#16115 = DIRECTION('',(-0.,-0.,-1.));
#16116 = DIRECTION('',(-0.,-1.,0.));
#16117 = ADVANCED_FACE('',(#16118),#16129,.F.);
#16118 = FACE_BOUND('',#16119,.T.);
#16119 = EDGE_LOOP('',(#16120,#16121,#16127,#16128));
#16120 = ORIENTED_EDGE('',*,*,#10187,.T.);
#16121 = ORIENTED_EDGE('',*,*,#16122,.T.);
#16122 = EDGE_CURVE('',#10188,#12911,#16123,.T.);
#16123 = LINE('',#16124,#16125);
#16124 = CARTESIAN_POINT('',(369.35125,-219.91,-4.6E-02));
#16125 = VECTOR('',#16126,1.);
#16126 = DIRECTION('',(0.,0.,1.));
#16127 = ORIENTED_EDGE('',*,*,#12910,.F.);
#16128 = ORIENTED_EDGE('',*,*,#16122,.F.);
#16129 = CYLINDRICAL_SURFACE('',#16130,0.875);
#16130 = AXIS2_PLACEMENT_3D('',#16131,#16132,#16133);
#16131 = CARTESIAN_POINT('',(369.35125,-219.035,-4.6E-02));
#16132 = DIRECTION('',(-0.,-0.,-1.));
#16133 = DIRECTION('',(-0.,-1.,0.));
#16134 = ADVANCED_FACE('',(#16135),#16146,.F.);
#16135 = FACE_BOUND('',#16136,.T.);
#16136 = EDGE_LOOP('',(#16137,#16138,#16144,#16145));
#16137 = ORIENTED_EDGE('',*,*,#10198,.T.);
#16138 = ORIENTED_EDGE('',*,*,#16139,.T.);
#16139 = EDGE_CURVE('',#10199,#12922,#16140,.T.);
#16140 = LINE('',#16141,#16142);
#16141 = CARTESIAN_POINT('',(380.6225,-219.91,-4.6E-02));
#16142 = VECTOR('',#16143,1.);
#16143 = DIRECTION('',(0.,0.,1.));
#16144 = ORIENTED_EDGE('',*,*,#12921,.F.);
#16145 = ORIENTED_EDGE('',*,*,#16139,.F.);
#16146 = CYLINDRICAL_SURFACE('',#16147,0.875);
#16147 = AXIS2_PLACEMENT_3D('',#16148,#16149,#16150);
#16148 = CARTESIAN_POINT('',(380.6225,-219.035,-4.6E-02));
#16149 = DIRECTION('',(-0.,-0.,-1.));
#16150 = DIRECTION('',(-0.,-1.,0.));
#16151 = ADVANCED_FACE('',(#16152),#16163,.F.);
#16152 = FACE_BOUND('',#16153,.T.);
#16153 = EDGE_LOOP('',(#16154,#16155,#16161,#16162));
#16154 = ORIENTED_EDGE('',*,*,#10209,.T.);
#16155 = ORIENTED_EDGE('',*,*,#16156,.T.);
#16156 = EDGE_CURVE('',#10210,#12933,#16157,.T.);
#16157 = LINE('',#16158,#16159);
#16158 = CARTESIAN_POINT('',(366.81125,-214.705,-4.6E-02));
#16159 = VECTOR('',#16160,1.);
#16160 = DIRECTION('',(0.,0.,1.));
#16161 = ORIENTED_EDGE('',*,*,#12932,.F.);
#16162 = ORIENTED_EDGE('',*,*,#16156,.F.);
#16163 = CYLINDRICAL_SURFACE('',#16164,0.75);
#16164 = AXIS2_PLACEMENT_3D('',#16165,#16166,#16167);
#16165 = CARTESIAN_POINT('',(366.81125,-213.955,-4.6E-02));
#16166 = DIRECTION('',(-0.,-0.,-1.));
#16167 = DIRECTION('',(-0.,-1.,0.));
#16168 = ADVANCED_FACE('',(#16169),#16180,.F.);
#16169 = FACE_BOUND('',#16170,.T.);
#16170 = EDGE_LOOP('',(#16171,#16172,#16178,#16179));
#16171 = ORIENTED_EDGE('',*,*,#10220,.T.);
#16172 = ORIENTED_EDGE('',*,*,#16173,.T.);
#16173 = EDGE_CURVE('',#10221,#12944,#16174,.T.);
#16174 = LINE('',#16175,#16176);
#16175 = CARTESIAN_POINT('',(385.7025,-221.035,-4.6E-02));
#16176 = VECTOR('',#16177,1.);
#16177 = DIRECTION('',(0.,0.,1.));
#16178 = ORIENTED_EDGE('',*,*,#12943,.F.);
#16179 = ORIENTED_EDGE('',*,*,#16173,.F.);
#16180 = CYLINDRICAL_SURFACE('',#16181,2.);
#16181 = AXIS2_PLACEMENT_3D('',#16182,#16183,#16184);
#16182 = CARTESIAN_POINT('',(385.7025,-219.035,-4.6E-02));
#16183 = DIRECTION('',(-0.,-0.,-1.));
#16184 = DIRECTION('',(-0.,-1.,0.));
#16185 = ADVANCED_FACE('',(#16186),#16197,.F.);
#16186 = FACE_BOUND('',#16187,.T.);
#16187 = EDGE_LOOP('',(#16188,#16189,#16195,#16196));
#16188 = ORIENTED_EDGE('',*,*,#10231,.T.);
#16189 = ORIENTED_EDGE('',*,*,#16190,.T.);
#16190 = EDGE_CURVE('',#10232,#12955,#16191,.T.);
#16191 = LINE('',#16192,#16193);
#16192 = CARTESIAN_POINT('',(390.7825,-219.91,-4.6E-02));
#16193 = VECTOR('',#16194,1.);
#16194 = DIRECTION('',(0.,0.,1.));
#16195 = ORIENTED_EDGE('',*,*,#12954,.F.);
#16196 = ORIENTED_EDGE('',*,*,#16190,.F.);
#16197 = CYLINDRICAL_SURFACE('',#16198,0.875);
#16198 = AXIS2_PLACEMENT_3D('',#16199,#16200,#16201);
#16199 = CARTESIAN_POINT('',(390.7825,-219.035,-4.6E-02));
#16200 = DIRECTION('',(-0.,-0.,-1.));
#16201 = DIRECTION('',(-0.,-1.,0.));
#16202 = ADVANCED_FACE('',(#16203),#16214,.F.);
#16203 = FACE_BOUND('',#16204,.T.);
#16204 = EDGE_LOOP('',(#16205,#16206,#16212,#16213));
#16205 = ORIENTED_EDGE('',*,*,#10242,.T.);
#16206 = ORIENTED_EDGE('',*,*,#16207,.T.);
#16207 = EDGE_CURVE('',#10243,#12966,#16208,.T.);
#16208 = LINE('',#16209,#16210);
#16209 = CARTESIAN_POINT('',(381.8925,-217.245,-4.6E-02));
#16210 = VECTOR('',#16211,1.);
#16211 = DIRECTION('',(0.,0.,1.));
#16212 = ORIENTED_EDGE('',*,*,#12965,.F.);
#16213 = ORIENTED_EDGE('',*,*,#16207,.F.);
#16214 = CYLINDRICAL_SURFACE('',#16215,0.75);
#16215 = AXIS2_PLACEMENT_3D('',#16216,#16217,#16218);
#16216 = CARTESIAN_POINT('',(381.8925,-216.495,-4.6E-02));
#16217 = DIRECTION('',(-0.,-0.,-1.));
#16218 = DIRECTION('',(-0.,-1.,0.));
#16219 = ADVANCED_FACE('',(#16220),#16231,.F.);
#16220 = FACE_BOUND('',#16221,.T.);
#16221 = EDGE_LOOP('',(#16222,#16223,#16229,#16230));
#16222 = ORIENTED_EDGE('',*,*,#10253,.T.);
#16223 = ORIENTED_EDGE('',*,*,#16224,.T.);
#16224 = EDGE_CURVE('',#10254,#12977,#16225,.T.);
#16225 = LINE('',#16226,#16227);
#16226 = CARTESIAN_POINT('',(388.2425,-214.705,-4.6E-02));
#16227 = VECTOR('',#16228,1.);
#16228 = DIRECTION('',(0.,0.,1.));
#16229 = ORIENTED_EDGE('',*,*,#12976,.F.);
#16230 = ORIENTED_EDGE('',*,*,#16224,.F.);
#16231 = CYLINDRICAL_SURFACE('',#16232,0.75);
#16232 = AXIS2_PLACEMENT_3D('',#16233,#16234,#16235);
#16233 = CARTESIAN_POINT('',(388.2425,-213.955,-4.6E-02));
#16234 = DIRECTION('',(-0.,-0.,-1.));
#16235 = DIRECTION('',(-0.,-1.,0.));
#16236 = ADVANCED_FACE('',(#16237),#16248,.F.);
#16237 = FACE_BOUND('',#16238,.T.);
#16238 = EDGE_LOOP('',(#16239,#16245,#16246,#16247));
#16239 = ORIENTED_EDGE('',*,*,#16240,.T.);
#16240 = EDGE_CURVE('',#10265,#12988,#16241,.T.);
#16241 = LINE('',#16242,#16243);
#16242 = CARTESIAN_POINT('',(423.207419,-228.560056,0.));
#16243 = VECTOR('',#16244,1.);
#16244 = DIRECTION('',(0.,0.,1.));
#16245 = ORIENTED_EDGE('',*,*,#12987,.T.);
#16246 = ORIENTED_EDGE('',*,*,#16240,.F.);
#16247 = ORIENTED_EDGE('',*,*,#10264,.F.);
#16248 = CYLINDRICAL_SURFACE('',#16249,1.190626);
#16249 = AXIS2_PLACEMENT_3D('',#16250,#16251,#16252);
#16250 = CARTESIAN_POINT('',(422.016793,-228.560056,0.));
#16251 = DIRECTION('',(-0.,-0.,-1.));
#16252 = DIRECTION('',(1.,0.,0.));
#16253 = ADVANCED_FACE('',(#16254),#16265,.F.);
#16254 = FACE_BOUND('',#16255,.T.);
#16255 = EDGE_LOOP('',(#16256,#16262,#16263,#16264));
#16256 = ORIENTED_EDGE('',*,*,#16257,.T.);
#16257 = EDGE_CURVE('',#10276,#12999,#16258,.T.);
#16258 = LINE('',#16259,#16260);
#16259 = CARTESIAN_POINT('',(441.066809,-228.560056,0.));
#16260 = VECTOR('',#16261,1.);
#16261 = DIRECTION('',(0.,0.,1.));
#16262 = ORIENTED_EDGE('',*,*,#12998,.T.);
#16263 = ORIENTED_EDGE('',*,*,#16257,.F.);
#16264 = ORIENTED_EDGE('',*,*,#10275,.F.);
#16265 = CYLINDRICAL_SURFACE('',#16266,1.190626);
#16266 = AXIS2_PLACEMENT_3D('',#16267,#16268,#16269);
#16267 = CARTESIAN_POINT('',(439.876183,-228.560056,0.));
#16268 = DIRECTION('',(-0.,-0.,-1.));
#16269 = DIRECTION('',(1.,0.,0.));
#16270 = ADVANCED_FACE('',(#16271),#16282,.F.);
#16271 = FACE_BOUND('',#16272,.T.);
#16272 = EDGE_LOOP('',(#16273,#16274,#16280,#16281));
#16273 = ORIENTED_EDGE('',*,*,#10286,.T.);
#16274 = ORIENTED_EDGE('',*,*,#16275,.T.);
#16275 = EDGE_CURVE('',#10287,#13010,#16276,.T.);
#16276 = LINE('',#16277,#16278);
#16277 = CARTESIAN_POINT('',(423.802732,-221.459109,-4.6E-02));
#16278 = VECTOR('',#16279,1.);
#16279 = DIRECTION('',(0.,0.,1.));
#16280 = ORIENTED_EDGE('',*,*,#13009,.F.);
#16281 = ORIENTED_EDGE('',*,*,#16275,.F.);
#16282 = CYLINDRICAL_SURFACE('',#16283,0.4);
#16283 = AXIS2_PLACEMENT_3D('',#16284,#16285,#16286);
#16284 = CARTESIAN_POINT('',(423.802732,-221.059109,-4.6E-02));
#16285 = DIRECTION('',(-0.,-0.,-1.));
#16286 = DIRECTION('',(-0.,-1.,0.));
#16287 = ADVANCED_FACE('',(#16288),#16299,.F.);
#16288 = FACE_BOUND('',#16289,.T.);
#16289 = EDGE_LOOP('',(#16290,#16291,#16297,#16298));
#16290 = ORIENTED_EDGE('',*,*,#10297,.T.);
#16291 = ORIENTED_EDGE('',*,*,#16292,.T.);
#16292 = EDGE_CURVE('',#10298,#13021,#16293,.T.);
#16293 = LINE('',#16294,#16295);
#16294 = CARTESIAN_POINT('',(426.183984,-221.459109,-4.6E-02));
#16295 = VECTOR('',#16296,1.);
#16296 = DIRECTION('',(0.,0.,1.));
#16297 = ORIENTED_EDGE('',*,*,#13020,.F.);
#16298 = ORIENTED_EDGE('',*,*,#16292,.F.);
#16299 = CYLINDRICAL_SURFACE('',#16300,0.4);
#16300 = AXIS2_PLACEMENT_3D('',#16301,#16302,#16303);
#16301 = CARTESIAN_POINT('',(426.183984,-221.059109,-4.6E-02));
#16302 = DIRECTION('',(-0.,-0.,-1.));
#16303 = DIRECTION('',(-0.,-1.,0.));
#16304 = ADVANCED_FACE('',(#16305),#16316,.F.);
#16305 = FACE_BOUND('',#16306,.T.);
#16306 = EDGE_LOOP('',(#16307,#16308,#16314,#16315));
#16307 = ORIENTED_EDGE('',*,*,#10308,.T.);
#16308 = ORIENTED_EDGE('',*,*,#16309,.T.);
#16309 = EDGE_CURVE('',#10309,#13032,#16310,.T.);
#16310 = LINE('',#16311,#16312);
#16311 = CARTESIAN_POINT('',(428.565236,-221.459109,-4.6E-02));
#16312 = VECTOR('',#16313,1.);
#16313 = DIRECTION('',(0.,0.,1.));
#16314 = ORIENTED_EDGE('',*,*,#13031,.F.);
#16315 = ORIENTED_EDGE('',*,*,#16309,.F.);
#16316 = CYLINDRICAL_SURFACE('',#16317,0.4);
#16317 = AXIS2_PLACEMENT_3D('',#16318,#16319,#16320);
#16318 = CARTESIAN_POINT('',(428.565236,-221.059109,-4.6E-02));
#16319 = DIRECTION('',(-0.,-0.,-1.));
#16320 = DIRECTION('',(-0.,-1.,0.));
#16321 = ADVANCED_FACE('',(#16322),#16333,.F.);
#16322 = FACE_BOUND('',#16323,.T.);
#16323 = EDGE_LOOP('',(#16324,#16325,#16331,#16332));
#16324 = ORIENTED_EDGE('',*,*,#10319,.T.);
#16325 = ORIENTED_EDGE('',*,*,#16326,.T.);
#16326 = EDGE_CURVE('',#10320,#13043,#16327,.T.);
#16327 = LINE('',#16328,#16329);
#16328 = CARTESIAN_POINT('',(430.946488,-221.459109,-4.6E-02));
#16329 = VECTOR('',#16330,1.);
#16330 = DIRECTION('',(0.,0.,1.));
#16331 = ORIENTED_EDGE('',*,*,#13042,.F.);
#16332 = ORIENTED_EDGE('',*,*,#16326,.F.);
#16333 = CYLINDRICAL_SURFACE('',#16334,0.4);
#16334 = AXIS2_PLACEMENT_3D('',#16335,#16336,#16337);
#16335 = CARTESIAN_POINT('',(430.946488,-221.059109,-4.6E-02));
#16336 = DIRECTION('',(-0.,-0.,-1.));
#16337 = DIRECTION('',(-1.42108547152E-13,-1.,0.));
#16338 = ADVANCED_FACE('',(#16339),#16350,.F.);
#16339 = FACE_BOUND('',#16340,.T.);
#16340 = EDGE_LOOP('',(#16341,#16342,#16348,#16349));
#16341 = ORIENTED_EDGE('',*,*,#10330,.T.);
#16342 = ORIENTED_EDGE('',*,*,#16343,.T.);
#16343 = EDGE_CURVE('',#10331,#13054,#16344,.T.);
#16344 = LINE('',#16345,#16346);
#16345 = CARTESIAN_POINT('',(433.32774,-221.459109,-4.6E-02));
#16346 = VECTOR('',#16347,1.);
#16347 = DIRECTION('',(0.,0.,1.));
#16348 = ORIENTED_EDGE('',*,*,#13053,.F.);
#16349 = ORIENTED_EDGE('',*,*,#16343,.F.);
#16350 = CYLINDRICAL_SURFACE('',#16351,0.4);
#16351 = AXIS2_PLACEMENT_3D('',#16352,#16353,#16354);
#16352 = CARTESIAN_POINT('',(433.32774,-221.059109,-4.6E-02));
#16353 = DIRECTION('',(-0.,0.,-1.));
#16354 = DIRECTION('',(1.42108547152E-13,-1.,-0.));
#16355 = ADVANCED_FACE('',(#16356),#16367,.F.);
#16356 = FACE_BOUND('',#16357,.T.);
#16357 = EDGE_LOOP('',(#16358,#16359,#16365,#16366));
#16358 = ORIENTED_EDGE('',*,*,#10341,.T.);
#16359 = ORIENTED_EDGE('',*,*,#16360,.T.);
#16360 = EDGE_CURVE('',#10342,#13065,#16361,.T.);
#16361 = LINE('',#16362,#16363);
#16362 = CARTESIAN_POINT('',(435.708992,-221.459109,-4.6E-02));
#16363 = VECTOR('',#16364,1.);
#16364 = DIRECTION('',(0.,0.,1.));
#16365 = ORIENTED_EDGE('',*,*,#13064,.F.);
#16366 = ORIENTED_EDGE('',*,*,#16360,.F.);
#16367 = CYLINDRICAL_SURFACE('',#16368,0.4);
#16368 = AXIS2_PLACEMENT_3D('',#16369,#16370,#16371);
#16369 = CARTESIAN_POINT('',(435.708992,-221.059109,-4.6E-02));
#16370 = DIRECTION('',(-0.,0.,-1.));
#16371 = DIRECTION('',(1.42108547152E-13,-1.,-0.));
#16372 = ADVANCED_FACE('',(#16373),#16384,.F.);
#16373 = FACE_BOUND('',#16374,.T.);
#16374 = EDGE_LOOP('',(#16375,#16376,#16382,#16383));
#16375 = ORIENTED_EDGE('',*,*,#10352,.T.);
#16376 = ORIENTED_EDGE('',*,*,#16377,.T.);
#16377 = EDGE_CURVE('',#10353,#13076,#16378,.T.);
#16378 = LINE('',#16379,#16380);
#16379 = CARTESIAN_POINT('',(438.090244,-221.459109,-4.6E-02));
#16380 = VECTOR('',#16381,1.);
#16381 = DIRECTION('',(0.,0.,1.));
#16382 = ORIENTED_EDGE('',*,*,#13075,.F.);
#16383 = ORIENTED_EDGE('',*,*,#16377,.F.);
#16384 = CYLINDRICAL_SURFACE('',#16385,0.4);
#16385 = AXIS2_PLACEMENT_3D('',#16386,#16387,#16388);
#16386 = CARTESIAN_POINT('',(438.090244,-221.059109,-4.6E-02));
#16387 = DIRECTION('',(-0.,-0.,-1.));
#16388 = DIRECTION('',(-0.,-1.,0.));
#16389 = ADVANCED_FACE('',(#16390),#16401,.F.);
#16390 = FACE_BOUND('',#16391,.T.);
#16391 = EDGE_LOOP('',(#16392,#16393,#16399,#16400));
#16392 = ORIENTED_EDGE('',*,*,#10363,.T.);
#16393 = ORIENTED_EDGE('',*,*,#16394,.T.);
#16394 = EDGE_CURVE('',#10364,#13087,#16395,.T.);
#16395 = LINE('',#16396,#16397);
#16396 = CARTESIAN_POINT('',(402.05375,-219.91,-4.6E-02));
#16397 = VECTOR('',#16398,1.);
#16398 = DIRECTION('',(0.,0.,1.));
#16399 = ORIENTED_EDGE('',*,*,#13086,.F.);
#16400 = ORIENTED_EDGE('',*,*,#16394,.F.);
#16401 = CYLINDRICAL_SURFACE('',#16402,0.875);
#16402 = AXIS2_PLACEMENT_3D('',#16403,#16404,#16405);
#16403 = CARTESIAN_POINT('',(402.05375,-219.035,-4.6E-02));
#16404 = DIRECTION('',(-0.,-0.,-1.));
#16405 = DIRECTION('',(-0.,-1.,0.));
#16406 = ADVANCED_FACE('',(#16407),#16418,.F.);
#16407 = FACE_BOUND('',#16408,.T.);
#16408 = EDGE_LOOP('',(#16409,#16410,#16416,#16417));
#16409 = ORIENTED_EDGE('',*,*,#10374,.T.);
#16410 = ORIENTED_EDGE('',*,*,#16411,.T.);
#16411 = EDGE_CURVE('',#10375,#13098,#16412,.T.);
#16412 = LINE('',#16413,#16414);
#16413 = CARTESIAN_POINT('',(407.13375,-221.035,-4.6E-02));
#16414 = VECTOR('',#16415,1.);
#16415 = DIRECTION('',(0.,0.,1.));
#16416 = ORIENTED_EDGE('',*,*,#13097,.F.);
#16417 = ORIENTED_EDGE('',*,*,#16411,.F.);
#16418 = CYLINDRICAL_SURFACE('',#16419,2.);
#16419 = AXIS2_PLACEMENT_3D('',#16420,#16421,#16422);
#16420 = CARTESIAN_POINT('',(407.13375,-219.035,-4.6E-02));
#16421 = DIRECTION('',(-0.,-0.,-1.));
#16422 = DIRECTION('',(-0.,-1.,0.));
#16423 = ADVANCED_FACE('',(#16424),#16435,.F.);
#16424 = FACE_BOUND('',#16425,.T.);
#16425 = EDGE_LOOP('',(#16426,#16427,#16433,#16434));
#16426 = ORIENTED_EDGE('',*,*,#10385,.T.);
#16427 = ORIENTED_EDGE('',*,*,#16428,.T.);
#16428 = EDGE_CURVE('',#10386,#13109,#16429,.T.);
#16429 = LINE('',#16430,#16431);
#16430 = CARTESIAN_POINT('',(403.32375,-217.245,-4.6E-02));
#16431 = VECTOR('',#16432,1.);
#16432 = DIRECTION('',(0.,0.,1.));
#16433 = ORIENTED_EDGE('',*,*,#13108,.F.);
#16434 = ORIENTED_EDGE('',*,*,#16428,.F.);
#16435 = CYLINDRICAL_SURFACE('',#16436,0.75);
#16436 = AXIS2_PLACEMENT_3D('',#16437,#16438,#16439);
#16437 = CARTESIAN_POINT('',(403.32375,-216.495,-4.6E-02));
#16438 = DIRECTION('',(-0.,-0.,-1.));
#16439 = DIRECTION('',(-0.,-1.,0.));
#16440 = ADVANCED_FACE('',(#16441),#16452,.F.);
#16441 = FACE_BOUND('',#16442,.T.);
#16442 = EDGE_LOOP('',(#16443,#16444,#16450,#16451));
#16443 = ORIENTED_EDGE('',*,*,#10396,.T.);
#16444 = ORIENTED_EDGE('',*,*,#16445,.T.);
#16445 = EDGE_CURVE('',#10397,#13120,#16446,.T.);
#16446 = LINE('',#16447,#16448);
#16447 = CARTESIAN_POINT('',(412.21375,-219.91,-4.6E-02));
#16448 = VECTOR('',#16449,1.);
#16449 = DIRECTION('',(0.,0.,1.));
#16450 = ORIENTED_EDGE('',*,*,#13119,.F.);
#16451 = ORIENTED_EDGE('',*,*,#16445,.F.);
#16452 = CYLINDRICAL_SURFACE('',#16453,0.875);
#16453 = AXIS2_PLACEMENT_3D('',#16454,#16455,#16456);
#16454 = CARTESIAN_POINT('',(412.21375,-219.035,-4.6E-02));
#16455 = DIRECTION('',(-0.,-0.,-1.));
#16456 = DIRECTION('',(-0.,-1.,0.));
#16457 = ADVANCED_FACE('',(#16458),#16469,.F.);
#16458 = FACE_BOUND('',#16459,.T.);
#16459 = EDGE_LOOP('',(#16460,#16461,#16467,#16468));
#16460 = ORIENTED_EDGE('',*,*,#10407,.T.);
#16461 = ORIENTED_EDGE('',*,*,#16462,.T.);
#16462 = EDGE_CURVE('',#10408,#13131,#16463,.T.);
#16463 = LINE('',#16464,#16465);
#16464 = CARTESIAN_POINT('',(409.67375,-214.705,-4.6E-02));
#16465 = VECTOR('',#16466,1.);
#16466 = DIRECTION('',(0.,0.,1.));
#16467 = ORIENTED_EDGE('',*,*,#13130,.F.);
#16468 = ORIENTED_EDGE('',*,*,#16462,.F.);
#16469 = CYLINDRICAL_SURFACE('',#16470,0.75);
#16470 = AXIS2_PLACEMENT_3D('',#16471,#16472,#16473);
#16471 = CARTESIAN_POINT('',(409.67375,-213.955,-4.6E-02));
#16472 = DIRECTION('',(-0.,-0.,-1.));
#16473 = DIRECTION('',(-0.,-1.,0.));
#16474 = ADVANCED_FACE('',(#16475),#16486,.F.);
#16475 = FACE_BOUND('',#16476,.T.);
#16476 = EDGE_LOOP('',(#16477,#16478,#16484,#16485));
#16477 = ORIENTED_EDGE('',*,*,#10418,.T.);
#16478 = ORIENTED_EDGE('',*,*,#16479,.T.);
#16479 = EDGE_CURVE('',#10419,#13142,#16480,.T.);
#16480 = LINE('',#16481,#16482);
#16481 = CARTESIAN_POINT('',(423.802732,-213.839109,-4.6E-02));
#16482 = VECTOR('',#16483,1.);
#16483 = DIRECTION('',(0.,0.,1.));
#16484 = ORIENTED_EDGE('',*,*,#13141,.F.);
#16485 = ORIENTED_EDGE('',*,*,#16479,.F.);
#16486 = CYLINDRICAL_SURFACE('',#16487,0.4);
#16487 = AXIS2_PLACEMENT_3D('',#16488,#16489,#16490);
#16488 = CARTESIAN_POINT('',(423.802732,-213.439109,-4.6E-02));
#16489 = DIRECTION('',(-0.,-0.,-1.));
#16490 = DIRECTION('',(-0.,-1.,0.));
#16491 = ADVANCED_FACE('',(#16492),#16503,.F.);
#16492 = FACE_BOUND('',#16493,.T.);
#16493 = EDGE_LOOP('',(#16494,#16495,#16501,#16502));
#16494 = ORIENTED_EDGE('',*,*,#10429,.T.);
#16495 = ORIENTED_EDGE('',*,*,#16496,.T.);
#16496 = EDGE_CURVE('',#10430,#13153,#16497,.T.);
#16497 = LINE('',#16498,#16499);
#16498 = CARTESIAN_POINT('',(426.183984,-213.839109,-4.6E-02));
#16499 = VECTOR('',#16500,1.);
#16500 = DIRECTION('',(0.,0.,1.));
#16501 = ORIENTED_EDGE('',*,*,#13152,.F.);
#16502 = ORIENTED_EDGE('',*,*,#16496,.F.);
#16503 = CYLINDRICAL_SURFACE('',#16504,0.4);
#16504 = AXIS2_PLACEMENT_3D('',#16505,#16506,#16507);
#16505 = CARTESIAN_POINT('',(426.183984,-213.439109,-4.6E-02));
#16506 = DIRECTION('',(-0.,-0.,-1.));
#16507 = DIRECTION('',(-0.,-1.,0.));
#16508 = ADVANCED_FACE('',(#16509),#16520,.F.);
#16509 = FACE_BOUND('',#16510,.T.);
#16510 = EDGE_LOOP('',(#16511,#16512,#16518,#16519));
#16511 = ORIENTED_EDGE('',*,*,#10440,.T.);
#16512 = ORIENTED_EDGE('',*,*,#16513,.T.);
#16513 = EDGE_CURVE('',#10441,#13164,#16514,.T.);
#16514 = LINE('',#16515,#16516);
#16515 = CARTESIAN_POINT('',(428.565236,-213.839109,-4.6E-02));
#16516 = VECTOR('',#16517,1.);
#16517 = DIRECTION('',(0.,0.,1.));
#16518 = ORIENTED_EDGE('',*,*,#13163,.F.);
#16519 = ORIENTED_EDGE('',*,*,#16513,.F.);
#16520 = CYLINDRICAL_SURFACE('',#16521,0.4);
#16521 = AXIS2_PLACEMENT_3D('',#16522,#16523,#16524);
#16522 = CARTESIAN_POINT('',(428.565236,-213.439109,-4.6E-02));
#16523 = DIRECTION('',(-0.,-0.,-1.));
#16524 = DIRECTION('',(-0.,-1.,0.));
#16525 = ADVANCED_FACE('',(#16526),#16537,.F.);
#16526 = FACE_BOUND('',#16527,.T.);
#16527 = EDGE_LOOP('',(#16528,#16529,#16535,#16536));
#16528 = ORIENTED_EDGE('',*,*,#10451,.T.);
#16529 = ORIENTED_EDGE('',*,*,#16530,.T.);
#16530 = EDGE_CURVE('',#10452,#13175,#16531,.T.);
#16531 = LINE('',#16532,#16533);
#16532 = CARTESIAN_POINT('',(430.946488,-213.839109,-4.6E-02));
#16533 = VECTOR('',#16534,1.);
#16534 = DIRECTION('',(0.,0.,1.));
#16535 = ORIENTED_EDGE('',*,*,#13174,.F.);
#16536 = ORIENTED_EDGE('',*,*,#16530,.F.);
#16537 = CYLINDRICAL_SURFACE('',#16538,0.4);
#16538 = AXIS2_PLACEMENT_3D('',#16539,#16540,#16541);
#16539 = CARTESIAN_POINT('',(430.946488,-213.439109,-4.6E-02));
#16540 = DIRECTION('',(-0.,-0.,-1.));
#16541 = DIRECTION('',(-1.42108547152E-13,-1.,0.));
#16542 = ADVANCED_FACE('',(#16543),#16554,.F.);
#16543 = FACE_BOUND('',#16544,.T.);
#16544 = EDGE_LOOP('',(#16545,#16546,#16552,#16553));
#16545 = ORIENTED_EDGE('',*,*,#10462,.T.);
#16546 = ORIENTED_EDGE('',*,*,#16547,.T.);
#16547 = EDGE_CURVE('',#10463,#13186,#16548,.T.);
#16548 = LINE('',#16549,#16550);
#16549 = CARTESIAN_POINT('',(422.612106,-211.338788,-4.6E-02));
#16550 = VECTOR('',#16551,1.);
#16551 = DIRECTION('',(0.,0.,1.));
#16552 = ORIENTED_EDGE('',*,*,#13185,.F.);
#16553 = ORIENTED_EDGE('',*,*,#16547,.F.);
#16554 = CYLINDRICAL_SURFACE('',#16555,0.4);
#16555 = AXIS2_PLACEMENT_3D('',#16556,#16557,#16558);
#16556 = CARTESIAN_POINT('',(422.612106,-210.938788,-4.6E-02));
#16557 = DIRECTION('',(-0.,-0.,-1.));
#16558 = DIRECTION('',(-1.42108547152E-13,-1.,0.));
#16559 = ADVANCED_FACE('',(#16560),#16571,.F.);
#16560 = FACE_BOUND('',#16561,.T.);
#16561 = EDGE_LOOP('',(#16562,#16563,#16569,#16570));
#16562 = ORIENTED_EDGE('',*,*,#10473,.T.);
#16563 = ORIENTED_EDGE('',*,*,#16564,.T.);
#16564 = EDGE_CURVE('',#10474,#13197,#16565,.T.);
#16565 = LINE('',#16566,#16567);
#16566 = CARTESIAN_POINT('',(424.993358,-211.338788,-4.6E-02));
#16567 = VECTOR('',#16568,1.);
#16568 = DIRECTION('',(0.,0.,1.));
#16569 = ORIENTED_EDGE('',*,*,#13196,.F.);
#16570 = ORIENTED_EDGE('',*,*,#16564,.F.);
#16571 = CYLINDRICAL_SURFACE('',#16572,0.4);
#16572 = AXIS2_PLACEMENT_3D('',#16573,#16574,#16575);
#16573 = CARTESIAN_POINT('',(424.993358,-210.938788,-4.6E-02));
#16574 = DIRECTION('',(-0.,-0.,-1.));
#16575 = DIRECTION('',(-0.,-1.,0.));
#16576 = ADVANCED_FACE('',(#16577),#16588,.F.);
#16577 = FACE_BOUND('',#16578,.T.);
#16578 = EDGE_LOOP('',(#16579,#16580,#16586,#16587));
#16579 = ORIENTED_EDGE('',*,*,#10484,.T.);
#16580 = ORIENTED_EDGE('',*,*,#16581,.T.);
#16581 = EDGE_CURVE('',#10485,#13208,#16582,.T.);
#16582 = LINE('',#16583,#16584);
#16583 = CARTESIAN_POINT('',(427.37461,-211.338788,-4.6E-02));
#16584 = VECTOR('',#16585,1.);
#16585 = DIRECTION('',(0.,0.,1.));
#16586 = ORIENTED_EDGE('',*,*,#13207,.F.);
#16587 = ORIENTED_EDGE('',*,*,#16581,.F.);
#16588 = CYLINDRICAL_SURFACE('',#16589,0.4);
#16589 = AXIS2_PLACEMENT_3D('',#16590,#16591,#16592);
#16590 = CARTESIAN_POINT('',(427.37461,-210.938788,-4.6E-02));
#16591 = DIRECTION('',(-0.,0.,-1.));
#16592 = DIRECTION('',(1.42108547152E-13,-1.,-0.));
#16593 = ADVANCED_FACE('',(#16594),#16605,.F.);
#16594 = FACE_BOUND('',#16595,.T.);
#16595 = EDGE_LOOP('',(#16596,#16597,#16603,#16604));
#16596 = ORIENTED_EDGE('',*,*,#10495,.T.);
#16597 = ORIENTED_EDGE('',*,*,#16598,.T.);
#16598 = EDGE_CURVE('',#10496,#13219,#16599,.T.);
#16599 = LINE('',#16600,#16601);
#16600 = CARTESIAN_POINT('',(429.755862,-211.338788,-4.6E-02));
#16601 = VECTOR('',#16602,1.);
#16602 = DIRECTION('',(0.,0.,1.));
#16603 = ORIENTED_EDGE('',*,*,#13218,.F.);
#16604 = ORIENTED_EDGE('',*,*,#16598,.F.);
#16605 = CYLINDRICAL_SURFACE('',#16606,0.4);
#16606 = AXIS2_PLACEMENT_3D('',#16607,#16608,#16609);
#16607 = CARTESIAN_POINT('',(429.755862,-210.938788,-4.6E-02));
#16608 = DIRECTION('',(-0.,-0.,-1.));
#16609 = DIRECTION('',(-0.,-1.,0.));
#16610 = ADVANCED_FACE('',(#16611),#16622,.F.);
#16611 = FACE_BOUND('',#16612,.T.);
#16612 = EDGE_LOOP('',(#16613,#16614,#16620,#16621));
#16613 = ORIENTED_EDGE('',*,*,#10506,.T.);
#16614 = ORIENTED_EDGE('',*,*,#16615,.T.);
#16615 = EDGE_CURVE('',#10507,#13230,#16616,.T.);
#16616 = LINE('',#16617,#16618);
#16617 = CARTESIAN_POINT('',(433.32774,-213.839109,-4.6E-02));
#16618 = VECTOR('',#16619,1.);
#16619 = DIRECTION('',(0.,0.,1.));
#16620 = ORIENTED_EDGE('',*,*,#13229,.F.);
#16621 = ORIENTED_EDGE('',*,*,#16615,.F.);
#16622 = CYLINDRICAL_SURFACE('',#16623,0.4);
#16623 = AXIS2_PLACEMENT_3D('',#16624,#16625,#16626);
#16624 = CARTESIAN_POINT('',(433.32774,-213.439109,-4.6E-02));
#16625 = DIRECTION('',(-0.,0.,-1.));
#16626 = DIRECTION('',(1.42108547152E-13,-1.,-0.));
#16627 = ADVANCED_FACE('',(#16628),#16639,.F.);
#16628 = FACE_BOUND('',#16629,.T.);
#16629 = EDGE_LOOP('',(#16630,#16631,#16637,#16638));
#16630 = ORIENTED_EDGE('',*,*,#10517,.T.);
#16631 = ORIENTED_EDGE('',*,*,#16632,.T.);
#16632 = EDGE_CURVE('',#10518,#13241,#16633,.T.);
#16633 = LINE('',#16634,#16635);
#16634 = CARTESIAN_POINT('',(435.708992,-213.839109,-4.6E-02));
#16635 = VECTOR('',#16636,1.);
#16636 = DIRECTION('',(0.,0.,1.));
#16637 = ORIENTED_EDGE('',*,*,#13240,.F.);
#16638 = ORIENTED_EDGE('',*,*,#16632,.F.);
#16639 = CYLINDRICAL_SURFACE('',#16640,0.4);
#16640 = AXIS2_PLACEMENT_3D('',#16641,#16642,#16643);
#16641 = CARTESIAN_POINT('',(435.708992,-213.439109,-4.6E-02));
#16642 = DIRECTION('',(-0.,0.,-1.));
#16643 = DIRECTION('',(1.42108547152E-13,-1.,-0.));
#16644 = ADVANCED_FACE('',(#16645),#16656,.F.);
#16645 = FACE_BOUND('',#16646,.T.);
#16646 = EDGE_LOOP('',(#16647,#16648,#16654,#16655));
#16647 = ORIENTED_EDGE('',*,*,#10528,.T.);
#16648 = ORIENTED_EDGE('',*,*,#16649,.T.);
#16649 = EDGE_CURVE('',#10529,#13252,#16650,.T.);
#16650 = LINE('',#16651,#16652);
#16651 = CARTESIAN_POINT('',(438.090244,-213.839109,-4.6E-02));
#16652 = VECTOR('',#16653,1.);
#16653 = DIRECTION('',(0.,0.,1.));
#16654 = ORIENTED_EDGE('',*,*,#13251,.F.);
#16655 = ORIENTED_EDGE('',*,*,#16649,.F.);
#16656 = CYLINDRICAL_SURFACE('',#16657,0.4);
#16657 = AXIS2_PLACEMENT_3D('',#16658,#16659,#16660);
#16658 = CARTESIAN_POINT('',(438.090244,-213.439109,-4.6E-02));
#16659 = DIRECTION('',(-0.,-0.,-1.));
#16660 = DIRECTION('',(-0.,-1.,0.));
#16661 = ADVANCED_FACE('',(#16662),#16673,.F.);
#16662 = FACE_BOUND('',#16663,.T.);
#16663 = EDGE_LOOP('',(#16664,#16665,#16671,#16672));
#16664 = ORIENTED_EDGE('',*,*,#10539,.T.);
#16665 = ORIENTED_EDGE('',*,*,#16666,.T.);
#16666 = EDGE_CURVE('',#10540,#13263,#16667,.T.);
#16667 = LINE('',#16668,#16669);
#16668 = CARTESIAN_POINT('',(432.137114,-211.338788,-4.6E-02));
#16669 = VECTOR('',#16670,1.);
#16670 = DIRECTION('',(0.,0.,1.));
#16671 = ORIENTED_EDGE('',*,*,#13262,.F.);
#16672 = ORIENTED_EDGE('',*,*,#16666,.F.);
#16673 = CYLINDRICAL_SURFACE('',#16674,0.4);
#16674 = AXIS2_PLACEMENT_3D('',#16675,#16676,#16677);
#16675 = CARTESIAN_POINT('',(432.137114,-210.938788,-4.6E-02));
#16676 = DIRECTION('',(-0.,-0.,-1.));
#16677 = DIRECTION('',(-0.,-1.,0.));
#16678 = ADVANCED_FACE('',(#16679),#16690,.F.);
#16679 = FACE_BOUND('',#16680,.T.);
#16680 = EDGE_LOOP('',(#16681,#16682,#16688,#16689));
#16681 = ORIENTED_EDGE('',*,*,#10550,.T.);
#16682 = ORIENTED_EDGE('',*,*,#16683,.T.);
#16683 = EDGE_CURVE('',#10551,#13274,#16684,.T.);
#16684 = LINE('',#16685,#16686);
#16685 = CARTESIAN_POINT('',(434.518366,-211.338788,-4.6E-02));
#16686 = VECTOR('',#16687,1.);
#16687 = DIRECTION('',(0.,0.,1.));
#16688 = ORIENTED_EDGE('',*,*,#13273,.F.);
#16689 = ORIENTED_EDGE('',*,*,#16683,.F.);
#16690 = CYLINDRICAL_SURFACE('',#16691,0.4);
#16691 = AXIS2_PLACEMENT_3D('',#16692,#16693,#16694);
#16692 = CARTESIAN_POINT('',(434.518366,-210.938788,-4.6E-02));
#16693 = DIRECTION('',(-0.,-0.,-1.));
#16694 = DIRECTION('',(-0.,-1.,0.));
#16695 = ADVANCED_FACE('',(#16696),#16707,.F.);
#16696 = FACE_BOUND('',#16697,.T.);
#16697 = EDGE_LOOP('',(#16698,#16699,#16705,#16706));
#16698 = ORIENTED_EDGE('',*,*,#10561,.T.);
#16699 = ORIENTED_EDGE('',*,*,#16700,.T.);
#16700 = EDGE_CURVE('',#10562,#13285,#16701,.T.);
#16701 = LINE('',#16702,#16703);
#16702 = CARTESIAN_POINT('',(436.899618,-211.338788,-4.6E-02));
#16703 = VECTOR('',#16704,1.);
#16704 = DIRECTION('',(0.,0.,1.));
#16705 = ORIENTED_EDGE('',*,*,#13284,.F.);
#16706 = ORIENTED_EDGE('',*,*,#16700,.F.);
#16707 = CYLINDRICAL_SURFACE('',#16708,0.4);
#16708 = AXIS2_PLACEMENT_3D('',#16709,#16710,#16711);
#16709 = CARTESIAN_POINT('',(436.899618,-210.938788,-4.6E-02));
#16710 = DIRECTION('',(-0.,-0.,-1.));
#16711 = DIRECTION('',(-1.42108547152E-13,-1.,0.));
#16712 = ADVANCED_FACE('',(#16713),#16724,.F.);
#16713 = FACE_BOUND('',#16714,.T.);
#16714 = EDGE_LOOP('',(#16715,#16716,#16722,#16723));
#16715 = ORIENTED_EDGE('',*,*,#10572,.T.);
#16716 = ORIENTED_EDGE('',*,*,#16717,.T.);
#16717 = EDGE_CURVE('',#10573,#13296,#16718,.T.);
#16718 = LINE('',#16719,#16720);
#16719 = CARTESIAN_POINT('',(439.28087,-211.338788,-4.6E-02));
#16720 = VECTOR('',#16721,1.);
#16721 = DIRECTION('',(0.,0.,1.));
#16722 = ORIENTED_EDGE('',*,*,#13295,.F.);
#16723 = ORIENTED_EDGE('',*,*,#16717,.F.);
#16724 = CYLINDRICAL_SURFACE('',#16725,0.4);
#16725 = AXIS2_PLACEMENT_3D('',#16726,#16727,#16728);
#16726 = CARTESIAN_POINT('',(439.28087,-210.938788,-4.6E-02));
#16727 = DIRECTION('',(-0.,-0.,-1.));
#16728 = DIRECTION('',(-1.42108547152E-13,-1.,0.));
#16729 = ADVANCED_FACE('',(#16730),#16741,.F.);
#16730 = FACE_BOUND('',#16731,.T.);
#16731 = EDGE_LOOP('',(#16732,#16733,#16739,#16740));
#16732 = ORIENTED_EDGE('',*,*,#10583,.T.);
#16733 = ORIENTED_EDGE('',*,*,#16734,.T.);
#16734 = EDGE_CURVE('',#10584,#13307,#16735,.T.);
#16735 = LINE('',#16736,#16737);
#16736 = CARTESIAN_POINT('',(362.2075,-200.86,-4.6E-02));
#16737 = VECTOR('',#16738,1.);
#16738 = DIRECTION('',(0.,0.,1.));
#16739 = ORIENTED_EDGE('',*,*,#13306,.F.);
#16740 = ORIENTED_EDGE('',*,*,#16734,.F.);
#16741 = CYLINDRICAL_SURFACE('',#16742,0.875);
#16742 = AXIS2_PLACEMENT_3D('',#16743,#16744,#16745);
#16743 = CARTESIAN_POINT('',(362.2075,-199.985,-4.6E-02));
#16744 = DIRECTION('',(-0.,-0.,-1.));
#16745 = DIRECTION('',(-0.,-1.,0.));
#16746 = ADVANCED_FACE('',(#16747),#16758,.F.);
#16747 = FACE_BOUND('',#16748,.T.);
#16748 = EDGE_LOOP('',(#16749,#16750,#16756,#16757));
#16749 = ORIENTED_EDGE('',*,*,#10594,.T.);
#16750 = ORIENTED_EDGE('',*,*,#16751,.T.);
#16751 = EDGE_CURVE('',#10595,#13318,#16752,.T.);
#16752 = LINE('',#16753,#16754);
#16753 = CARTESIAN_POINT('',(371.0975,-200.86,-4.6E-02));
#16754 = VECTOR('',#16755,1.);
#16755 = DIRECTION('',(0.,0.,1.));
#16756 = ORIENTED_EDGE('',*,*,#13317,.F.);
#16757 = ORIENTED_EDGE('',*,*,#16751,.F.);
#16758 = CYLINDRICAL_SURFACE('',#16759,0.875);
#16759 = AXIS2_PLACEMENT_3D('',#16760,#16761,#16762);
#16760 = CARTESIAN_POINT('',(371.0975,-199.985,-4.6E-02));
#16761 = DIRECTION('',(-0.,-0.,-1.));
#16762 = DIRECTION('',(-0.,-1.,0.));
#16763 = ADVANCED_FACE('',(#16764),#16775,.F.);
#16764 = FACE_BOUND('',#16765,.T.);
#16765 = EDGE_LOOP('',(#16766,#16767,#16773,#16774));
#16766 = ORIENTED_EDGE('',*,*,#10605,.T.);
#16767 = ORIENTED_EDGE('',*,*,#16768,.T.);
#16768 = EDGE_CURVE('',#10606,#13329,#16769,.T.);
#16769 = LINE('',#16770,#16771);
#16770 = CARTESIAN_POINT('',(376.1775,-201.985,-4.6E-02));
#16771 = VECTOR('',#16772,1.);
#16772 = DIRECTION('',(0.,0.,1.));
#16773 = ORIENTED_EDGE('',*,*,#13328,.F.);
#16774 = ORIENTED_EDGE('',*,*,#16768,.F.);
#16775 = CYLINDRICAL_SURFACE('',#16776,2.);
#16776 = AXIS2_PLACEMENT_3D('',#16777,#16778,#16779);
#16777 = CARTESIAN_POINT('',(376.1775,-199.985,-4.6E-02));
#16778 = DIRECTION('',(-0.,-0.,-1.));
#16779 = DIRECTION('',(-0.,-1.,0.));
#16780 = ADVANCED_FACE('',(#16781),#16792,.F.);
#16781 = FACE_BOUND('',#16782,.T.);
#16782 = EDGE_LOOP('',(#16783,#16784,#16790,#16791));
#16783 = ORIENTED_EDGE('',*,*,#10616,.T.);
#16784 = ORIENTED_EDGE('',*,*,#16785,.T.);
#16785 = EDGE_CURVE('',#10617,#13340,#16786,.T.);
#16786 = LINE('',#16787,#16788);
#16787 = CARTESIAN_POINT('',(381.2575,-200.86,-4.6E-02));
#16788 = VECTOR('',#16789,1.);
#16789 = DIRECTION('',(0.,0.,1.));
#16790 = ORIENTED_EDGE('',*,*,#13339,.F.);
#16791 = ORIENTED_EDGE('',*,*,#16785,.F.);
#16792 = CYLINDRICAL_SURFACE('',#16793,0.875);
#16793 = AXIS2_PLACEMENT_3D('',#16794,#16795,#16796);
#16794 = CARTESIAN_POINT('',(381.2575,-199.985,-4.6E-02));
#16795 = DIRECTION('',(-0.,-0.,-1.));
#16796 = DIRECTION('',(-0.,-1.,0.));
#16797 = ADVANCED_FACE('',(#16798),#16809,.F.);
#16798 = FACE_BOUND('',#16799,.T.);
#16799 = EDGE_LOOP('',(#16800,#16801,#16807,#16808));
#16800 = ORIENTED_EDGE('',*,*,#10627,.T.);
#16801 = ORIENTED_EDGE('',*,*,#16802,.T.);
#16802 = EDGE_CURVE('',#10628,#13351,#16803,.T.);
#16803 = LINE('',#16804,#16805);
#16804 = CARTESIAN_POINT('',(372.3675,-198.195,-4.6E-02));
#16805 = VECTOR('',#16806,1.);
#16806 = DIRECTION('',(0.,0.,1.));
#16807 = ORIENTED_EDGE('',*,*,#13350,.F.);
#16808 = ORIENTED_EDGE('',*,*,#16802,.F.);
#16809 = CYLINDRICAL_SURFACE('',#16810,0.75);
#16810 = AXIS2_PLACEMENT_3D('',#16811,#16812,#16813);
#16811 = CARTESIAN_POINT('',(372.3675,-197.445,-4.6E-02));
#16812 = DIRECTION('',(-0.,-0.,-1.));
#16813 = DIRECTION('',(-0.,-1.,0.));
#16814 = ADVANCED_FACE('',(#16815),#16826,.F.);
#16815 = FACE_BOUND('',#16816,.T.);
#16816 = EDGE_LOOP('',(#16817,#16818,#16824,#16825));
#16817 = ORIENTED_EDGE('',*,*,#10638,.T.);
#16818 = ORIENTED_EDGE('',*,*,#16819,.T.);
#16819 = EDGE_CURVE('',#10639,#13362,#16820,.T.);
#16820 = LINE('',#16821,#16822);
#16821 = CARTESIAN_POINT('',(378.7175,-195.655,-4.6E-02));
#16822 = VECTOR('',#16823,1.);
#16823 = DIRECTION('',(0.,0.,1.));
#16824 = ORIENTED_EDGE('',*,*,#13361,.F.);
#16825 = ORIENTED_EDGE('',*,*,#16819,.F.);
#16826 = CYLINDRICAL_SURFACE('',#16827,0.75);
#16827 = AXIS2_PLACEMENT_3D('',#16828,#16829,#16830);
#16828 = CARTESIAN_POINT('',(378.7175,-194.905,-4.6E-02));
#16829 = DIRECTION('',(-0.,-0.,-1.));
#16830 = DIRECTION('',(-0.,-1.,0.));
#16831 = ADVANCED_FACE('',(#16832),#16843,.F.);
#16832 = FACE_BOUND('',#16833,.T.);
#16833 = EDGE_LOOP('',(#16834,#16835,#16841,#16842));
#16834 = ORIENTED_EDGE('',*,*,#10649,.T.);
#16835 = ORIENTED_EDGE('',*,*,#16836,.T.);
#16836 = EDGE_CURVE('',#10650,#13373,#16837,.T.);
#16837 = LINE('',#16838,#16839);
#16838 = CARTESIAN_POINT('',(397.29125,-200.86,-4.6E-02));
#16839 = VECTOR('',#16840,1.);
#16840 = DIRECTION('',(0.,0.,1.));
#16841 = ORIENTED_EDGE('',*,*,#13372,.F.);
#16842 = ORIENTED_EDGE('',*,*,#16836,.F.);
#16843 = CYLINDRICAL_SURFACE('',#16844,0.875);
#16844 = AXIS2_PLACEMENT_3D('',#16845,#16846,#16847);
#16845 = CARTESIAN_POINT('',(397.29125,-199.985,-4.6E-02));
#16846 = DIRECTION('',(-0.,-0.,-1.));
#16847 = DIRECTION('',(-0.,-1.,0.));
#16848 = ADVANCED_FACE('',(#16849),#16860,.F.);
#16849 = FACE_BOUND('',#16850,.T.);
#16850 = EDGE_LOOP('',(#16851,#16852,#16858,#16859));
#16851 = ORIENTED_EDGE('',*,*,#10660,.T.);
#16852 = ORIENTED_EDGE('',*,*,#16853,.T.);
#16853 = EDGE_CURVE('',#10661,#13384,#16854,.T.);
#16854 = LINE('',#16855,#16856);
#16855 = CARTESIAN_POINT('',(398.56125,-198.195,-4.6E-02));
#16856 = VECTOR('',#16857,1.);
#16857 = DIRECTION('',(0.,0.,1.));
#16858 = ORIENTED_EDGE('',*,*,#13383,.F.);
#16859 = ORIENTED_EDGE('',*,*,#16853,.F.);
#16860 = CYLINDRICAL_SURFACE('',#16861,0.75);
#16861 = AXIS2_PLACEMENT_3D('',#16862,#16863,#16864);
#16862 = CARTESIAN_POINT('',(398.56125,-197.445,-4.6E-02));
#16863 = DIRECTION('',(-0.,-0.,-1.));
#16864 = DIRECTION('',(-0.,-1.,0.));
#16865 = ADVANCED_FACE('',(#16866),#16877,.F.);
#16866 = FACE_BOUND('',#16867,.T.);
#16867 = EDGE_LOOP('',(#16868,#16869,#16875,#16876));
#16868 = ORIENTED_EDGE('',*,*,#10671,.T.);
#16869 = ORIENTED_EDGE('',*,*,#16870,.T.);
#16870 = EDGE_CURVE('',#10672,#13395,#16871,.T.);
#16871 = LINE('',#16872,#16873);
#16872 = CARTESIAN_POINT('',(422.612106,-203.718788,-4.6E-02));
#16873 = VECTOR('',#16874,1.);
#16874 = DIRECTION('',(0.,0.,1.));
#16875 = ORIENTED_EDGE('',*,*,#13394,.F.);
#16876 = ORIENTED_EDGE('',*,*,#16870,.F.);
#16877 = CYLINDRICAL_SURFACE('',#16878,0.4);
#16878 = AXIS2_PLACEMENT_3D('',#16879,#16880,#16881);
#16879 = CARTESIAN_POINT('',(422.612106,-203.318788,-4.6E-02));
#16880 = DIRECTION('',(-0.,-0.,-1.));
#16881 = DIRECTION('',(-1.42108547152E-13,-1.,0.));
#16882 = ADVANCED_FACE('',(#16883),#16894,.F.);
#16883 = FACE_BOUND('',#16884,.T.);
#16884 = EDGE_LOOP('',(#16885,#16886,#16892,#16893));
#16885 = ORIENTED_EDGE('',*,*,#10682,.T.);
#16886 = ORIENTED_EDGE('',*,*,#16887,.T.);
#16887 = EDGE_CURVE('',#10683,#13406,#16888,.T.);
#16888 = LINE('',#16889,#16890);
#16889 = CARTESIAN_POINT('',(424.993358,-203.718788,-4.6E-02));
#16890 = VECTOR('',#16891,1.);
#16891 = DIRECTION('',(0.,0.,1.));
#16892 = ORIENTED_EDGE('',*,*,#13405,.F.);
#16893 = ORIENTED_EDGE('',*,*,#16887,.F.);
#16894 = CYLINDRICAL_SURFACE('',#16895,0.4);
#16895 = AXIS2_PLACEMENT_3D('',#16896,#16897,#16898);
#16896 = CARTESIAN_POINT('',(424.993358,-203.318788,-4.6E-02));
#16897 = DIRECTION('',(-0.,-0.,-1.));
#16898 = DIRECTION('',(-0.,-1.,0.));
#16899 = ADVANCED_FACE('',(#16900),#16911,.F.);
#16900 = FACE_BOUND('',#16901,.T.);
#16901 = EDGE_LOOP('',(#16902,#16903,#16909,#16910));
#16902 = ORIENTED_EDGE('',*,*,#10693,.T.);
#16903 = ORIENTED_EDGE('',*,*,#16904,.T.);
#16904 = EDGE_CURVE('',#10694,#13417,#16905,.T.);
#16905 = LINE('',#16906,#16907);
#16906 = CARTESIAN_POINT('',(421.42148,-201.456589,-4.6E-02));
#16907 = VECTOR('',#16908,1.);
#16908 = DIRECTION('',(0.,0.,1.));
#16909 = ORIENTED_EDGE('',*,*,#13416,.F.);
#16910 = ORIENTED_EDGE('',*,*,#16904,.F.);
#16911 = CYLINDRICAL_SURFACE('',#16912,0.4);
#16912 = AXIS2_PLACEMENT_3D('',#16913,#16914,#16915);
#16913 = CARTESIAN_POINT('',(421.42148,-201.056589,-4.6E-02));
#16914 = DIRECTION('',(-0.,-0.,-1.));
#16915 = DIRECTION('',(-0.,-1.,0.));
#16916 = ADVANCED_FACE('',(#16917),#16928,.F.);
#16917 = FACE_BOUND('',#16918,.T.);
#16918 = EDGE_LOOP('',(#16919,#16920,#16926,#16927));
#16919 = ORIENTED_EDGE('',*,*,#10704,.T.);
#16920 = ORIENTED_EDGE('',*,*,#16921,.T.);
#16921 = EDGE_CURVE('',#10705,#13428,#16922,.T.);
#16922 = LINE('',#16923,#16924);
#16923 = CARTESIAN_POINT('',(423.802732,-201.456589,-4.6E-02));
#16924 = VECTOR('',#16925,1.);
#16925 = DIRECTION('',(0.,0.,1.));
#16926 = ORIENTED_EDGE('',*,*,#13427,.F.);
#16927 = ORIENTED_EDGE('',*,*,#16921,.F.);
#16928 = CYLINDRICAL_SURFACE('',#16929,0.4);
#16929 = AXIS2_PLACEMENT_3D('',#16930,#16931,#16932);
#16930 = CARTESIAN_POINT('',(423.802732,-201.056589,-4.6E-02));
#16931 = DIRECTION('',(-0.,-0.,-1.));
#16932 = DIRECTION('',(-0.,-1.,0.));
#16933 = ADVANCED_FACE('',(#16934),#16945,.F.);
#16934 = FACE_BOUND('',#16935,.T.);
#16935 = EDGE_LOOP('',(#16936,#16937,#16943,#16944));
#16936 = ORIENTED_EDGE('',*,*,#10715,.T.);
#16937 = ORIENTED_EDGE('',*,*,#16938,.T.);
#16938 = EDGE_CURVE('',#10716,#13439,#16939,.T.);
#16939 = LINE('',#16940,#16941);
#16940 = CARTESIAN_POINT('',(426.183984,-201.456589,-4.6E-02));
#16941 = VECTOR('',#16942,1.);
#16942 = DIRECTION('',(0.,0.,1.));
#16943 = ORIENTED_EDGE('',*,*,#13438,.F.);
#16944 = ORIENTED_EDGE('',*,*,#16938,.F.);
#16945 = CYLINDRICAL_SURFACE('',#16946,0.4);
#16946 = AXIS2_PLACEMENT_3D('',#16947,#16948,#16949);
#16947 = CARTESIAN_POINT('',(426.183984,-201.056589,-4.6E-02));
#16948 = DIRECTION('',(-0.,-0.,-1.));
#16949 = DIRECTION('',(-0.,-1.,0.));
#16950 = ADVANCED_FACE('',(#16951),#16962,.F.);
#16951 = FACE_BOUND('',#16952,.T.);
#16952 = EDGE_LOOP('',(#16953,#16954,#16960,#16961));
#16953 = ORIENTED_EDGE('',*,*,#10726,.T.);
#16954 = ORIENTED_EDGE('',*,*,#16955,.T.);
#16955 = EDGE_CURVE('',#10727,#13450,#16956,.T.);
#16956 = LINE('',#16957,#16958);
#16957 = CARTESIAN_POINT('',(427.37461,-203.718788,-4.6E-02));
#16958 = VECTOR('',#16959,1.);
#16959 = DIRECTION('',(0.,0.,1.));
#16960 = ORIENTED_EDGE('',*,*,#13449,.F.);
#16961 = ORIENTED_EDGE('',*,*,#16955,.F.);
#16962 = CYLINDRICAL_SURFACE('',#16963,0.4);
#16963 = AXIS2_PLACEMENT_3D('',#16964,#16965,#16966);
#16964 = CARTESIAN_POINT('',(427.37461,-203.318788,-4.6E-02));
#16965 = DIRECTION('',(-0.,0.,-1.));
#16966 = DIRECTION('',(1.42108547152E-13,-1.,-0.));
#16967 = ADVANCED_FACE('',(#16968),#16979,.F.);
#16968 = FACE_BOUND('',#16969,.T.);
#16969 = EDGE_LOOP('',(#16970,#16971,#16977,#16978));
#16970 = ORIENTED_EDGE('',*,*,#10737,.T.);
#16971 = ORIENTED_EDGE('',*,*,#16972,.T.);
#16972 = EDGE_CURVE('',#10738,#13461,#16973,.T.);
#16973 = LINE('',#16974,#16975);
#16974 = CARTESIAN_POINT('',(429.755862,-203.718788,-4.6E-02));
#16975 = VECTOR('',#16976,1.);
#16976 = DIRECTION('',(0.,0.,1.));
#16977 = ORIENTED_EDGE('',*,*,#13460,.F.);
#16978 = ORIENTED_EDGE('',*,*,#16972,.F.);
#16979 = CYLINDRICAL_SURFACE('',#16980,0.4);
#16980 = AXIS2_PLACEMENT_3D('',#16981,#16982,#16983);
#16981 = CARTESIAN_POINT('',(429.755862,-203.318788,-4.6E-02));
#16982 = DIRECTION('',(-0.,-0.,-1.));
#16983 = DIRECTION('',(-0.,-1.,0.));
#16984 = ADVANCED_FACE('',(#16985),#16996,.F.);
#16985 = FACE_BOUND('',#16986,.T.);
#16986 = EDGE_LOOP('',(#16987,#16988,#16994,#16995));
#16987 = ORIENTED_EDGE('',*,*,#10748,.T.);
#16988 = ORIENTED_EDGE('',*,*,#16989,.T.);
#16989 = EDGE_CURVE('',#10749,#13472,#16990,.T.);
#16990 = LINE('',#16991,#16992);
#16991 = CARTESIAN_POINT('',(428.565236,-201.456589,-4.6E-02));
#16992 = VECTOR('',#16993,1.);
#16993 = DIRECTION('',(0.,0.,1.));
#16994 = ORIENTED_EDGE('',*,*,#13471,.F.);
#16995 = ORIENTED_EDGE('',*,*,#16989,.F.);
#16996 = CYLINDRICAL_SURFACE('',#16997,0.4);
#16997 = AXIS2_PLACEMENT_3D('',#16998,#16999,#17000);
#16998 = CARTESIAN_POINT('',(428.565236,-201.056589,-4.6E-02));
#16999 = DIRECTION('',(-0.,-0.,-1.));
#17000 = DIRECTION('',(-0.,-1.,0.));
#17001 = ADVANCED_FACE('',(#17002),#17013,.F.);
#17002 = FACE_BOUND('',#17003,.T.);
#17003 = EDGE_LOOP('',(#17004,#17005,#17011,#17012));
#17004 = ORIENTED_EDGE('',*,*,#10759,.T.);
#17005 = ORIENTED_EDGE('',*,*,#17006,.T.);
#17006 = EDGE_CURVE('',#10760,#13483,#17007,.T.);
#17007 = LINE('',#17008,#17009);
#17008 = CARTESIAN_POINT('',(430.946488,-201.456589,-4.6E-02));
#17009 = VECTOR('',#17010,1.);
#17010 = DIRECTION('',(0.,0.,1.));
#17011 = ORIENTED_EDGE('',*,*,#13482,.F.);
#17012 = ORIENTED_EDGE('',*,*,#17006,.F.);
#17013 = CYLINDRICAL_SURFACE('',#17014,0.4);
#17014 = AXIS2_PLACEMENT_3D('',#17015,#17016,#17017);
#17015 = CARTESIAN_POINT('',(430.946488,-201.056589,-4.6E-02));
#17016 = DIRECTION('',(-0.,-0.,-1.));
#17017 = DIRECTION('',(-1.42108547152E-13,-1.,0.));
#17018 = ADVANCED_FACE('',(#17019),#17030,.F.);
#17019 = FACE_BOUND('',#17020,.T.);
#17020 = EDGE_LOOP('',(#17021,#17022,#17028,#17029));
#17021 = ORIENTED_EDGE('',*,*,#10770,.T.);
#17022 = ORIENTED_EDGE('',*,*,#17023,.T.);
#17023 = EDGE_CURVE('',#10771,#13494,#17024,.T.);
#17024 = LINE('',#17025,#17026);
#17025 = CARTESIAN_POINT('',(432.137114,-203.718788,-4.6E-02));
#17026 = VECTOR('',#17027,1.);
#17027 = DIRECTION('',(0.,0.,1.));
#17028 = ORIENTED_EDGE('',*,*,#13493,.F.);
#17029 = ORIENTED_EDGE('',*,*,#17023,.F.);
#17030 = CYLINDRICAL_SURFACE('',#17031,0.4);
#17031 = AXIS2_PLACEMENT_3D('',#17032,#17033,#17034);
#17032 = CARTESIAN_POINT('',(432.137114,-203.318788,-4.6E-02));
#17033 = DIRECTION('',(-0.,-0.,-1.));
#17034 = DIRECTION('',(-0.,-1.,0.));
#17035 = ADVANCED_FACE('',(#17036),#17047,.F.);
#17036 = FACE_BOUND('',#17037,.T.);
#17037 = EDGE_LOOP('',(#17038,#17039,#17045,#17046));
#17038 = ORIENTED_EDGE('',*,*,#10781,.T.);
#17039 = ORIENTED_EDGE('',*,*,#17040,.T.);
#17040 = EDGE_CURVE('',#10782,#13505,#17041,.T.);
#17041 = LINE('',#17042,#17043);
#17042 = CARTESIAN_POINT('',(434.518366,-203.718788,-4.6E-02));
#17043 = VECTOR('',#17044,1.);
#17044 = DIRECTION('',(0.,0.,1.));
#17045 = ORIENTED_EDGE('',*,*,#13504,.F.);
#17046 = ORIENTED_EDGE('',*,*,#17040,.F.);
#17047 = CYLINDRICAL_SURFACE('',#17048,0.4);
#17048 = AXIS2_PLACEMENT_3D('',#17049,#17050,#17051);
#17049 = CARTESIAN_POINT('',(434.518366,-203.318788,-4.6E-02));
#17050 = DIRECTION('',(-0.,-0.,-1.));
#17051 = DIRECTION('',(-0.,-1.,0.));
#17052 = ADVANCED_FACE('',(#17053),#17064,.F.);
#17053 = FACE_BOUND('',#17054,.T.);
#17054 = EDGE_LOOP('',(#17055,#17056,#17062,#17063));
#17055 = ORIENTED_EDGE('',*,*,#10792,.T.);
#17056 = ORIENTED_EDGE('',*,*,#17057,.T.);
#17057 = EDGE_CURVE('',#10793,#13516,#17058,.T.);
#17058 = LINE('',#17059,#17060);
#17059 = CARTESIAN_POINT('',(433.32774,-201.456589,-4.6E-02));
#17060 = VECTOR('',#17061,1.);
#17061 = DIRECTION('',(0.,0.,1.));
#17062 = ORIENTED_EDGE('',*,*,#13515,.F.);
#17063 = ORIENTED_EDGE('',*,*,#17057,.F.);
#17064 = CYLINDRICAL_SURFACE('',#17065,0.4);
#17065 = AXIS2_PLACEMENT_3D('',#17066,#17067,#17068);
#17066 = CARTESIAN_POINT('',(433.32774,-201.056589,-4.6E-02));
#17067 = DIRECTION('',(-0.,0.,-1.));
#17068 = DIRECTION('',(1.42108547152E-13,-1.,-0.));
#17069 = ADVANCED_FACE('',(#17070),#17081,.F.);
#17070 = FACE_BOUND('',#17071,.T.);
#17071 = EDGE_LOOP('',(#17072,#17073,#17079,#17080));
#17072 = ORIENTED_EDGE('',*,*,#10803,.T.);
#17073 = ORIENTED_EDGE('',*,*,#17074,.T.);
#17074 = EDGE_CURVE('',#10804,#13527,#17075,.T.);
#17075 = LINE('',#17076,#17077);
#17076 = CARTESIAN_POINT('',(435.708992,-201.456589,-4.6E-02));
#17077 = VECTOR('',#17078,1.);
#17078 = DIRECTION('',(0.,0.,1.));
#17079 = ORIENTED_EDGE('',*,*,#13526,.F.);
#17080 = ORIENTED_EDGE('',*,*,#17074,.F.);
#17081 = CYLINDRICAL_SURFACE('',#17082,0.4);
#17082 = AXIS2_PLACEMENT_3D('',#17083,#17084,#17085);
#17083 = CARTESIAN_POINT('',(435.708992,-201.056589,-4.6E-02));
#17084 = DIRECTION('',(-0.,0.,-1.));
#17085 = DIRECTION('',(1.42108547152E-13,-1.,-0.));
#17086 = ADVANCED_FACE('',(#17087),#17098,.F.);
#17087 = FACE_BOUND('',#17088,.T.);
#17088 = EDGE_LOOP('',(#17089,#17090,#17096,#17097));
#17089 = ORIENTED_EDGE('',*,*,#10814,.T.);
#17090 = ORIENTED_EDGE('',*,*,#17091,.T.);
#17091 = EDGE_CURVE('',#10815,#13538,#17092,.T.);
#17092 = LINE('',#17093,#17094);
#17093 = CARTESIAN_POINT('',(436.899618,-203.718788,-4.6E-02));
#17094 = VECTOR('',#17095,1.);
#17095 = DIRECTION('',(0.,0.,1.));
#17096 = ORIENTED_EDGE('',*,*,#13537,.F.);
#17097 = ORIENTED_EDGE('',*,*,#17091,.F.);
#17098 = CYLINDRICAL_SURFACE('',#17099,0.4);
#17099 = AXIS2_PLACEMENT_3D('',#17100,#17101,#17102);
#17100 = CARTESIAN_POINT('',(436.899618,-203.318788,-4.6E-02));
#17101 = DIRECTION('',(-0.,-0.,-1.));
#17102 = DIRECTION('',(-1.42108547152E-13,-1.,0.));
#17103 = ADVANCED_FACE('',(#17104),#17115,.F.);
#17104 = FACE_BOUND('',#17105,.T.);
#17105 = EDGE_LOOP('',(#17106,#17107,#17113,#17114));
#17106 = ORIENTED_EDGE('',*,*,#10825,.T.);
#17107 = ORIENTED_EDGE('',*,*,#17108,.T.);
#17108 = EDGE_CURVE('',#10826,#13549,#17109,.T.);
#17109 = LINE('',#17110,#17111);
#17110 = CARTESIAN_POINT('',(439.28087,-203.718788,-4.6E-02));
#17111 = VECTOR('',#17112,1.);
#17112 = DIRECTION('',(0.,0.,1.));
#17113 = ORIENTED_EDGE('',*,*,#13548,.F.);
#17114 = ORIENTED_EDGE('',*,*,#17108,.F.);
#17115 = CYLINDRICAL_SURFACE('',#17116,0.4);
#17116 = AXIS2_PLACEMENT_3D('',#17117,#17118,#17119);
#17117 = CARTESIAN_POINT('',(439.28087,-203.318788,-4.6E-02));
#17118 = DIRECTION('',(-0.,-0.,-1.));
#17119 = DIRECTION('',(-1.42108547152E-13,-1.,0.));
#17120 = ADVANCED_FACE('',(#17121),#17132,.F.);
#17121 = FACE_BOUND('',#17122,.T.);
#17122 = EDGE_LOOP('',(#17123,#17124,#17130,#17131));
#17123 = ORIENTED_EDGE('',*,*,#10836,.T.);
#17124 = ORIENTED_EDGE('',*,*,#17125,.T.);
#17125 = EDGE_CURVE('',#10837,#13560,#17126,.T.);
#17126 = LINE('',#17127,#17128);
#17127 = CARTESIAN_POINT('',(438.090244,-201.456589,-4.6E-02));
#17128 = VECTOR('',#17129,1.);
#17129 = DIRECTION('',(0.,0.,1.));
#17130 = ORIENTED_EDGE('',*,*,#13559,.F.);
#17131 = ORIENTED_EDGE('',*,*,#17125,.F.);
#17132 = CYLINDRICAL_SURFACE('',#17133,0.4);
#17133 = AXIS2_PLACEMENT_3D('',#17134,#17135,#17136);
#17134 = CARTESIAN_POINT('',(438.090244,-201.056589,-4.6E-02));
#17135 = DIRECTION('',(-0.,-0.,-1.));
#17136 = DIRECTION('',(-0.,-1.,0.));
#17137 = ADVANCED_FACE('',(#17138),#17149,.F.);
#17138 = FACE_BOUND('',#17139,.T.);
#17139 = EDGE_LOOP('',(#17140,#17141,#17147,#17148));
#17140 = ORIENTED_EDGE('',*,*,#10847,.T.);
#17141 = ORIENTED_EDGE('',*,*,#17142,.T.);
#17142 = EDGE_CURVE('',#10848,#13571,#17143,.T.);
#17143 = LINE('',#17144,#17145);
#17144 = CARTESIAN_POINT('',(440.471496,-201.456589,-4.6E-02));
#17145 = VECTOR('',#17146,1.);
#17146 = DIRECTION('',(0.,0.,1.));
#17147 = ORIENTED_EDGE('',*,*,#13570,.F.);
#17148 = ORIENTED_EDGE('',*,*,#17142,.F.);
#17149 = CYLINDRICAL_SURFACE('',#17150,0.4);
#17150 = AXIS2_PLACEMENT_3D('',#17151,#17152,#17153);
#17151 = CARTESIAN_POINT('',(440.471496,-201.056589,-4.6E-02));
#17152 = DIRECTION('',(-0.,-0.,-1.));
#17153 = DIRECTION('',(-0.,-1.,0.));
#17154 = ADVANCED_FACE('',(#17155),#17166,.F.);
#17155 = FACE_BOUND('',#17156,.T.);
#17156 = EDGE_LOOP('',(#17157,#17158,#17164,#17165));
#17157 = ORIENTED_EDGE('',*,*,#10858,.T.);
#17158 = ORIENTED_EDGE('',*,*,#17159,.T.);
#17159 = EDGE_CURVE('',#10859,#13582,#17160,.T.);
#17160 = LINE('',#17161,#17162);
#17161 = CARTESIAN_POINT('',(402.37125,-201.985,-4.6E-02));
#17162 = VECTOR('',#17163,1.);
#17163 = DIRECTION('',(0.,0.,1.));
#17164 = ORIENTED_EDGE('',*,*,#13581,.F.);
#17165 = ORIENTED_EDGE('',*,*,#17159,.F.);
#17166 = CYLINDRICAL_SURFACE('',#17167,2.);
#17167 = AXIS2_PLACEMENT_3D('',#17168,#17169,#17170);
#17168 = CARTESIAN_POINT('',(402.37125,-199.985,-4.6E-02));
#17169 = DIRECTION('',(-0.,-0.,-1.));
#17170 = DIRECTION('',(-0.,-1.,0.));
#17171 = ADVANCED_FACE('',(#17172),#17183,.F.);
#17172 = FACE_BOUND('',#17173,.T.);
#17173 = EDGE_LOOP('',(#17174,#17175,#17181,#17182));
#17174 = ORIENTED_EDGE('',*,*,#10869,.T.);
#17175 = ORIENTED_EDGE('',*,*,#17176,.T.);
#17176 = EDGE_CURVE('',#10870,#13593,#17177,.T.);
#17177 = LINE('',#17178,#17179);
#17178 = CARTESIAN_POINT('',(407.45125,-200.86,-4.6E-02));
#17179 = VECTOR('',#17180,1.);
#17180 = DIRECTION('',(0.,0.,1.));
#17181 = ORIENTED_EDGE('',*,*,#13592,.F.);
#17182 = ORIENTED_EDGE('',*,*,#17176,.F.);
#17183 = CYLINDRICAL_SURFACE('',#17184,0.875);
#17184 = AXIS2_PLACEMENT_3D('',#17185,#17186,#17187);
#17185 = CARTESIAN_POINT('',(407.45125,-199.985,-4.6E-02));
#17186 = DIRECTION('',(-0.,-0.,-1.));
#17187 = DIRECTION('',(-0.,-1.,0.));
#17188 = ADVANCED_FACE('',(#17189),#17200,.F.);
#17189 = FACE_BOUND('',#17190,.T.);
#17190 = EDGE_LOOP('',(#17191,#17192,#17198,#17199));
#17191 = ORIENTED_EDGE('',*,*,#10880,.T.);
#17192 = ORIENTED_EDGE('',*,*,#17193,.T.);
#17193 = EDGE_CURVE('',#10881,#13604,#17194,.T.);
#17194 = LINE('',#17195,#17196);
#17195 = CARTESIAN_POINT('',(404.91125,-195.655,-4.6E-02));
#17196 = VECTOR('',#17197,1.);
#17197 = DIRECTION('',(0.,0.,1.));
#17198 = ORIENTED_EDGE('',*,*,#13603,.F.);
#17199 = ORIENTED_EDGE('',*,*,#17193,.F.);
#17200 = CYLINDRICAL_SURFACE('',#17201,0.75);
#17201 = AXIS2_PLACEMENT_3D('',#17202,#17203,#17204);
#17202 = CARTESIAN_POINT('',(404.91125,-194.905,-4.6E-02));
#17203 = DIRECTION('',(-0.,-0.,-1.));
#17204 = DIRECTION('',(-0.,-1.,0.));
#17205 = ADVANCED_FACE('',(#17206),#17217,.F.);
#17206 = FACE_BOUND('',#17207,.T.);
#17207 = EDGE_LOOP('',(#17208,#17209,#17215,#17216));
#17208 = ORIENTED_EDGE('',*,*,#10891,.T.);
#17209 = ORIENTED_EDGE('',*,*,#17210,.T.);
#17210 = EDGE_CURVE('',#10892,#13615,#17211,.T.);
#17211 = LINE('',#17212,#17213);
#17212 = CARTESIAN_POINT('',(421.42148,-193.836589,-4.6E-02));
#17213 = VECTOR('',#17214,1.);
#17214 = DIRECTION('',(0.,0.,1.));
#17215 = ORIENTED_EDGE('',*,*,#13614,.F.);
#17216 = ORIENTED_EDGE('',*,*,#17210,.F.);
#17217 = CYLINDRICAL_SURFACE('',#17218,0.4);
#17218 = AXIS2_PLACEMENT_3D('',#17219,#17220,#17221);
#17219 = CARTESIAN_POINT('',(421.42148,-193.436589,-4.6E-02));
#17220 = DIRECTION('',(-0.,-0.,-1.));
#17221 = DIRECTION('',(-0.,-1.,0.));
#17222 = ADVANCED_FACE('',(#17223),#17234,.F.);
#17223 = FACE_BOUND('',#17224,.T.);
#17224 = EDGE_LOOP('',(#17225,#17226,#17232,#17233));
#17225 = ORIENTED_EDGE('',*,*,#10902,.T.);
#17226 = ORIENTED_EDGE('',*,*,#17227,.T.);
#17227 = EDGE_CURVE('',#10903,#13626,#17228,.T.);
#17228 = LINE('',#17229,#17230);
#17229 = CARTESIAN_POINT('',(423.802732,-193.836589,-4.6E-02));
#17230 = VECTOR('',#17231,1.);
#17231 = DIRECTION('',(0.,0.,1.));
#17232 = ORIENTED_EDGE('',*,*,#13625,.F.);
#17233 = ORIENTED_EDGE('',*,*,#17227,.F.);
#17234 = CYLINDRICAL_SURFACE('',#17235,0.4);
#17235 = AXIS2_PLACEMENT_3D('',#17236,#17237,#17238);
#17236 = CARTESIAN_POINT('',(423.802732,-193.436589,-4.6E-02));
#17237 = DIRECTION('',(-0.,-0.,-1.));
#17238 = DIRECTION('',(-0.,-1.,0.));
#17239 = ADVANCED_FACE('',(#17240),#17251,.F.);
#17240 = FACE_BOUND('',#17241,.T.);
#17241 = EDGE_LOOP('',(#17242,#17243,#17249,#17250));
#17242 = ORIENTED_EDGE('',*,*,#10913,.T.);
#17243 = ORIENTED_EDGE('',*,*,#17244,.T.);
#17244 = EDGE_CURVE('',#10914,#13637,#17245,.T.);
#17245 = LINE('',#17246,#17247);
#17246 = CARTESIAN_POINT('',(426.183984,-193.836589,-4.6E-02));
#17247 = VECTOR('',#17248,1.);
#17248 = DIRECTION('',(0.,0.,1.));
#17249 = ORIENTED_EDGE('',*,*,#13636,.F.);
#17250 = ORIENTED_EDGE('',*,*,#17244,.F.);
#17251 = CYLINDRICAL_SURFACE('',#17252,0.4);
#17252 = AXIS2_PLACEMENT_3D('',#17253,#17254,#17255);
#17253 = CARTESIAN_POINT('',(426.183984,-193.436589,-4.6E-02));
#17254 = DIRECTION('',(-0.,-0.,-1.));
#17255 = DIRECTION('',(-0.,-1.,0.));
#17256 = ADVANCED_FACE('',(#17257),#17268,.F.);
#17257 = FACE_BOUND('',#17258,.T.);
#17258 = EDGE_LOOP('',(#17259,#17260,#17266,#17267));
#17259 = ORIENTED_EDGE('',*,*,#10924,.T.);
#17260 = ORIENTED_EDGE('',*,*,#17261,.T.);
#17261 = EDGE_CURVE('',#10925,#13648,#17262,.T.);
#17262 = LINE('',#17263,#17264);
#17263 = CARTESIAN_POINT('',(428.565236,-193.836589,-4.6E-02));
#17264 = VECTOR('',#17265,1.);
#17265 = DIRECTION('',(0.,0.,1.));
#17266 = ORIENTED_EDGE('',*,*,#13647,.F.);
#17267 = ORIENTED_EDGE('',*,*,#17261,.F.);
#17268 = CYLINDRICAL_SURFACE('',#17269,0.4);
#17269 = AXIS2_PLACEMENT_3D('',#17270,#17271,#17272);
#17270 = CARTESIAN_POINT('',(428.565236,-193.436589,-4.6E-02));
#17271 = DIRECTION('',(-0.,-0.,-1.));
#17272 = DIRECTION('',(-0.,-1.,0.));
#17273 = ADVANCED_FACE('',(#17274),#17285,.F.);
#17274 = FACE_BOUND('',#17275,.T.);
#17275 = EDGE_LOOP('',(#17276,#17277,#17283,#17284));
#17276 = ORIENTED_EDGE('',*,*,#10935,.T.);
#17277 = ORIENTED_EDGE('',*,*,#17278,.T.);
#17278 = EDGE_CURVE('',#10936,#13659,#17279,.T.);
#17279 = LINE('',#17280,#17281);
#17280 = CARTESIAN_POINT('',(430.946488,-193.836589,-4.6E-02));
#17281 = VECTOR('',#17282,1.);
#17282 = DIRECTION('',(0.,0.,1.));
#17283 = ORIENTED_EDGE('',*,*,#13658,.F.);
#17284 = ORIENTED_EDGE('',*,*,#17278,.F.);
#17285 = CYLINDRICAL_SURFACE('',#17286,0.4);
#17286 = AXIS2_PLACEMENT_3D('',#17287,#17288,#17289);
#17287 = CARTESIAN_POINT('',(430.946488,-193.436589,-4.6E-02));
#17288 = DIRECTION('',(-0.,-0.,-1.));
#17289 = DIRECTION('',(-1.42108547152E-13,-1.,0.));
#17290 = ADVANCED_FACE('',(#17291),#17302,.F.);
#17291 = FACE_BOUND('',#17292,.T.);
#17292 = EDGE_LOOP('',(#17293,#17294,#17300,#17301));
#17293 = ORIENTED_EDGE('',*,*,#10946,.T.);
#17294 = ORIENTED_EDGE('',*,*,#17295,.T.);
#17295 = EDGE_CURVE('',#10947,#13670,#17296,.T.);
#17296 = LINE('',#17297,#17298);
#17297 = CARTESIAN_POINT('',(433.32774,-193.836589,-4.6E-02));
#17298 = VECTOR('',#17299,1.);
#17299 = DIRECTION('',(0.,0.,1.));
#17300 = ORIENTED_EDGE('',*,*,#13669,.F.);
#17301 = ORIENTED_EDGE('',*,*,#17295,.F.);
#17302 = CYLINDRICAL_SURFACE('',#17303,0.4);
#17303 = AXIS2_PLACEMENT_3D('',#17304,#17305,#17306);
#17304 = CARTESIAN_POINT('',(433.32774,-193.436589,-4.6E-02));
#17305 = DIRECTION('',(-0.,0.,-1.));
#17306 = DIRECTION('',(1.42108547152E-13,-1.,-0.));
#17307 = ADVANCED_FACE('',(#17308),#17319,.F.);
#17308 = FACE_BOUND('',#17309,.T.);
#17309 = EDGE_LOOP('',(#17310,#17311,#17317,#17318));
#17310 = ORIENTED_EDGE('',*,*,#10957,.T.);
#17311 = ORIENTED_EDGE('',*,*,#17312,.T.);
#17312 = EDGE_CURVE('',#10958,#13681,#17313,.T.);
#17313 = LINE('',#17314,#17315);
#17314 = CARTESIAN_POINT('',(435.708992,-193.836589,-4.6E-02));
#17315 = VECTOR('',#17316,1.);
#17316 = DIRECTION('',(0.,0.,1.));
#17317 = ORIENTED_EDGE('',*,*,#13680,.F.);
#17318 = ORIENTED_EDGE('',*,*,#17312,.F.);
#17319 = CYLINDRICAL_SURFACE('',#17320,0.4);
#17320 = AXIS2_PLACEMENT_3D('',#17321,#17322,#17323);
#17321 = CARTESIAN_POINT('',(435.708992,-193.436589,-4.6E-02));
#17322 = DIRECTION('',(-0.,0.,-1.));
#17323 = DIRECTION('',(1.42108547152E-13,-1.,-0.));
#17324 = ADVANCED_FACE('',(#17325),#17336,.F.);
#17325 = FACE_BOUND('',#17326,.T.);
#17326 = EDGE_LOOP('',(#17327,#17328,#17334,#17335));
#17327 = ORIENTED_EDGE('',*,*,#10968,.T.);
#17328 = ORIENTED_EDGE('',*,*,#17329,.T.);
#17329 = EDGE_CURVE('',#10969,#13692,#17330,.T.);
#17330 = LINE('',#17331,#17332);
#17331 = CARTESIAN_POINT('',(438.090244,-193.836589,-4.6E-02));
#17332 = VECTOR('',#17333,1.);
#17333 = DIRECTION('',(0.,0.,1.));
#17334 = ORIENTED_EDGE('',*,*,#13691,.F.);
#17335 = ORIENTED_EDGE('',*,*,#17329,.F.);
#17336 = CYLINDRICAL_SURFACE('',#17337,0.4);
#17337 = AXIS2_PLACEMENT_3D('',#17338,#17339,#17340);
#17338 = CARTESIAN_POINT('',(438.090244,-193.436589,-4.6E-02));
#17339 = DIRECTION('',(-0.,-0.,-1.));
#17340 = DIRECTION('',(-0.,-1.,0.));
#17341 = ADVANCED_FACE('',(#17342),#17353,.F.);
#17342 = FACE_BOUND('',#17343,.T.);
#17343 = EDGE_LOOP('',(#17344,#17345,#17351,#17352));
#17344 = ORIENTED_EDGE('',*,*,#10979,.T.);
#17345 = ORIENTED_EDGE('',*,*,#17346,.T.);
#17346 = EDGE_CURVE('',#10980,#13703,#17347,.T.);
#17347 = LINE('',#17348,#17349);
#17348 = CARTESIAN_POINT('',(440.471496,-193.836589,-4.6E-02));
#17349 = VECTOR('',#17350,1.);
#17350 = DIRECTION('',(0.,0.,1.));
#17351 = ORIENTED_EDGE('',*,*,#13702,.F.);
#17352 = ORIENTED_EDGE('',*,*,#17346,.F.);
#17353 = CYLINDRICAL_SURFACE('',#17354,0.4);
#17354 = AXIS2_PLACEMENT_3D('',#17355,#17356,#17357);
#17355 = CARTESIAN_POINT('',(440.471496,-193.436589,-4.6E-02));
#17356 = DIRECTION('',(-0.,-0.,-1.));
#17357 = DIRECTION('',(-0.,-1.,0.));
#17358 = ADVANCED_FACE('',(#17359),#17370,.F.);
#17359 = FACE_BOUND('',#17360,.T.);
#17360 = EDGE_LOOP('',(#17361,#17362,#17368,#17369));
#17361 = ORIENTED_EDGE('',*,*,#10990,.T.);
#17362 = ORIENTED_EDGE('',*,*,#17363,.T.);
#17363 = EDGE_CURVE('',#10991,#13714,#17364,.T.);
#17364 = LINE('',#17365,#17366);
#17365 = CARTESIAN_POINT('',(285.3725,-181.81,-4.6E-02));
#17366 = VECTOR('',#17367,1.);
#17367 = DIRECTION('',(0.,0.,1.));
#17368 = ORIENTED_EDGE('',*,*,#13713,.F.);
#17369 = ORIENTED_EDGE('',*,*,#17363,.F.);
#17370 = CYLINDRICAL_SURFACE('',#17371,0.875);
#17371 = AXIS2_PLACEMENT_3D('',#17372,#17373,#17374);
#17372 = CARTESIAN_POINT('',(285.3725,-180.935,-4.6E-02));
#17373 = DIRECTION('',(-0.,-0.,-1.));
#17374 = DIRECTION('',(-0.,-1.,0.));
#17375 = ADVANCED_FACE('',(#17376),#17387,.F.);
#17376 = FACE_BOUND('',#17377,.T.);
#17377 = EDGE_LOOP('',(#17378,#17379,#17385,#17386));
#17378 = ORIENTED_EDGE('',*,*,#11001,.T.);
#17379 = ORIENTED_EDGE('',*,*,#17380,.T.);
#17380 = EDGE_CURVE('',#11002,#13725,#17381,.T.);
#17381 = LINE('',#17382,#17383);
#17382 = CARTESIAN_POINT('',(290.4525,-182.935,-4.6E-02));
#17383 = VECTOR('',#17384,1.);
#17384 = DIRECTION('',(0.,0.,1.));
#17385 = ORIENTED_EDGE('',*,*,#13724,.F.);
#17386 = ORIENTED_EDGE('',*,*,#17380,.F.);
#17387 = CYLINDRICAL_SURFACE('',#17388,2.);
#17388 = AXIS2_PLACEMENT_3D('',#17389,#17390,#17391);
#17389 = CARTESIAN_POINT('',(290.4525,-180.935,-4.6E-02));
#17390 = DIRECTION('',(-0.,-0.,-1.));
#17391 = DIRECTION('',(-0.,-1.,0.));
#17392 = ADVANCED_FACE('',(#17393),#17404,.F.);
#17393 = FACE_BOUND('',#17394,.T.);
#17394 = EDGE_LOOP('',(#17395,#17396,#17402,#17403));
#17395 = ORIENTED_EDGE('',*,*,#11012,.T.);
#17396 = ORIENTED_EDGE('',*,*,#17397,.T.);
#17397 = EDGE_CURVE('',#11013,#13736,#17398,.T.);
#17398 = LINE('',#17399,#17400);
#17399 = CARTESIAN_POINT('',(286.6425,-179.145,-4.6E-02));
#17400 = VECTOR('',#17401,1.);
#17401 = DIRECTION('',(0.,0.,1.));
#17402 = ORIENTED_EDGE('',*,*,#13735,.F.);
#17403 = ORIENTED_EDGE('',*,*,#17397,.F.);
#17404 = CYLINDRICAL_SURFACE('',#17405,0.75);
#17405 = AXIS2_PLACEMENT_3D('',#17406,#17407,#17408);
#17406 = CARTESIAN_POINT('',(286.6425,-178.395,-4.6E-02));
#17407 = DIRECTION('',(-0.,-0.,-1.));
#17408 = DIRECTION('',(-0.,-1.,0.));
#17409 = ADVANCED_FACE('',(#17410),#17421,.F.);
#17410 = FACE_BOUND('',#17411,.T.);
#17411 = EDGE_LOOP('',(#17412,#17413,#17419,#17420));
#17412 = ORIENTED_EDGE('',*,*,#11023,.T.);
#17413 = ORIENTED_EDGE('',*,*,#17414,.T.);
#17414 = EDGE_CURVE('',#11024,#13747,#17415,.T.);
#17415 = LINE('',#17416,#17417);
#17416 = CARTESIAN_POINT('',(295.5325,-181.81,-4.6E-02));
#17417 = VECTOR('',#17418,1.);
#17418 = DIRECTION('',(0.,0.,1.));
#17419 = ORIENTED_EDGE('',*,*,#13746,.F.);
#17420 = ORIENTED_EDGE('',*,*,#17414,.F.);
#17421 = CYLINDRICAL_SURFACE('',#17422,0.875);
#17422 = AXIS2_PLACEMENT_3D('',#17423,#17424,#17425);
#17423 = CARTESIAN_POINT('',(295.5325,-180.935,-4.6E-02));
#17424 = DIRECTION('',(-0.,-0.,-1.));
#17425 = DIRECTION('',(-0.,-1.,0.));
#17426 = ADVANCED_FACE('',(#17427),#17438,.F.);
#17427 = FACE_BOUND('',#17428,.T.);
#17428 = EDGE_LOOP('',(#17429,#17430,#17436,#17437));
#17429 = ORIENTED_EDGE('',*,*,#11034,.T.);
#17430 = ORIENTED_EDGE('',*,*,#17431,.T.);
#17431 = EDGE_CURVE('',#11035,#13758,#17432,.T.);
#17432 = LINE('',#17433,#17434);
#17433 = CARTESIAN_POINT('',(292.9925,-176.605,-4.6E-02));
#17434 = VECTOR('',#17435,1.);
#17435 = DIRECTION('',(0.,0.,1.));
#17436 = ORIENTED_EDGE('',*,*,#13757,.F.);
#17437 = ORIENTED_EDGE('',*,*,#17431,.F.);
#17438 = CYLINDRICAL_SURFACE('',#17439,0.75);
#17439 = AXIS2_PLACEMENT_3D('',#17440,#17441,#17442);
#17440 = CARTESIAN_POINT('',(292.9925,-175.855,-4.6E-02));
#17441 = DIRECTION('',(-0.,-0.,-1.));
#17442 = DIRECTION('',(-0.,-1.,0.));
#17443 = ADVANCED_FACE('',(#17444),#17455,.F.);
#17444 = FACE_BOUND('',#17445,.T.);
#17445 = EDGE_LOOP('',(#17446,#17447,#17453,#17454));
#17446 = ORIENTED_EDGE('',*,*,#11045,.T.);
#17447 = ORIENTED_EDGE('',*,*,#17448,.T.);
#17448 = EDGE_CURVE('',#11046,#13769,#17449,.T.);
#17449 = LINE('',#17450,#17451);
#17450 = CARTESIAN_POINT('',(304.4225,-181.81,-4.6E-02));
#17451 = VECTOR('',#17452,1.);
#17452 = DIRECTION('',(0.,0.,1.));
#17453 = ORIENTED_EDGE('',*,*,#13768,.F.);
#17454 = ORIENTED_EDGE('',*,*,#17448,.F.);
#17455 = CYLINDRICAL_SURFACE('',#17456,0.875);
#17456 = AXIS2_PLACEMENT_3D('',#17457,#17458,#17459);
#17457 = CARTESIAN_POINT('',(304.4225,-180.935,-4.6E-02));
#17458 = DIRECTION('',(-0.,-0.,-1.));
#17459 = DIRECTION('',(-0.,-1.,0.));
#17460 = ADVANCED_FACE('',(#17461),#17472,.F.);
#17461 = FACE_BOUND('',#17462,.T.);
#17462 = EDGE_LOOP('',(#17463,#17464,#17470,#17471));
#17463 = ORIENTED_EDGE('',*,*,#11056,.T.);
#17464 = ORIENTED_EDGE('',*,*,#17465,.T.);
#17465 = EDGE_CURVE('',#11057,#13780,#17466,.T.);
#17466 = LINE('',#17467,#17468);
#17467 = CARTESIAN_POINT('',(309.5025,-182.935,-4.6E-02));
#17468 = VECTOR('',#17469,1.);
#17469 = DIRECTION('',(0.,0.,1.));
#17470 = ORIENTED_EDGE('',*,*,#13779,.F.);
#17471 = ORIENTED_EDGE('',*,*,#17465,.F.);
#17472 = CYLINDRICAL_SURFACE('',#17473,2.);
#17473 = AXIS2_PLACEMENT_3D('',#17474,#17475,#17476);
#17474 = CARTESIAN_POINT('',(309.5025,-180.935,-4.6E-02));
#17475 = DIRECTION('',(-0.,-0.,-1.));
#17476 = DIRECTION('',(-0.,-1.,0.));
#17477 = ADVANCED_FACE('',(#17478),#17489,.F.);
#17478 = FACE_BOUND('',#17479,.T.);
#17479 = EDGE_LOOP('',(#17480,#17481,#17487,#17488));
#17480 = ORIENTED_EDGE('',*,*,#11067,.T.);
#17481 = ORIENTED_EDGE('',*,*,#17482,.T.);
#17482 = EDGE_CURVE('',#11068,#13791,#17483,.T.);
#17483 = LINE('',#17484,#17485);
#17484 = CARTESIAN_POINT('',(305.6925,-179.145,-4.6E-02));
#17485 = VECTOR('',#17486,1.);
#17486 = DIRECTION('',(0.,0.,1.));
#17487 = ORIENTED_EDGE('',*,*,#13790,.F.);
#17488 = ORIENTED_EDGE('',*,*,#17482,.F.);
#17489 = CYLINDRICAL_SURFACE('',#17490,0.75);
#17490 = AXIS2_PLACEMENT_3D('',#17491,#17492,#17493);
#17491 = CARTESIAN_POINT('',(305.6925,-178.395,-4.6E-02));
#17492 = DIRECTION('',(-0.,-0.,-1.));
#17493 = DIRECTION('',(-0.,-1.,0.));
#17494 = ADVANCED_FACE('',(#17495),#17506,.F.);
#17495 = FACE_BOUND('',#17496,.T.);
#17496 = EDGE_LOOP('',(#17497,#17498,#17504,#17505));
#17497 = ORIENTED_EDGE('',*,*,#11078,.T.);
#17498 = ORIENTED_EDGE('',*,*,#17499,.T.);
#17499 = EDGE_CURVE('',#11079,#13802,#17500,.T.);
#17500 = LINE('',#17501,#17502);
#17501 = CARTESIAN_POINT('',(314.5825,-181.81,-4.6E-02));
#17502 = VECTOR('',#17503,1.);
#17503 = DIRECTION('',(0.,0.,1.));
#17504 = ORIENTED_EDGE('',*,*,#13801,.F.);
#17505 = ORIENTED_EDGE('',*,*,#17499,.F.);
#17506 = CYLINDRICAL_SURFACE('',#17507,0.875);
#17507 = AXIS2_PLACEMENT_3D('',#17508,#17509,#17510);
#17508 = CARTESIAN_POINT('',(314.5825,-180.935,-4.6E-02));
#17509 = DIRECTION('',(-0.,-0.,-1.));
#17510 = DIRECTION('',(-0.,-1.,0.));
#17511 = ADVANCED_FACE('',(#17512),#17523,.F.);
#17512 = FACE_BOUND('',#17513,.T.);
#17513 = EDGE_LOOP('',(#17514,#17515,#17521,#17522));
#17514 = ORIENTED_EDGE('',*,*,#11089,.T.);
#17515 = ORIENTED_EDGE('',*,*,#17516,.T.);
#17516 = EDGE_CURVE('',#11090,#13813,#17517,.T.);
#17517 = LINE('',#17518,#17519);
#17518 = CARTESIAN_POINT('',(312.0425,-176.605,-4.6E-02));
#17519 = VECTOR('',#17520,1.);
#17520 = DIRECTION('',(0.,0.,1.));
#17521 = ORIENTED_EDGE('',*,*,#13812,.F.);
#17522 = ORIENTED_EDGE('',*,*,#17516,.F.);
#17523 = CYLINDRICAL_SURFACE('',#17524,0.75);
#17524 = AXIS2_PLACEMENT_3D('',#17525,#17526,#17527);
#17525 = CARTESIAN_POINT('',(312.0425,-175.855,-4.6E-02));
#17526 = DIRECTION('',(-0.,-0.,-1.));
#17527 = DIRECTION('',(-0.,-1.,0.));
#17528 = ADVANCED_FACE('',(#17529),#17540,.F.);
#17529 = FACE_BOUND('',#17530,.T.);
#17530 = EDGE_LOOP('',(#17531,#17532,#17538,#17539));
#17531 = ORIENTED_EDGE('',*,*,#11100,.T.);
#17532 = ORIENTED_EDGE('',*,*,#17533,.T.);
#17533 = EDGE_CURVE('',#11101,#13824,#17534,.T.);
#17534 = LINE('',#17535,#17536);
#17535 = CARTESIAN_POINT('',(323.4725,-181.81,-4.6E-02));
#17536 = VECTOR('',#17537,1.);
#17537 = DIRECTION('',(0.,0.,1.));
#17538 = ORIENTED_EDGE('',*,*,#13823,.F.);
#17539 = ORIENTED_EDGE('',*,*,#17533,.F.);
#17540 = CYLINDRICAL_SURFACE('',#17541,0.875);
#17541 = AXIS2_PLACEMENT_3D('',#17542,#17543,#17544);
#17542 = CARTESIAN_POINT('',(323.4725,-180.935,-4.6E-02));
#17543 = DIRECTION('',(-0.,-0.,-1.));
#17544 = DIRECTION('',(-0.,-1.,0.));
#17545 = ADVANCED_FACE('',(#17546),#17557,.F.);
#17546 = FACE_BOUND('',#17547,.T.);
#17547 = EDGE_LOOP('',(#17548,#17549,#17555,#17556));
#17548 = ORIENTED_EDGE('',*,*,#11111,.T.);
#17549 = ORIENTED_EDGE('',*,*,#17550,.T.);
#17550 = EDGE_CURVE('',#11112,#13835,#17551,.T.);
#17551 = LINE('',#17552,#17553);
#17552 = CARTESIAN_POINT('',(328.5525,-182.935,-4.6E-02));
#17553 = VECTOR('',#17554,1.);
#17554 = DIRECTION('',(0.,0.,1.));
#17555 = ORIENTED_EDGE('',*,*,#13834,.F.);
#17556 = ORIENTED_EDGE('',*,*,#17550,.F.);
#17557 = CYLINDRICAL_SURFACE('',#17558,2.);
#17558 = AXIS2_PLACEMENT_3D('',#17559,#17560,#17561);
#17559 = CARTESIAN_POINT('',(328.5525,-180.935,-4.6E-02));
#17560 = DIRECTION('',(-0.,-0.,-1.));
#17561 = DIRECTION('',(-0.,-1.,0.));
#17562 = ADVANCED_FACE('',(#17563),#17574,.F.);
#17563 = FACE_BOUND('',#17564,.T.);
#17564 = EDGE_LOOP('',(#17565,#17566,#17572,#17573));
#17565 = ORIENTED_EDGE('',*,*,#11122,.T.);
#17566 = ORIENTED_EDGE('',*,*,#17567,.T.);
#17567 = EDGE_CURVE('',#11123,#13846,#17568,.T.);
#17568 = LINE('',#17569,#17570);
#17569 = CARTESIAN_POINT('',(324.7425,-179.145,-4.6E-02));
#17570 = VECTOR('',#17571,1.);
#17571 = DIRECTION('',(0.,0.,1.));
#17572 = ORIENTED_EDGE('',*,*,#13845,.F.);
#17573 = ORIENTED_EDGE('',*,*,#17567,.F.);
#17574 = CYLINDRICAL_SURFACE('',#17575,0.75);
#17575 = AXIS2_PLACEMENT_3D('',#17576,#17577,#17578);
#17576 = CARTESIAN_POINT('',(324.7425,-178.395,-4.6E-02));
#17577 = DIRECTION('',(-0.,-0.,-1.));
#17578 = DIRECTION('',(-0.,-1.,0.));
#17579 = ADVANCED_FACE('',(#17580),#17591,.F.);
#17580 = FACE_BOUND('',#17581,.T.);
#17581 = EDGE_LOOP('',(#17582,#17583,#17589,#17590));
#17582 = ORIENTED_EDGE('',*,*,#11133,.T.);
#17583 = ORIENTED_EDGE('',*,*,#17584,.T.);
#17584 = EDGE_CURVE('',#11134,#13857,#17585,.T.);
#17585 = LINE('',#17586,#17587);
#17586 = CARTESIAN_POINT('',(333.6325,-181.81,-4.6E-02));
#17587 = VECTOR('',#17588,1.);
#17588 = DIRECTION('',(0.,0.,1.));
#17589 = ORIENTED_EDGE('',*,*,#13856,.F.);
#17590 = ORIENTED_EDGE('',*,*,#17584,.F.);
#17591 = CYLINDRICAL_SURFACE('',#17592,0.875);
#17592 = AXIS2_PLACEMENT_3D('',#17593,#17594,#17595);
#17593 = CARTESIAN_POINT('',(333.6325,-180.935,-4.6E-02));
#17594 = DIRECTION('',(-0.,-0.,-1.));
#17595 = DIRECTION('',(-0.,-1.,0.));
#17596 = ADVANCED_FACE('',(#17597),#17608,.F.);
#17597 = FACE_BOUND('',#17598,.T.);
#17598 = EDGE_LOOP('',(#17599,#17600,#17606,#17607));
#17599 = ORIENTED_EDGE('',*,*,#11144,.T.);
#17600 = ORIENTED_EDGE('',*,*,#17601,.T.);
#17601 = EDGE_CURVE('',#11145,#13868,#17602,.T.);
#17602 = LINE('',#17603,#17604);
#17603 = CARTESIAN_POINT('',(331.0925,-176.605,-4.6E-02));
#17604 = VECTOR('',#17605,1.);
#17605 = DIRECTION('',(0.,0.,1.));
#17606 = ORIENTED_EDGE('',*,*,#13867,.F.);
#17607 = ORIENTED_EDGE('',*,*,#17601,.F.);
#17608 = CYLINDRICAL_SURFACE('',#17609,0.75);
#17609 = AXIS2_PLACEMENT_3D('',#17610,#17611,#17612);
#17610 = CARTESIAN_POINT('',(331.0925,-175.855,-4.6E-02));
#17611 = DIRECTION('',(-0.,-0.,-1.));
#17612 = DIRECTION('',(-0.,-1.,0.));
#17613 = ADVANCED_FACE('',(#17614),#17625,.F.);
#17614 = FACE_BOUND('',#17615,.T.);
#17615 = EDGE_LOOP('',(#17616,#17617,#17623,#17624));
#17616 = ORIENTED_EDGE('',*,*,#11155,.T.);
#17617 = ORIENTED_EDGE('',*,*,#17618,.T.);
#17618 = EDGE_CURVE('',#11156,#13879,#17619,.T.);
#17619 = LINE('',#17620,#17621);
#17620 = CARTESIAN_POINT('',(342.5225,-181.81,-4.6E-02));
#17621 = VECTOR('',#17622,1.);
#17622 = DIRECTION('',(0.,0.,1.));
#17623 = ORIENTED_EDGE('',*,*,#13878,.F.);
#17624 = ORIENTED_EDGE('',*,*,#17618,.F.);
#17625 = CYLINDRICAL_SURFACE('',#17626,0.875);
#17626 = AXIS2_PLACEMENT_3D('',#17627,#17628,#17629);
#17627 = CARTESIAN_POINT('',(342.5225,-180.935,-4.6E-02));
#17628 = DIRECTION('',(-0.,-0.,-1.));
#17629 = DIRECTION('',(-0.,-1.,0.));
#17630 = ADVANCED_FACE('',(#17631),#17642,.F.);
#17631 = FACE_BOUND('',#17632,.T.);
#17632 = EDGE_LOOP('',(#17633,#17634,#17640,#17641));
#17633 = ORIENTED_EDGE('',*,*,#11166,.T.);
#17634 = ORIENTED_EDGE('',*,*,#17635,.T.);
#17635 = EDGE_CURVE('',#11167,#13890,#17636,.T.);
#17636 = LINE('',#17637,#17638);
#17637 = CARTESIAN_POINT('',(347.6025,-182.935,-4.6E-02));
#17638 = VECTOR('',#17639,1.);
#17639 = DIRECTION('',(0.,0.,1.));
#17640 = ORIENTED_EDGE('',*,*,#13889,.F.);
#17641 = ORIENTED_EDGE('',*,*,#17635,.F.);
#17642 = CYLINDRICAL_SURFACE('',#17643,2.);
#17643 = AXIS2_PLACEMENT_3D('',#17644,#17645,#17646);
#17644 = CARTESIAN_POINT('',(347.6025,-180.935,-4.6E-02));
#17645 = DIRECTION('',(-0.,-0.,-1.));
#17646 = DIRECTION('',(-0.,-1.,0.));
#17647 = ADVANCED_FACE('',(#17648),#17659,.F.);
#17648 = FACE_BOUND('',#17649,.T.);
#17649 = EDGE_LOOP('',(#17650,#17651,#17657,#17658));
#17650 = ORIENTED_EDGE('',*,*,#11177,.T.);
#17651 = ORIENTED_EDGE('',*,*,#17652,.T.);
#17652 = EDGE_CURVE('',#11178,#13901,#17653,.T.);
#17653 = LINE('',#17654,#17655);
#17654 = CARTESIAN_POINT('',(343.7925,-179.145,-4.6E-02));
#17655 = VECTOR('',#17656,1.);
#17656 = DIRECTION('',(0.,0.,1.));
#17657 = ORIENTED_EDGE('',*,*,#13900,.F.);
#17658 = ORIENTED_EDGE('',*,*,#17652,.F.);
#17659 = CYLINDRICAL_SURFACE('',#17660,0.75);
#17660 = AXIS2_PLACEMENT_3D('',#17661,#17662,#17663);
#17661 = CARTESIAN_POINT('',(343.7925,-178.395,-4.6E-02));
#17662 = DIRECTION('',(-0.,-0.,-1.));
#17663 = DIRECTION('',(-0.,-1.,0.));
#17664 = ADVANCED_FACE('',(#17665),#17676,.F.);
#17665 = FACE_BOUND('',#17666,.T.);
#17666 = EDGE_LOOP('',(#17667,#17668,#17674,#17675));
#17667 = ORIENTED_EDGE('',*,*,#11188,.T.);
#17668 = ORIENTED_EDGE('',*,*,#17669,.T.);
#17669 = EDGE_CURVE('',#11189,#13912,#17670,.T.);
#17670 = LINE('',#17671,#17672);
#17671 = CARTESIAN_POINT('',(352.6825,-181.81,-4.6E-02));
#17672 = VECTOR('',#17673,1.);
#17673 = DIRECTION('',(0.,0.,1.));
#17674 = ORIENTED_EDGE('',*,*,#13911,.F.);
#17675 = ORIENTED_EDGE('',*,*,#17669,.F.);
#17676 = CYLINDRICAL_SURFACE('',#17677,0.875);
#17677 = AXIS2_PLACEMENT_3D('',#17678,#17679,#17680);
#17678 = CARTESIAN_POINT('',(352.6825,-180.935,-4.6E-02));
#17679 = DIRECTION('',(-0.,-0.,-1.));
#17680 = DIRECTION('',(-0.,-1.,0.));
#17681 = ADVANCED_FACE('',(#17682),#17693,.F.);
#17682 = FACE_BOUND('',#17683,.T.);
#17683 = EDGE_LOOP('',(#17684,#17685,#17691,#17692));
#17684 = ORIENTED_EDGE('',*,*,#11199,.T.);
#17685 = ORIENTED_EDGE('',*,*,#17686,.T.);
#17686 = EDGE_CURVE('',#11200,#13923,#17687,.T.);
#17687 = LINE('',#17688,#17689);
#17688 = CARTESIAN_POINT('',(361.5725,-181.81,-4.6E-02));
#17689 = VECTOR('',#17690,1.);
#17690 = DIRECTION('',(0.,0.,1.));
#17691 = ORIENTED_EDGE('',*,*,#13922,.F.);
#17692 = ORIENTED_EDGE('',*,*,#17686,.F.);
#17693 = CYLINDRICAL_SURFACE('',#17694,0.875);
#17694 = AXIS2_PLACEMENT_3D('',#17695,#17696,#17697);
#17695 = CARTESIAN_POINT('',(361.5725,-180.935,-4.6E-02));
#17696 = DIRECTION('',(-0.,-0.,-1.));
#17697 = DIRECTION('',(-0.,-1.,0.));
#17698 = ADVANCED_FACE('',(#17699),#17710,.F.);
#17699 = FACE_BOUND('',#17700,.T.);
#17700 = EDGE_LOOP('',(#17701,#17702,#17708,#17709));
#17701 = ORIENTED_EDGE('',*,*,#11210,.T.);
#17702 = ORIENTED_EDGE('',*,*,#17703,.T.);
#17703 = EDGE_CURVE('',#11211,#13934,#17704,.T.);
#17704 = LINE('',#17705,#17706);
#17705 = CARTESIAN_POINT('',(350.1425,-176.605,-4.6E-02));
#17706 = VECTOR('',#17707,1.);
#17707 = DIRECTION('',(0.,0.,1.));
#17708 = ORIENTED_EDGE('',*,*,#13933,.F.);
#17709 = ORIENTED_EDGE('',*,*,#17703,.F.);
#17710 = CYLINDRICAL_SURFACE('',#17711,0.75);
#17711 = AXIS2_PLACEMENT_3D('',#17712,#17713,#17714);
#17712 = CARTESIAN_POINT('',(350.1425,-175.855,-4.6E-02));
#17713 = DIRECTION('',(-0.,-0.,-1.));
#17714 = DIRECTION('',(-0.,-1.,0.));
#17715 = ADVANCED_FACE('',(#17716),#17727,.F.);
#17716 = FACE_BOUND('',#17717,.T.);
#17717 = EDGE_LOOP('',(#17718,#17719,#17725,#17726));
#17718 = ORIENTED_EDGE('',*,*,#11221,.T.);
#17719 = ORIENTED_EDGE('',*,*,#17720,.T.);
#17720 = EDGE_CURVE('',#11222,#13945,#17721,.T.);
#17721 = LINE('',#17722,#17723);
#17722 = CARTESIAN_POINT('',(299.66,-162.76,-4.6E-02));
#17723 = VECTOR('',#17724,1.);
#17724 = DIRECTION('',(0.,0.,1.));
#17725 = ORIENTED_EDGE('',*,*,#13944,.F.);
#17726 = ORIENTED_EDGE('',*,*,#17720,.F.);
#17727 = CYLINDRICAL_SURFACE('',#17728,0.875);
#17728 = AXIS2_PLACEMENT_3D('',#17729,#17730,#17731);
#17729 = CARTESIAN_POINT('',(299.66,-161.885,-4.6E-02));
#17730 = DIRECTION('',(-0.,-0.,-1.));
#17731 = DIRECTION('',(-0.,-1.,0.));
#17732 = ADVANCED_FACE('',(#17733),#17744,.F.);
#17733 = FACE_BOUND('',#17734,.T.);
#17734 = EDGE_LOOP('',(#17735,#17736,#17742,#17743));
#17735 = ORIENTED_EDGE('',*,*,#11232,.T.);
#17736 = ORIENTED_EDGE('',*,*,#17737,.T.);
#17737 = EDGE_CURVE('',#11233,#13956,#17738,.T.);
#17738 = LINE('',#17739,#17740);
#17739 = CARTESIAN_POINT('',(300.93,-160.095,-4.6E-02));
#17740 = VECTOR('',#17741,1.);
#17741 = DIRECTION('',(0.,0.,1.));
#17742 = ORIENTED_EDGE('',*,*,#13955,.F.);
#17743 = ORIENTED_EDGE('',*,*,#17737,.F.);
#17744 = CYLINDRICAL_SURFACE('',#17745,0.75);
#17745 = AXIS2_PLACEMENT_3D('',#17746,#17747,#17748);
#17746 = CARTESIAN_POINT('',(300.93,-159.345,-4.6E-02));
#17747 = DIRECTION('',(-0.,-0.,-1.));
#17748 = DIRECTION('',(-0.,-1.,0.));
#17749 = ADVANCED_FACE('',(#17750),#17761,.F.);
#17750 = FACE_BOUND('',#17751,.T.);
#17751 = EDGE_LOOP('',(#17752,#17753,#17759,#17760));
#17752 = ORIENTED_EDGE('',*,*,#11243,.T.);
#17753 = ORIENTED_EDGE('',*,*,#17754,.T.);
#17754 = EDGE_CURVE('',#11244,#13967,#17755,.T.);
#17755 = LINE('',#17756,#17757);
#17756 = CARTESIAN_POINT('',(304.74,-163.885,-4.6E-02));
#17757 = VECTOR('',#17758,1.);
#17758 = DIRECTION('',(0.,0.,1.));
#17759 = ORIENTED_EDGE('',*,*,#13966,.F.);
#17760 = ORIENTED_EDGE('',*,*,#17754,.F.);
#17761 = CYLINDRICAL_SURFACE('',#17762,2.);
#17762 = AXIS2_PLACEMENT_3D('',#17763,#17764,#17765);
#17763 = CARTESIAN_POINT('',(304.74,-161.885,-4.6E-02));
#17764 = DIRECTION('',(-0.,-0.,-1.));
#17765 = DIRECTION('',(-0.,-1.,0.));
#17766 = ADVANCED_FACE('',(#17767),#17778,.F.);
#17767 = FACE_BOUND('',#17768,.T.);
#17768 = EDGE_LOOP('',(#17769,#17770,#17776,#17777));
#17769 = ORIENTED_EDGE('',*,*,#11254,.T.);
#17770 = ORIENTED_EDGE('',*,*,#17771,.T.);
#17771 = EDGE_CURVE('',#11255,#13978,#17772,.T.);
#17772 = LINE('',#17773,#17774);
#17773 = CARTESIAN_POINT('',(309.82,-162.76,-4.6E-02));
#17774 = VECTOR('',#17775,1.);
#17775 = DIRECTION('',(0.,0.,1.));
#17776 = ORIENTED_EDGE('',*,*,#13977,.F.);
#17777 = ORIENTED_EDGE('',*,*,#17771,.F.);
#17778 = CYLINDRICAL_SURFACE('',#17779,0.875);
#17779 = AXIS2_PLACEMENT_3D('',#17780,#17781,#17782);
#17780 = CARTESIAN_POINT('',(309.82,-161.885,-4.6E-02));
#17781 = DIRECTION('',(-0.,-0.,-1.));
#17782 = DIRECTION('',(-0.,-1.,0.));
#17783 = ADVANCED_FACE('',(#17784),#17795,.F.);
#17784 = FACE_BOUND('',#17785,.T.);
#17785 = EDGE_LOOP('',(#17786,#17787,#17793,#17794));
#17786 = ORIENTED_EDGE('',*,*,#11265,.T.);
#17787 = ORIENTED_EDGE('',*,*,#17788,.T.);
#17788 = EDGE_CURVE('',#11266,#13989,#17789,.T.);
#17789 = LINE('',#17790,#17791);
#17790 = CARTESIAN_POINT('',(318.71,-162.76,-4.6E-02));
#17791 = VECTOR('',#17792,1.);
#17792 = DIRECTION('',(0.,0.,1.));
#17793 = ORIENTED_EDGE('',*,*,#13988,.F.);
#17794 = ORIENTED_EDGE('',*,*,#17788,.F.);
#17795 = CYLINDRICAL_SURFACE('',#17796,0.875);
#17796 = AXIS2_PLACEMENT_3D('',#17797,#17798,#17799);
#17797 = CARTESIAN_POINT('',(318.71,-161.885,-4.6E-02));
#17798 = DIRECTION('',(-0.,-0.,-1.));
#17799 = DIRECTION('',(-0.,-1.,0.));
#17800 = ADVANCED_FACE('',(#17801),#17812,.F.);
#17801 = FACE_BOUND('',#17802,.T.);
#17802 = EDGE_LOOP('',(#17803,#17804,#17810,#17811));
#17803 = ORIENTED_EDGE('',*,*,#11276,.T.);
#17804 = ORIENTED_EDGE('',*,*,#17805,.T.);
#17805 = EDGE_CURVE('',#11277,#14000,#17806,.T.);
#17806 = LINE('',#17807,#17808);
#17807 = CARTESIAN_POINT('',(319.98,-160.095,-4.6E-02));
#17808 = VECTOR('',#17809,1.);
#17809 = DIRECTION('',(0.,0.,1.));
#17810 = ORIENTED_EDGE('',*,*,#13999,.F.);
#17811 = ORIENTED_EDGE('',*,*,#17805,.F.);
#17812 = CYLINDRICAL_SURFACE('',#17813,0.75);
#17813 = AXIS2_PLACEMENT_3D('',#17814,#17815,#17816);
#17814 = CARTESIAN_POINT('',(319.98,-159.345,-4.6E-02));
#17815 = DIRECTION('',(-0.,-0.,-1.));
#17816 = DIRECTION('',(-0.,-1.,0.));
#17817 = ADVANCED_FACE('',(#17818),#17829,.F.);
#17818 = FACE_BOUND('',#17819,.T.);
#17819 = EDGE_LOOP('',(#17820,#17821,#17827,#17828));
#17820 = ORIENTED_EDGE('',*,*,#11287,.T.);
#17821 = ORIENTED_EDGE('',*,*,#17822,.T.);
#17822 = EDGE_CURVE('',#11288,#14011,#17823,.T.);
#17823 = LINE('',#17824,#17825);
#17824 = CARTESIAN_POINT('',(307.28,-157.555,-4.6E-02));
#17825 = VECTOR('',#17826,1.);
#17826 = DIRECTION('',(0.,0.,1.));
#17827 = ORIENTED_EDGE('',*,*,#14010,.F.);
#17828 = ORIENTED_EDGE('',*,*,#17822,.F.);
#17829 = CYLINDRICAL_SURFACE('',#17830,0.75);
#17830 = AXIS2_PLACEMENT_3D('',#17831,#17832,#17833);
#17831 = CARTESIAN_POINT('',(307.28,-156.805,-4.6E-02));
#17832 = DIRECTION('',(-0.,-0.,-1.));
#17833 = DIRECTION('',(-0.,-1.,0.));
#17834 = ADVANCED_FACE('',(#17835),#17846,.F.);
#17835 = FACE_BOUND('',#17836,.T.);
#17836 = EDGE_LOOP('',(#17837,#17843,#17844,#17845));
#17837 = ORIENTED_EDGE('',*,*,#17838,.T.);
#17838 = EDGE_CURVE('',#11299,#14022,#17839,.T.);
#17839 = LINE('',#17840,#17841);
#17840 = CARTESIAN_POINT('',(315.455766,-154.741244,0.));
#17841 = VECTOR('',#17842,1.);
#17842 = DIRECTION('',(0.,0.,1.));
#17843 = ORIENTED_EDGE('',*,*,#14021,.T.);
#17844 = ORIENTED_EDGE('',*,*,#17838,.F.);
#17845 = ORIENTED_EDGE('',*,*,#11298,.F.);
#17846 = CYLINDRICAL_SURFACE('',#17847,1.190626);
#17847 = AXIS2_PLACEMENT_3D('',#17848,#17849,#17850);
#17848 = CARTESIAN_POINT('',(314.26514,-154.741244,0.));
#17849 = DIRECTION('',(-0.,-0.,-1.));
#17850 = DIRECTION('',(1.,0.,0.));
#17851 = ADVANCED_FACE('',(#17852),#17863,.F.);
#17852 = FACE_BOUND('',#17853,.T.);
#17853 = EDGE_LOOP('',(#17854,#17855,#17861,#17862));
#17854 = ORIENTED_EDGE('',*,*,#11309,.T.);
#17855 = ORIENTED_EDGE('',*,*,#17856,.T.);
#17856 = EDGE_CURVE('',#11310,#14033,#17857,.T.);
#17857 = LINE('',#17858,#17859);
#17858 = CARTESIAN_POINT('',(323.79,-163.885,-4.6E-02));
#17859 = VECTOR('',#17860,1.);
#17860 = DIRECTION('',(0.,0.,1.));
#17861 = ORIENTED_EDGE('',*,*,#14032,.F.);
#17862 = ORIENTED_EDGE('',*,*,#17856,.F.);
#17863 = CYLINDRICAL_SURFACE('',#17864,2.);
#17864 = AXIS2_PLACEMENT_3D('',#17865,#17866,#17867);
#17865 = CARTESIAN_POINT('',(323.79,-161.885,-4.6E-02));
#17866 = DIRECTION('',(-0.,-0.,-1.));
#17867 = DIRECTION('',(-0.,-1.,0.));
#17868 = ADVANCED_FACE('',(#17869),#17880,.F.);
#17869 = FACE_BOUND('',#17870,.T.);
#17870 = EDGE_LOOP('',(#17871,#17872,#17878,#17879));
#17871 = ORIENTED_EDGE('',*,*,#11320,.T.);
#17872 = ORIENTED_EDGE('',*,*,#17873,.T.);
#17873 = EDGE_CURVE('',#11321,#14044,#17874,.T.);
#17874 = LINE('',#17875,#17876);
#17875 = CARTESIAN_POINT('',(328.87,-162.76,-4.6E-02));
#17876 = VECTOR('',#17877,1.);
#17877 = DIRECTION('',(0.,0.,1.));
#17878 = ORIENTED_EDGE('',*,*,#14043,.F.);
#17879 = ORIENTED_EDGE('',*,*,#17873,.F.);
#17880 = CYLINDRICAL_SURFACE('',#17881,0.875);
#17881 = AXIS2_PLACEMENT_3D('',#17882,#17883,#17884);
#17882 = CARTESIAN_POINT('',(328.87,-161.885,-4.6E-02));
#17883 = DIRECTION('',(-0.,-0.,-1.));
#17884 = DIRECTION('',(-0.,-1.,0.));
#17885 = ADVANCED_FACE('',(#17886),#17897,.F.);
#17886 = FACE_BOUND('',#17887,.T.);
#17887 = EDGE_LOOP('',(#17888,#17889,#17895,#17896));
#17888 = ORIENTED_EDGE('',*,*,#11331,.T.);
#17889 = ORIENTED_EDGE('',*,*,#17890,.T.);
#17890 = EDGE_CURVE('',#11332,#14055,#17891,.T.);
#17891 = LINE('',#17892,#17893);
#17892 = CARTESIAN_POINT('',(337.76,-162.76,-4.6E-02));
#17893 = VECTOR('',#17894,1.);
#17894 = DIRECTION('',(0.,0.,1.));
#17895 = ORIENTED_EDGE('',*,*,#14054,.F.);
#17896 = ORIENTED_EDGE('',*,*,#17890,.F.);
#17897 = CYLINDRICAL_SURFACE('',#17898,0.875);
#17898 = AXIS2_PLACEMENT_3D('',#17899,#17900,#17901);
#17899 = CARTESIAN_POINT('',(337.76,-161.885,-4.6E-02));
#17900 = DIRECTION('',(-0.,-0.,-1.));
#17901 = DIRECTION('',(-0.,-1.,0.));
#17902 = ADVANCED_FACE('',(#17903),#17914,.F.);
#17903 = FACE_BOUND('',#17904,.T.);
#17904 = EDGE_LOOP('',(#17905,#17906,#17912,#17913));
#17905 = ORIENTED_EDGE('',*,*,#11342,.T.);
#17906 = ORIENTED_EDGE('',*,*,#17907,.T.);
#17907 = EDGE_CURVE('',#11343,#14066,#17908,.T.);
#17908 = LINE('',#17909,#17910);
#17909 = CARTESIAN_POINT('',(339.03,-160.095,-4.6E-02));
#17910 = VECTOR('',#17911,1.);
#17911 = DIRECTION('',(0.,0.,1.));
#17912 = ORIENTED_EDGE('',*,*,#14065,.F.);
#17913 = ORIENTED_EDGE('',*,*,#17907,.F.);
#17914 = CYLINDRICAL_SURFACE('',#17915,0.75);
#17915 = AXIS2_PLACEMENT_3D('',#17916,#17917,#17918);
#17916 = CARTESIAN_POINT('',(339.03,-159.345,-4.6E-02));
#17917 = DIRECTION('',(-0.,-0.,-1.));
#17918 = DIRECTION('',(-0.,-1.,0.));
#17919 = ADVANCED_FACE('',(#17920),#17931,.F.);
#17920 = FACE_BOUND('',#17921,.T.);
#17921 = EDGE_LOOP('',(#17922,#17923,#17929,#17930));
#17922 = ORIENTED_EDGE('',*,*,#11353,.T.);
#17923 = ORIENTED_EDGE('',*,*,#17924,.T.);
#17924 = EDGE_CURVE('',#11354,#14077,#17925,.T.);
#17925 = LINE('',#17926,#17927);
#17926 = CARTESIAN_POINT('',(326.33,-157.555,-4.6E-02));
#17927 = VECTOR('',#17928,1.);
#17928 = DIRECTION('',(0.,0.,1.));
#17929 = ORIENTED_EDGE('',*,*,#14076,.F.);
#17930 = ORIENTED_EDGE('',*,*,#17924,.F.);
#17931 = CYLINDRICAL_SURFACE('',#17932,0.75);
#17932 = AXIS2_PLACEMENT_3D('',#17933,#17934,#17935);
#17933 = CARTESIAN_POINT('',(326.33,-156.805,-4.6E-02));
#17934 = DIRECTION('',(-0.,-0.,-1.));
#17935 = DIRECTION('',(-0.,-1.,0.));
#17936 = ADVANCED_FACE('',(#17937),#17948,.F.);
#17937 = FACE_BOUND('',#17938,.T.);
#17938 = EDGE_LOOP('',(#17939,#17940,#17946,#17947));
#17939 = ORIENTED_EDGE('',*,*,#11364,.T.);
#17940 = ORIENTED_EDGE('',*,*,#17941,.T.);
#17941 = EDGE_CURVE('',#11365,#14088,#17942,.T.);
#17942 = LINE('',#17943,#17944);
#17943 = CARTESIAN_POINT('',(342.84,-163.885,-4.6E-02));
#17944 = VECTOR('',#17945,1.);
#17945 = DIRECTION('',(0.,0.,1.));
#17946 = ORIENTED_EDGE('',*,*,#14087,.F.);
#17947 = ORIENTED_EDGE('',*,*,#17941,.F.);
#17948 = CYLINDRICAL_SURFACE('',#17949,2.);
#17949 = AXIS2_PLACEMENT_3D('',#17950,#17951,#17952);
#17950 = CARTESIAN_POINT('',(342.84,-161.885,-4.6E-02));
#17951 = DIRECTION('',(-0.,-0.,-1.));
#17952 = DIRECTION('',(-0.,-1.,0.));
#17953 = ADVANCED_FACE('',(#17954),#17965,.F.);
#17954 = FACE_BOUND('',#17955,.T.);
#17955 = EDGE_LOOP('',(#17956,#17957,#17963,#17964));
#17956 = ORIENTED_EDGE('',*,*,#11375,.T.);
#17957 = ORIENTED_EDGE('',*,*,#17958,.T.);
#17958 = EDGE_CURVE('',#11376,#14099,#17959,.T.);
#17959 = LINE('',#17960,#17961);
#17960 = CARTESIAN_POINT('',(347.92,-162.76,-4.6E-02));
#17961 = VECTOR('',#17962,1.);
#17962 = DIRECTION('',(0.,0.,1.));
#17963 = ORIENTED_EDGE('',*,*,#14098,.F.);
#17964 = ORIENTED_EDGE('',*,*,#17958,.F.);
#17965 = CYLINDRICAL_SURFACE('',#17966,0.875);
#17966 = AXIS2_PLACEMENT_3D('',#17967,#17968,#17969);
#17967 = CARTESIAN_POINT('',(347.92,-161.885,-4.6E-02));
#17968 = DIRECTION('',(-0.,-0.,-1.));
#17969 = DIRECTION('',(-0.,-1.,0.));
#17970 = ADVANCED_FACE('',(#17971),#17982,.F.);
#17971 = FACE_BOUND('',#17972,.T.);
#17972 = EDGE_LOOP('',(#17973,#17974,#17980,#17981));
#17973 = ORIENTED_EDGE('',*,*,#11386,.T.);
#17974 = ORIENTED_EDGE('',*,*,#17975,.T.);
#17975 = EDGE_CURVE('',#11387,#14110,#17976,.T.);
#17976 = LINE('',#17977,#17978);
#17977 = CARTESIAN_POINT('',(356.81,-162.76,-4.6E-02));
#17978 = VECTOR('',#17979,1.);
#17979 = DIRECTION('',(0.,0.,1.));
#17980 = ORIENTED_EDGE('',*,*,#14109,.F.);
#17981 = ORIENTED_EDGE('',*,*,#17975,.F.);
#17982 = CYLINDRICAL_SURFACE('',#17983,0.875);
#17983 = AXIS2_PLACEMENT_3D('',#17984,#17985,#17986);
#17984 = CARTESIAN_POINT('',(356.81,-161.885,-4.6E-02));
#17985 = DIRECTION('',(-0.,-0.,-1.));
#17986 = DIRECTION('',(-0.,-1.,0.));
#17987 = ADVANCED_FACE('',(#17988),#17999,.F.);
#17988 = FACE_BOUND('',#17989,.T.);
#17989 = EDGE_LOOP('',(#17990,#17991,#17997,#17998));
#17990 = ORIENTED_EDGE('',*,*,#11397,.T.);
#17991 = ORIENTED_EDGE('',*,*,#17992,.T.);
#17992 = EDGE_CURVE('',#11398,#14121,#17993,.T.);
#17993 = LINE('',#17994,#17995);
#17994 = CARTESIAN_POINT('',(358.08,-160.095,-4.6E-02));
#17995 = VECTOR('',#17996,1.);
#17996 = DIRECTION('',(0.,0.,1.));
#17997 = ORIENTED_EDGE('',*,*,#14120,.F.);
#17998 = ORIENTED_EDGE('',*,*,#17992,.F.);
#17999 = CYLINDRICAL_SURFACE('',#18000,0.75);
#18000 = AXIS2_PLACEMENT_3D('',#18001,#18002,#18003);
#18001 = CARTESIAN_POINT('',(358.08,-159.345,-4.6E-02));
#18002 = DIRECTION('',(-0.,-0.,-1.));
#18003 = DIRECTION('',(-0.,-1.,0.));
#18004 = ADVANCED_FACE('',(#18005),#18016,.F.);
#18005 = FACE_BOUND('',#18006,.T.);
#18006 = EDGE_LOOP('',(#18007,#18008,#18014,#18015));
#18007 = ORIENTED_EDGE('',*,*,#11408,.T.);
#18008 = ORIENTED_EDGE('',*,*,#18009,.T.);
#18009 = EDGE_CURVE('',#11409,#14132,#18010,.T.);
#18010 = LINE('',#18011,#18012);
#18011 = CARTESIAN_POINT('',(345.38,-157.555,-4.6E-02));
#18012 = VECTOR('',#18013,1.);
#18013 = DIRECTION('',(0.,0.,1.));
#18014 = ORIENTED_EDGE('',*,*,#14131,.F.);
#18015 = ORIENTED_EDGE('',*,*,#18009,.F.);
#18016 = CYLINDRICAL_SURFACE('',#18017,0.75);
#18017 = AXIS2_PLACEMENT_3D('',#18018,#18019,#18020);
#18018 = CARTESIAN_POINT('',(345.38,-156.805,-4.6E-02));
#18019 = DIRECTION('',(-0.,-0.,-1.));
#18020 = DIRECTION('',(-0.,-1.,0.));
#18021 = ADVANCED_FACE('',(#18022),#18033,.F.);
#18022 = FACE_BOUND('',#18023,.T.);
#18023 = EDGE_LOOP('',(#18024,#18025,#18031,#18032));
#18024 = ORIENTED_EDGE('',*,*,#11419,.T.);
#18025 = ORIENTED_EDGE('',*,*,#18026,.T.);
#18026 = EDGE_CURVE('',#11420,#14143,#18027,.T.);
#18027 = LINE('',#18028,#18029);
#18028 = CARTESIAN_POINT('',(366.6525,-182.935,-4.6E-02));
#18029 = VECTOR('',#18030,1.);
#18030 = DIRECTION('',(0.,0.,1.));
#18031 = ORIENTED_EDGE('',*,*,#14142,.F.);
#18032 = ORIENTED_EDGE('',*,*,#18026,.F.);
#18033 = CYLINDRICAL_SURFACE('',#18034,2.);
#18034 = AXIS2_PLACEMENT_3D('',#18035,#18036,#18037);
#18035 = CARTESIAN_POINT('',(366.6525,-180.935,-4.6E-02));
#18036 = DIRECTION('',(-0.,-0.,-1.));
#18037 = DIRECTION('',(-0.,-1.,0.));
#18038 = ADVANCED_FACE('',(#18039),#18050,.F.);
#18039 = FACE_BOUND('',#18040,.T.);
#18040 = EDGE_LOOP('',(#18041,#18042,#18048,#18049));
#18041 = ORIENTED_EDGE('',*,*,#11430,.T.);
#18042 = ORIENTED_EDGE('',*,*,#18043,.T.);
#18043 = EDGE_CURVE('',#11431,#14154,#18044,.T.);
#18044 = LINE('',#18045,#18046);
#18045 = CARTESIAN_POINT('',(362.8425,-179.145,-4.6E-02));
#18046 = VECTOR('',#18047,1.);
#18047 = DIRECTION('',(0.,0.,1.));
#18048 = ORIENTED_EDGE('',*,*,#14153,.F.);
#18049 = ORIENTED_EDGE('',*,*,#18043,.F.);
#18050 = CYLINDRICAL_SURFACE('',#18051,0.75);
#18051 = AXIS2_PLACEMENT_3D('',#18052,#18053,#18054);
#18052 = CARTESIAN_POINT('',(362.8425,-178.395,-4.6E-02));
#18053 = DIRECTION('',(-0.,-0.,-1.));
#18054 = DIRECTION('',(-0.,-1.,0.));
#18055 = ADVANCED_FACE('',(#18056),#18067,.F.);
#18056 = FACE_BOUND('',#18057,.T.);
#18057 = EDGE_LOOP('',(#18058,#18059,#18065,#18066));
#18058 = ORIENTED_EDGE('',*,*,#11441,.T.);
#18059 = ORIENTED_EDGE('',*,*,#18060,.T.);
#18060 = EDGE_CURVE('',#11442,#14165,#18061,.T.);
#18061 = LINE('',#18062,#18063);
#18062 = CARTESIAN_POINT('',(371.7325,-181.81,-4.6E-02));
#18063 = VECTOR('',#18064,1.);
#18064 = DIRECTION('',(0.,0.,1.));
#18065 = ORIENTED_EDGE('',*,*,#14164,.F.);
#18066 = ORIENTED_EDGE('',*,*,#18060,.F.);
#18067 = CYLINDRICAL_SURFACE('',#18068,0.875);
#18068 = AXIS2_PLACEMENT_3D('',#18069,#18070,#18071);
#18069 = CARTESIAN_POINT('',(371.7325,-180.935,-4.6E-02));
#18070 = DIRECTION('',(-0.,-0.,-1.));
#18071 = DIRECTION('',(-0.,-1.,0.));
#18072 = ADVANCED_FACE('',(#18073),#18084,.F.);
#18073 = FACE_BOUND('',#18074,.T.);
#18074 = EDGE_LOOP('',(#18075,#18076,#18082,#18083));
#18075 = ORIENTED_EDGE('',*,*,#11452,.T.);
#18076 = ORIENTED_EDGE('',*,*,#18077,.T.);
#18077 = EDGE_CURVE('',#11453,#14176,#18078,.T.);
#18078 = LINE('',#18079,#18080);
#18079 = CARTESIAN_POINT('',(380.6225,-181.81,-4.6E-02));
#18080 = VECTOR('',#18081,1.);
#18081 = DIRECTION('',(0.,0.,1.));
#18082 = ORIENTED_EDGE('',*,*,#14175,.F.);
#18083 = ORIENTED_EDGE('',*,*,#18077,.F.);
#18084 = CYLINDRICAL_SURFACE('',#18085,0.875);
#18085 = AXIS2_PLACEMENT_3D('',#18086,#18087,#18088);
#18086 = CARTESIAN_POINT('',(380.6225,-180.935,-4.6E-02));
#18087 = DIRECTION('',(-0.,-0.,-1.));
#18088 = DIRECTION('',(-0.,-1.,0.));
#18089 = ADVANCED_FACE('',(#18090),#18101,.F.);
#18090 = FACE_BOUND('',#18091,.T.);
#18091 = EDGE_LOOP('',(#18092,#18093,#18099,#18100));
#18092 = ORIENTED_EDGE('',*,*,#11463,.T.);
#18093 = ORIENTED_EDGE('',*,*,#18094,.T.);
#18094 = EDGE_CURVE('',#11464,#14187,#18095,.T.);
#18095 = LINE('',#18096,#18097);
#18096 = CARTESIAN_POINT('',(369.1925,-176.605,-4.6E-02));
#18097 = VECTOR('',#18098,1.);
#18098 = DIRECTION('',(0.,0.,1.));
#18099 = ORIENTED_EDGE('',*,*,#14186,.F.);
#18100 = ORIENTED_EDGE('',*,*,#18094,.F.);
#18101 = CYLINDRICAL_SURFACE('',#18102,0.75);
#18102 = AXIS2_PLACEMENT_3D('',#18103,#18104,#18105);
#18103 = CARTESIAN_POINT('',(369.1925,-175.855,-4.6E-02));
#18104 = DIRECTION('',(-0.,-0.,-1.));
#18105 = DIRECTION('',(-0.,-1.,0.));
#18106 = ADVANCED_FACE('',(#18107),#18118,.F.);
#18107 = FACE_BOUND('',#18108,.T.);
#18108 = EDGE_LOOP('',(#18109,#18110,#18116,#18117));
#18109 = ORIENTED_EDGE('',*,*,#11474,.T.);
#18110 = ORIENTED_EDGE('',*,*,#18111,.T.);
#18111 = EDGE_CURVE('',#11475,#14198,#18112,.T.);
#18112 = LINE('',#18113,#18114);
#18113 = CARTESIAN_POINT('',(385.7025,-182.935,-4.6E-02));
#18114 = VECTOR('',#18115,1.);
#18115 = DIRECTION('',(0.,0.,1.));
#18116 = ORIENTED_EDGE('',*,*,#14197,.F.);
#18117 = ORIENTED_EDGE('',*,*,#18111,.F.);
#18118 = CYLINDRICAL_SURFACE('',#18119,2.);
#18119 = AXIS2_PLACEMENT_3D('',#18120,#18121,#18122);
#18120 = CARTESIAN_POINT('',(385.7025,-180.935,-4.6E-02));
#18121 = DIRECTION('',(-0.,-0.,-1.));
#18122 = DIRECTION('',(-0.,-1.,0.));
#18123 = ADVANCED_FACE('',(#18124),#18135,.F.);
#18124 = FACE_BOUND('',#18125,.T.);
#18125 = EDGE_LOOP('',(#18126,#18127,#18133,#18134));
#18126 = ORIENTED_EDGE('',*,*,#11485,.T.);
#18127 = ORIENTED_EDGE('',*,*,#18128,.T.);
#18128 = EDGE_CURVE('',#11486,#14209,#18129,.T.);
#18129 = LINE('',#18130,#18131);
#18130 = CARTESIAN_POINT('',(390.7825,-181.81,-4.6E-02));
#18131 = VECTOR('',#18132,1.);
#18132 = DIRECTION('',(0.,0.,1.));
#18133 = ORIENTED_EDGE('',*,*,#14208,.F.);
#18134 = ORIENTED_EDGE('',*,*,#18128,.F.);
#18135 = CYLINDRICAL_SURFACE('',#18136,0.875);
#18136 = AXIS2_PLACEMENT_3D('',#18137,#18138,#18139);
#18137 = CARTESIAN_POINT('',(390.7825,-180.935,-4.6E-02));
#18138 = DIRECTION('',(-0.,-0.,-1.));
#18139 = DIRECTION('',(-0.,-1.,0.));
#18140 = ADVANCED_FACE('',(#18141),#18152,.F.);
#18141 = FACE_BOUND('',#18142,.T.);
#18142 = EDGE_LOOP('',(#18143,#18144,#18150,#18151));
#18143 = ORIENTED_EDGE('',*,*,#11496,.T.);
#18144 = ORIENTED_EDGE('',*,*,#18145,.T.);
#18145 = EDGE_CURVE('',#11497,#14220,#18146,.T.);
#18146 = LINE('',#18147,#18148);
#18147 = CARTESIAN_POINT('',(381.8925,-179.145,-4.6E-02));
#18148 = VECTOR('',#18149,1.);
#18149 = DIRECTION('',(0.,0.,1.));
#18150 = ORIENTED_EDGE('',*,*,#14219,.F.);
#18151 = ORIENTED_EDGE('',*,*,#18145,.F.);
#18152 = CYLINDRICAL_SURFACE('',#18153,0.75);
#18153 = AXIS2_PLACEMENT_3D('',#18154,#18155,#18156);
#18154 = CARTESIAN_POINT('',(381.8925,-178.395,-4.6E-02));
#18155 = DIRECTION('',(-0.,-0.,-1.));
#18156 = DIRECTION('',(-0.,-1.,0.));
#18157 = ADVANCED_FACE('',(#18158),#18169,.F.);
#18158 = FACE_BOUND('',#18159,.T.);
#18159 = EDGE_LOOP('',(#18160,#18161,#18167,#18168));
#18160 = ORIENTED_EDGE('',*,*,#11507,.T.);
#18161 = ORIENTED_EDGE('',*,*,#18162,.T.);
#18162 = EDGE_CURVE('',#11508,#14231,#18163,.T.);
#18163 = LINE('',#18164,#18165);
#18164 = CARTESIAN_POINT('',(388.2425,-176.605,-4.6E-02));
#18165 = VECTOR('',#18166,1.);
#18166 = DIRECTION('',(0.,0.,1.));
#18167 = ORIENTED_EDGE('',*,*,#14230,.F.);
#18168 = ORIENTED_EDGE('',*,*,#18162,.F.);
#18169 = CYLINDRICAL_SURFACE('',#18170,0.75);
#18170 = AXIS2_PLACEMENT_3D('',#18171,#18172,#18173);
#18171 = CARTESIAN_POINT('',(388.2425,-175.855,-4.6E-02));
#18172 = DIRECTION('',(-0.,-0.,-1.));
#18173 = DIRECTION('',(-0.,-1.,0.));
#18174 = ADVANCED_FACE('',(#18175),#18186,.F.);
#18175 = FACE_BOUND('',#18176,.T.);
#18176 = EDGE_LOOP('',(#18177,#18178,#18184,#18185));
#18177 = ORIENTED_EDGE('',*,*,#11518,.T.);
#18178 = ORIENTED_EDGE('',*,*,#18179,.T.);
#18179 = EDGE_CURVE('',#11519,#14242,#18180,.T.);
#18180 = LINE('',#18181,#18182);
#18181 = CARTESIAN_POINT('',(417.7975,-184.565,-4.6E-02));
#18182 = VECTOR('',#18183,1.);
#18183 = DIRECTION('',(0.,0.,1.));
#18184 = ORIENTED_EDGE('',*,*,#14241,.F.);
#18185 = ORIENTED_EDGE('',*,*,#18179,.F.);
#18186 = CYLINDRICAL_SURFACE('',#18187,0.5);
#18187 = AXIS2_PLACEMENT_3D('',#18188,#18189,#18190);
#18188 = CARTESIAN_POINT('',(417.7975,-184.065,-4.6E-02));
#18189 = DIRECTION('',(-0.,-0.,-1.));
#18190 = DIRECTION('',(-0.,-1.,0.));
#18191 = ADVANCED_FACE('',(#18192),#18203,.F.);
#18192 = FACE_BOUND('',#18193,.T.);
#18193 = EDGE_LOOP('',(#18194,#18195,#18201,#18202));
#18194 = ORIENTED_EDGE('',*,*,#11529,.T.);
#18195 = ORIENTED_EDGE('',*,*,#18196,.T.);
#18196 = EDGE_CURVE('',#11530,#14253,#18197,.T.);
#18197 = LINE('',#18198,#18199);
#18198 = CARTESIAN_POINT('',(433.0375,-184.565,-4.6E-02));
#18199 = VECTOR('',#18200,1.);
#18200 = DIRECTION('',(0.,0.,1.));
#18201 = ORIENTED_EDGE('',*,*,#14252,.F.);
#18202 = ORIENTED_EDGE('',*,*,#18196,.F.);
#18203 = CYLINDRICAL_SURFACE('',#18204,0.5);
#18204 = AXIS2_PLACEMENT_3D('',#18205,#18206,#18207);
#18205 = CARTESIAN_POINT('',(433.0375,-184.065,-4.6E-02));
#18206 = DIRECTION('',(-0.,-0.,-1.));
#18207 = DIRECTION('',(-0.,-1.,0.));
#18208 = ADVANCED_FACE('',(#18209),#18220,.F.);
#18209 = FACE_BOUND('',#18210,.T.);
#18210 = EDGE_LOOP('',(#18211,#18212,#18218,#18219));
#18211 = ORIENTED_EDGE('',*,*,#11540,.T.);
#18212 = ORIENTED_EDGE('',*,*,#18213,.T.);
#18213 = EDGE_CURVE('',#11541,#14264,#18214,.T.);
#18214 = LINE('',#18215,#18216);
#18215 = CARTESIAN_POINT('',(402.05375,-181.81,-4.6E-02));
#18216 = VECTOR('',#18217,1.);
#18217 = DIRECTION('',(0.,0.,1.));
#18218 = ORIENTED_EDGE('',*,*,#14263,.F.);
#18219 = ORIENTED_EDGE('',*,*,#18213,.F.);
#18220 = CYLINDRICAL_SURFACE('',#18221,0.875);
#18221 = AXIS2_PLACEMENT_3D('',#18222,#18223,#18224);
#18222 = CARTESIAN_POINT('',(402.05375,-180.935,-4.6E-02));
#18223 = DIRECTION('',(-0.,-0.,-1.));
#18224 = DIRECTION('',(-0.,-1.,0.));
#18225 = ADVANCED_FACE('',(#18226),#18237,.F.);
#18226 = FACE_BOUND('',#18227,.T.);
#18227 = EDGE_LOOP('',(#18228,#18229,#18235,#18236));
#18228 = ORIENTED_EDGE('',*,*,#11551,.T.);
#18229 = ORIENTED_EDGE('',*,*,#18230,.T.);
#18230 = EDGE_CURVE('',#11552,#14275,#18231,.T.);
#18231 = LINE('',#18232,#18233);
#18232 = CARTESIAN_POINT('',(407.13375,-182.935,-4.6E-02));
#18233 = VECTOR('',#18234,1.);
#18234 = DIRECTION('',(0.,0.,1.));
#18235 = ORIENTED_EDGE('',*,*,#14274,.F.);
#18236 = ORIENTED_EDGE('',*,*,#18230,.F.);
#18237 = CYLINDRICAL_SURFACE('',#18238,2.);
#18238 = AXIS2_PLACEMENT_3D('',#18239,#18240,#18241);
#18239 = CARTESIAN_POINT('',(407.13375,-180.935,-4.6E-02));
#18240 = DIRECTION('',(-0.,-0.,-1.));
#18241 = DIRECTION('',(-0.,-1.,0.));
#18242 = ADVANCED_FACE('',(#18243),#18254,.F.);
#18243 = FACE_BOUND('',#18244,.T.);
#18244 = EDGE_LOOP('',(#18245,#18246,#18252,#18253));
#18245 = ORIENTED_EDGE('',*,*,#11562,.T.);
#18246 = ORIENTED_EDGE('',*,*,#18247,.T.);
#18247 = EDGE_CURVE('',#11563,#14286,#18248,.T.);
#18248 = LINE('',#18249,#18250);
#18249 = CARTESIAN_POINT('',(403.32375,-179.145,-4.6E-02));
#18250 = VECTOR('',#18251,1.);
#18251 = DIRECTION('',(0.,0.,1.));
#18252 = ORIENTED_EDGE('',*,*,#14285,.F.);
#18253 = ORIENTED_EDGE('',*,*,#18247,.F.);
#18254 = CYLINDRICAL_SURFACE('',#18255,0.75);
#18255 = AXIS2_PLACEMENT_3D('',#18256,#18257,#18258);
#18256 = CARTESIAN_POINT('',(403.32375,-178.395,-4.6E-02));
#18257 = DIRECTION('',(-0.,-0.,-1.));
#18258 = DIRECTION('',(-0.,-1.,0.));
#18259 = ADVANCED_FACE('',(#18260),#18271,.F.);
#18260 = FACE_BOUND('',#18261,.T.);
#18261 = EDGE_LOOP('',(#18262,#18263,#18269,#18270));
#18262 = ORIENTED_EDGE('',*,*,#11573,.T.);
#18263 = ORIENTED_EDGE('',*,*,#18264,.T.);
#18264 = EDGE_CURVE('',#11574,#14297,#18265,.T.);
#18265 = LINE('',#18266,#18267);
#18266 = CARTESIAN_POINT('',(412.21375,-181.81,-4.6E-02));
#18267 = VECTOR('',#18268,1.);
#18268 = DIRECTION('',(0.,0.,1.));
#18269 = ORIENTED_EDGE('',*,*,#14296,.F.);
#18270 = ORIENTED_EDGE('',*,*,#18264,.F.);
#18271 = CYLINDRICAL_SURFACE('',#18272,0.875);
#18272 = AXIS2_PLACEMENT_3D('',#18273,#18274,#18275);
#18273 = CARTESIAN_POINT('',(412.21375,-180.935,-4.6E-02));
#18274 = DIRECTION('',(-0.,-0.,-1.));
#18275 = DIRECTION('',(-0.,-1.,0.));
#18276 = ADVANCED_FACE('',(#18277),#18288,.F.);
#18277 = FACE_BOUND('',#18278,.T.);
#18278 = EDGE_LOOP('',(#18279,#18280,#18286,#18287));
#18279 = ORIENTED_EDGE('',*,*,#11584,.T.);
#18280 = ORIENTED_EDGE('',*,*,#18281,.T.);
#18281 = EDGE_CURVE('',#11585,#14308,#18282,.T.);
#18282 = LINE('',#18283,#18284);
#18283 = CARTESIAN_POINT('',(417.7975,-182.025,-4.6E-02));
#18284 = VECTOR('',#18285,1.);
#18285 = DIRECTION('',(0.,0.,1.));
#18286 = ORIENTED_EDGE('',*,*,#14307,.F.);
#18287 = ORIENTED_EDGE('',*,*,#18281,.F.);
#18288 = CYLINDRICAL_SURFACE('',#18289,0.5);
#18289 = AXIS2_PLACEMENT_3D('',#18290,#18291,#18292);
#18290 = CARTESIAN_POINT('',(417.7975,-181.525,-4.6E-02));
#18291 = DIRECTION('',(-0.,-0.,-1.));
#18292 = DIRECTION('',(-0.,-1.,0.));
#18293 = ADVANCED_FACE('',(#18294),#18305,.F.);
#18294 = FACE_BOUND('',#18295,.T.);
#18295 = EDGE_LOOP('',(#18296,#18297,#18303,#18304));
#18296 = ORIENTED_EDGE('',*,*,#11595,.T.);
#18297 = ORIENTED_EDGE('',*,*,#18298,.T.);
#18298 = EDGE_CURVE('',#11596,#14319,#18299,.T.);
#18299 = LINE('',#18300,#18301);
#18300 = CARTESIAN_POINT('',(417.7975,-179.485,-4.6E-02));
#18301 = VECTOR('',#18302,1.);
#18302 = DIRECTION('',(0.,0.,1.));
#18303 = ORIENTED_EDGE('',*,*,#14318,.F.);
#18304 = ORIENTED_EDGE('',*,*,#18298,.F.);
#18305 = CYLINDRICAL_SURFACE('',#18306,0.5);
#18306 = AXIS2_PLACEMENT_3D('',#18307,#18308,#18309);
#18307 = CARTESIAN_POINT('',(417.7975,-178.985,-4.6E-02));
#18308 = DIRECTION('',(-0.,-0.,-1.));
#18309 = DIRECTION('',(-0.,-1.,0.));
#18310 = ADVANCED_FACE('',(#18311),#18322,.F.);
#18311 = FACE_BOUND('',#18312,.T.);
#18312 = EDGE_LOOP('',(#18313,#18314,#18320,#18321));
#18313 = ORIENTED_EDGE('',*,*,#11606,.T.);
#18314 = ORIENTED_EDGE('',*,*,#18315,.T.);
#18315 = EDGE_CURVE('',#11607,#14330,#18316,.T.);
#18316 = LINE('',#18317,#18318);
#18317 = CARTESIAN_POINT('',(409.67375,-176.605,-4.6E-02));
#18318 = VECTOR('',#18319,1.);
#18319 = DIRECTION('',(0.,0.,1.));
#18320 = ORIENTED_EDGE('',*,*,#14329,.F.);
#18321 = ORIENTED_EDGE('',*,*,#18315,.F.);
#18322 = CYLINDRICAL_SURFACE('',#18323,0.75);
#18323 = AXIS2_PLACEMENT_3D('',#18324,#18325,#18326);
#18324 = CARTESIAN_POINT('',(409.67375,-175.855,-4.6E-02));
#18325 = DIRECTION('',(-0.,-0.,-1.));
#18326 = DIRECTION('',(-0.,-1.,0.));
#18327 = ADVANCED_FACE('',(#18328),#18339,.F.);
#18328 = FACE_BOUND('',#18329,.T.);
#18329 = EDGE_LOOP('',(#18330,#18331,#18337,#18338));
#18330 = ORIENTED_EDGE('',*,*,#11617,.T.);
#18331 = ORIENTED_EDGE('',*,*,#18332,.T.);
#18332 = EDGE_CURVE('',#11618,#14341,#18333,.T.);
#18333 = LINE('',#18334,#18335);
#18334 = CARTESIAN_POINT('',(417.7975,-176.945,-4.6E-02));
#18335 = VECTOR('',#18336,1.);
#18336 = DIRECTION('',(0.,0.,1.));
#18337 = ORIENTED_EDGE('',*,*,#14340,.F.);
#18338 = ORIENTED_EDGE('',*,*,#18332,.F.);
#18339 = CYLINDRICAL_SURFACE('',#18340,0.5);
#18340 = AXIS2_PLACEMENT_3D('',#18341,#18342,#18343);
#18341 = CARTESIAN_POINT('',(417.7975,-176.445,-4.6E-02));
#18342 = DIRECTION('',(-0.,-0.,-1.));
#18343 = DIRECTION('',(-0.,-1.,0.));
#18344 = ADVANCED_FACE('',(#18345),#18356,.F.);
#18345 = FACE_BOUND('',#18346,.T.);
#18346 = EDGE_LOOP('',(#18347,#18348,#18354,#18355));
#18347 = ORIENTED_EDGE('',*,*,#11628,.T.);
#18348 = ORIENTED_EDGE('',*,*,#18349,.T.);
#18349 = EDGE_CURVE('',#11629,#14352,#18350,.T.);
#18350 = LINE('',#18351,#18352);
#18351 = CARTESIAN_POINT('',(417.7975,-174.405,-4.6E-02));
#18352 = VECTOR('',#18353,1.);
#18353 = DIRECTION('',(0.,0.,1.));
#18354 = ORIENTED_EDGE('',*,*,#14351,.F.);
#18355 = ORIENTED_EDGE('',*,*,#18349,.F.);
#18356 = CYLINDRICAL_SURFACE('',#18357,0.5);
#18357 = AXIS2_PLACEMENT_3D('',#18358,#18359,#18360);
#18358 = CARTESIAN_POINT('',(417.7975,-173.905,-4.6E-02));
#18359 = DIRECTION('',(-0.,-0.,-1.));
#18360 = DIRECTION('',(-0.,-1.,0.));
#18361 = ADVANCED_FACE('',(#18362),#18373,.F.);
#18362 = FACE_BOUND('',#18363,.T.);
#18363 = EDGE_LOOP('',(#18364,#18365,#18371,#18372));
#18364 = ORIENTED_EDGE('',*,*,#11639,.T.);
#18365 = ORIENTED_EDGE('',*,*,#18366,.T.);
#18366 = EDGE_CURVE('',#11640,#14363,#18367,.T.);
#18367 = LINE('',#18368,#18369);
#18368 = CARTESIAN_POINT('',(433.0375,-182.025,-4.6E-02));
#18369 = VECTOR('',#18370,1.);
#18370 = DIRECTION('',(0.,0.,1.));
#18371 = ORIENTED_EDGE('',*,*,#14362,.F.);
#18372 = ORIENTED_EDGE('',*,*,#18366,.F.);
#18373 = CYLINDRICAL_SURFACE('',#18374,0.5);
#18374 = AXIS2_PLACEMENT_3D('',#18375,#18376,#18377);
#18375 = CARTESIAN_POINT('',(433.0375,-181.525,-4.6E-02));
#18376 = DIRECTION('',(-0.,-0.,-1.));
#18377 = DIRECTION('',(-0.,-1.,0.));
#18378 = ADVANCED_FACE('',(#18379),#18390,.F.);
#18379 = FACE_BOUND('',#18380,.T.);
#18380 = EDGE_LOOP('',(#18381,#18382,#18388,#18389));
#18381 = ORIENTED_EDGE('',*,*,#11650,.T.);
#18382 = ORIENTED_EDGE('',*,*,#18383,.T.);
#18383 = EDGE_CURVE('',#11651,#14374,#18384,.T.);
#18384 = LINE('',#18385,#18386);
#18385 = CARTESIAN_POINT('',(433.0375,-179.485,-4.6E-02));
#18386 = VECTOR('',#18387,1.);
#18387 = DIRECTION('',(0.,0.,1.));
#18388 = ORIENTED_EDGE('',*,*,#14373,.F.);
#18389 = ORIENTED_EDGE('',*,*,#18383,.F.);
#18390 = CYLINDRICAL_SURFACE('',#18391,0.5);
#18391 = AXIS2_PLACEMENT_3D('',#18392,#18393,#18394);
#18392 = CARTESIAN_POINT('',(433.0375,-178.985,-4.6E-02));
#18393 = DIRECTION('',(-0.,-0.,-1.));
#18394 = DIRECTION('',(-0.,-1.,0.));
#18395 = ADVANCED_FACE('',(#18396),#18407,.F.);
#18396 = FACE_BOUND('',#18397,.T.);
#18397 = EDGE_LOOP('',(#18398,#18399,#18405,#18406));
#18398 = ORIENTED_EDGE('',*,*,#11661,.T.);
#18399 = ORIENTED_EDGE('',*,*,#18400,.T.);
#18400 = EDGE_CURVE('',#11662,#14385,#18401,.T.);
#18401 = LINE('',#18402,#18403);
#18402 = CARTESIAN_POINT('',(433.0375,-176.945,-4.6E-02));
#18403 = VECTOR('',#18404,1.);
#18404 = DIRECTION('',(0.,0.,1.));
#18405 = ORIENTED_EDGE('',*,*,#14384,.F.);
#18406 = ORIENTED_EDGE('',*,*,#18400,.F.);
#18407 = CYLINDRICAL_SURFACE('',#18408,0.5);
#18408 = AXIS2_PLACEMENT_3D('',#18409,#18410,#18411);
#18409 = CARTESIAN_POINT('',(433.0375,-176.445,-4.6E-02));
#18410 = DIRECTION('',(-0.,-0.,-1.));
#18411 = DIRECTION('',(-0.,-1.,0.));
#18412 = ADVANCED_FACE('',(#18413),#18424,.F.);
#18413 = FACE_BOUND('',#18414,.T.);
#18414 = EDGE_LOOP('',(#18415,#18416,#18422,#18423));
#18415 = ORIENTED_EDGE('',*,*,#11672,.T.);
#18416 = ORIENTED_EDGE('',*,*,#18417,.T.);
#18417 = EDGE_CURVE('',#11673,#14396,#18418,.T.);
#18418 = LINE('',#18419,#18420);
#18419 = CARTESIAN_POINT('',(433.0375,-174.405,-4.6E-02));
#18420 = VECTOR('',#18421,1.);
#18421 = DIRECTION('',(0.,0.,1.));
#18422 = ORIENTED_EDGE('',*,*,#14395,.F.);
#18423 = ORIENTED_EDGE('',*,*,#18417,.F.);
#18424 = CYLINDRICAL_SURFACE('',#18425,0.5);
#18425 = AXIS2_PLACEMENT_3D('',#18426,#18427,#18428);
#18426 = CARTESIAN_POINT('',(433.0375,-173.905,-4.6E-02));
#18427 = DIRECTION('',(-0.,-0.,-1.));
#18428 = DIRECTION('',(-0.,-1.,0.));
#18429 = ADVANCED_FACE('',(#18430),#18446,.F.);
#18430 = FACE_BOUND('',#18431,.T.);
#18431 = EDGE_LOOP('',(#18432,#18433,#18439,#18440));
#18432 = ORIENTED_EDGE('',*,*,#11683,.T.);
#18433 = ORIENTED_EDGE('',*,*,#18434,.T.);
#18434 = EDGE_CURVE('',#11686,#14409,#18435,.T.);
#18435 = LINE('',#18436,#18437);
#18436 = CARTESIAN_POINT('',(396.1575,-162.945,-4.6E-02));
#18437 = VECTOR('',#18438,1.);
#18438 = DIRECTION('',(0.,0.,1.));
#18439 = ORIENTED_EDGE('',*,*,#14406,.F.);
#18440 = ORIENTED_EDGE('',*,*,#18441,.F.);
#18441 = EDGE_CURVE('',#11684,#14407,#18442,.T.);
#18442 = LINE('',#18443,#18444);
#18443 = CARTESIAN_POINT('',(395.2575,-162.945,-4.6E-02));
#18444 = VECTOR('',#18445,1.);
#18445 = DIRECTION('',(0.,0.,1.));
#18446 = CYLINDRICAL_SURFACE('',#18447,0.45);
#18447 = AXIS2_PLACEMENT_3D('',#18448,#18449,#18450);
#18448 = CARTESIAN_POINT('',(395.7075,-162.945,-4.6E-02));
#18449 = DIRECTION('',(-0.,-0.,-1.));
#18450 = DIRECTION('',(1.,1.263187085796E-13,-0.));
#18451 = ADVANCED_FACE('',(#18452),#18463,.T.);
#18452 = FACE_BOUND('',#18453,.T.);
#18453 = EDGE_LOOP('',(#18454,#18455,#18456,#18457));
#18454 = ORIENTED_EDGE('',*,*,#11711,.T.);
#18455 = ORIENTED_EDGE('',*,*,#18441,.T.);
#18456 = ORIENTED_EDGE('',*,*,#14434,.F.);
#18457 = ORIENTED_EDGE('',*,*,#18458,.F.);
#18458 = EDGE_CURVE('',#11703,#14426,#18459,.T.);
#18459 = LINE('',#18460,#18461);
#18460 = CARTESIAN_POINT('',(395.2575,-163.345,-4.6E-02));
#18461 = VECTOR('',#18462,1.);
#18462 = DIRECTION('',(0.,0.,1.));
#18463 = PLANE('',#18464);
#18464 = AXIS2_PLACEMENT_3D('',#18465,#18466,#18467);
#18465 = CARTESIAN_POINT('',(395.2575,-162.945,-4.6E-02));
#18466 = DIRECTION('',(1.,0.,-0.));
#18467 = DIRECTION('',(0.,-1.,0.));
#18468 = ADVANCED_FACE('',(#18469),#18480,.F.);
#18469 = FACE_BOUND('',#18470,.T.);
#18470 = EDGE_LOOP('',(#18471,#18472,#18473,#18474));
#18471 = ORIENTED_EDGE('',*,*,#11702,.T.);
#18472 = ORIENTED_EDGE('',*,*,#18458,.T.);
#18473 = ORIENTED_EDGE('',*,*,#14425,.F.);
#18474 = ORIENTED_EDGE('',*,*,#18475,.F.);
#18475 = EDGE_CURVE('',#11695,#14418,#18476,.T.);
#18476 = LINE('',#18477,#18478);
#18477 = CARTESIAN_POINT('',(396.1575,-163.345,-4.6E-02));
#18478 = VECTOR('',#18479,1.);
#18479 = DIRECTION('',(0.,0.,1.));
#18480 = CYLINDRICAL_SURFACE('',#18481,0.45);
#18481 = AXIS2_PLACEMENT_3D('',#18482,#18483,#18484);
#18482 = CARTESIAN_POINT('',(395.7075,-163.345,-4.6E-02));
#18483 = DIRECTION('',(-0.,-0.,-1.));
#18484 = DIRECTION('',(-1.,-1.263187085796E-13,0.));
#18485 = ADVANCED_FACE('',(#18486),#18492,.T.);
#18486 = FACE_BOUND('',#18487,.T.);
#18487 = EDGE_LOOP('',(#18488,#18489,#18490,#18491));
#18488 = ORIENTED_EDGE('',*,*,#11694,.T.);
#18489 = ORIENTED_EDGE('',*,*,#18475,.T.);
#18490 = ORIENTED_EDGE('',*,*,#14417,.F.);
#18491 = ORIENTED_EDGE('',*,*,#18434,.F.);
#18492 = PLANE('',#18493);
#18493 = AXIS2_PLACEMENT_3D('',#18494,#18495,#18496);
#18494 = CARTESIAN_POINT('',(396.1575,-163.345,-4.6E-02));
#18495 = DIRECTION('',(-1.,0.,0.));
#18496 = DIRECTION('',(0.,1.,0.));
#18497 = ADVANCED_FACE('',(#18498),#18509,.F.);
#18498 = FACE_BOUND('',#18499,.T.);
#18499 = EDGE_LOOP('',(#18500,#18501,#18507,#18508));
#18500 = ORIENTED_EDGE('',*,*,#11719,.T.);
#18501 = ORIENTED_EDGE('',*,*,#18502,.T.);
#18502 = EDGE_CURVE('',#11720,#14443,#18503,.T.);
#18503 = LINE('',#18504,#18505);
#18504 = CARTESIAN_POINT('',(361.89,-163.885,-4.6E-02));
#18505 = VECTOR('',#18506,1.);
#18506 = DIRECTION('',(0.,0.,1.));
#18507 = ORIENTED_EDGE('',*,*,#14442,.F.);
#18508 = ORIENTED_EDGE('',*,*,#18502,.F.);
#18509 = CYLINDRICAL_SURFACE('',#18510,2.);
#18510 = AXIS2_PLACEMENT_3D('',#18511,#18512,#18513);
#18511 = CARTESIAN_POINT('',(361.89,-161.885,-4.6E-02));
#18512 = DIRECTION('',(-0.,-0.,-1.));
#18513 = DIRECTION('',(-0.,-1.,0.));
#18514 = ADVANCED_FACE('',(#18515),#18526,.F.);
#18515 = FACE_BOUND('',#18516,.T.);
#18516 = EDGE_LOOP('',(#18517,#18518,#18524,#18525));
#18517 = ORIENTED_EDGE('',*,*,#11730,.T.);
#18518 = ORIENTED_EDGE('',*,*,#18519,.T.);
#18519 = EDGE_CURVE('',#11731,#14454,#18520,.T.);
#18520 = LINE('',#18521,#18522);
#18521 = CARTESIAN_POINT('',(366.97,-162.76,-4.6E-02));
#18522 = VECTOR('',#18523,1.);
#18523 = DIRECTION('',(0.,0.,1.));
#18524 = ORIENTED_EDGE('',*,*,#14453,.F.);
#18525 = ORIENTED_EDGE('',*,*,#18519,.F.);
#18526 = CYLINDRICAL_SURFACE('',#18527,0.875);
#18527 = AXIS2_PLACEMENT_3D('',#18528,#18529,#18530);
#18528 = CARTESIAN_POINT('',(366.97,-161.885,-4.6E-02));
#18529 = DIRECTION('',(-0.,-0.,-1.));
#18530 = DIRECTION('',(-0.,-1.,0.));
#18531 = ADVANCED_FACE('',(#18532),#18543,.F.);
#18532 = FACE_BOUND('',#18533,.T.);
#18533 = EDGE_LOOP('',(#18534,#18535,#18541,#18542));
#18534 = ORIENTED_EDGE('',*,*,#11741,.T.);
#18535 = ORIENTED_EDGE('',*,*,#18536,.T.);
#18536 = EDGE_CURVE('',#11742,#14465,#18537,.T.);
#18537 = LINE('',#18538,#18539);
#18538 = CARTESIAN_POINT('',(375.86,-162.76,-4.6E-02));
#18539 = VECTOR('',#18540,1.);
#18540 = DIRECTION('',(0.,0.,1.));
#18541 = ORIENTED_EDGE('',*,*,#14464,.F.);
#18542 = ORIENTED_EDGE('',*,*,#18536,.F.);
#18543 = CYLINDRICAL_SURFACE('',#18544,0.875);
#18544 = AXIS2_PLACEMENT_3D('',#18545,#18546,#18547);
#18545 = CARTESIAN_POINT('',(375.86,-161.885,-4.6E-02));
#18546 = DIRECTION('',(-0.,-0.,-1.));
#18547 = DIRECTION('',(-0.,-1.,0.));
#18548 = ADVANCED_FACE('',(#18549),#18560,.F.);
#18549 = FACE_BOUND('',#18550,.T.);
#18550 = EDGE_LOOP('',(#18551,#18552,#18558,#18559));
#18551 = ORIENTED_EDGE('',*,*,#11752,.T.);
#18552 = ORIENTED_EDGE('',*,*,#18553,.T.);
#18553 = EDGE_CURVE('',#11753,#14476,#18554,.T.);
#18554 = LINE('',#18555,#18556);
#18555 = CARTESIAN_POINT('',(380.94,-163.885,-4.6E-02));
#18556 = VECTOR('',#18557,1.);
#18557 = DIRECTION('',(0.,0.,1.));
#18558 = ORIENTED_EDGE('',*,*,#14475,.F.);
#18559 = ORIENTED_EDGE('',*,*,#18553,.F.);
#18560 = CYLINDRICAL_SURFACE('',#18561,2.);
#18561 = AXIS2_PLACEMENT_3D('',#18562,#18563,#18564);
#18562 = CARTESIAN_POINT('',(380.94,-161.885,-4.6E-02));
#18563 = DIRECTION('',(-0.,-0.,-1.));
#18564 = DIRECTION('',(-0.,-1.,0.));
#18565 = ADVANCED_FACE('',(#18566),#18577,.F.);
#18566 = FACE_BOUND('',#18567,.T.);
#18567 = EDGE_LOOP('',(#18568,#18569,#18575,#18576));
#18568 = ORIENTED_EDGE('',*,*,#11763,.T.);
#18569 = ORIENTED_EDGE('',*,*,#18570,.T.);
#18570 = EDGE_CURVE('',#11764,#14487,#18571,.T.);
#18571 = LINE('',#18572,#18573);
#18572 = CARTESIAN_POINT('',(377.13,-160.095,-4.6E-02));
#18573 = VECTOR('',#18574,1.);
#18574 = DIRECTION('',(0.,0.,1.));
#18575 = ORIENTED_EDGE('',*,*,#14486,.F.);
#18576 = ORIENTED_EDGE('',*,*,#18570,.F.);
#18577 = CYLINDRICAL_SURFACE('',#18578,0.75);
#18578 = AXIS2_PLACEMENT_3D('',#18579,#18580,#18581);
#18579 = CARTESIAN_POINT('',(377.13,-159.345,-4.6E-02));
#18580 = DIRECTION('',(-0.,-0.,-1.));
#18581 = DIRECTION('',(-0.,-1.,0.));
#18582 = ADVANCED_FACE('',(#18583),#18594,.F.);
#18583 = FACE_BOUND('',#18584,.T.);
#18584 = EDGE_LOOP('',(#18585,#18586,#18592,#18593));
#18585 = ORIENTED_EDGE('',*,*,#11774,.T.);
#18586 = ORIENTED_EDGE('',*,*,#18587,.T.);
#18587 = EDGE_CURVE('',#11775,#14498,#18588,.T.);
#18588 = LINE('',#18589,#18590);
#18589 = CARTESIAN_POINT('',(364.43,-157.555,-4.6E-02));
#18590 = VECTOR('',#18591,1.);
#18591 = DIRECTION('',(0.,0.,1.));
#18592 = ORIENTED_EDGE('',*,*,#14497,.F.);
#18593 = ORIENTED_EDGE('',*,*,#18587,.F.);
#18594 = CYLINDRICAL_SURFACE('',#18595,0.75);
#18595 = AXIS2_PLACEMENT_3D('',#18596,#18597,#18598);
#18596 = CARTESIAN_POINT('',(364.43,-156.805,-4.6E-02));
#18597 = DIRECTION('',(-0.,-0.,-1.));
#18598 = DIRECTION('',(-0.,-1.,0.));
#18599 = ADVANCED_FACE('',(#18600),#18611,.F.);
#18600 = FACE_BOUND('',#18601,.T.);
#18601 = EDGE_LOOP('',(#18602,#18603,#18609,#18610));
#18602 = ORIENTED_EDGE('',*,*,#11785,.T.);
#18603 = ORIENTED_EDGE('',*,*,#18604,.T.);
#18604 = EDGE_CURVE('',#11786,#14509,#18605,.T.);
#18605 = LINE('',#18606,#18607);
#18606 = CARTESIAN_POINT('',(386.02,-162.76,-4.6E-02));
#18607 = VECTOR('',#18608,1.);
#18608 = DIRECTION('',(0.,0.,1.));
#18609 = ORIENTED_EDGE('',*,*,#14508,.F.);
#18610 = ORIENTED_EDGE('',*,*,#18604,.F.);
#18611 = CYLINDRICAL_SURFACE('',#18612,0.875);
#18612 = AXIS2_PLACEMENT_3D('',#18613,#18614,#18615);
#18613 = CARTESIAN_POINT('',(386.02,-161.885,-4.6E-02));
#18614 = DIRECTION('',(-0.,-0.,-1.));
#18615 = DIRECTION('',(-0.,-1.,0.));
#18616 = ADVANCED_FACE('',(#18617),#18633,.F.);
#18617 = FACE_BOUND('',#18618,.T.);
#18618 = EDGE_LOOP('',(#18619,#18620,#18626,#18627));
#18619 = ORIENTED_EDGE('',*,*,#11796,.T.);
#18620 = ORIENTED_EDGE('',*,*,#18621,.T.);
#18621 = EDGE_CURVE('',#11799,#14522,#18622,.T.);
#18622 = LINE('',#18623,#18624);
#18623 = CARTESIAN_POINT('',(391.5575,-161.845,-4.6E-02));
#18624 = VECTOR('',#18625,1.);
#18625 = DIRECTION('',(0.,0.,1.));
#18626 = ORIENTED_EDGE('',*,*,#14519,.F.);
#18627 = ORIENTED_EDGE('',*,*,#18628,.F.);
#18628 = EDGE_CURVE('',#11797,#14520,#18629,.T.);
#18629 = LINE('',#18630,#18631);
#18630 = CARTESIAN_POINT('',(390.6575,-161.845,-4.6E-02));
#18631 = VECTOR('',#18632,1.);
#18632 = DIRECTION('',(0.,0.,1.));
#18633 = CYLINDRICAL_SURFACE('',#18634,0.45);
#18634 = AXIS2_PLACEMENT_3D('',#18635,#18636,#18637);
#18635 = CARTESIAN_POINT('',(391.1075,-161.845,-4.6E-02));
#18636 = DIRECTION('',(-0.,-0.,-1.));
#18637 = DIRECTION('',(1.,-6.315935428979E-14,0.));
#18638 = ADVANCED_FACE('',(#18639),#18650,.T.);
#18639 = FACE_BOUND('',#18640,.T.);
#18640 = EDGE_LOOP('',(#18641,#18642,#18643,#18644));
#18641 = ORIENTED_EDGE('',*,*,#11824,.T.);
#18642 = ORIENTED_EDGE('',*,*,#18628,.T.);
#18643 = ORIENTED_EDGE('',*,*,#14547,.F.);
#18644 = ORIENTED_EDGE('',*,*,#18645,.F.);
#18645 = EDGE_CURVE('',#11816,#14539,#18646,.T.);
#18646 = LINE('',#18647,#18648);
#18647 = CARTESIAN_POINT('',(390.6575,-162.245,-4.6E-02));
#18648 = VECTOR('',#18649,1.);
#18649 = DIRECTION('',(0.,0.,1.));
#18650 = PLANE('',#18651);
#18651 = AXIS2_PLACEMENT_3D('',#18652,#18653,#18654);
#18652 = CARTESIAN_POINT('',(390.6575,-161.845,-4.6E-02));
#18653 = DIRECTION('',(1.,0.,-0.));
#18654 = DIRECTION('',(0.,-1.,0.));
#18655 = ADVANCED_FACE('',(#18656),#18667,.F.);
#18656 = FACE_BOUND('',#18657,.T.);
#18657 = EDGE_LOOP('',(#18658,#18659,#18660,#18661));
#18658 = ORIENTED_EDGE('',*,*,#11815,.T.);
#18659 = ORIENTED_EDGE('',*,*,#18645,.T.);
#18660 = ORIENTED_EDGE('',*,*,#14538,.F.);
#18661 = ORIENTED_EDGE('',*,*,#18662,.F.);
#18662 = EDGE_CURVE('',#11808,#14531,#18663,.T.);
#18663 = LINE('',#18664,#18665);
#18664 = CARTESIAN_POINT('',(391.5575,-162.245,-4.6E-02));
#18665 = VECTOR('',#18666,1.);
#18666 = DIRECTION('',(0.,0.,1.));
#18667 = CYLINDRICAL_SURFACE('',#18668,0.45);
#18668 = AXIS2_PLACEMENT_3D('',#18669,#18670,#18671);
#18669 = CARTESIAN_POINT('',(391.1075,-162.245,-4.6E-02));
#18670 = DIRECTION('',(-0.,-0.,-1.));
#18671 = DIRECTION('',(-1.,6.315935428979E-14,-0.));
#18672 = ADVANCED_FACE('',(#18673),#18679,.T.);
#18673 = FACE_BOUND('',#18674,.T.);
#18674 = EDGE_LOOP('',(#18675,#18676,#18677,#18678));
#18675 = ORIENTED_EDGE('',*,*,#11807,.T.);
#18676 = ORIENTED_EDGE('',*,*,#18662,.T.);
#18677 = ORIENTED_EDGE('',*,*,#14530,.F.);
#18678 = ORIENTED_EDGE('',*,*,#18621,.F.);
#18679 = PLANE('',#18680);
#18680 = AXIS2_PLACEMENT_3D('',#18681,#18682,#18683);
#18681 = CARTESIAN_POINT('',(391.5575,-162.245,-4.6E-02));
#18682 = DIRECTION('',(-1.,0.,0.));
#18683 = DIRECTION('',(0.,1.,0.));
#18684 = ADVANCED_FACE('',(#18685),#18701,.F.);
#18685 = FACE_BOUND('',#18686,.T.);
#18686 = EDGE_LOOP('',(#18687,#18688,#18694,#18695));
#18687 = ORIENTED_EDGE('',*,*,#11832,.T.);
#18688 = ORIENTED_EDGE('',*,*,#18689,.T.);
#18689 = EDGE_CURVE('',#11835,#14558,#18690,.T.);
#18690 = LINE('',#18691,#18692);
#18691 = CARTESIAN_POINT('',(391.5575,-157.845,-4.6E-02));
#18692 = VECTOR('',#18693,1.);
#18693 = DIRECTION('',(0.,0.,1.));
#18694 = ORIENTED_EDGE('',*,*,#14555,.F.);
#18695 = ORIENTED_EDGE('',*,*,#18696,.F.);
#18696 = EDGE_CURVE('',#11833,#14556,#18697,.T.);
#18697 = LINE('',#18698,#18699);
#18698 = CARTESIAN_POINT('',(390.6575,-157.845,-4.6E-02));
#18699 = VECTOR('',#18700,1.);
#18700 = DIRECTION('',(0.,0.,1.));
#18701 = CYLINDRICAL_SURFACE('',#18702,0.45);
#18702 = AXIS2_PLACEMENT_3D('',#18703,#18704,#18705);
#18703 = CARTESIAN_POINT('',(391.1075,-157.845,-4.6E-02));
#18704 = DIRECTION('',(-0.,-0.,-1.));
#18705 = DIRECTION('',(1.,-6.315935428979E-14,0.));
#18706 = ADVANCED_FACE('',(#18707),#18718,.T.);
#18707 = FACE_BOUND('',#18708,.T.);
#18708 = EDGE_LOOP('',(#18709,#18710,#18711,#18712));
#18709 = ORIENTED_EDGE('',*,*,#11860,.T.);
#18710 = ORIENTED_EDGE('',*,*,#18696,.T.);
#18711 = ORIENTED_EDGE('',*,*,#14583,.F.);
#18712 = ORIENTED_EDGE('',*,*,#18713,.F.);
#18713 = EDGE_CURVE('',#11852,#14575,#18714,.T.);
#18714 = LINE('',#18715,#18716);
#18715 = CARTESIAN_POINT('',(390.6575,-158.245,-4.6E-02));
#18716 = VECTOR('',#18717,1.);
#18717 = DIRECTION('',(0.,0.,1.));
#18718 = PLANE('',#18719);
#18719 = AXIS2_PLACEMENT_3D('',#18720,#18721,#18722);
#18720 = CARTESIAN_POINT('',(390.6575,-157.845,-4.6E-02));
#18721 = DIRECTION('',(1.,0.,-0.));
#18722 = DIRECTION('',(0.,-1.,0.));
#18723 = ADVANCED_FACE('',(#18724),#18735,.F.);
#18724 = FACE_BOUND('',#18725,.T.);
#18725 = EDGE_LOOP('',(#18726,#18727,#18728,#18729));
#18726 = ORIENTED_EDGE('',*,*,#11851,.T.);
#18727 = ORIENTED_EDGE('',*,*,#18713,.T.);
#18728 = ORIENTED_EDGE('',*,*,#14574,.F.);
#18729 = ORIENTED_EDGE('',*,*,#18730,.F.);
#18730 = EDGE_CURVE('',#11844,#14567,#18731,.T.);
#18731 = LINE('',#18732,#18733);
#18732 = CARTESIAN_POINT('',(391.5575,-158.245,-4.6E-02));
#18733 = VECTOR('',#18734,1.);
#18734 = DIRECTION('',(0.,0.,1.));
#18735 = CYLINDRICAL_SURFACE('',#18736,0.45);
#18736 = AXIS2_PLACEMENT_3D('',#18737,#18738,#18739);
#18737 = CARTESIAN_POINT('',(391.1075,-158.245,-4.6E-02));
#18738 = DIRECTION('',(-0.,-0.,-1.));
#18739 = DIRECTION('',(-1.,6.315935428979E-14,-0.));
#18740 = ADVANCED_FACE('',(#18741),#18747,.T.);
#18741 = FACE_BOUND('',#18742,.T.);
#18742 = EDGE_LOOP('',(#18743,#18744,#18745,#18746));
#18743 = ORIENTED_EDGE('',*,*,#11843,.T.);
#18744 = ORIENTED_EDGE('',*,*,#18730,.T.);
#18745 = ORIENTED_EDGE('',*,*,#14566,.F.);
#18746 = ORIENTED_EDGE('',*,*,#18689,.F.);
#18747 = PLANE('',#18748);
#18748 = AXIS2_PLACEMENT_3D('',#18749,#18750,#18751);
#18749 = CARTESIAN_POINT('',(391.5575,-158.245,-4.6E-02));
#18750 = DIRECTION('',(-1.,0.,0.));
#18751 = DIRECTION('',(0.,1.,0.));
#18752 = ADVANCED_FACE('',(#18753),#18764,.F.);
#18753 = FACE_BOUND('',#18754,.T.);
#18754 = EDGE_LOOP('',(#18755,#18756,#18762,#18763));
#18755 = ORIENTED_EDGE('',*,*,#11868,.T.);
#18756 = ORIENTED_EDGE('',*,*,#18757,.T.);
#18757 = EDGE_CURVE('',#11869,#14592,#18758,.T.);
#18758 = LINE('',#18759,#18760);
#18759 = CARTESIAN_POINT('',(393.4075,-160.845,-4.6E-02));
#18760 = VECTOR('',#18761,1.);
#18761 = DIRECTION('',(0.,0.,1.));
#18762 = ORIENTED_EDGE('',*,*,#14591,.F.);
#18763 = ORIENTED_EDGE('',*,*,#18757,.F.);
#18764 = CYLINDRICAL_SURFACE('',#18765,0.4);
#18765 = AXIS2_PLACEMENT_3D('',#18766,#18767,#18768);
#18766 = CARTESIAN_POINT('',(393.4075,-160.445,-4.6E-02));
#18767 = DIRECTION('',(-0.,-0.,-1.));
#18768 = DIRECTION('',(-0.,-1.,0.));
#18769 = ADVANCED_FACE('',(#18770),#18781,.F.);
#18770 = FACE_BOUND('',#18771,.T.);
#18771 = EDGE_LOOP('',(#18772,#18773,#18779,#18780));
#18772 = ORIENTED_EDGE('',*,*,#11879,.T.);
#18773 = ORIENTED_EDGE('',*,*,#18774,.T.);
#18774 = EDGE_CURVE('',#11880,#14603,#18775,.T.);
#18775 = LINE('',#18776,#18777);
#18776 = CARTESIAN_POINT('',(399.6725,-162.76,-4.6E-02));
#18777 = VECTOR('',#18778,1.);
#18778 = DIRECTION('',(0.,0.,1.));
#18779 = ORIENTED_EDGE('',*,*,#14602,.F.);
#18780 = ORIENTED_EDGE('',*,*,#18774,.F.);
#18781 = CYLINDRICAL_SURFACE('',#18782,0.875);
#18782 = AXIS2_PLACEMENT_3D('',#18783,#18784,#18785);
#18783 = CARTESIAN_POINT('',(399.6725,-161.885,-4.6E-02));
#18784 = DIRECTION('',(-0.,-0.,-1.));
#18785 = DIRECTION('',(-0.,-1.,0.));
#18786 = ADVANCED_FACE('',(#18787),#18798,.F.);
#18787 = FACE_BOUND('',#18788,.T.);
#18788 = EDGE_LOOP('',(#18789,#18790,#18796,#18797));
#18789 = ORIENTED_EDGE('',*,*,#11890,.T.);
#18790 = ORIENTED_EDGE('',*,*,#18791,.T.);
#18791 = EDGE_CURVE('',#11891,#14614,#18792,.T.);
#18792 = LINE('',#18793,#18794);
#18793 = CARTESIAN_POINT('',(400.9425,-160.095,-4.6E-02));
#18794 = VECTOR('',#18795,1.);
#18795 = DIRECTION('',(0.,0.,1.));
#18796 = ORIENTED_EDGE('',*,*,#14613,.F.);
#18797 = ORIENTED_EDGE('',*,*,#18791,.F.);
#18798 = CYLINDRICAL_SURFACE('',#18799,0.75);
#18799 = AXIS2_PLACEMENT_3D('',#18800,#18801,#18802);
#18800 = CARTESIAN_POINT('',(400.9425,-159.345,-4.6E-02));
#18801 = DIRECTION('',(-0.,-0.,-1.));
#18802 = DIRECTION('',(-0.,-1.,0.));
#18803 = ADVANCED_FACE('',(#18804),#18815,.F.);
#18804 = FACE_BOUND('',#18805,.T.);
#18805 = EDGE_LOOP('',(#18806,#18807,#18813,#18814));
#18806 = ORIENTED_EDGE('',*,*,#11901,.T.);
#18807 = ORIENTED_EDGE('',*,*,#18808,.T.);
#18808 = EDGE_CURVE('',#11902,#14625,#18809,.T.);
#18809 = LINE('',#18810,#18811);
#18810 = CARTESIAN_POINT('',(383.48,-157.555,-4.6E-02));
#18811 = VECTOR('',#18812,1.);
#18812 = DIRECTION('',(0.,0.,1.));
#18813 = ORIENTED_EDGE('',*,*,#14624,.F.);
#18814 = ORIENTED_EDGE('',*,*,#18808,.F.);
#18815 = CYLINDRICAL_SURFACE('',#18816,0.75);
#18816 = AXIS2_PLACEMENT_3D('',#18817,#18818,#18819);
#18817 = CARTESIAN_POINT('',(383.48,-156.805,-4.6E-02));
#18818 = DIRECTION('',(-0.,-0.,-1.));
#18819 = DIRECTION('',(-0.,-1.,0.));
#18820 = ADVANCED_FACE('',(#18821),#18837,.F.);
#18821 = FACE_BOUND('',#18822,.T.);
#18822 = EDGE_LOOP('',(#18823,#18824,#18830,#18831));
#18823 = ORIENTED_EDGE('',*,*,#11912,.T.);
#18824 = ORIENTED_EDGE('',*,*,#18825,.T.);
#18825 = EDGE_CURVE('',#11915,#14638,#18826,.T.);
#18826 = LINE('',#18827,#18828);
#18827 = CARTESIAN_POINT('',(391.5575,-154.845,-4.6E-02));
#18828 = VECTOR('',#18829,1.);
#18829 = DIRECTION('',(0.,0.,1.));
#18830 = ORIENTED_EDGE('',*,*,#14635,.F.);
#18831 = ORIENTED_EDGE('',*,*,#18832,.F.);
#18832 = EDGE_CURVE('',#11913,#14636,#18833,.T.);
#18833 = LINE('',#18834,#18835);
#18834 = CARTESIAN_POINT('',(390.6575,-154.845,-4.6E-02));
#18835 = VECTOR('',#18836,1.);
#18836 = DIRECTION('',(0.,0.,1.));
#18837 = CYLINDRICAL_SURFACE('',#18838,0.45);
#18838 = AXIS2_PLACEMENT_3D('',#18839,#18840,#18841);
#18839 = CARTESIAN_POINT('',(391.1075,-154.845,-4.6E-02));
#18840 = DIRECTION('',(-0.,-0.,-1.));
#18841 = DIRECTION('',(1.,-6.315935428979E-14,0.));
#18842 = ADVANCED_FACE('',(#18843),#18854,.T.);
#18843 = FACE_BOUND('',#18844,.T.);
#18844 = EDGE_LOOP('',(#18845,#18846,#18847,#18848));
#18845 = ORIENTED_EDGE('',*,*,#11940,.T.);
#18846 = ORIENTED_EDGE('',*,*,#18832,.T.);
#18847 = ORIENTED_EDGE('',*,*,#14663,.F.);
#18848 = ORIENTED_EDGE('',*,*,#18849,.F.);
#18849 = EDGE_CURVE('',#11932,#14655,#18850,.T.);
#18850 = LINE('',#18851,#18852);
#18851 = CARTESIAN_POINT('',(390.6575,-155.245,-4.6E-02));
#18852 = VECTOR('',#18853,1.);
#18853 = DIRECTION('',(0.,0.,1.));
#18854 = PLANE('',#18855);
#18855 = AXIS2_PLACEMENT_3D('',#18856,#18857,#18858);
#18856 = CARTESIAN_POINT('',(390.6575,-154.845,-4.6E-02));
#18857 = DIRECTION('',(1.,0.,-0.));
#18858 = DIRECTION('',(0.,-1.,0.));
#18859 = ADVANCED_FACE('',(#18860),#18871,.F.);
#18860 = FACE_BOUND('',#18861,.T.);
#18861 = EDGE_LOOP('',(#18862,#18863,#18864,#18865));
#18862 = ORIENTED_EDGE('',*,*,#11931,.T.);
#18863 = ORIENTED_EDGE('',*,*,#18849,.T.);
#18864 = ORIENTED_EDGE('',*,*,#14654,.F.);
#18865 = ORIENTED_EDGE('',*,*,#18866,.F.);
#18866 = EDGE_CURVE('',#11924,#14647,#18867,.T.);
#18867 = LINE('',#18868,#18869);
#18868 = CARTESIAN_POINT('',(391.5575,-155.245,-4.6E-02));
#18869 = VECTOR('',#18870,1.);
#18870 = DIRECTION('',(0.,0.,1.));
#18871 = CYLINDRICAL_SURFACE('',#18872,0.45);
#18872 = AXIS2_PLACEMENT_3D('',#18873,#18874,#18875);
#18873 = CARTESIAN_POINT('',(391.1075,-155.245,-4.6E-02));
#18874 = DIRECTION('',(-0.,-0.,-1.));
#18875 = DIRECTION('',(-1.,6.315935428979E-14,-0.));
#18876 = ADVANCED_FACE('',(#18877),#18883,.T.);
#18877 = FACE_BOUND('',#18878,.T.);
#18878 = EDGE_LOOP('',(#18879,#18880,#18881,#18882));
#18879 = ORIENTED_EDGE('',*,*,#11923,.T.);
#18880 = ORIENTED_EDGE('',*,*,#18866,.T.);
#18881 = ORIENTED_EDGE('',*,*,#14646,.F.);
#18882 = ORIENTED_EDGE('',*,*,#18825,.F.);
#18883 = PLANE('',#18884);
#18884 = AXIS2_PLACEMENT_3D('',#18885,#18886,#18887);
#18885 = CARTESIAN_POINT('',(391.5575,-155.245,-4.6E-02));
#18886 = DIRECTION('',(-1.,0.,0.));
#18887 = DIRECTION('',(0.,1.,0.));
#18888 = ADVANCED_FACE('',(#18889),#18900,.F.);
#18889 = FACE_BOUND('',#18890,.T.);
#18890 = EDGE_LOOP('',(#18891,#18892,#18898,#18899));
#18891 = ORIENTED_EDGE('',*,*,#11948,.T.);
#18892 = ORIENTED_EDGE('',*,*,#18893,.T.);
#18893 = EDGE_CURVE('',#11949,#14672,#18894,.T.);
#18894 = LINE('',#18895,#18896);
#18895 = CARTESIAN_POINT('',(393.4075,-153.845,-4.6E-02));
#18896 = VECTOR('',#18897,1.);
#18897 = DIRECTION('',(0.,0.,1.));
#18898 = ORIENTED_EDGE('',*,*,#14671,.F.);
#18899 = ORIENTED_EDGE('',*,*,#18893,.F.);
#18900 = CYLINDRICAL_SURFACE('',#18901,0.4);
#18901 = AXIS2_PLACEMENT_3D('',#18902,#18903,#18904);
#18902 = CARTESIAN_POINT('',(393.4075,-153.445,-4.6E-02));
#18903 = DIRECTION('',(-0.,-0.,-1.));
#18904 = DIRECTION('',(-0.,-1.,0.));
#18905 = ADVANCED_FACE('',(#18906),#18917,.F.);
#18906 = FACE_BOUND('',#18907,.T.);
#18907 = EDGE_LOOP('',(#18908,#18914,#18915,#18916));
#18908 = ORIENTED_EDGE('',*,*,#18909,.T.);
#18909 = EDGE_CURVE('',#11960,#14683,#18910,.T.);
#18910 = LINE('',#18911,#18912);
#18911 = CARTESIAN_POINT('',(412.491785,-171.410008,0.));
#18912 = VECTOR('',#18913,1.);
#18913 = DIRECTION('',(0.,0.,1.));
#18914 = ORIENTED_EDGE('',*,*,#14682,.T.);
#18915 = ORIENTED_EDGE('',*,*,#18909,.F.);
#18916 = ORIENTED_EDGE('',*,*,#11959,.F.);
#18917 = CYLINDRICAL_SURFACE('',#18918,1.190626);
#18918 = AXIS2_PLACEMENT_3D('',#18919,#18920,#18921);
#18919 = CARTESIAN_POINT('',(411.301159,-171.410008,0.));
#18920 = DIRECTION('',(-0.,-0.,-1.));
#18921 = DIRECTION('',(1.,0.,0.));
#18922 = ADVANCED_FACE('',(#18923),#18934,.F.);
#18923 = FACE_BOUND('',#18924,.T.);
#18924 = EDGE_LOOP('',(#18925,#18926,#18932,#18933));
#18925 = ORIENTED_EDGE('',*,*,#11970,.T.);
#18926 = ORIENTED_EDGE('',*,*,#18927,.T.);
#18927 = EDGE_CURVE('',#11971,#14694,#18928,.T.);
#18928 = LINE('',#18929,#18930);
#18929 = CARTESIAN_POINT('',(417.7975,-171.865,-4.6E-02));
#18930 = VECTOR('',#18931,1.);
#18931 = DIRECTION('',(0.,0.,1.));
#18932 = ORIENTED_EDGE('',*,*,#14693,.F.);
#18933 = ORIENTED_EDGE('',*,*,#18927,.F.);
#18934 = CYLINDRICAL_SURFACE('',#18935,0.5);
#18935 = AXIS2_PLACEMENT_3D('',#18936,#18937,#18938);
#18936 = CARTESIAN_POINT('',(417.7975,-171.365,-4.6E-02));
#18937 = DIRECTION('',(-0.,-0.,-1.));
#18938 = DIRECTION('',(-0.,-1.,0.));
#18939 = ADVANCED_FACE('',(#18940),#18951,.F.);
#18940 = FACE_BOUND('',#18941,.T.);
#18941 = EDGE_LOOP('',(#18942,#18943,#18949,#18950));
#18942 = ORIENTED_EDGE('',*,*,#11981,.T.);
#18943 = ORIENTED_EDGE('',*,*,#18944,.T.);
#18944 = EDGE_CURVE('',#11982,#14705,#18945,.T.);
#18945 = LINE('',#18946,#18947);
#18946 = CARTESIAN_POINT('',(417.7975,-169.325,-4.6E-02));
#18947 = VECTOR('',#18948,1.);
#18948 = DIRECTION('',(0.,0.,1.));
#18949 = ORIENTED_EDGE('',*,*,#14704,.F.);
#18950 = ORIENTED_EDGE('',*,*,#18944,.F.);
#18951 = CYLINDRICAL_SURFACE('',#18952,0.5);
#18952 = AXIS2_PLACEMENT_3D('',#18953,#18954,#18955);
#18953 = CARTESIAN_POINT('',(417.7975,-168.825,-4.6E-02));
#18954 = DIRECTION('',(-0.,-0.,-1.));
#18955 = DIRECTION('',(-0.,-1.,0.));
#18956 = ADVANCED_FACE('',(#18957),#18968,.F.);
#18957 = FACE_BOUND('',#18958,.T.);
#18958 = EDGE_LOOP('',(#18959,#18960,#18966,#18967));
#18959 = ORIENTED_EDGE('',*,*,#11992,.T.);
#18960 = ORIENTED_EDGE('',*,*,#18961,.T.);
#18961 = EDGE_CURVE('',#11993,#14716,#18962,.T.);
#18962 = LINE('',#18963,#18964);
#18963 = CARTESIAN_POINT('',(417.7975,-166.785,-4.6E-02));
#18964 = VECTOR('',#18965,1.);
#18965 = DIRECTION('',(0.,0.,1.));
#18966 = ORIENTED_EDGE('',*,*,#14715,.F.);
#18967 = ORIENTED_EDGE('',*,*,#18961,.F.);
#18968 = CYLINDRICAL_SURFACE('',#18969,0.5);
#18969 = AXIS2_PLACEMENT_3D('',#18970,#18971,#18972);
#18970 = CARTESIAN_POINT('',(417.7975,-166.285,-4.6E-02));
#18971 = DIRECTION('',(-0.,-0.,-1.));
#18972 = DIRECTION('',(-0.,-1.,0.));
#18973 = ADVANCED_FACE('',(#18974),#18985,.F.);
#18974 = FACE_BOUND('',#18975,.T.);
#18975 = EDGE_LOOP('',(#18976,#18977,#18983,#18984));
#18976 = ORIENTED_EDGE('',*,*,#12003,.T.);
#18977 = ORIENTED_EDGE('',*,*,#18978,.T.);
#18978 = EDGE_CURVE('',#12004,#14727,#18979,.T.);
#18979 = LINE('',#18980,#18981);
#18980 = CARTESIAN_POINT('',(417.7975,-164.245,-4.6E-02));
#18981 = VECTOR('',#18982,1.);
#18982 = DIRECTION('',(0.,0.,1.));
#18983 = ORIENTED_EDGE('',*,*,#14726,.F.);
#18984 = ORIENTED_EDGE('',*,*,#18978,.F.);
#18985 = CYLINDRICAL_SURFACE('',#18986,0.5);
#18986 = AXIS2_PLACEMENT_3D('',#18987,#18988,#18989);
#18987 = CARTESIAN_POINT('',(417.7975,-163.745,-4.6E-02));
#18988 = DIRECTION('',(-0.,-0.,-1.));
#18989 = DIRECTION('',(-0.,-1.,0.));
#18990 = ADVANCED_FACE('',(#18991),#19002,.F.);
#18991 = FACE_BOUND('',#18992,.T.);
#18992 = EDGE_LOOP('',(#18993,#18994,#19000,#19001));
#18993 = ORIENTED_EDGE('',*,*,#12014,.T.);
#18994 = ORIENTED_EDGE('',*,*,#18995,.T.);
#18995 = EDGE_CURVE('',#12015,#14738,#18996,.T.);
#18996 = LINE('',#18997,#18998);
#18997 = CARTESIAN_POINT('',(433.0375,-171.865,-4.6E-02));
#18998 = VECTOR('',#18999,1.);
#18999 = DIRECTION('',(0.,0.,1.));
#19000 = ORIENTED_EDGE('',*,*,#14737,.F.);
#19001 = ORIENTED_EDGE('',*,*,#18995,.F.);
#19002 = CYLINDRICAL_SURFACE('',#19003,0.5);
#19003 = AXIS2_PLACEMENT_3D('',#19004,#19005,#19006);
#19004 = CARTESIAN_POINT('',(433.0375,-171.365,-4.6E-02));
#19005 = DIRECTION('',(-0.,-0.,-1.));
#19006 = DIRECTION('',(-0.,-1.,0.));
#19007 = ADVANCED_FACE('',(#19008),#19019,.F.);
#19008 = FACE_BOUND('',#19009,.T.);
#19009 = EDGE_LOOP('',(#19010,#19011,#19017,#19018));
#19010 = ORIENTED_EDGE('',*,*,#12025,.T.);
#19011 = ORIENTED_EDGE('',*,*,#19012,.T.);
#19012 = EDGE_CURVE('',#12026,#14749,#19013,.T.);
#19013 = LINE('',#19014,#19015);
#19014 = CARTESIAN_POINT('',(433.0375,-169.325,-4.6E-02));
#19015 = VECTOR('',#19016,1.);
#19016 = DIRECTION('',(0.,0.,1.));
#19017 = ORIENTED_EDGE('',*,*,#14748,.F.);
#19018 = ORIENTED_EDGE('',*,*,#19012,.F.);
#19019 = CYLINDRICAL_SURFACE('',#19020,0.5);
#19020 = AXIS2_PLACEMENT_3D('',#19021,#19022,#19023);
#19021 = CARTESIAN_POINT('',(433.0375,-168.825,-4.6E-02));
#19022 = DIRECTION('',(-0.,-0.,-1.));
#19023 = DIRECTION('',(-0.,-1.,0.));
#19024 = ADVANCED_FACE('',(#19025),#19036,.F.);
#19025 = FACE_BOUND('',#19026,.T.);
#19026 = EDGE_LOOP('',(#19027,#19028,#19034,#19035));
#19027 = ORIENTED_EDGE('',*,*,#12036,.T.);
#19028 = ORIENTED_EDGE('',*,*,#19029,.T.);
#19029 = EDGE_CURVE('',#12037,#14760,#19030,.T.);
#19030 = LINE('',#19031,#19032);
#19031 = CARTESIAN_POINT('',(433.0375,-166.785,-4.6E-02));
#19032 = VECTOR('',#19033,1.);
#19033 = DIRECTION('',(0.,0.,1.));
#19034 = ORIENTED_EDGE('',*,*,#14759,.F.);
#19035 = ORIENTED_EDGE('',*,*,#19029,.F.);
#19036 = CYLINDRICAL_SURFACE('',#19037,0.5);
#19037 = AXIS2_PLACEMENT_3D('',#19038,#19039,#19040);
#19038 = CARTESIAN_POINT('',(433.0375,-166.285,-4.6E-02));
#19039 = DIRECTION('',(-0.,-0.,-1.));
#19040 = DIRECTION('',(-0.,-1.,0.));
#19041 = ADVANCED_FACE('',(#19042),#19053,.F.);
#19042 = FACE_BOUND('',#19043,.T.);
#19043 = EDGE_LOOP('',(#19044,#19045,#19051,#19052));
#19044 = ORIENTED_EDGE('',*,*,#12047,.T.);
#19045 = ORIENTED_EDGE('',*,*,#19046,.T.);
#19046 = EDGE_CURVE('',#12048,#14771,#19047,.T.);
#19047 = LINE('',#19048,#19049);
#19048 = CARTESIAN_POINT('',(433.0375,-164.245,-4.6E-02));
#19049 = VECTOR('',#19050,1.);
#19050 = DIRECTION('',(0.,0.,1.));
#19051 = ORIENTED_EDGE('',*,*,#14770,.F.);
#19052 = ORIENTED_EDGE('',*,*,#19046,.F.);
#19053 = CYLINDRICAL_SURFACE('',#19054,0.5);
#19054 = AXIS2_PLACEMENT_3D('',#19055,#19056,#19057);
#19055 = CARTESIAN_POINT('',(433.0375,-163.745,-4.6E-02));
#19056 = DIRECTION('',(-0.,-0.,-1.));
#19057 = DIRECTION('',(-0.,-1.,0.));
#19058 = ADVANCED_FACE('',(#19059),#19070,.F.);
#19059 = FACE_BOUND('',#19060,.T.);
#19060 = EDGE_LOOP('',(#19061,#19062,#19068,#19069));
#19061 = ORIENTED_EDGE('',*,*,#12058,.T.);
#19062 = ORIENTED_EDGE('',*,*,#19063,.T.);
#19063 = EDGE_CURVE('',#12059,#14782,#19064,.T.);
#19064 = LINE('',#19065,#19066);
#19065 = CARTESIAN_POINT('',(404.7525,-163.885,-4.6E-02));
#19066 = VECTOR('',#19067,1.);
#19067 = DIRECTION('',(0.,0.,1.));
#19068 = ORIENTED_EDGE('',*,*,#14781,.F.);
#19069 = ORIENTED_EDGE('',*,*,#19063,.F.);
#19070 = CYLINDRICAL_SURFACE('',#19071,2.);
#19071 = AXIS2_PLACEMENT_3D('',#19072,#19073,#19074);
#19072 = CARTESIAN_POINT('',(404.7525,-161.885,-4.6E-02));
#19073 = DIRECTION('',(-0.,-0.,-1.));
#19074 = DIRECTION('',(-0.,-1.,0.));
#19075 = ADVANCED_FACE('',(#19076),#19087,.F.);
#19076 = FACE_BOUND('',#19077,.T.);
#19077 = EDGE_LOOP('',(#19078,#19079,#19085,#19086));
#19078 = ORIENTED_EDGE('',*,*,#12069,.T.);
#19079 = ORIENTED_EDGE('',*,*,#19080,.T.);
#19080 = EDGE_CURVE('',#12070,#14793,#19081,.T.);
#19081 = LINE('',#19082,#19083);
#19082 = CARTESIAN_POINT('',(409.8325,-162.76,-4.6E-02));
#19083 = VECTOR('',#19084,1.);
#19084 = DIRECTION('',(0.,0.,1.));
#19085 = ORIENTED_EDGE('',*,*,#14792,.F.);
#19086 = ORIENTED_EDGE('',*,*,#19080,.F.);
#19087 = CYLINDRICAL_SURFACE('',#19088,0.875);
#19088 = AXIS2_PLACEMENT_3D('',#19089,#19090,#19091);
#19089 = CARTESIAN_POINT('',(409.8325,-161.885,-4.6E-02));
#19090 = DIRECTION('',(-0.,-0.,-1.));
#19091 = DIRECTION('',(-0.,-1.,0.));
#19092 = ADVANCED_FACE('',(#19093),#19104,.F.);
#19093 = FACE_BOUND('',#19094,.T.);
#19094 = EDGE_LOOP('',(#19095,#19096,#19102,#19103));
#19095 = ORIENTED_EDGE('',*,*,#12080,.T.);
#19096 = ORIENTED_EDGE('',*,*,#19097,.T.);
#19097 = EDGE_CURVE('',#12081,#14804,#19098,.T.);
#19098 = LINE('',#19099,#19100);
#19099 = CARTESIAN_POINT('',(417.7975,-161.705,-4.6E-02));
#19100 = VECTOR('',#19101,1.);
#19101 = DIRECTION('',(0.,0.,1.));
#19102 = ORIENTED_EDGE('',*,*,#14803,.F.);
#19103 = ORIENTED_EDGE('',*,*,#19097,.F.);
#19104 = CYLINDRICAL_SURFACE('',#19105,0.5);
#19105 = AXIS2_PLACEMENT_3D('',#19106,#19107,#19108);
#19106 = CARTESIAN_POINT('',(417.7975,-161.205,-4.6E-02));
#19107 = DIRECTION('',(-0.,-0.,-1.));
#19108 = DIRECTION('',(-0.,-1.,0.));
#19109 = ADVANCED_FACE('',(#19110),#19121,.F.);
#19110 = FACE_BOUND('',#19111,.T.);
#19111 = EDGE_LOOP('',(#19112,#19113,#19119,#19120));
#19112 = ORIENTED_EDGE('',*,*,#12091,.T.);
#19113 = ORIENTED_EDGE('',*,*,#19114,.T.);
#19114 = EDGE_CURVE('',#12092,#14815,#19115,.T.);
#19115 = LINE('',#19116,#19117);
#19116 = CARTESIAN_POINT('',(417.7975,-159.165,-4.6E-02));
#19117 = VECTOR('',#19118,1.);
#19118 = DIRECTION('',(0.,0.,1.));
#19119 = ORIENTED_EDGE('',*,*,#14814,.F.);
#19120 = ORIENTED_EDGE('',*,*,#19114,.F.);
#19121 = CYLINDRICAL_SURFACE('',#19122,0.5);
#19122 = AXIS2_PLACEMENT_3D('',#19123,#19124,#19125);
#19123 = CARTESIAN_POINT('',(417.7975,-158.665,-4.6E-02));
#19124 = DIRECTION('',(-0.,-0.,-1.));
#19125 = DIRECTION('',(-0.,-1.,0.));
#19126 = ADVANCED_FACE('',(#19127),#19138,.F.);
#19127 = FACE_BOUND('',#19128,.T.);
#19128 = EDGE_LOOP('',(#19129,#19130,#19136,#19137));
#19129 = ORIENTED_EDGE('',*,*,#12102,.T.);
#19130 = ORIENTED_EDGE('',*,*,#19131,.T.);
#19131 = EDGE_CURVE('',#12103,#14826,#19132,.T.);
#19132 = LINE('',#19133,#19134);
#19133 = CARTESIAN_POINT('',(407.2925,-157.555,-4.6E-02));
#19134 = VECTOR('',#19135,1.);
#19135 = DIRECTION('',(0.,0.,1.));
#19136 = ORIENTED_EDGE('',*,*,#14825,.F.);
#19137 = ORIENTED_EDGE('',*,*,#19131,.F.);
#19138 = CYLINDRICAL_SURFACE('',#19139,0.75);
#19139 = AXIS2_PLACEMENT_3D('',#19140,#19141,#19142);
#19140 = CARTESIAN_POINT('',(407.2925,-156.805,-4.6E-02));
#19141 = DIRECTION('',(-0.,-0.,-1.));
#19142 = DIRECTION('',(-0.,-1.,0.));
#19143 = ADVANCED_FACE('',(#19144),#19155,.F.);
#19144 = FACE_BOUND('',#19145,.T.);
#19145 = EDGE_LOOP('',(#19146,#19147,#19153,#19154));
#19146 = ORIENTED_EDGE('',*,*,#12113,.T.);
#19147 = ORIENTED_EDGE('',*,*,#19148,.T.);
#19148 = EDGE_CURVE('',#12114,#14837,#19149,.T.);
#19149 = LINE('',#19150,#19151);
#19150 = CARTESIAN_POINT('',(417.7975,-156.625,-4.6E-02));
#19151 = VECTOR('',#19152,1.);
#19152 = DIRECTION('',(0.,0.,1.));
#19153 = ORIENTED_EDGE('',*,*,#14836,.F.);
#19154 = ORIENTED_EDGE('',*,*,#19148,.F.);
#19155 = CYLINDRICAL_SURFACE('',#19156,0.5);
#19156 = AXIS2_PLACEMENT_3D('',#19157,#19158,#19159);
#19157 = CARTESIAN_POINT('',(417.7975,-156.125,-4.6E-02));
#19158 = DIRECTION('',(-0.,-0.,-1.));
#19159 = DIRECTION('',(-0.,-1.,0.));
#19160 = ADVANCED_FACE('',(#19161),#19172,.F.);
#19161 = FACE_BOUND('',#19162,.T.);
#19162 = EDGE_LOOP('',(#19163,#19164,#19170,#19171));
#19163 = ORIENTED_EDGE('',*,*,#12124,.T.);
#19164 = ORIENTED_EDGE('',*,*,#19165,.T.);
#19165 = EDGE_CURVE('',#12125,#14848,#19166,.T.);
#19166 = LINE('',#19167,#19168);
#19167 = CARTESIAN_POINT('',(417.7975,-154.085,-4.6E-02));
#19168 = VECTOR('',#19169,1.);
#19169 = DIRECTION('',(0.,0.,1.));
#19170 = ORIENTED_EDGE('',*,*,#14847,.F.);
#19171 = ORIENTED_EDGE('',*,*,#19165,.F.);
#19172 = CYLINDRICAL_SURFACE('',#19173,0.5);
#19173 = AXIS2_PLACEMENT_3D('',#19174,#19175,#19176);
#19174 = CARTESIAN_POINT('',(417.7975,-153.585,-4.6E-02));
#19175 = DIRECTION('',(-0.,-0.,-1.));
#19176 = DIRECTION('',(-0.,-1.,0.));
#19177 = ADVANCED_FACE('',(#19178),#19189,.F.);
#19178 = FACE_BOUND('',#19179,.T.);
#19179 = EDGE_LOOP('',(#19180,#19181,#19187,#19188));
#19180 = ORIENTED_EDGE('',*,*,#12135,.T.);
#19181 = ORIENTED_EDGE('',*,*,#19182,.T.);
#19182 = EDGE_CURVE('',#12136,#14859,#19183,.T.);
#19183 = LINE('',#19184,#19185);
#19184 = CARTESIAN_POINT('',(433.0375,-161.705,-4.6E-02));
#19185 = VECTOR('',#19186,1.);
#19186 = DIRECTION('',(0.,0.,1.));
#19187 = ORIENTED_EDGE('',*,*,#14858,.F.);
#19188 = ORIENTED_EDGE('',*,*,#19182,.F.);
#19189 = CYLINDRICAL_SURFACE('',#19190,0.5);
#19190 = AXIS2_PLACEMENT_3D('',#19191,#19192,#19193);
#19191 = CARTESIAN_POINT('',(433.0375,-161.205,-4.6E-02));
#19192 = DIRECTION('',(-0.,-0.,-1.));
#19193 = DIRECTION('',(-0.,-1.,0.));
#19194 = ADVANCED_FACE('',(#19195),#19206,.F.);
#19195 = FACE_BOUND('',#19196,.T.);
#19196 = EDGE_LOOP('',(#19197,#19198,#19204,#19205));
#19197 = ORIENTED_EDGE('',*,*,#12146,.T.);
#19198 = ORIENTED_EDGE('',*,*,#19199,.T.);
#19199 = EDGE_CURVE('',#12147,#14870,#19200,.T.);
#19200 = LINE('',#19201,#19202);
#19201 = CARTESIAN_POINT('',(433.0375,-159.165,-4.6E-02));
#19202 = VECTOR('',#19203,1.);
#19203 = DIRECTION('',(0.,0.,1.));
#19204 = ORIENTED_EDGE('',*,*,#14869,.F.);
#19205 = ORIENTED_EDGE('',*,*,#19199,.F.);
#19206 = CYLINDRICAL_SURFACE('',#19207,0.5);
#19207 = AXIS2_PLACEMENT_3D('',#19208,#19209,#19210);
#19208 = CARTESIAN_POINT('',(433.0375,-158.665,-4.6E-02));
#19209 = DIRECTION('',(-0.,-0.,-1.));
#19210 = DIRECTION('',(-0.,-1.,0.));
#19211 = ADVANCED_FACE('',(#19212),#19223,.F.);
#19212 = FACE_BOUND('',#19213,.T.);
#19213 = EDGE_LOOP('',(#19214,#19215,#19221,#19222));
#19214 = ORIENTED_EDGE('',*,*,#12157,.T.);
#19215 = ORIENTED_EDGE('',*,*,#19216,.T.);
#19216 = EDGE_CURVE('',#12158,#14881,#19217,.T.);
#19217 = LINE('',#19218,#19219);
#19218 = CARTESIAN_POINT('',(433.0375,-156.625,-4.6E-02));
#19219 = VECTOR('',#19220,1.);
#19220 = DIRECTION('',(0.,0.,1.));
#19221 = ORIENTED_EDGE('',*,*,#14880,.F.);
#19222 = ORIENTED_EDGE('',*,*,#19216,.F.);
#19223 = CYLINDRICAL_SURFACE('',#19224,0.5);
#19224 = AXIS2_PLACEMENT_3D('',#19225,#19226,#19227);
#19225 = CARTESIAN_POINT('',(433.0375,-156.125,-4.6E-02));
#19226 = DIRECTION('',(-0.,-0.,-1.));
#19227 = DIRECTION('',(-0.,-1.,0.));
#19228 = ADVANCED_FACE('',(#19229),#19240,.F.);
#19229 = FACE_BOUND('',#19230,.T.);
#19230 = EDGE_LOOP('',(#19231,#19232,#19238,#19239));
#19231 = ORIENTED_EDGE('',*,*,#12168,.T.);
#19232 = ORIENTED_EDGE('',*,*,#19233,.T.);
#19233 = EDGE_CURVE('',#12169,#14892,#19234,.T.);
#19234 = LINE('',#19235,#19236);
#19235 = CARTESIAN_POINT('',(433.0375,-154.085,-4.6E-02));
#19236 = VECTOR('',#19237,1.);
#19237 = DIRECTION('',(0.,0.,1.));
#19238 = ORIENTED_EDGE('',*,*,#14891,.F.);
#19239 = ORIENTED_EDGE('',*,*,#19233,.F.);
#19240 = CYLINDRICAL_SURFACE('',#19241,0.5);
#19241 = AXIS2_PLACEMENT_3D('',#19242,#19243,#19244);
#19242 = CARTESIAN_POINT('',(433.0375,-153.585,-4.6E-02));
#19243 = DIRECTION('',(-0.,-0.,-1.));
#19244 = DIRECTION('',(-0.,-1.,0.));
#19245 = ADVANCED_FACE('',(#19246),#19257,.F.);
#19246 = FACE_BOUND('',#19247,.T.);
#19247 = EDGE_LOOP('',(#19248,#19254,#19255,#19256));
#19248 = ORIENTED_EDGE('',*,*,#19249,.T.);
#19249 = EDGE_CURVE('',#12180,#14903,#19250,.T.);
#19250 = LINE('',#19251,#19252);
#19251 = CARTESIAN_POINT('',(441.066809,-155.336557,0.));
#19252 = VECTOR('',#19253,1.);
#19253 = DIRECTION('',(0.,0.,1.));
#19254 = ORIENTED_EDGE('',*,*,#14902,.T.);
#19255 = ORIENTED_EDGE('',*,*,#19249,.F.);
#19256 = ORIENTED_EDGE('',*,*,#12179,.F.);
#19257 = CYLINDRICAL_SURFACE('',#19258,1.190626);
#19258 = AXIS2_PLACEMENT_3D('',#19259,#19260,#19261);
#19259 = CARTESIAN_POINT('',(439.876183,-155.336557,0.));
#19260 = DIRECTION('',(-0.,-0.,-1.));
#19261 = DIRECTION('',(1.,0.,0.));
#19262 = ( GEOMETRIC_REPRESENTATION_CONTEXT(3) 
GLOBAL_UNCERTAINTY_ASSIGNED_CONTEXT((#19266)) 
GLOBAL_UNIT_ASSIGNED_CONTEXT((#19263,#19264,#19265)) 
REPRESENTATION_CONTEXT('Context #1',
  '3D Context with UNIT and UNCERTAINTY') );
#19263 = ( LENGTH_UNIT() NAMED_UNIT(*) SI_UNIT(.MILLI.,.METRE.) );
#19264 = ( NAMED_UNIT(*) PLANE_ANGLE_UNIT() SI_UNIT($,.RADIAN.) );
#19265 = ( NAMED_UNIT(*) SI_UNIT($,.STERADIAN.) SOLID_ANGLE_UNIT() );
#19266 = UNCERTAINTY_MEASURE_WITH_UNIT(LENGTH_MEASURE(1.E-07),#19263,
  'distance_accuracy_value','confusion accuracy');
#19267 = CONTEXT_DEPENDENT_SHAPE_REPRESENTATION(#19268,#19270);
#19268 = ( REPRESENTATION_RELATIONSHIP('','',#9362,#10) 
REPRESENTATION_RELATIONSHIP_WITH_TRANSFORMATION(#19269) 
SHAPE_REPRESENTATION_RELATIONSHIP() );
#19269 = ITEM_DEFINED_TRANSFORMATION('','',#11,#19);
#19270 = PRODUCT_DEFINITION_SHAPE('Placement','Placement of an item',
  #19271);
#19271 = NEXT_ASSEMBLY_USAGE_OCCURRENCE('2','=>[0:1:1:3]','',#5,#9357,$
  );
#19272 = PRODUCT_RELATED_PRODUCT_CATEGORY('part',$,(#9359));
#19273 = MECHANICAL_DESIGN_GEOMETRIC_PRESENTATION_REPRESENTATION('',(
    #19274),#19262);
#19274 = STYLED_ITEM('color',(#19275),#9363);
#19275 = PRESENTATION_STYLE_ASSIGNMENT((#19276));
#19276 = SURFACE_STYLE_USAGE(.BOTH.,#19277);
#19277 = SURFACE_SIDE_STYLE('',(#19278));
#19278 = SURFACE_STYLE_FILL_AREA(#19279);
#19279 = FILL_AREA_STYLE('',(#19280));
#19280 = FILL_AREA_STYLE_COLOUR('',#19281);
#19281 = COLOUR_RGB('',0.890440242649,0.890440242649,0.890440242649);
#19282 = MECHANICAL_DESIGN_GEOMETRIC_PRESENTATION_REPRESENTATION('',(
    #19283),#9344);
#19283 = STYLED_ITEM('color',(#19284),#37);
#19284 = PRESENTATION_STYLE_ASSIGNMENT((#19285));
#19285 = SURFACE_STYLE_USAGE(.BOTH.,#19286);
#19286 = SURFACE_SIDE_STYLE('',(#19287));
#19287 = SURFACE_STYLE_FILL_AREA(#19288);
#19288 = FILL_AREA_STYLE('',(#19289));
#19289 = FILL_AREA_STYLE_COLOUR('',#19281);
ENDSEC;
END-ISO-10303-21;
