0
SECTION
2
HEADER
9
$INSUNITS
70
4
9
$ACADVER
1
AC1014
9
$HANDSEED
5
FFFF
0
ENDSEC
0
SECTION
2
TABLES
0
TABLE
2
VPORT
5
8
100
AcDbSymbolTable
0
ENDTAB
0
TABLE
2
LTYPE
5
5
100
AcDbSymbolTable
0
LTYPE
5
14
100
AcDbSymbolTableRecord
100
AcDbLinetypeTableRecord
2
BYBLOCK
70
0
0
LTYPE
5
15
100
AcDbSymbolTableRecord
100
AcDbLinetypeTableRecord
2
BYLAYER
70
0
0
ENDTAB
0
TABLE
2
LAYER
5
2
100
AcDbSymbolTable
70
2
0
LAYER
5
50
100
AcDbSymbolTableRecord
100
AcDbLayerTableRecord
2
0
70
0
6
CONTINUOUS
0
ENDTAB
0
TABLE
2
STYLE
5
3
100
AcDbSymbolTable
70
1
0
STYLE
5
11
100
AcDbSymbolTableRecord
100
AcDbTextStyleTableRecord
2
STANDARD
70
0
0
ENDTAB
0
TABLE
2
VIEW
5
6
100
AcDbSymbolTable
70
0
0
ENDTAB
0
TABLE
2
UCS
5
7
100
AcDbSymbolTable
70
0
0
ENDTAB
0
TABLE
2
APPID
5
9
100
AcDbSymbolTable
70
2
0
APPID
5
12
100
AcDbSymbolTableRecord
100
AcDbRegAppTableRecord
2
ACAD
70
0
0
ENDTAB
0
TABLE
2
DIMSTYLE
5
A
100
AcDbSymbolTable
70
1
0
ENDTAB
0
TABLE
2
BLOCK_RECORD
5
1
100
AcDbSymbolTable
70
1
0
BLOCK_RECORD
5
1F
100
AcDbSymbolTableRecord
100
AcDbBlockTableRecord
2
*MODEL_SPACE
0
BLOCK_RECORD
5
1B
100
AcDbSymbolTableRecord
100
AcDbBlockTableRecord
2
*PAPER_SPACE
0
ENDTAB
0
ENDSEC
0
SECTION
2
BLOCKS
0
BLOCK
5
20
100
AcDbEntity
100
AcDbBlockBegin
2
*MODEL_SPACE
0
ENDBLK
5
21
100
AcDbEntity
100
AcDbBlockEnd
0
BLOCK
5
1C
100
AcDbEntity
100
AcDbBlockBegin
2
*PAPER_SPACE
0
ENDBLK
5
1D
100
AcDbEntity
100
AcDbBlockEnd
0
ENDSEC
0
SECTION
2
ENTITIES
0
LINE
5
100
100
AcDbEntity
8
0
100
AcDbLine
10
-107.84503170883859
20
215.67368903396684
30
-2.7755575615628914e-16
11
-107.28221407800966
21
215.57444910040408
31
-2.7755575615628914e-16
0
ARC
5
101
100
AcDbEntity
8
0
100
AcDbCircle
10
-39.25928277471165
20
188.78744595565411
30
-2.7755575615628914e-16
40
0.25399999999999862
210
0
220
0
230
1
100
AcDbArc
50
-10.000000000576101
51
79.999999999888232
0
LINE
5
102
100
AcDbEntity
8
0
100
AcDbLine
10
-73.638575708856763
20
190.26193203399913
30
-2.7755575615628914e-16
11
-73.07575807801166
21
190.16269210046408
31
-2.7755575615628914e-16
0
LINE
5
103
100
AcDbEntity
8
0
100
AcDbLine
10
-73.07575807801166
20
190.16269210046408
30
-2.7755575615628914e-16
11
-72.237731972590652
21
194.91537431649417
31
-2.7755575615628914e-16
0
LINE
5
104
100
AcDbEntity
8
0
100
AcDbLine
10
-17.511547037050676
20
202.32724160134285
30
0
11
-22.439383698862652
21
203.19615216140414
31
0
0
ARC
5
105
100
AcDbEntity
8
0
100
AcDbCircle
10
-184.25573810742972
20
192.75527324862409
30
-5.5511151231257827e-16
40
0.25400000000004919
210
0
220
0
230
1
100
AcDbArc
50
-79.999999999608463
51
9.9999999992331183
0
ARC
5
106
100
AcDbEntity
8
0
100
AcDbCircle
10
-72.20685516100265
20
165.95801831114412
30
-2.7755575615628914e-16
40
0.63500000000000123
210
0
220
0
230
1
100
AcDbArc
50
169.999999999854
51
260.00000000000261
0
ARC
5
107
100
AcDbEntity
8
0
100
AcDbCircle
10
-76.096443966309664
20
176.44475541930407
30
-2.7755575615628914e-16
40
0.25399999999999123
210
0
220
0
230
1
100
AcDbArc
50
170.0000000016305
51
260.00000000028291
0
LINE
5
108
100
AcDbEntity
8
0
100
AcDbLine
10
-72.237731972590652
20
194.91537431649417
30
-2.7755575615628914e-16
11
-72.800549603436693
21
195.01461425003413
31
-2.7755575615628914e-16
0
LINE
5
109
100
AcDbEntity
8
0
100
AcDbLine
10
-129.47503170883866
20
202.52368903396686
30
-2.7755575615628914e-16
11
-128.91221407800967
21
202.4244491004041
31
-2.7755575615628914e-16
0
LINE
5
110
100
AcDbEntity
8
0
100
AcDbLine
10
-177.60362582055973
20
181.26477348244407
30
-5.5511151231257827e-16
11
-178.4416519259797
21
186.01745569847409
31
-5.5511151231257827e-16
0
LINE
5
111
100
AcDbEntity
8
0
100
AcDbLine
10
-199.26163147030056
20
167.99513207935928
30
-5.5511151231257827e-16
11
-204.18941250481967
21
167.12623132794408
31
-5.5511151231257827e-16
0
LINE
5
112
100
AcDbEntity
8
0
100
AcDbLine
10
-69.492207084165159
20
184.88828490396415
30
-2.7755575615628914e-16
11
-74.420043745980422
21
185.75719546396667
31
-2.7755575615628914e-16
0
ARC
5
113
100
AcDbEntity
8
0
100
AcDbCircle
10
-26.816854161002652
20
203.96801831110409
30
0
40
0.63499999999999879
210
0
220
0
230
1
100
AcDbArc
50
170.00000000163496
51
260.00000000062812
0
ARC
5
114
100
AcDbEntity
8
0
100
AcDbCircle
10
-177.40412356176967
20
176.91533900325408
30
-5.5511151231257827e-16
40
0.25400000000001577
210
0
220
0
230
1
100
AcDbArc
50
190.00000000113468
51
279.9999999981539
0
LINE
5
115
100
AcDbEntity
8
0
100
AcDbLine
10
-79.403652031732193
20
178.81031958133354
30
-2.7755575615628914e-16
11
-80.109358225770663
21
174.80806087309415
31
-2.7755575615628914e-16
0
LINE
5
116
100
AcDbEntity
8
0
100
AcDbLine
10
-209.19223589012211
20
166.24409858539366
30
-5.5511151231257827e-16
11
-214.12001692464969
21
165.37519783398409
31
-5.5511151231257827e-16
0
LINE
5
117
100
AcDbEntity
8
0
100
AcDbLine
10
-107.21304013557928
20
220.72061905640584
30
-2.7755575615628914e-16
11
-106.50733394153001
21
224.7228777646022
31
-2.7755575615628914e-16
0
ARC
5
118
100
AcDbEntity
8
0
100
AcDbCircle
10
-34.952682345984648
20
190.43179086473413
30
0
40
0.25400000000001205
210
0
220
-0
230
1
100
AcDbArc
50
79.999999999889809
51
169.99999999946374
0
LINE
5
119
100
AcDbEntity
8
0
100
AcDbLine
10
-122.16717852615901
20
211.42289254386469
30
-2.7755575615628914e-16
11
-118.41506098719969
21
210.7612929869041
31
-2.7755575615628914e-16
0
LINE
5
120
100
AcDbEntity
8
0
100
AcDbLine
10
-103.83717852615897
20
205.81289254386468
30
-2.7755575615628914e-16
11
-100.08506098720069
21
205.15129298690411
31
-2.7755575615628914e-16
0
LINE
5
121
100
AcDbEntity
8
0
100
AcDbLine
10
-113.75360603215358
20
204.65202634093842
30
-2.7755575615628914e-16
11
-114.31642366300966
21
204.75126627440414
31
-2.7755575615628914e-16
0
ARC
5
122
100
AcDbEntity
8
0
100
AcDbCircle
10
-76.329844259460657
20
197.60487455031409
30
-2.7755575615628914e-16
40
0.25400000000000095
210
0
220
0
230
1
100
AcDbArc
50
-9.9999999993002167
51
80.000000000282924
0
LINE
5
123
100
AcDbEntity
8
0
100
AcDbLine
10
-196.0667717895042
20
171.31902703426331
30
-5.5511151231257827e-16
11
-196.77247798353972
21
175.32128574251408
31
-5.5511151231257827e-16
0
LINE
5
124
100
AcDbEntity
8
0
100
AcDbLine
10
-80.403606032162841
20
174.60202634095882
30
-2.7755575615628914e-16
11
-80.966423663009664
21
174.70126627449415
31
-2.7755575615628914e-16
0
LINE
5
125
100
AcDbEntity
8
0
100
AcDbLine
10
-108.55799376842965
20
237.51682705840409
30
-2.7755575615628914e-16
11
-107.9951761375797
21
237.41758712490409
31
-2.7755575615628914e-16
0
LINE
5
126
100
AcDbEntity
8
0
100
AcDbLine
10
-117.89997465686092
20
210.0256734709061
30
-2.7755575615628914e-16
11
-112.97213799504044
21
209.15676291091216
31
-2.7755575615628914e-16
0
LINE
5
127
100
AcDbEntity
8
0
100
AcDbLine
10
-34.276584135576016
20
195.72886205642445
30
0
11
-33.570877941536651
21
199.7311207646041
31
0
0
LINE
5
128
100
AcDbEntity
8
0
100
AcDbLine
10
-99.569974656869846
20
204.4156734709066
30
-2.7755575615628914e-16
11
-94.642137995044365
21
203.54676291091209
31
-2.7755575615628914e-16
0
LINE
5
129
100
AcDbEntity
8
0
100
AcDbLine
10
-104.50857670883863
20
234.43193203396686
30
-2.7755575615628914e-16
11
-103.9457590780097
21
234.3326921004041
31
-2.7755575615628914e-16
0
LINE
5
130
100
AcDbEntity
8
0
100
AcDbLine
10
-201.44388761639971
20
177.15332074048408
30
-5.5511151231257827e-16
11
-200.6058615109697
21
172.40063852444408
31
-5.5511151231257827e-16
0
LINE
5
131
100
AcDbEntity
8
0
100
AcDbLine
10
-107.28221407800966
20
215.57444910040408
30
-2.7755575615628914e-16
11
-106.44418797258966
21
220.32713131640406
31
-2.7755575615628914e-16
0
ARC
5
132
100
AcDbEntity
8
0
100
AcDbCircle
10
-109.70630025945965
20
227.66663155030415
30
-2.7755575615628914e-16
40
0.25400000000000122
210
0
220
0
230
1
100
AcDbArc
50
-10.000000003023551
51
79.999999996872077
0
LINE
5
133
100
AcDbEntity
8
0
100
AcDbLine
10
-200.6058615109697
20
172.40063852444408
30
-5.5511151231257827e-16
11
-200.04304388012969
21
172.49987845798412
31
-5.5511151231257827e-16
0
LINE
5
134
100
AcDbEntity
8
0
100
AcDbLine
10
-112.75365203172007
20
208.86031958130246
30
-2.7755575615628914e-16
11
-113.45935822576969
21
204.85806087300415
31
-2.7755575615628914e-16
0
ARC
5
135
100
AcDbEntity
8
0
100
AcDbCircle
10
-72.038229713807652
20
199.26480879560413
30
-2.7755575615628914e-16
40
0.25400000000001022
210
0
220
-0
230
1
100
AcDbArc
50
80.000000001462467
51
169.99999999694489
0
LINE
5
136
100
AcDbEntity
8
0
100
AcDbLine
10
-29.944123076686608
20
218.70494996487031
30
0
11
-25.016342042157653
21
217.83604921350417
31
0
0
LINE
5
137
100
AcDbEntity
8
0
100
AcDbLine
10
-110.51304013557932
20
201.96061905640585
30
-2.7755575615628914e-16
11
-109.80733394152965
21
205.96287776460414
31
-2.7755575615628914e-16
0
ARC
5
138
100
AcDbEntity
8
0
100
AcDbCircle
10
-200.92517662267969
20
177.50270184328411
30
-5.5511151231257827e-16
40
0.25399999999998923
210
0
220
0
230
1
100
AcDbArc
50
-79.999999999228947
51
10.000000000388498
0
LINE
5
139
100
AcDbEntity
8
0
100
AcDbLine
10
-89.508575708846536
20
210.03193203396731
30
-2.7755575615628914e-16
11
-88.945758078011664
21
209.9326921004041
31
-2.7755575615628914e-16
0
LINE
5
140
100
AcDbEntity
8
0
100
AcDbLine
10
-199.74879607373515
20
172.29384392584493
30
-5.5511151231257827e-16
11
-199.04308987969978
21
168.29158521760459
31
-5.5511151231257827e-16
0
ARC
5
141
100
AcDbEntity
8
0
100
AcDbCircle
10
-108.03928277470966
20
237.16744595560414
30
-2.7755575615628914e-16
40
0.25400000000001111
210
0
220
0
230
1
100
AcDbArc
50
-9.999999993713736
51
80.000000000797144
0
LINE
5
142
100
AcDbEntity
8
0
100
AcDbLine
10
-186.34449883515927
20
172.13061181196167
30
-5.5511151231257827e-16
11
-190.09661637413967
21
171.46901225505414
31
-5.5511151231257827e-16
0
ARC
5
143
100
AcDbEntity
8
0
100
AcDbCircle
10
-183.28338987517967
20
187.24275521967402
30
-5.5511151231257827e-16
40
0.25400000000001283
210
0
220
-0
230
1
100
AcDbArc
50
9.9999999992342552
51
100.00000000077628
0
LINE
5
144
100
AcDbEntity
8
0
100
AcDbLine
10
-162.98879607373519
20
183.58384392584492
30
-5.5511151231257827e-16
11
-162.2830898796997
21
179.5815852176041
31
-5.5511151231257827e-16
0
LINE
5
145
100
AcDbEntity
8
0
100
AcDbLine
10
-163.84586151096968
20
183.6906385244441
30
-5.5511151231257827e-16
11
-163.28304388012967
21
183.78987845798409
31
-5.5511151231257827e-16
0
LINE
5
146
100
AcDbEntity
8
0
100
AcDbLine
10
-81.804449768430658
20
169.94858405845409
30
-2.7755575615628914e-16
11
-81.241632137584674
21
169.84934412491413
31
-2.7755575615628914e-16
0
LINE
5
147
100
AcDbEntity
8
0
100
AcDbLine
10
-74.638529709288306
20
186.053638793624
30
-2.7755575615628914e-16
11
-73.932823515250675
21
190.05589750186408
31
-2.7755575615628914e-16
0
ARC
5
148
100
AcDbEntity
8
0
100
AcDbCircle
10
-208.56688296695972
20
166.3543651782141
30
-5.5511151231257827e-16
40
0.63499999999999568
210
0
220
0
230
1
100
AcDbArc
50
190.00000000017789
51
280.00000000017786
0
ARC
5
149
100
AcDbEntity
8
0
100
AcDbCircle
10
-127.88719277226969
20
211.52877112750411
30
-2.7755575615628914e-16
40
0.25399999999999368
210
0
220
-0
230
1
100
AcDbArc
50
77.148541348315462
51
170.00000000589469
0
LINE
5
150
100
AcDbEntity
8
0
100
AcDbLine
10
-76.067196031732209
20
197.55856258133355
30
-2.7755575615628914e-16
11
-76.772902225770679
21
193.55630387309412
31
-2.7755575615628914e-16
0
LINE
5
151
100
AcDbEntity
8
0
100
AcDbLine
10
-72.832208084165131
20
166.06828490396421
30
-2.7755575615628914e-16
11
-77.760044745980423
21
166.9371954639667
31
-2.7755575615628914e-16
0
LINE
5
152
100
AcDbEntity
8
0
100
AcDbLine
10
-114.31642366300966
20
204.75126627440414
30
-2.7755575615628914e-16
11
-115.15444976842966
21
199.99858405840411
31
-2.7755575615628914e-16
0
ARC
5
153
100
AcDbEntity
8
0
100
AcDbCircle
10
-107.88913834597965
20
215.42354786470412
30
-2.7755575615628914e-16
40
0.2539999999999909
210
0
220
-0
230
1
100
AcDbArc
50
79.9999999968732
51
170.00000000629205
0
LINE
5
154
100
AcDbEntity
8
0
100
AcDbLine
10
-77.978530709288307
20
167.2336387936241
30
-2.7755575615628914e-16
11
-77.272824515250647
21
171.23589750186412
31
-2.7755575615628914e-16
0
LINE
5
155
100
AcDbEntity
8
0
100
AcDbLine
10
-127.83063470397184
20
211.77671677346632
30
-2.7755575615628914e-16
11
-122.9027980421497
21
210.9078062135041
31
-2.7755575615628914e-16
0
LINE
5
156
100
AcDbEntity
8
0
100
AcDbLine
10
-77.067150032162829
20
193.35026934095882
30
-2.7755575615628914e-16
11
-77.629967663009694
21
193.44950927449412
31
-2.7755575615628914e-16
0
LINE
5
157
100
AcDbEntity
8
0
100
AcDbLine
10
-109.44365203172046
20
227.6203195813045
30
-2.7755575615628914e-16
11
-110.14935822576966
21
223.61806087300411
31
-2.7755575615628914e-16
0
LINE
5
158
100
AcDbEntity
8
0
100
AcDbLine
10
-190.83223589012215
20
171.98409858539364
30
-5.5511151231257827e-16
11
-195.76007255194293
21
171.11518802539143
31
-5.5511151231257827e-16
0
LINE
5
159
100
AcDbEntity
8
0
100
AcDbLine
10
-16.429967663009649
20
211.67950927440413
30
0
11
-17.267993768430653
21
206.92682705840411
31
0
0
LINE
5
160
100
AcDbEntity
8
0
100
AcDbLine
10
-96.095004214838283
20
227.66106583104039
30
-2.7755575615628914e-16
11
-99.847121753820645
21
228.3226653879041
31
-2.7755575615628914e-16
0
ARC
5
161
100
AcDbEntity
8
0
100
AcDbCircle
10
-81.285738774711675
20
169.59920295565414
30
-2.7755575615628914e-16
40
0.25400000000000483
210
0
220
0
230
1
100
AcDbArc
50
-10.000000000581853
51
79.999999999888487
0
LINE
5
162
100
AcDbEntity
8
0
100
AcDbLine
10
-88.945758078011664
20
209.9326921004041
30
-2.7755575615628914e-16
11
-88.107731972590656
21
214.68537431640411
31
-2.7755575615628914e-16
0
LINE
5
163
100
AcDbEntity
8
0
100
AcDbLine
10
-81.035597605447009
20
169.55509631852419
30
-2.7755575615628914e-16
11
-81.741303799484655
21
165.55283761028414
31
-2.7755575615628914e-16
0
LINE
5
164
100
AcDbEntity
8
0
100
AcDbLine
10
-90.431548037050703
20
227.30724160134429
30
-2.7755575615628914e-16
11
-95.359384698862641
21
228.1761521614041
31
-2.7755575615628914e-16
0
LINE
5
165
100
AcDbEntity
8
0
100
AcDbLine
10
-80.966423663009664
20
174.70126627449415
30
-2.7755575615628914e-16
11
-81.804449768430658
21
169.94858405845409
31
-2.7755575615628914e-16
0
LINE
5
166
100
AcDbEntity
8
0
100
AcDbLine
10
-33.507731972590648
20
195.33537431649418
30
0
11
-34.070549603436646
21
195.43461425003414
31
0
0
LINE
5
167
100
AcDbEntity
8
0
100
AcDbLine
10
-73.006584135576034
20
195.3088620564244
30
-2.7755575615628914e-16
11
-72.300877941537024
21
199.31112076460212
31
-2.7755575615628914e-16
0
LINE
5
168
100
AcDbEntity
8
0
100
AcDbLine
10
-111.84444976842968
20
218.7585840584041
30
-2.7755575615628914e-16
11
-111.28163213757965
21
218.65934412490412
31
-2.7755575615628914e-16
0
LINE
5
169
100
AcDbEntity
8
0
100
AcDbLine
10
-35.908529709289326
20
186.47363879362342
30
0
11
-35.202823515249349
21
190.47589750186387
31
0
0
ARC
5
170
100
AcDbEntity
8
0
100
AcDbCircle
10
-128.59289896630969
20
207.52651241930408
30
-2.7755575615628914e-16
40
0.25400000000000467
210
0
220
0
230
1
100
AcDbArc
50
170.00000000587571
51
260.00000000301083
0
ARC
5
171
100
AcDbEntity
8
0
100
AcDbCircle
10
-195.81663062023966
20
171.36313367139411
30
-5.5511151231257827e-16
40
0.25399999999998923
210
0
220
0
230
1
100
AcDbArc
50
190.00000000077623
51
282.85145864963624
0
ARC
5
172
100
AcDbEntity
8
0
100
AcDbCircle
10
-196.52233681426966
20
175.3653923796341
30
-5.5511151231257827e-16
40
0.25400000000001416
210
0
220
0
230
1
100
AcDbArc
50
100.00000000039265
51
189.99999999816731
0
LINE
5
173
100
AcDbEntity
8
0
100
AcDbLine
10
-49.952207084165117
20
186.28828490396418
30
-2.7755575615628914e-16
11
-54.880043745980387
21
187.15719546396667
31
-2.7755575615628914e-16
0
LINE
5
174
100
AcDbEntity
8
0
100
AcDbLine
10
-162.50157584300692
20
179.28514188794637
30
-5.5511151231257827e-16
11
-167.42941250481974
21
178.4162313279441
31
-5.5511151231257827e-16
0
ARC
5
175
100
AcDbEntity
8
0
100
AcDbCircle
10
-180.94573810742969
20
173.98527324862411
30
-5.5511151231257827e-16
40
0.25400000000001416
210
0
220
0
230
1
100
AcDbArc
50
-79.999999999607354
51
9.9999999992279527
0
LINE
5
176
100
AcDbEntity
8
0
100
AcDbLine
10
-39.777993768430655
20
189.13682705845412
30
-2.7755575615628914e-16
11
-39.215176137583761
21
189.03758712491913
31
-2.7755575615628914e-16
0
ARC
5
177
100
AcDbEntity
8
0
100
AcDbCircle
10
-181.63893724299967
20
177.98973728871414
30
-5.5511151231257827e-16
40
0.2539999999999954
210
0
220
-0
230
1
100
AcDbArc
50
10.000000000778483
51
100.00000000038112
0
ARC
5
178
100
AcDbEntity
8
0
100
AcDbCircle
10
-74.388388540023684
20
186.00953215649409
30
-2.7755575615628914e-16
40
0.25399999999999245
210
0
220
0
230
1
100
AcDbArc
50
169.99999999942284
51
262.85145864994456
0
LINE
5
179
100
AcDbEntity
8
0
100
AcDbLine
10
-109.74418797258969
20
201.56713131640407
30
-2.7755575615628914e-16
11
-110.30700560342966
21
201.66637125000409
31
-2.7755575615628914e-16
0
ARC
5
180
100
AcDbEntity
8
0
100
AcDbCircle
10
-73.682682345984674
20
190.01179086473411
30
-2.7755575615628914e-16
40
0.25400000000001277
210
0
220
-0
230
1
100
AcDbArc
50
79.999999999883499
51
169.99999999946414
0
ARC
5
181
100
AcDbEntity
8
0
100
AcDbCircle
10
-106.24468571379965
20
224.67656579560412
30
-2.7755575615628914e-16
40
0.25399999999998951
210
0
220
-0
230
1
100
AcDbArc
50
80.000000003010797
51
169.99999999697587
0
ARC
5
182
100
AcDbEntity
8
0
100
AcDbCircle
10
-188.88063046998974
20
186.51372904470409
30
-5.5511151231257827e-16
40
0.63500000000000179
210
0
220
-0
230
1
100
AcDbArc
50
10.000000000179474
51
100.00000000001806
0
ARC
5
183
100
AcDbEntity
8
0
100
AcDbCircle
10
-122.2774451189897
20
210.79753962070413
30
-2.7755575615628914e-16
40
0.63499999999996226
210
0
220
-0
230
1
100
AcDbArc
50
79.99999999888189
51
170.00000000160307
0
LINE
5
184
100
AcDbEntity
8
0
100
AcDbLine
10
-109.5006347039719
20
206.16671677346559
30
-2.7755575615628914e-16
11
-104.57279804214966
21
205.29780621350412
31
-2.7755575615628914e-16
0
LINE
5
185
100
AcDbEntity
8
0
100
AcDbLine
10
-20.013518656869827
20
216.95391647090668
30
0
11
-15.085737622333646
21
216.08501571950413
31
0
0
ARC
5
186
100
AcDbEntity
8
0
100
AcDbCircle
10
-72.756442966309649
20
195.26475541930409
30
-2.7755575615628914e-16
40
0.254
210
0
220
0
230
1
100
AcDbArc
50
170.00000000162586
51
260.00000000026978
0
LINE
5
187
100
AcDbEntity
8
0
100
AcDbLine
10
-34.345758078011656
20
190.5826921004641
30
0
11
-33.507731972590648
21
195.33537431649418
31
0
0
LINE
5
188
100
AcDbEntity
8
0
100
AcDbLine
10
-167.94449883515924
20
177.68061181196171
30
-5.5511151231257827e-16
11
-171.69661637413969
21
177.01901225505409
31
-5.5511151231257827e-16
0
ARC
5
189
100
AcDbEntity
8
0
100
AcDbCircle
10
-199.3057381074297
20
168.24527324862413
30
-5.5511151231257827e-16
40
0.25400000000001416
210
0
220
0
230
1
100
AcDbArc
50
-79.999999999602167
51
9.9999999992216164
0
LINE
5
190
100
AcDbEntity
8
0
100
AcDbLine
10
-38.939967663009647
20
193.88950927449412
30
-2.7755575615628914e-16
11
-39.777993768430655
21
189.13682705845412
31
-2.7755575615628914e-16
0
LINE
5
191
100
AcDbEntity
8
0
100
AcDbLine
10
-184.2116314703006
20
192.50513207935924
30
-5.5511151231257827e-16
11
-189.13941250481969
21
191.6362313279441
31
-5.5511151231257827e-16
0
LINE
5
192
100
AcDbEntity
8
0
100
AcDbLine
10
-180.90163147030057
20
173.73513207935929
30
-5.5511151231257827e-16
11
-185.82941250481969
21
172.86623132794415
31
-5.5511151231257827e-16
0
LINE
5
193
100
AcDbEntity
8
0
100
AcDbLine
10
-34.908575708856766
20
190.68193203399915
30
0
11
-34.345758078011656
21
190.5826921004641
31
0
0
ARC
5
194
100
AcDbEntity
8
0
100
AcDbCircle
10
-190.20688296695968
20
172.09436517821413
30
-5.5511151231257827e-16
40
0.63500000000000179
210
0
220
0
230
1
100
AcDbArc
50
190.00000000018156
51
280.00000000017741
0
ARC
5
195
100
AcDbEntity
8
0
100
AcDbCircle
10
-189.76476542797971
20
191.52596473512409
30
-5.5511151231257827e-16
40
0.63499999999999568
210
0
220
0
230
1
100
AcDbArc
50
-79.999999999824652
51
10.000000000176946
0
LINE
5
196
100
AcDbEntity
8
0
100
AcDbLine
10
-14.867196031721512
20
215.78856258130415
30
0
11
-15.572902225770648
21
211.78630387300413
31
0
0
LINE
5
197
100
AcDbEntity
8
0
100
AcDbLine
10
-39.009141605446999
20
188.74333931852419
30
-2.7755575615628914e-16
11
-39.714847799485
21
184.74108061028414
31
-2.7755575615628914e-16
0
ARC
5
198
100
AcDbEntity
8
0
100
AcDbCircle
10
-184.94893724299968
20
196.75973728871412
30
-5.5511151231257827e-16
40
0.25399999999998923
210
0
220
-0
230
1
100
AcDbArc
50
10.000000000771085
51
100.00000000038743
0
LINE
5
199
100
AcDbEntity
8
0
100
AcDbLine
10
-90.508529709282683
20
205.82363879360105
30
-2.7755575615628914e-16
11
-89.80282351525068
21
209.82589750180409
31
-2.7755575615628914e-16
0
LINE
5
200
100
AcDbEntity
8
0
100
AcDbLine
10
-85.362207084168546
20
204.65828490390481
30
-2.7755575615628914e-16
11
-90.28998811868766
21
205.52718565530412
31
-2.7755575615628914e-16
0
ARC
5
201
100
AcDbEntity
8
0
100
AcDbCircle
10
-104.55268334597967
20
234.18179086470411
30
-2.7755575615628914e-16
40
0.25400000000002276
210
0
220
-0
230
1
100
AcDbArc
50
79.999999996877463
51
170.00000000628685
0
LINE
5
202
100
AcDbEntity
8
0
100
AcDbLine
10
-150.60677469482962
20
239.3281445988041
30
-5.5511151231257827e-16
11
-155.6106311802634
21
239.3281445988041
31
-5.5511151231257827e-16
0
LINE
5
203
100
AcDbEntity
8
0
100
AcDbLine
10
-264.32951707373007
20
209.36773392580577
30
-8.3266726846886741e-16
11
-263.62381087969942
21
205.36547521760215
31
-8.3266726846886741e-16
0
LINE
5
204
100
AcDbEntity
8
0
100
AcDbLine
10
-111.07559760543973
20
218.36509631850416
30
-2.7755575615628914e-16
11
-111.78130379947966
21
214.36283761020408
31
-2.7755575615628914e-16
0
LINE
5
205
100
AcDbEntity
8
0
100
AcDbLine
10
-214.4030146017987
20
199.51748241095501
30
-5.5511151231257827e-16
11
-210.65089706280972
21
200.17908196780411
31
-5.5511151231257827e-16
0
ARC
5
206
100
AcDbEntity
8
0
100
AcDbCircle
10
-260.27233681426969
20
207.62539237960411
30
-8.3266726846886741e-16
40
0.25400000000000045
210
0
220
0
230
1
100
AcDbArc
50
99.999999999221643
51
189.99999999373205
0
ARC
5
207
100
AcDbEntity
8
0
100
AcDbCircle
10
-64.983394694829684
20
260.87707459880414
30
-2.7755575615628914e-16
40
39.374226820082029
210
0
220
0
230
1
100
AcDbArc
50
252.49159057943237
51
264.80565145607426
0
ARC
5
208
100
AcDbEntity
8
0
100
AcDbCircle
10
-259.5541235617697
20
203.62533900320412
30
-8.3266726846886741e-16
40
0.2539999999999899
210
0
220
0
230
1
100
AcDbArc
50
190.00000000303723
51
279.99999999699548
0
ARC
5
209
100
AcDbEntity
8
0
100
AcDbCircle
10
-113.70949939502964
20
204.90216751020412
30
-2.7755575615628914e-16
40
0.25399999999999434
210
0
220
0
230
1
100
AcDbArc
50
260.00000000079098
51
349.99999998367616
0
LINE
5
210
100
AcDbEntity
8
0
100
AcDbLine
10
-181.38879607373519
20
178.03384392584493
30
-5.5511151231257827e-16
11
-180.68308987969971
21
174.03158521760457
31
-5.5511151231257827e-16
0
LINE
5
211
100
AcDbEntity
8
0
100
AcDbLine
10
-184.69879607373517
20
196.80384392584489
30
-5.5511151231257827e-16
11
-183.99308987969974
21
192.80158521760455
31
-5.5511151231257827e-16
0
LINE
5
212
100
AcDbEntity
8
0
100
AcDbLine
10
-94.423652031727869
20
203.2503195813033
30
-2.7755575615628914e-16
11
-95.129358225770659
21
199.24806087300411
31
-2.7755575615628914e-16
0
ARC
5
213
100
AcDbEntity
8
0
100
AcDbCircle
10
-108.75749602720965
20
233.16739257920409
30
-2.7755575615628914e-16
40
0.25400000000002587
210
0
220
0
230
1
100
AcDbArc
50
259.99999999687208
51
349.99999999698389
0
LINE
5
214
100
AcDbEntity
8
0
100
AcDbLine
10
-196.56644345139878
20
175.61553354889892
30
-5.5511151231257827e-16
11
-196.00362582055971
21
175.71477348244412
31
-5.5511151231257827e-16
0
ARC
5
215
100
AcDbEntity
8
0
100
AcDbCircle
10
-219.10857619394972
20
193.65835693420411
30
-5.5511151231257827e-16
40
0.2539999999999954
210
0
220
0
230
1
100
AcDbArc
50
190.00000000077847
51
280.00000000078478
0
ARC
5
216
100
AcDbEntity
8
0
100
AcDbCircle
10
-253.95688296695968
20
204.35436517820409
30
-8.3266726846886741e-16
40
0.6349999999999929
210
0
220
0
230
1
100
AcDbArc
50
190.00000000728124
51
279.99999999954758
0
LINE
5
217
100
AcDbEntity
8
0
100
AcDbLine
10
-93.524449768430628
20
213.14858405840411
30
-2.7755575615628914e-16
11
-92.961632137584644
21
213.04934412490411
31
-2.7755575615628914e-16
0
LINE
5
218
100
AcDbEntity
8
0
100
AcDbLine
10
-53.535758078011646
20
191.56269210046412
30
-2.7755575615628914e-16
11
-52.697731972590667
21
196.31537431649411
31
-2.7755575615628914e-16
0
ARC
5
219
100
AcDbEntity
8
0
100
AcDbCircle
10
-113.00379320098969
20
208.9044262184041
30
-2.7755575615628914e-16
40
0.25399999999999234
210
0
220
0
230
1
100
AcDbArc
50
-9.9999999940990172
51
82.851458650965611
0
ARC
5
220
100
AcDbEntity
8
0
100
AcDbCircle
10
-219.81428238798969
20
197.6606156424441
30
-5.5511151231257827e-16
40
0.25400000000001577
210
0
220
0
230
1
100
AcDbArc
50
97.148541348038776
51
190.00000000078259
0
LINE
5
221
100
AcDbEntity
8
0
100
AcDbLine
10
-108.84498570927221
20
211.46539579360282
30
-2.7755575615628914e-16
11
-108.13927951524958
21
215.46765450180405
31
-2.7755575615628914e-16
0
ARC
5
222
100
AcDbEntity
8
0
100
AcDbCircle
10
-112.0314449687497
20
214.40694424740414
30
-2.7755575615628914e-16
40
0.25399999999997797
210
0
220
0
230
1
100
AcDbArc
50
257.14854135218502
51
349.99999998405247
0
LINE
5
223
100
AcDbEntity
8
0
100
AcDbLine
10
-182.24586151096969
20
178.14063852444409
30
-5.5511151231257827e-16
11
-181.68304388012874
21
178.23987845797893
31
-5.5511151231257827e-16
0
LINE
5
224
100
AcDbEntity
8
0
100
AcDbLine
10
-272.33362582055969
20
169.45477448244412
30
-8.3266726846886741e-16
11
-273.17165192597975
21
174.20745669847403
31
-8.3266726846886741e-16
0
LINE
5
225
100
AcDbEntity
8
0
100
AcDbLine
10
-63.010723526165968
20
217.95113554386489
30
-2.7755575615628914e-16
11
-59.258605987200653
21
217.2895359869041
31
-2.7755575615628914e-16
0
LINE
5
226
100
AcDbEntity
8
0
100
AcDbLine
10
-183.02074164744846
20
187.28906718865485
30
-5.5511151231257827e-16
11
-182.31503545340968
21
183.28680848041412
31
-5.5511151231257827e-16
0
ARC
5
227
100
AcDbEntity
8
0
100
AcDbCircle
10
-199.99893724299969
20
172.24973728871413
30
-5.5511151231257827e-16
40
0.2539999999999954
210
0
220
-0
230
1
100
AcDbArc
50
10.000000000776248
51
100.00000000038575
0
LINE
5
228
100
AcDbEntity
8
0
100
AcDbLine
10
-111.00642366300967
20
223.51126627440411
30
-2.7755575615628914e-16
11
-111.84444976842968
21
218.7585840584041
31
-2.7755575615628914e-16
0
LINE
5
229
100
AcDbEntity
8
0
100
AcDbLine
10
-17.267993768430653
20
206.92682705840411
30
0
11
-16.705176137584658
21
206.82758712490411
31
0
0
LINE
5
230
100
AcDbEntity
8
0
100
AcDbLine
10
-15.86715003215769
20
211.58026934093789
30
0
11
-16.429967663009649
21
211.67950927440413
31
0
0
LINE
5
231
100
AcDbEntity
8
0
100
AcDbLine
10
-218.22644345139875
20
188.65553354889892
30
-5.5511151231257827e-16
11
-217.66362582055973
21
188.75477348244408
31
-5.5511151231257827e-16
0
LINE
5
232
100
AcDbEntity
8
0
100
AcDbLine
10
-125.53304013557933
20
226.33061905640577
30
-2.7755575615628914e-16
11
-124.82733394153001
21
230.33287776460216
31
-2.7755575615628914e-16
0
LINE
5
233
100
AcDbEntity
8
0
100
AcDbLine
10
-274.51588196665045
20
178.61296314356861
30
-8.3266726846886741e-16
11
-269.58810093212969
21
179.48186389497411
31
-8.3266726846886741e-16
0
ARC
5
234
100
AcDbEntity
8
0
100
AcDbCircle
10
-132.83268234597966
20
183.48179086473408
30
-2.7755575615628914e-16
40
0.25399999999999234
210
0
220
-0
230
1
100
AcDbArc
50
79.999999999228933
51
169.99999999960625
0
LINE
5
235
100
AcDbEntity
8
0
100
AcDbLine
10
-218.5016519259797
20
193.50745569847408
30
-5.5511151231257827e-16
11
-219.06446955681889
21
193.40821576493963
31
-5.5511151231257827e-16
0
ARC
5
236
100
AcDbEntity
8
0
100
AcDbCircle
10
-264.5796582429997
20
209.32362728870413
30
-8.3266726846886741e-16
40
0.25400000000000983
210
0
220
-0
230
1
100
AcDbArc
50
9.9999999940990101
51
100.00000000314056
0
LINE
5
237
100
AcDbEntity
8
0
100
AcDbLine
10
-249.88301460179017
20
181.1574824109565
30
-8.3266726846886741e-16
11
-246.13089706280974
21
181.81908196787413
31
-8.3266726846886741e-16
0
LINE
5
238
100
AcDbEntity
8
0
100
AcDbLine
10
-204.83588196666076
20
222.35296314356685
30
-5.5511151231257827e-16
11
-199.90810093212968
21
223.22186389490412
31
-5.5511151231257827e-16
0
LINE
5
239
100
AcDbEntity
8
0
100
AcDbLine
10
-272.8964434513988
20
169.35553454889887
30
-8.3266726846886741e-16
11
-272.33362582055969
21
169.45477448244412
31
-8.3266726846886741e-16
0
LINE
5
240
100
AcDbEntity
8
0
100
AcDbLine
10
-241.86871736320228
20
211.43425129700546
30
-8.3266726846886741e-16
11
-242.57442355725004
21
215.43651000530602
31
-8.3266726846886741e-16
0
ARC
5
241
100
AcDbEntity
8
0
100
AcDbCircle
10
-124.26473662201971
20
177.58641875423407
30
-2.7755575615628914e-16
40
0.63499999999997947
210
0
220
0
230
1
100
AcDbArc
50
259.99999999998107
51
349.99999999982765
0
LINE
5
242
100
AcDbEntity
8
0
100
AcDbLine
10
-209.91527754682386
20
199.66399563750514
30
-5.5511151231257827e-16
11
-204.98749651230969
21
200.53289638890408
31
-5.5511151231257827e-16
0
LINE
5
243
100
AcDbEntity
8
0
100
AcDbLine
10
-274.02871736321413
20
174.31425129707333
30
-8.3266726846886741e-16
11
-274.73442355724984
21
178.31651000531477
31
-8.3266726846886741e-16
0
ARC
5
244
100
AcDbEntity
8
0
100
AcDbCircle
10
-131.90644296630967
20
188.73475541930412
30
-2.7755575615628914e-16
40
0.25399999999999578
210
0
220
0
230
1
100
AcDbArc
50
170.00000000146136
51
260.00000000183979
0
LINE
5
245
100
AcDbEntity
8
0
100
AcDbLine
10
-149.97177469482966
20
253.93314459880412
30
-5.5511151231257827e-16
11
-146.16177469482966
21
253.93314459880412
31
-5.5511151231257827e-16
0
LINE
5
246
100
AcDbEntity
8
0
100
AcDbLine
10
-68.674124076686638
20
218.30494996487039
30
-2.7755575615628914e-16
11
-63.746343042157676
21
217.43604921350411
31
-2.7755575615628914e-16
0
LINE
5
247
100
AcDbEntity
8
0
100
AcDbLine
10
-273.17165192597975
20
174.20745669847403
30
-8.3266726846886741e-16
11
-273.73446955681976
21
174.10821676494407
31
-8.3266726846886741e-16
0
LINE
5
248
100
AcDbEntity
8
0
100
AcDbLine
10
-45.685003214843398
20
184.89106583107122
30
-2.7755575615628914e-16
11
-49.437120753820665
21
185.55266538798409
31
-2.7755575615628914e-16
0
LINE
5
249
100
AcDbEntity
8
0
100
AcDbLine
10
-30.762207084165127
20
185.30828490396416
30
0
11
-35.689988118687651
21
186.17718565537413
31
0
0
ARC
5
250
100
AcDbEntity
8
0
100
AcDbCircle
10
-106.96289896630969
20
220.67651241930409
30
-2.7755575615628914e-16
40
0.2539999999999985
210
0
220
0
230
1
100
AcDbArc
50
170.00000000587406
51
260.00000000301083
0
LINE
5
251
100
AcDbEntity
8
0
100
AcDbLine
10
-110.4436060321536
20
223.41202634093844
30
-2.7755575615628914e-16
11
-111.00642366300967
21
223.51126627440411
31
-2.7755575615628914e-16
0
LINE
5
252
100
AcDbEntity
8
0
100
AcDbLine
10
-185.55586151096972
20
196.91063852444412
30
-5.5511151231257827e-16
11
-184.99304388012877
21
197.00987845797891
31
-5.5511151231257827e-16
0
LINE
5
253
100
AcDbEntity
8
0
100
AcDbLine
10
-128.6422070841621
20
178.35828490396455
30
-2.7755575615628914e-16
11
-133.57004374597236
21
179.22719546396667
31
-2.7755575615628914e-16
0
ARC
5
254
100
AcDbEntity
8
0
100
AcDbCircle
10
-133.5383885400197
20
179.47953215649414
30
-2.7755575615628914e-16
40
0.25399999999998923
210
0
220
0
230
1
100
AcDbArc
50
169.99999999922892
51
262.85145865083678
0
ARC
5
255
100
AcDbEntity
8
0
100
AcDbCircle
10
-204.81476542797969
20
167.0159647351241
30
-5.5511151231257827e-16
40
0.63499999999999568
210
0
220
0
230
1
100
AcDbArc
50
-79.99999999982505
51
10.000000000174419
0
LINE
5
256
100
AcDbEntity
8
0
100
AcDbLine
10
-124.37500321483842
20
176.96106583107138
30
-2.7755575615628914e-16
11
-128.1271207538197
21
177.62266538798411
31
-2.7755575615628914e-16
0
ARC
5
257
100
AcDbEntity
8
0
100
AcDbCircle
10
-263.88645910742969
20
205.31916324860416
30
-8.3266726846886741e-16
40
0.25400000000001699
210
0
220
0
230
1
100
AcDbArc
50
-80.000000000804775
51
10.000000003022423
0
LINE
5
258
100
AcDbEntity
8
0
100
AcDbLine
10
-199.39301460178328
20
223.95748341086772
30
-5.5511151231257827e-16
11
-195.64089706280967
21
224.6190829678041
31
-5.5511151231257827e-16
0
ARC
5
259
100
AcDbEntity
8
0
100
AcDbCircle
10
-226.73517662267969
20
214.10270284320407
30
-5.5511151231257827e-16
40
0.25400000000002892
210
0
220
0
230
1
100
AcDbArc
50
-79.999999996866876
51
10.000000015924932
0
ARC
5
260
100
AcDbEntity
8
0
100
AcDbCircle
10
-261.29965824299978
20
190.50362728871414
30
-8.3266726846886741e-16
40
0.25399999999998923
210
0
220
-0
230
1
100
AcDbArc
50
10.000000000771085
51
100.00000000036849
0
LINE
5
261
100
AcDbEntity
8
0
100
AcDbLine
10
-239.66106998554889
20
177.67256067401959
30
-5.5511151231257827e-16
11
-240.22388761639971
21
177.57332074048404
31
-5.5511151231257827e-16
0
ARC
5
262
100
AcDbEntity
8
0
100
AcDbCircle
10
-268.9627480089697
20
179.59213048779407
30
-8.3266726846886741e-16
40
0.63500000000000179
210
0
220
0
230
1
100
AcDbArc
50
100.0000000001825
51
190.00000000017232
0
ARC
5
263
100
AcDbEntity
8
0
100
AcDbCircle
10
-80.359499395036664
20
174.85216751022406
30
-2.7755575615628914e-16
40
0.25399999999999501
210
0
220
0
230
1
100
AcDbArc
50
260.00000000027757
51
349.99999999947687
0
ARC
5
264
100
AcDbEntity
8
0
100
AcDbCircle
10
-262.94411087517977
20
199.75664521960411
30
-8.3266726846886741e-16
40
0.25400000000000639
210
0
220
-0
230
1
100
AcDbArc
50
10.000000003009784
51
99.999999999195268
0
LINE
5
265
100
AcDbEntity
8
0
100
AcDbLine
10
-118.85717852615898
20
230.18289254386474
30
-2.7755575615628914e-16
11
-115.10506098719965
21
229.52129298690411
31
-2.7755575615628914e-16
0
LINE
5
266
100
AcDbEntity
8
0
100
AcDbLine
10
-196.33449883516616
20
228.39061181194046
30
-5.5511151231257827e-16
11
-200.08661637413968
21
227.72901225500414
31
-5.5511151231257827e-16
0
ARC
5
267
100
AcDbEntity
8
0
100
AcDbCircle
10
-178.12233681426972
20
180.91539237963411
30
-5.5511151231257827e-16
40
0.25399999999997303
210
0
220
0
230
1
100
AcDbArc
50
100.00000000038224
51
189.99999999817501
0
LINE
5
268
100
AcDbEntity
8
0
100
AcDbLine
10
-240.16074164744521
20
181.96906718865489
30
-5.5511151231257827e-16
11
-239.45503545340969
21
177.96680848041407
31
-5.5511151231257827e-16
0
ARC
5
269
100
AcDbEntity
8
0
100
AcDbCircle
10
-230.88314469482967
20
260.87707459880403
30
-8.3266726846886741e-16
40
39.37422750533397
210
0
220
0
230
1
100
AcDbArc
50
275.19434208813243
51
287.50840942051047
0
ARC
5
270
100
AcDbEntity
8
0
100
AcDbCircle
10
-218.18233681426972
20
188.40539237963409
30
-5.5511151231257827e-16
40
0.25400000000001416
210
0
220
0
230
1
100
AcDbArc
50
100.0000000003737
51
189.99999999816131
0
ARC
5
271
100
AcDbEntity
8
0
100
AcDbCircle
10
-128.01685416099969
20
178.24801831114414
30
-2.7755575615628914e-16
40
0.63499999999999568
210
0
220
0
230
1
100
AcDbArc
50
169.99999999982512
51
259.99999999982305
0
LINE
5
272
100
AcDbEntity
8
0
100
AcDbLine
10
-263.8423524703058
20
205.06902207933842
30
-8.3266726846886741e-16
11
-268.77013350481968
21
204.20012132790413
31
-8.3266726846886741e-16
0
ARC
5
273
100
AcDbEntity
8
0
100
AcDbCircle
10
-213.84063046998972
20
218.2837300447041
30
-5.5511151231257827e-16
40
0.63499999999999213
210
0
220
-0
230
1
100
AcDbArc
50
9.9999999984016057
51
100.00000000111974
0
ARC
5
274
100
AcDbEntity
8
0
100
AcDbCircle
10
-84.264736622025666
20
185.07641875423411
30
-2.7755575615628914e-16
40
0.63500000000001666
210
0
220
0
230
1
100
AcDbArc
50
260.00000000007299
51
349.99999999986977
0
LINE
5
275
100
AcDbEntity
8
0
100
AcDbLine
10
-217.66362582055973
20
188.75477348244408
30
-5.5511151231257827e-16
11
-218.5016519259797
21
193.50745569847408
31
-5.5511151231257827e-16
0
LINE
5
276
100
AcDbEntity
8
0
100
AcDbLine
10
-182.64871736320217
20
204.85425029700539
30
-5.5511151231257827e-16
11
-183.35442355725004
21
208.85650900530604
31
-5.5511151231257827e-16
0
ARC
5
277
100
AcDbEntity
8
0
100
AcDbCircle
10
-77.023043395036694
20
193.60041051022407
30
-2.7755575615628914e-16
40
0.2539999999999904
210
0
220
0
230
1
100
AcDbArc
50
260.000000000287
51
349.99999999947107
0
LINE
5
278
100
AcDbEntity
8
0
100
AcDbLine
10
-146.16177469482966
20
238.69314459880414
30
-5.5511151231257827e-16
11
-149.97177469482966
21
238.69314459880403
31
-5.5511151231257827e-16
0
LINE
5
279
100
AcDbEntity
8
0
100
AcDbLine
10
-177.66677178949959
20
176.86902703426486
30
-5.5511151231257827e-16
11
-178.37247798353619
21
180.87128574251469
31
-5.5511151231257827e-16
0
ARC
5
280
100
AcDbEntity
8
0
100
AcDbCircle
10
-118.52532758000969
20
210.13594006380413
30
-2.7755575615628914e-16
40
0.6349999999999929
210
0
220
0
230
1
100
AcDbArc
50
-10.00000000728585
51
79.999999999772328
0
LINE
5
281
100
AcDbEntity
8
0
100
AcDbLine
10
-131.38773197258968
20
188.38537431649411
30
-2.7755575615628914e-16
11
-131.95054960342904
21
188.48461425003759
31
-2.7755575615628914e-16
0
ARC
5
282
100
AcDbEntity
8
0
100
AcDbCircle
10
-256.25663062023966
20
184.82313367139409
30
-8.3266726846886741e-16
40
0.25399999999998923
210
0
220
0
230
1
100
AcDbArc
50
190.00000000077108
51
282.85145864963482
0
ARC
5
283
100
AcDbEntity
8
0
100
AcDbCircle
10
-61.794737622025657
20
202.90641875420417
30
-2.7755575615628914e-16
40
0.63500000000004098
210
0
220
0
230
1
100
AcDbArc
50
260.00000000053996
51
350.00000000164351
0
LINE
5
284
100
AcDbEntity
8
0
100
AcDbLine
10
-40.021547037047398
20
184.53724160141232
30
-2.7755575615628914e-16
11
-44.949383698862661
21
185.40615216141413
31
-2.7755575615628914e-16
0
LINE
5
285
100
AcDbEntity
8
0
100
AcDbLine
10
-124.52057907668541
20
230.5367069648716
30
-2.7755575615628914e-16
11
-119.59279804214965
21
229.66780621350409
31
-2.7755575615628914e-16
0
LINE
5
286
100
AcDbEntity
8
0
100
AcDbLine
10
-37.37719603173219
20
197.9985625813336
30
-2.7755575615628914e-16
11
-38.082902225770653
21
193.99630387309412
31
-2.7755575615628914e-16
0
ARC
5
287
100
AcDbEntity
8
0
100
AcDbCircle
10
-256.96233681426969
20
188.82539237963411
30
-8.3266726846886741e-16
40
0.25400000000001416
210
0
220
0
230
1
100
AcDbArc
50
100.00000000039265
51
189.99999999815907
0
LINE
5
288
100
AcDbEntity
8
0
100
AcDbLine
10
-181.79165192597969
20
204.74745569840408
30
-5.5511151231257827e-16
11
-182.35446955681968
21
204.64821576490411
31
-5.5511151231257827e-16
0
LINE
5
289
100
AcDbEntity
8
0
100
AcDbLine
10
-35.59996766300965
20
212.65950927440414
30
-2.7755575615628914e-16
11
-36.437993768430651
21
207.9068270584041
31
-2.7755575615628914e-16
0
LINE
5
290
100
AcDbEntity
8
0
100
AcDbLine
10
-31.025758078011659
20
209.35269210040417
30
0
11
-30.187731972590651
21
214.10537431640415
31
0
0
ARC
5
291
100
AcDbEntity
8
0
100
AcDbCircle
10
-210.54063046998974
20
199.55372904470408
30
-5.5511151231257827e-16
40
0.63499999999999213
210
0
220
-0
230
1
100
AcDbArc
50
9.9999999984007264
51
100.00000000111451
0
LINE
5
292
100
AcDbEntity
8
0
100
AcDbLine
10
-69.670723526176218
20
180.34113554388668
30
-2.7755575615628914e-16
11
-65.918605987200664
21
179.67953598697414
31
-2.7755575615628914e-16
0
LINE
5
293
100
AcDbEntity
8
0
100
AcDbLine
10
-56.241603664351814
20
201.92725140994094
30
-2.7755575615628914e-16
11
-61.169384698859695
21
202.7961521614036
31
-2.7755575615628914e-16
0
LINE
5
294
100
AcDbEntity
8
0
100
AcDbLine
10
-222.94672905770798
20
160.15791216362047
30
-5.5511151231257827e-16
11
-208.72343166884676
21
161.99317634282838
31
-8.8817841970012507e-15
0
ARC
5
295
100
AcDbEntity
8
0
100
AcDbCircle
10
-63.120990118995657
20
217.32578262070408
30
-2.7755575615628914e-16
40
0.6349999999999979
210
0
220
-0
230
1
100
AcDbArc
50
79.999999998975568
51
170.00000000162976
0
ARC
5
296
100
AcDbEntity
8
0
100
AcDbCircle
10
-274.47177532951974
20
178.3628219743041
30
-8.3266726846886741e-16
40
0.25399999999998923
210
0
220
0
230
1
100
AcDbArc
50
100.00000000075845
51
190.00000000114841
0
LINE
5
297
100
AcDbEntity
8
0
100
AcDbLine
10
-265.18658251096969
20
209.47452852440409
30
-8.3266726846886741e-16
11
-264.62376488014081
21
209.57376845796682
31
-8.3266726846886741e-16
0
ARC
5
298
100
AcDbEntity
8
0
100
AcDbCircle
10
-133.34409027083422
20
178.73178221253309
30
-2.7755575615628914e-16
40
4.0000000000000764
210
0
220
0
230
1
100
AcDbArc
50
170.00000000005014
51
260.00000000004803
0
LINE
5
299
100
AcDbEntity
8
0
100
AcDbLine
10
-202.56157584300689
20
186.77514188794643
30
-5.5511151231257827e-16
11
-207.48941250481971
21
185.90623132794411
31
-5.5511151231257827e-16
0
LINE
5
300
100
AcDbEntity
8
0
100
AcDbLine
10
-200.8222358901084
20
228.24409858530612
30
-5.5511151231257827e-16
11
-205.7500725519412
21
227.3751880253117
31
-5.5511151231257827e-16
0
ARC
5
301
100
AcDbEntity
8
0
100
AcDbCircle
10
-262.22589762267972
20
195.75659184328413
30
-8.3266726846886741e-16
40
0.2539999999999954
210
0
220
0
230
1
100
AcDbArc
50
-79.999999999216314
51
10.000000000387399
0
ARC
5
302
100
AcDbEntity
8
0
100
AcDbCircle
10
-126.20913834597971
20
221.03354786470416
30
-2.7755575615628914e-16
40
0.2539999999999909
210
0
220
-0
230
1
100
AcDbArc
50
79.999999996870969
51
170.00000000629205
0
ARC
5
303
100
AcDbEntity
8
0
100
AcDbCircle
10
-177.5827480089697
20
210.13212948770411
30
-5.5511151231257827e-16
40
0.63500000000000068
210
0
220
0
230
1
100
AcDbArc
50
99.999999999550099
51
189.99999999839906
0
ARC
5
304
100
AcDbEntity
8
0
100
AcDbCircle
10
-183.09177532951969
20
208.90282097430412
30
-5.5511151231257827e-16
40
0.25400000000002276
210
0
220
0
230
1
100
AcDbArc
50
100.00000000312681
51
190.00000000302239
0
ARC
5
305
100
AcDbEntity
8
0
100
AcDbCircle
10
-129.16304439502969
20
226.99041051020413
30
-2.7755575615628914e-16
40
0.25399999999999739
210
0
220
0
230
1
100
AcDbArc
50
260.00000000078467
51
349.99999998368287
0
ARC
5
306
100
AcDbEntity
8
0
100
AcDbCircle
10
-77.949282774711662
20
188.34744595565411
30
-2.7755575615628914e-16
40
0.25400000000000483
210
0
220
0
230
1
100
AcDbArc
50
-10.000000000588722
51
79.999999999886654
0
ARC
5
307
100
AcDbEntity
8
0
100
AcDbCircle
10
-59.36887258001866
20
216.6641830638041
30
-2.7755575615628914e-16
40
0.63500000000000278
210
0
220
0
230
1
100
AcDbArc
50
-10.000000007234352
51
79.999999999060577
0
LINE
5
308
100
AcDbEntity
8
0
100
AcDbLine
10
-269.07301460179019
20
180.21748341095648
30
-8.3266726846886741e-16
11
-265.32089706280976
21
180.87908296787413
31
-8.3266726846886741e-16
0
ARC
5
309
100
AcDbEntity
8
0
100
AcDbCircle
10
-272.85233681426968
20
169.10539337963402
30
-8.3266726846886741e-16
40
0.25400000000001416
210
0
220
0
230
1
100
AcDbArc
50
100.00000000039154
51
189.99999999814648
0
ARC
5
310
100
AcDbEntity
8
0
100
AcDbCircle
10
-227.44088281670969
20
218.10496155150412
30
-5.5511151231257827e-16
40
0.25400000000000983
210
0
220
-0
230
1
100
AcDbArc
50
9.9999999941042113
51
102.85145865258963
0
LINE
5
311
100
AcDbEntity
8
0
100
AcDbLine
10
-214.42677178949958
20
165.5790270342649
30
-5.5511151231257827e-16
11
-215.13247798353973
21
169.58128574251413
31
-5.5511151231257827e-16
0
LINE
5
312
100
AcDbEntity
8
0
100
AcDbLine
10
-245.39527754682729
20
181.30399563752445
30
-8.3266726846886741e-16
11
-240.46744088501612
21
182.17290619752686
31
-5.5511151231257827e-16
0
LINE
5
313
100
AcDbEntity
8
0
100
AcDbLine
10
-172.43223589012214
20
177.53409858539368
30
-5.5511151231257827e-16
11
-177.36001692465032
21
176.66519783398755
31
-5.5511151231257827e-16
0
ARC
5
314
100
AcDbEntity
8
0
100
AcDbCircle
10
-223.1142823879897
20
216.39061664240413
30
-5.5511151231257827e-16
40
0.25399999999998907
210
0
220
0
230
1
100
AcDbArc
50
97.148541350314687
51
189.99999999411162
0
LINE
5
315
100
AcDbEntity
8
0
100
AcDbLine
10
-65.403519656856147
20
178.94391647099414
30
-2.7755575615628914e-16
11
-60.475738622333651
21
178.07501571958412
31
-2.7755575615628914e-16
0
ARC
5
316
100
AcDbEntity
8
0
100
AcDbCircle
10
-238.94314626148361
20
284.13014549290688
30
-8.3266726846886741e-16
40
125.00000000003313
210
0
220
0
230
1
100
AcDbArc
50
270.0000000000004
51
277.35237935989085
0
LINE
5
317
100
AcDbEntity
8
0
100
AcDbLine
10
-215.20165192597972
20
174.72745569847407
30
-5.5511151231257827e-16
11
-215.76446955681971
21
174.62821576494409
31
-5.5511151231257827e-16
0
ARC
5
318
100
AcDbEntity
8
0
100
AcDbCircle
10
-81.991444968749661
20
165.59694424741409
30
-2.7755575615628914e-16
40
0.25399999999998707
210
0
220
0
230
1
100
AcDbArc
50
257.14854135012422
51
349.99999999943145
0
LINE
5
319
100
AcDbEntity
8
0
100
AcDbLine
10
-92.933519656869862
20
241.93391647090664
30
-2.7755575615628914e-16
11
-88.005682995044353
21
241.06500591091216
31
-2.7755575615628914e-16
0
LINE
5
320
100
AcDbEntity
8
0
100
AcDbLine
10
-27.701391694829649
20
222.33718959880409
30
0
11
-46.465202694829657
21
221.61656859880409
31
-2.7755575615628914e-16
0
ARC
5
321
100
AcDbEntity
8
0
100
AcDbCircle
10
-65.546855161002654
20
203.56801831110408
30
-2.7755575615628914e-16
40
0.63500000000000056
210
0
220
0
230
1
100
AcDbArc
50
170.00000000162981
51
260.00000000062869
0
ARC
5
322
100
AcDbEntity
8
0
100
AcDbCircle
10
-223.9947654279797
20
166.07596473512413
30
-5.5511151231257827e-16
40
0.63499999999999568
210
0
220
0
230
1
100
AcDbArc
50
-79.99999999982505
51
10.000000000174895
0
LINE
5
323
100
AcDbEntity
8
0
100
AcDbLine
10
-191.56527754682384
20
205.3939956375051
30
-5.5511151231257827e-16
11
-186.6374965123097
21
206.2628963889041
31
-5.5511151231257827e-16
0
ARC
5
324
100
AcDbEntity
8
0
100
AcDbCircle
10
-214.29274800896968
20
198.89212948779408
30
-5.5511151231257827e-16
40
0.63500000000001289
210
0
220
0
230
1
100
AcDbArc
50
100.00000000096333
51
190.00000000017695
0
LINE
5
325
100
AcDbEntity
8
0
100
AcDbLine
10
-27.575835228317949
20
157.11994291259452
30
0
11
-27.200821961090696
21
156.67467098428631
31
0
0
LINE
5
326
100
AcDbEntity
8
0
100
AcDbLine
10
-200.88106998554892
20
177.25256067401961
30
-5.5511151231257827e-16
11
-201.44388761639971
21
177.15332074048408
31
-5.5511151231257827e-16
0
ARC
5
327
100
AcDbEntity
8
0
100
AcDbCircle
10
-33.320736772271644
20
199.68701412750414
30
0
40
0.25400000000002176
210
0
220
-0
230
1
100
AcDbArc
50
77.14854135124088
51
170.00000000609259
0
ARC
5
328
100
AcDbEntity
8
0
100
AcDbCircle
10
-97.310990118995662
20
242.7057826207041
30
-2.7755575615628914e-16
40
0.63499999999999945
210
0
220
-0
230
1
100
AcDbArc
50
79.999999998973408
51
170.0000000016324
0
ARC
5
329
100
AcDbEntity
8
0
100
AcDbCircle
10
-34.026442966309645
20
195.68475541930411
30
0
40
0.25400000000000433
210
0
220
0
230
1
100
AcDbArc
50
170.00000000161907
51
260.00000000027927
0
LINE
5
330
100
AcDbEntity
8
0
100
AcDbLine
10
-21.464289073299323
20
154.00604660902178
30
0
11
-16.011921352041373
21
154.00604660902184
31
0
0
LINE
5
331
100
AcDbEntity
8
0
100
AcDbLine
10
-125.60221407800968
20
221.18444910040409
30
-2.7755575615628914e-16
11
-124.7641879725897
21
225.93713131640411
31
-2.7755575615628914e-16
0
LINE
5
332
100
AcDbEntity
8
0
100
AcDbLine
10
-75.577732972590653
20
176.09537431649414
30
-2.7755575615628914e-16
11
-76.140550603435827
21
176.19461425003877
31
-2.7755575615628914e-16
0
LINE
5
333
100
AcDbEntity
8
0
100
AcDbLine
10
-76.978576708856764
20
171.44193203399911
30
-2.7755575615628914e-16
11
-76.415759078011661
21
171.34269210046412
31
-2.7755575615628914e-16
0
ARC
5
334
100
AcDbEntity
8
0
100
AcDbCircle
10
-210.99274800896973
20
180.11212948779414
30
-5.5511151231257827e-16
40
0.635000000000008
210
0
220
0
230
1
100
AcDbArc
50
100.00000000017997
51
190.00000000018039
0
ARC
5
335
100
AcDbEntity
8
0
100
AcDbCircle
10
-181.47233681426968
20
199.64539237960412
30
-5.5511151231257827e-16
40
0.25399999999999434
210
0
220
0
230
1
100
AcDbArc
50
99.99999999920901
51
189.99999999372687
0
LINE
5
336
100
AcDbEntity
8
0
100
AcDbLine
10
-87.069393692617552
20
248.49391774744291
30
-2.7755575615628914e-16
11
-107.70328578576971
21
255.71443148120412
31
-2.7755575615628914e-16
0
LINE
5
337
100
AcDbEntity
8
0
100
AcDbLine
10
-214.92644345139882
20
169.87553354889886
30
-5.5511151231257827e-16
11
-214.36362582055972
21
169.97477348244414
31
-5.5511151231257827e-16
0
LINE
5
338
100
AcDbEntity
8
0
100
AcDbLine
10
-126.16503170883865
20
221.28368903396682
30
-2.7755575615628914e-16
11
-125.60221407800968
21
221.18444910040409
31
-2.7755575615628914e-16
0
LINE
5
339
100
AcDbEntity
8
0
100
AcDbLine
10
-84.549974656856151
20
179.9756734709942
30
-2.7755575615628914e-16
11
-79.622193622333668
21
179.10677271958411
31
-2.7755575615628914e-16
0
ARC
5
340
100
AcDbEntity
8
0
100
AcDbCircle
10
-81.838871580018647
20
198.83418306381412
30
-2.7755575615628914e-16
40
0.63499999999999057
210
0
220
0
230
1
100
AcDbArc
50
-10.000000000127873
51
79.999999998904258
0
ARC
5
341
100
AcDbEntity
8
0
100
AcDbCircle
10
-88.037338200997652
20
240.8126692184041
30
-2.7755575615628914e-16
40
0.2539999999999904
210
0
220
0
230
1
100
AcDbArc
50
-9.9999999939229927
51
82.851458650054312
0
ARC
5
342
100
AcDbEntity
8
0
100
AcDbCircle
10
-266.11548642797976
20
185.26985473512408
30
-8.3266726846886741e-16
40
0.63500000000000179
210
0
220
0
230
1
100
AcDbArc
50
-79.999999999822563
51
10.000000000172808
0
LINE
5
343
100
AcDbEntity
8
0
100
AcDbLine
10
-81.213518656856138
20
198.72391647099423
30
-2.7755575615628914e-16
11
-76.285737622334494
21
197.8550157195794
31
-2.7755575615628914e-16
0
LINE
5
344
100
AcDbEntity
8
0
100
AcDbLine
10
-118.71154703704633
20
176.60724160141345
30
-2.7755575615628914e-16
11
-123.6393836988573
21
177.47615216141369
31
-2.7755575615628914e-16
0
LINE
5
345
100
AcDbEntity
8
0
100
AcDbLine
10
-132.22575807800968
20
183.63269210046408
30
-2.7755575615628914e-16
11
-131.38773197258968
21
188.38537431649411
31
-2.7755575615628914e-16
0
LINE
5
346
100
AcDbEntity
8
0
100
AcDbLine
10
-127.16498570928152
20
217.0753957936023
30
-2.7755575615628914e-16
11
-126.45927951524965
21
221.07765450180409
31
-2.7755575615628914e-16
0
ARC
5
347
100
AcDbEntity
8
0
100
AcDbCircle
10
-121.39331016099968
20
215.79977531110413
30
-2.7755575615628914e-16
40
0.63500000000000956
210
0
220
0
230
1
100
AcDbArc
50
170.00000000159883
51
260.00000000044906
0
LINE
5
348
100
AcDbEntity
8
0
100
AcDbLine
10
-77.699141605447011
20
188.30333931852414
30
-2.7755575615628914e-16
11
-78.404847799484671
21
184.30108061028409
31
-2.7755575615628914e-16
0
LINE
5
349
100
AcDbEntity
8
0
100
AcDbLine
10
-216.54588196665046
20
179.13296214356862
30
-5.5511151231257827e-16
11
-211.61810093213211
21
180.00186289497367
31
-5.5511151231257827e-16
0
LINE
5
350
100
AcDbEntity
8
0
100
AcDbLine
10
-208.00449883515927
20
185.17061181196166
30
-5.5511151231257827e-16
11
-211.75661637413967
21
184.50901225505413
31
-5.5511151231257827e-16
0
ARC
5
351
100
AcDbEntity
8
0
100
AcDbCircle
10
-260.60645910742971
20
186.49916324862409
30
-8.3266726846886741e-16
40
0.254000000000008
210
0
220
0
230
1
100
AcDbArc
50
-79.999999999618908
51
9.9999999992279527
0
ARC
5
352
100
AcDbEntity
8
0
100
AcDbCircle
10
-38.333043395036654
20
194.04041051022406
30
-2.7755575615628914e-16
40
0.25399999999996159
210
0
220
0
230
1
100
AcDbArc
50
260.00000000027705
51
349.99999999947045
0
LINE
5
353
100
AcDbEntity
8
0
100
AcDbLine
10
-212.49223589012215
20
185.02409858539369
30
-5.5511151231257827e-16
11
-217.42007255194301
21
184.1551880253914
31
-5.5511151231257827e-16
0
ARC
5
354
100
AcDbEntity
8
0
100
AcDbCircle
10
-93.558872580018658
20
242.0441830638041
30
-2.7755575615628914e-16
40
0.63499999999999401
210
0
220
0
230
1
100
AcDbArc
50
-10.000000007234911
51
79.999999999062396
0
LINE
5
355
100
AcDbEntity
8
0
100
AcDbLine
10
-228.37223589012211
20
165.30409858539369
30
-5.5511151231257827e-16
11
-233.30007255194303
21
164.43518802539137
31
-5.5511151231257827e-16
0
LINE
5
356
100
AcDbEntity
8
0
100
AcDbLine
10
-31.588575708846513
20
209.45193203396735
30
0
11
-31.025758078011659
21
209.35269210040417
31
0
0
ARC
5
357
100
AcDbEntity
8
0
100
AcDbCircle
10
-217.59274800896972
20
217.62213048770408
30
-5.5511151231257827e-16
40
0.63500000000000068
210
0
220
0
230
1
100
AcDbArc
50
99.999999999549644
51
189.99999999839906
0
LINE
5
358
100
AcDbEntity
8
0
100
AcDbLine
10
-51.598543921562658
20
159.16392944841914
30
-2.7755575615628914e-16
11
-36.172636671653031
21
160.63306347222007
31
0
0
ARC
5
359
100
AcDbEntity
8
0
100
AcDbCircle
10
-273.77857619394968
20
174.35835793420409
30
-8.3266726846886741e-16
40
0.2539999999999954
210
0
220
0
230
1
100
AcDbArc
50
190.00000000077333
51
280.00000000075755
0
LINE
5
360
100
AcDbEntity
8
0
100
AcDbLine
10
-76.346585135576007
20
176.48886205642435
30
-2.7755575615628914e-16
11
-75.640878941536798
21
180.49112076467333
31
-2.7755575615628914e-16
0
LINE
5
361
100
AcDbEntity
8
0
100
AcDbLine
10
-227.31842905105685
20
221.66454351471259
30
-8.3266726846886741e-16
11
-227.62729469482969
21
221.63646459880411
31
-5.5511151231257827e-16
0
LINE
5
362
100
AcDbEntity
8
0
100
AcDbLine
10
-124.7641879725897
20
225.93713131640411
30
-2.7755575615628914e-16
11
-125.32700560342968
21
226.03637125000409
31
-2.7755575615628914e-16
0
ARC
5
363
100
AcDbEntity
8
0
100
AcDbCircle
10
-126.9023374815597
20
217.0290838246041
30
-2.7755575615628914e-16
40
0.25399999999999179
210
0
220
0
230
1
100
AcDbArc
50
169.99999999663754
51
260.00000000300452
0
LINE
5
364
100
AcDbEntity
8
0
100
AcDbLine
10
-198.18593759394309
20
184.87295233497346
30
-5.5511151231257827e-16
11
-193.25810093212968
21
185.74186289497413
31
-5.5511151231257827e-16
0
LINE
5
365
100
AcDbEntity
8
0
100
AcDbLine
10
-214.36362582055972
20
169.97477348244414
30
-5.5511151231257827e-16
11
-215.20165192597972
21
174.72745569847407
31
-5.5511151231257827e-16
0
ARC
5
366
100
AcDbEntity
8
0
100
AcDbCircle
10
-222.40857619394973
20
212.38835793420409
30
-5.5511151231257827e-16
40
0.2539999999999879
210
0
220
0
230
1
100
AcDbArc
50
190.00000001632455
51
279.99999999920897
0
LINE
5
367
100
AcDbEntity
8
0
100
AcDbLine
10
-61.905004214838272
20
202.28106583104034
30
-2.7755575615628914e-16
11
-65.657121753814295
21
202.94266538794011
31
-2.7755575615628914e-16
0
LINE
5
368
100
AcDbEntity
8
0
100
AcDbLine
10
-223.88449883515929
20
165.45061181196172
30
-5.5511151231257827e-16
11
-227.63661637413969
21
164.7890122550541
31
-5.5511151231257827e-16
0
LINE
5
369
100
AcDbEntity
8
0
100
AcDbLine
10
-201.38074164744842
20
181.54906718865482
30
-5.5511151231257827e-16
11
-200.67503545341492
21
177.5468084804132
31
-5.5511151231257827e-16
0
LINE
5
370
100
AcDbEntity
8
0
100
AcDbLine
10
-76.415759078011661
20
171.34269210046412
30
-2.7755575615628914e-16
11
-75.577732972590653
21
176.09537431649414
31
-2.7755575615628914e-16
0
LINE
5
371
100
AcDbEntity
8
0
100
AcDbLine
10
-84.375003214843375
20
184.45106583107119
30
-2.7755575615628914e-16
11
-88.127120753820648
21
185.11266538798409
31
-2.7755575615628914e-16
0
LINE
5
372
100
AcDbEntity
8
0
100
AcDbLine
10
-197.69871736321417
20
180.57425029707329
30
-5.5511151231257827e-16
11
-198.40442355724971
21
184.57650900531411
31
-5.5511151231257827e-16
0
LINE
5
373
100
AcDbEntity
8
0
100
AcDbLine
10
-78.71154703704741
20
184.09724160141224
30
-2.7755575615628914e-16
11
-83.639383698863142
21
184.96615216141419
31
-2.7755575615628914e-16
0
LINE
5
374
100
AcDbEntity
8
0
100
AcDbLine
10
-75.334124076681491
20
180.69494996494944
30
-2.7755575615628914e-16
11
-70.406343042157687
21
179.82604921354408
31
-2.7755575615628914e-16
0
ARC
5
375
100
AcDbEntity
8
0
100
AcDbCircle
10
-182.56517662267967
20
183.24270184328412
30
-5.5511151231257827e-16
40
0.25400000000002426
210
0
220
0
230
1
100
AcDbArc
50
-79.999999999230056
51
10.000000000385715
0
ARC
5
376
100
AcDbEntity
8
0
100
AcDbCircle
10
-85.590989118995665
20
199.49578262070412
30
-2.7755575615628914e-16
40
0.63500000000000245
210
0
220
-0
230
1
100
AcDbArc
50
79.999999998970893
51
170.00000000163487
0
ARC
5
377
100
AcDbEntity
8
0
100
AcDbCircle
10
-182.39857619394971
20
204.89835693420412
30
-5.5511151231257827e-16
40
0.25400000000000023
210
0
220
0
230
1
100
AcDbArc
50
190.00000001633938
51
279.99999999921636
0
LINE
5
378
100
AcDbEntity
8
0
100
AcDbLine
10
-38.377150032162838
20
193.79026934095879
30
-2.7755575615628914e-16
11
-38.939967663009647
21
193.88950927449412
31
-2.7755575615628914e-16
0
ARC
5
379
100
AcDbEntity
8
0
100
AcDbCircle
10
-125.28289896630969
20
226.2865124193041
30
-2.7755575615628914e-16
40
0.25399999999999234
210
0
220
0
230
1
100
AcDbArc
50
170.00000000589523
51
260.0000000030123
0
ARC
5
380
100
AcDbEntity
8
0
100
AcDbCircle
10
-73.704774284479242
20
266.12985233940168
30
-2.7755575615628914e-16
40
105.00000000000098
210
0
220
0
230
1
100
AcDbArc
50
252.97451222012933
51
262.64762064010768
0
LINE
5
381
100
AcDbEntity
8
0
100
AcDbLine
10
-58.47996766300966
20
192.48950927449411
30
-2.7755575615628914e-16
11
-59.317993768430661
21
187.73682705845408
31
-2.7755575615628914e-16
0
ARC
5
382
100
AcDbEntity
8
0
100
AcDbCircle
10
-65.114736622025674
20
184.1164187542341
30
-2.7755575615628914e-16
40
0.6349999999999878
210
0
220
0
230
1
100
AcDbArc
50
260.00000000006833
51
349.99999999986909
0
LINE
5
383
100
AcDbEntity
8
0
100
AcDbLine
10
-207.68871736320224
20
236.83425029700544
30
-5.5511151231257827e-16
11
-208.39442355724998
21
240.83650900530591
31
-5.5511151231257827e-16
0
LINE
5
384
100
AcDbEntity
8
0
100
AcDbLine
10
-55.997994768430658
20
206.52682705840414
30
-2.7755575615628914e-16
11
-55.43517713758466
21
206.42758712490411
31
-2.7755575615628914e-16
0
LINE
5
385
100
AcDbEntity
8
0
100
AcDbLine
10
-194.9052775468239
20
224.10399663750511
30
-5.5511151231257827e-16
11
-189.9774965123097
21
224.97289738890407
31
-5.5511151231257827e-16
0
LINE
5
386
100
AcDbEntity
8
0
100
AcDbLine
10
-181.02301460178325
20
229.52748341086772
30
-5.5511151231257827e-16
11
-177.27089706280967
21
230.1890829678041
31
-5.5511151231257827e-16
0
ARC
5
387
100
AcDbEntity
8
0
100
AcDbCircle
10
-78.558871580018661
20
217.64418306380409
30
-2.7755575615628914e-16
40
0.63499999999999401
210
0
220
0
230
1
100
AcDbArc
50
-10.000000007234657
51
79.999999999061146
0
LINE
5
388
100
AcDbEntity
8
0
100
AcDbLine
10
-91.3877319725907
20
195.87537431649409
30
-2.7755575615628914e-16
11
-91.950549603435846
21
195.97461425003883
31
-2.7755575615628914e-16
0
ARC
5
389
100
AcDbEntity
8
0
100
AcDbCircle
10
-82.31098911899565
20
218.30578262070406
30
-2.7755575615628914e-16
40
0.63500000000000245
210
0
220
-0
230
1
100
AcDbArc
50
79.999999998971333
51
170.00000000163487
0
LINE
5
390
100
AcDbEntity
8
0
100
AcDbLine
10
-152.59388761639968
20
229.22332174040409
30
-5.5511151231257827e-16
11
-151.75586151096974
21
224.47063952440413
31
-5.5511151231257827e-16
0
LINE
5
391
100
AcDbEntity
8
0
100
AcDbLine
10
-279.00749278949121
20
202.6529170342076
30
-8.3266726846886741e-16
11
-279.71319898353971
21
206.65517574250407
31
-8.3266726846886741e-16
0
LINE
5
392
100
AcDbEntity
8
0
100
AcDbLine
10
-189.80588196666076
20
246.66296214356686
30
-5.5511151231257827e-16
11
-184.87810093212968
21
247.53186289490412
31
-5.5511151231257827e-16
0
LINE
5
393
100
AcDbEntity
8
0
100
AcDbLine
10
-191.41672831916455
20
165.73151922834117
30
-5.5511151231257827e-16
11
-161.82651342300031
21
174.7925512004835
31
-1.4988010832439613e-14
0
ARC
5
394
100
AcDbEntity
8
0
100
AcDbCircle
10
-198.87063046998972
20
242.77372904470411
30
-5.5511151231257827e-16
40
0.63499999999998602
210
0
220
-0
230
1
100
AcDbArc
50
9.9999999983990762
51
100.00000000111514
0
ARC
5
395
100
AcDbEntity
8
0
100
AcDbCircle
10
-131.20073677226964
20
192.73701412754409
30
-2.7755575615628914e-16
40
0.25399999999997758
210
0
220
-0
230
1
100
AcDbArc
50
77.148541350349845
51
169.9999999992215
0
LINE
5
396
100
AcDbEntity
8
0
100
AcDbLine
10
-57.91715003216283
20
192.39026934095887
30
-2.7755575615628914e-16
11
-58.47996766300966
21
192.48950927449411
31
-2.7755575615628914e-16
0
LINE
5
397
100
AcDbEntity
8
0
100
AcDbLine
10
-78.467993768430674
20
188.69682705845409
30
-2.7755575615628914e-16
11
-77.905176137583766
21
188.59758712491913
31
-2.7755575615628914e-16
0
LINE
5
398
100
AcDbEntity
8
0
100
AcDbLine
10
-77.629967663009694
20
193.44950927449412
30
-2.7755575615628914e-16
11
-78.467993768430674
21
188.69682705845409
31
-2.7755575615628914e-16
0
ARC
5
399
100
AcDbEntity
8
0
100
AcDbCircle
10
-78.654988968749663
20
184.34518724741409
30
-2.7755575615628914e-16
40
0.25400000000000877
210
0
220
0
230
1
100
AcDbArc
50
257.14854135010233
51
349.99999999941826
0
LINE
5
400
100
AcDbEntity
8
0
100
AcDbLine
10
-256.49301460178327
20
218.73748241086773
30
-8.3266726846886741e-16
11
-252.74089706280967
21
219.39908196780411
31
-8.3266726846886741e-16
0
LINE
5
401
100
AcDbEntity
8
0
100
AcDbLine
10
-211.10301460179019
20
180.73748241095655
30
-5.5511151231257827e-16
11
-207.35089706280971
21
181.39908196787414
31
-5.5511151231257827e-16
0
LINE
5
402
100
AcDbEntity
8
0
100
AcDbLine
10
-36.437993768430651
20
207.9068270584041
30
-2.7755575615628914e-16
11
-35.875176137584646
21
207.8075871249041
31
-2.7755575615628914e-16
0
LINE
5
403
100
AcDbEntity
8
0
100
AcDbLine
10
-240.23677178950933
20
202.17902803420245
30
-8.3266726846886741e-16
11
-240.94247798353962
21
206.18128674250411
31
-8.3266726846886741e-16
0
LINE
5
404
100
AcDbEntity
8
0
100
AcDbLine
10
-55.229142605441893
20
206.13333931850326
30
-2.7755575615628914e-16
11
-55.934848799484335
21
202.13108061020614
31
-2.7755575615628914e-16
0
LINE
5
405
100
AcDbEntity
8
0
100
AcDbLine
10
-87.787197031727885
20
240.76856258130323
30
-2.7755575615628914e-16
11
-88.492903225770647
21
236.76630387300412
31
-2.7755575615628914e-16
0
ARC
5
406
100
AcDbEntity
8
0
100
AcDbCircle
10
-37.639844259460652
20
198.04487455031418
30
-2.7755575615628914e-16
40
0.25400000000000533
210
0
220
0
230
1
100
AcDbArc
50
-9.9999999992996056
51
80.000000000279769
0
LINE
5
407
100
AcDbEntity
8
0
100
AcDbLine
10
-278.94434682055976
20
207.04866348240412
30
-8.3266726846886741e-16
11
-279.7823729259797
21
211.80134569840405
31
-8.3266726846886741e-16
0
LINE
5
408
100
AcDbEntity
8
0
100
AcDbLine
10
-132.15658413557588
20
188.77886205642514
30
-2.7755575615628914e-16
11
-131.45087794153412
21
192.78112076467488
31
-2.7755575615628914e-16
0
ARC
5
409
100
AcDbEntity
8
0
100
AcDbCircle
10
-202.62274800896972
20
242.1121294877041
30
-5.5511151231257827e-16
40
0.63500000000000678
210
0
220
0
230
1
100
AcDbArc
50
99.999999999552614
51
189.99999999840159
0
LINE
5
410
100
AcDbEntity
8
0
100
AcDbLine
10
-265.96146264744112
20
218.62295718860361
30
-8.3266726846886741e-16
11
-265.25575645340967
21
214.62069848040412
31
-8.3266726846886741e-16
0
LINE
5
411
100
AcDbEntity
8
0
100
AcDbLine
10
-179.8752775468239
20
248.41399563750514
30
-5.5511151231257827e-16
11
-174.94749651230973
21
249.28289638890413
31
-5.5511151231257827e-16
0
LINE
5
412
100
AcDbEntity
8
0
100
AcDbLine
10
-275.68373560178327
20
217.8113724108677
30
-8.3266726846886741e-16
11
-271.93161806280966
21
218.47297196780414
31
-8.3266726846886741e-16
0
ARC
5
413
100
AcDbEntity
8
0
100
AcDbCircle
10
-174.18517662267971
20
245.03270184320405
30
-5.5511151231257827e-16
40
0.25399999999999395
210
0
220
0
230
1
100
AcDbArc
50
-79.999999996864645
51
10.000000015947204
0
LINE
5
414
100
AcDbEntity
8
0
100
AcDbLine
10
-152.53074164744004
20
233.61906818860581
30
-5.5511151231257827e-16
11
-151.82503545340973
21
229.6168094804041
31
-5.5511151231257827e-16
0
ARC
5
415
100
AcDbEntity
8
0
100
AcDbCircle
10
-117.64119262201966
20
215.1381757542041
30
-2.7755575615628914e-16
40
0.63500000000000378
210
0
220
0
230
1
100
AcDbArc
50
260.00000000044736
51
350.00000000160367
0
LINE
5
416
100
AcDbEntity
8
0
100
AcDbLine
10
-218.92879607373519
20
171.35384392584487
30
-5.5511151231257827e-16
11
-218.22308987969976
21
167.35158521760457
31
-5.5511151231257827e-16
0
LINE
5
417
100
AcDbEntity
8
0
100
AcDbLine
10
-27.442207084168547
20
204.07828490390474
30
0
11
-32.370043745976915
21
204.94719546389609
31
0
0
ARC
5
418
100
AcDbEntity
8
0
100
AcDbCircle
10
-59.504988968749657
20
183.38518724741417
30
-2.7755575615628914e-16
40
0.25400000000001077
210
0
220
0
230
1
100
AcDbArc
50
257.14854135010074
51
349.99999999941127
0
LINE
5
419
100
AcDbEntity
8
0
100
AcDbLine
10
-56.922050143016129
20
159.13014549287374
30
-2.7755575615628914e-16
11
-52.309612116272575
21
159.13014549287382
31
-2.7755575615628914e-16
0
ARC
5
420
100
AcDbEntity
8
0
100
AcDbCircle
10
-73.743043395036693
20
212.41041051020409
30
-2.7755575615628914e-16
40
0.25399999999997824
210
0
220
0
230
1
100
AcDbArc
50
260.00000000145388
51
349.99999998391581
0
LINE
5
421
100
AcDbEntity
8
0
100
AcDbLine
10
-196.00362582055971
20
175.71477348244412
30
-5.5511151231257827e-16
11
-196.84165192597973
21
180.46745569847411
31
-5.5511151231257827e-16
0
LINE
5
422
100
AcDbEntity
8
0
100
AcDbLine
10
-157.7652775468238
20
232.95399663750518
30
-5.5511151231257827e-16
11
-152.83744088501783
21
233.82290719749653
31
-5.5511151231257827e-16
0
LINE
5
423
100
AcDbEntity
8
0
100
AcDbLine
10
-219.78586151096974
20
171.46063852444402
30
-5.5511151231257827e-16
11
-219.22304388012972
21
171.5598784579841
31
-5.5511151231257827e-16
0
LINE
5
424
100
AcDbEntity
8
0
100
AcDbLine
10
-271.19599854682394
20
217.95788563750511
30
-8.3266726846886741e-16
11
-266.26821751230966
21
218.82678638890411
31
-8.3266726846886741e-16
0
LINE
5
425
100
AcDbEntity
8
0
100
AcDbLine
10
-235.00223589010844
20
202.84409958530608
30
-5.5511151231257827e-16
11
-239.93007255194112
21
201.97518902531172
31
-8.3266726846886741e-16
0
ARC
5
426
100
AcDbEntity
8
0
100
AcDbCircle
10
-74.77570469482967
20
229.83577459880408
30
-2.7755575615628914e-16
40
6.825008761642998
210
0
220
0
230
1
100
AcDbArc
50
168.47867436926711
51
252.49172308073122
0
LINE
5
427
100
AcDbEntity
8
0
100
AcDbLine
10
-114.58997465686093
20
228.78567347090612
30
-2.7755575615628914e-16
11
-109.6621936223186
21
227.91677271956684
31
-2.7755575615628914e-16
0
LINE
5
428
100
AcDbEntity
8
0
100
AcDbLine
10
-176.53527754682389
20
229.67399663750516
30
-5.5511151231257827e-16
11
-171.60744088501784
21
230.5429071974965
31
-5.5511151231257827e-16
0
LINE
5
429
100
AcDbEntity
8
0
100
AcDbLine
10
-277.35943836321428
20
193.08814029707332
30
-8.3266726846886741e-16
11
-278.06514455724988
21
197.09039900531482
31
-8.3266726846886741e-16
0
LINE
5
430
100
AcDbEntity
8
0
100
AcDbLine
10
-196.84165192597973
20
180.46745569847411
30
-5.5511151231257827e-16
11
-197.40446955681972
21
180.36821576494415
31
-5.5511151231257827e-16
0
LINE
5
431
100
AcDbEntity
8
0
100
AcDbLine
10
-220.62388761639968
20
176.21332074048408
30
-5.5511151231257827e-16
11
-219.78586151096974
21
171.46063852444402
31
-5.5511151231257827e-16
0
LINE
5
432
100
AcDbEntity
8
0
100
AcDbLine
10
-236.9167717895042
20
183.4290270342633
30
-5.5511151231257827e-16
11
-237.62247798353968
21
187.43128574251409
31
-5.5511151231257827e-16
0
LINE
5
433
100
AcDbEntity
8
0
100
AcDbLine
10
-32.588529709276337
20
205.24363879360195
30
0
11
-31.882823515250656
21
209.24589750180414
31
0
0
LINE
5
434
100
AcDbEntity
8
0
100
AcDbLine
10
-143.52773297258966
20
229.26537431640409
30
-5.5511151231257827e-16
11
-144.09055060342968
21
229.36461425000408
31
-5.5511151231257827e-16
0
LINE
5
435
100
AcDbEntity
8
0
100
AcDbLine
10
-189.31871736320218
20
242.36425029700541
30
-5.5511151231257827e-16
11
-190.02442355724997
21
246.36650900530606
31
-5.5511151231257827e-16
0
ARC
5
436
100
AcDbEntity
8
0
100
AcDbCircle
10
-90.537494694829661
20
238.58319459880408
30
-2.7755575615628914e-16
40
10.500007518594195
210
0
220
0
230
1
100
AcDbArc
50
-10.308238523397751
51
70.713312347084084
0
ARC
5
437
100
AcDbEntity
8
0
100
AcDbCircle
10
-250.20476542797977
20
205.01596473510409
30
-8.3266726846886741e-16
40
0.63499999999999457
210
0
220
0
230
1
100
AcDbArc
50
-80.000000000452417
51
9.9999999983990762
0
LINE
5
438
100
AcDbEntity
8
0
100
AcDbLine
10
-58.549141605447012
20
187.34333931852416
30
-2.7755575615628914e-16
11
-59.254847799485006
21
183.34108061028419
31
-2.7755575615628914e-16
0
ARC
5
439
100
AcDbEntity
8
0
100
AcDbCircle
10
-57.472682345984651
20
172.63179086473411
30
-2.7755575615628914e-16
40
0.25400000000001277
210
0
220
-0
230
1
100
AcDbArc
50
79.999999999888232
51
169.99999999946374
0
LINE
5
440
100
AcDbEntity
8
0
100
AcDbLine
10
-171.30074164744002
20
230.33906818860578
30
-5.5511151231257827e-16
11
-170.59503545340971
21
226.3368094804041
31
-5.5511151231257827e-16
0
LINE
5
441
100
AcDbEntity
8
0
100
AcDbLine
10
-258.85106998554897
20
176.73256167401956
30
-8.3266726846886741e-16
11
-259.41388761639973
21
176.63332174048404
31
-8.3266726846886741e-16
0
ARC
5
442
100
AcDbEntity
8
0
100
AcDbCircle
10
-227.7468829669597
20
165.4143651782141
30
-5.5511151231257827e-16
40
0.63500000000000179
210
0
220
0
230
1
100
AcDbArc
50
190.00000000017491
51
280.00000000017741
0
LINE
5
443
100
AcDbEntity
8
0
100
AcDbLine
10
-221.02677178950933
20
203.08902803420241
30
-5.5511151231257827e-16
11
-221.7324779835397
21
207.09128674250408
31
-5.5511151231257827e-16
0
LINE
5
444
100
AcDbEntity
8
0
100
AcDbLine
10
-95.49304013557601
20
177.52061905642438
30
-2.7755575615628914e-16
11
-94.787333941536787
21
181.5228777646733
31
-2.7755575615628914e-16
0
ARC
5
445
100
AcDbEntity
8
0
100
AcDbCircle
10
-242.0789372429997
20
191.44973728871409
30
-8.3266726846886741e-16
40
0.2539999999999954
210
0
220
-0
230
1
100
AcDbArc
50
10.000000000784821
51
100.00000000038632
0
ARC
5
446
100
AcDbEntity
8
0
100
AcDbCircle
10
-58.165881481560653
20
168.62732682463414
30
-2.7755575615628914e-16
40
0.25400000000000389
210
0
220
0
230
1
100
AcDbArc
50
169.99999999880603
51
259.99999999988933
0
LINE
5
447
100
AcDbEntity
8
0
100
AcDbLine
10
-87.141764735649929
20
161.99317634282804
30
-2.7755575615628914e-16
11
-72.918467346790976
21
160.15791216362047
31
-2.7755575615628914e-16
0
LINE
5
448
100
AcDbEntity
8
0
100
AcDbLine
10
-49.357731972590663
20
215.08537431640408
30
-2.7755575615628914e-16
11
-49.920549603436662
21
215.1846142500041
31
-2.7755575615628914e-16
0
LINE
5
449
100
AcDbEntity
8
0
100
AcDbLine
10
-220.96362582055971
20
207.48477448240411
30
-5.5511151231257827e-16
11
-221.80165192597968
21
212.23745669840412
31
-5.5511151231257827e-16
0
LINE
5
450
100
AcDbEntity
8
0
100
AcDbLine
10
-50.195758078011664
20
210.33269210040416
30
-2.7755575615628914e-16
11
-49.357731972590663
21
215.08537431640408
31
-2.7755575615628914e-16
0
LINE
5
451
100
AcDbEntity
8
0
100
AcDbLine
10
-279.85461390807404
20
154.00604660902175
30
-8.3266726846886741e-16
11
-274.40090733119962
21
154.00604660902175
31
-1.3877787807814457e-15
0
ARC
5
452
100
AcDbEntity
8
0
100
AcDbCircle
10
-208.24338987517967
20
219.01275621960411
30
-5.5511151231257827e-16
40
0.25400000000000023
210
0
220
-0
230
1
100
AcDbArc
50
10.000000003004621
51
99.999999999215305
0
LINE
5
453
100
AcDbEntity
8
0
100
AcDbLine
10
-145.5267746948297
20
253.2981445988041
30
-5.5511151231257827e-16
11
-140.52297469482968
21
253.2981445988041
31
-5.5511151231257827e-16
0
LINE
5
454
100
AcDbEntity
8
0
100
AcDbLine
10
-87.141764735649929
20
161.99317634282804
30
-2.7755575615628914e-16
11
-72.918467346790976
21
160.15791216362047
31
-2.7755575615628914e-16
0
LINE
5
455
100
AcDbEntity
8
0
100
AcDbLine
10
-203.21644345139362
20
213.09553454886981
30
-5.5511151231257827e-16
11
-202.65362582055971
21
213.19477448240409
31
-5.5511151231257827e-16
0
LINE
5
456
100
AcDbEntity
8
0
100
AcDbLine
10
-114.46500321483326
20
233.27106583104046
30
-2.7755575615628914e-16
11
-118.21712075381967
21
233.93266538790411
31
-2.7755575615628914e-16
0
LINE
5
457
100
AcDbEntity
8
0
100
AcDbLine
10
-184.36301460178331
20
248.26748241086773
30
-5.5511151231257827e-16
11
-180.61089706280967
21
248.92908196780411
31
-5.5511151231257827e-16
0
ARC
5
458
100
AcDbEntity
8
0
100
AcDbCircle
10
-241.61857619394971
20
211.47835793420413
30
-8.3266726846886741e-16
40
0.25399999999999406
210
0
220
0
230
1
100
AcDbArc
50
190.0000000163223
51
279.99999999919635
0
LINE
5
459
100
AcDbEntity
8
0
100
AcDbLine
10
-277.84660296665049
20
197.38685214356855
30
-8.3266726846886741e-16
11
-272.91882193212973
21
198.25575289497411
31
-8.3266726846886741e-16
0
LINE
5
460
100
AcDbEntity
8
0
100
AcDbLine
10
-131.28220089991822
20
213.46041984861591
30
-2.7755575615628914e-16
11
-137.28332128288375
21
179.42637492319739
31
-2.7755575615628914e-16
0
LINE
5
461
100
AcDbEntity
8
0
100
AcDbLine
10
-117.06715003215876
20
185.86026934095935
30
-2.7755575615628914e-16
11
-117.62996766300969
21
185.95950927449408
31
-2.7755575615628914e-16
0
ARC
5
462
100
AcDbEntity
8
0
100
AcDbCircle
10
-244.69573810742972
20
206.24527324860409
30
-8.3266726846886741e-16
40
0.25399999999999434
210
0
220
0
230
1
100
AcDbArc
50
-80.000000000791019
51
10.000000003043597
0
LINE
5
463
100
AcDbEntity
8
0
100
AcDbLine
10
-144.29658513557933
20
229.65886205640575
30
-5.5511151231257827e-16
11
-143.59087894153001
21
233.66112076460217
31
-5.5511151231257827e-16
0
LINE
5
464
100
AcDbEntity
8
0
100
AcDbLine
10
-59.317993768430661
20
187.73682705845408
30
-2.7755575615628914e-16
11
-58.755176137584677
21
187.63758712491409
31
-2.7755575615628914e-16
0
ARC
5
465
100
AcDbEntity
8
0
100
AcDbCircle
10
-240.69233681426968
20
206.2253933796041
30
-8.3266726846886741e-16
40
0.25400000000000045
210
0
220
0
230
1
100
AcDbArc
50
99.999999999221643
51
189.99999999372062
0
ARC
5
466
100
AcDbEntity
8
0
100
AcDbCircle
10
-84.736854161002654
20
204.54801831110413
30
-2.7755575615628914e-16
40
0.63500000000000056
210
0
220
0
230
1
100
AcDbArc
50
170.0000000016324
51
260.00000000062738
0
LINE
5
467
100
AcDbEntity
8
0
100
AcDbLine
10
-188.46165192597968
20
242.2574556984041
30
-5.5511151231257827e-16
11
-189.0244695568197
21
242.15821576490413
31
-5.5511151231257827e-16
0
ARC
5
468
100
AcDbEntity
8
0
100
AcDbCircle
10
-68.866854161002649
20
184.77801831114417
30
-2.7755575615628914e-16
40
0.63499999999998902
210
0
220
0
230
1
100
AcDbArc
50
169.99999999986451
51
260.00000000000131
0
ARC
5
469
100
AcDbEntity
8
0
100
AcDbCircle
10
-56.546442966309662
20
177.88475541930407
30
-2.7755575615628914e-16
40
0.25400000000000872
210
0
220
0
230
1
100
AcDbArc
50
170.000000001638
51
260.00000000028405
0
ARC
5
470
100
AcDbEntity
8
0
100
AcDbCircle
10
-61.213044395035674
20
173.82041051022412
30
-2.7755575615628914e-16
40
0.25399999999998824
210
0
220
0
230
1
100
AcDbArc
50
260.00000000006003
51
349.9999999994107
0
LINE
5
471
100
AcDbEntity
8
0
100
AcDbLine
10
-225.55879607373004
20
208.89384492580572
30
-5.5511151231257827e-16
11
-224.8530898796997
21
204.8915862176041
31
-5.5511151231257827e-16
0
ARC
5
472
100
AcDbEntity
8
0
100
AcDbCircle
10
-62.844989968749658
20
164.56518724741414
30
-2.7755575615628914e-16
40
0.25400000000000289
210
0
220
0
230
1
100
AcDbArc
50
257.14854135010717
51
349.99999999941127
0
ARC
5
473
100
AcDbEntity
8
0
100
AcDbCircle
10
-259.61338987517968
20
180.98275621967414
30
-8.3266726846886741e-16
40
0.25400000000000045
210
0
220
-0
230
1
100
AcDbArc
50
9.9999999992153157
51
100.00000000079744
0
ARC
5
474
100
AcDbEntity
8
0
100
AcDbCircle
10
-265.21063046998972
20
180.2537300447041
30
-8.3266726846886741e-16
40
0.63499999999999568
210
0
220
-0
230
1
100
AcDbArc
50
10.000000000175371
51
100.00000000002275
0
ARC
5
475
100
AcDbEntity
8
0
100
AcDbCircle
10
-258.89517662267968
20
176.98270284328413
30
-8.3266726846886741e-16
40
0.25400000000001188
210
0
220
0
230
1
100
AcDbArc
50
-79.999999999243798
51
10.000000000387399
0
ARC
5
476
100
AcDbEntity
8
0
100
AcDbCircle
10
-247.3468829669597
20
166.77436517821408
30
-8.3266726846886741e-16
40
0.63499999999999568
210
0
220
0
230
1
100
AcDbArc
50
190.00000000017442
51
280.00000000017496
0
LINE
5
477
100
AcDbEntity
8
0
100
AcDbLine
10
-204.34871736320218
20
218.05425129700546
30
-5.5511151231257827e-16
11
-205.05442355724998
21
222.05651000530605
31
-5.5511151231257827e-16
0
ARC
5
478
100
AcDbEntity
8
0
100
AcDbCircle
10
-56.197497027213657
20
202.17739257920414
30
-2.7755575615628914e-16
40
0.25399999999997636
210
0
220
0
230
1
100
AcDbArc
50
259.99999999753612
51
349.99999999693631
0
LINE
5
479
100
AcDbEntity
8
0
100
AcDbLine
10
-118.73220708416552
20
234.66828490390515
30
-2.7755575615628914e-16
11
-123.65998811867969
21
235.53718565530414
31
-2.7755575615628914e-16
0
LINE
5
480
100
AcDbEntity
8
0
100
AcDbLine
10
-152.03106998553861
20
229.32256167394144
30
-5.5511151231257827e-16
11
-152.59388761639968
21
229.22332174040409
31
-5.5511151231257827e-16
0
ARC
5
481
100
AcDbEntity
8
0
100
AcDbCircle
10
-193.10476542797971
20
210.23596573510414
30
-5.5511151231257827e-16
40
0.63500000000000068
210
0
220
0
230
1
100
AcDbArc
50
-80.00000000045037
51
9.9999999983935837
0
LINE
5
482
100
AcDbEntity
8
0
100
AcDbLine
10
-172.52157584300073
20
235.52514188786745
30
-5.5511151231257827e-16
11
-177.44941250481969
21
234.65623132790412
31
-5.5511151231257827e-16
0
ARC
5
483
100
AcDbEntity
8
0
100
AcDbCircle
10
-202.45412356176971
20
208.84534000320411
30
-5.5511151231257827e-16
40
0.25399999999998374
210
0
220
0
230
1
100
AcDbArc
50
190.00000000303095
51
279.99999999698923
0
ARC
5
484
100
AcDbEntity
8
0
100
AcDbCircle
10
-238.29857619394971
20
192.7283569342041
30
-5.5511151231257827e-16
40
0.2539999999999954
210
0
220
0
230
1
100
AcDbArc
50
190.00000000077736
51
280.00000000078478
0
LINE
5
485
100
AcDbEntity
8
0
100
AcDbLine
10
-68.565004214843412
20
164.67106583107125
30
-2.7755575615628914e-16
11
-72.317121753821127
21
165.33266538798134
31
-2.7755575615628914e-16
0
LINE
5
486
100
AcDbEntity
8
0
100
AcDbLine
10
-91.144123076686597
20
200.47494996487032
30
-2.7755575615628914e-16
11
-86.216342042161557
21
199.60604921350478
31
-2.7755575615628914e-16
0
LINE
5
487
100
AcDbEntity
8
0
100
AcDbLine
10
-221.52644345139365
20
207.38553454886983
30
-5.5511151231257827e-16
11
-220.96362582055971
21
207.48477448240411
31
-5.5511151231257827e-16
0
LINE
5
488
100
AcDbEntity
8
0
100
AcDbLine
10
-200.15165192597971
20
199.23745569840409
30
-5.5511151231257827e-16
11
-200.71446955681972
21
199.13821576490409
31
-5.5511151231257827e-16
0
ARC
5
489
100
AcDbEntity
8
0
100
AcDbCircle
10
-195.94274800896969
20
204.62212948770411
30
-5.5511151231257827e-16
40
0.63499999999999457
210
0
220
0
230
1
100
AcDbArc
50
99.999999999547569
51
189.99999999839906
0
ARC
5
490
100
AcDbEntity
8
0
100
AcDbCircle
10
-73.704774284479242
20
266.12985233940168
30
-2.7755575615628914e-16
40
105.00000000000098
210
0
220
0
230
1
100
AcDbArc
50
252.97451222012933
51
262.64762064010768
0
ARC
5
491
100
AcDbEntity
8
0
100
AcDbCircle
10
-231.05688296695971
20
184.20436517821412
30
-5.5511151231257827e-16
40
0.63499999999999568
210
0
220
0
230
1
100
AcDbArc
50
190.00000000017741
51
280.00000000017997
0
LINE
5
492
100
AcDbEntity
8
0
100
AcDbLine
10
-243.91192094971012
20
159.13014549287374
30
-4.7184478546569145e-15
11
-238.94314626148275
21
159.13014549287377
31
-8.3266726846886741e-16
0
LINE
5
493
100
AcDbEntity
8
0
100
AcDbLine
10
-238.04163147030067
20
168.41513207935932
30
-5.5511151231257827e-16
11
-242.96941250481976
21
167.5462313279441
31
-5.5511151231257827e-16
0
LINE
5
494
100
AcDbEntity
8
0
100
AcDbLine
10
-113.8822140780097
20
178.0244491004641
30
-2.7755575615628914e-16
11
-113.04418797258968
21
182.77713131649409
31
-2.7755575615628914e-16
0
ARC
5
495
100
AcDbEntity
8
0
100
AcDbCircle
10
-118.10685416099966
20
234.55801831110409
30
-2.7755575615628914e-16
40
0.63500000000000345
210
0
220
0
230
1
100
AcDbArc
50
170.00000000159909
51
260.00000000044912
0
LINE
5
496
100
AcDbEntity
8
0
100
AcDbLine
10
-243.48449883515926
20
166.81061181196168
30
-5.5511151231257827e-16
11
-247.23661637413929
21
166.14901225505167
31
-8.3266726846886741e-16
0
ARC
5
497
100
AcDbEntity
8
0
100
AcDbCircle
10
-243.59476542797972
20
167.43596473512409
30
-5.5511151231257827e-16
40
0.63500000000000179
210
0
220
0
230
1
100
AcDbArc
50
-79.99999999982002
51
10.000000000177863
0
LINE
5
498
100
AcDbEntity
8
0
100
AcDbLine
10
-62.901548037047384
20
164.31724160141226
30
-2.7755575615628914e-16
11
-67.829384698862654
21
165.18615216141413
31
-2.7755575615628914e-16
0
ARC
5
499
100
AcDbEntity
8
0
100
AcDbCircle
10
-243.00517662267967
20
196.70270184328413
30
-8.3266726846886741e-16
40
0.25399999999998923
210
0
220
0
230
1
100
AcDbArc
50
-79.999999999228947
51
10.000000000379998
0
ARC
5
500
100
AcDbEntity
8
0
100
AcDbCircle
10
-264.31614469482969
20
168.1324945988041
30
-8.3266726846886741e-16
40
21.000013292828278
210
0
220
0
230
1
100
AcDbArc
50
190.30826536665538
51
222.2748334538733
0
ARC
5
501
100
AcDbEntity
8
0
100
AcDbCircle
10
-68.454737622025647
20
165.29641875423411
30
-2.7755575615628914e-16
40
0.6349999999999878
210
0
220
0
230
1
100
AcDbArc
50
260.00000000006708
51
349.99999999987216
0
LINE
5
502
100
AcDbEntity
8
0
100
AcDbLine
10
-113.04418797258968
20
182.77713131649409
30
-2.7755575615628914e-16
11
-113.60700560342966
21
182.87637125003411
31
-2.7755575615628914e-16
0
LINE
5
503
100
AcDbEntity
8
0
100
AcDbLine
10
-259.35074164744844
20
181.02906818865483
30
-8.3266726846886741e-16
11
-258.64503545341489
21
177.02680948041322
31
-8.3266726846886741e-16
0
LINE
5
504
100
AcDbEntity
8
0
100
AcDbLine
10
-202.65362582055971
20
213.19477448240409
30
-5.5511151231257827e-16
11
-203.49165192597968
21
217.9474566984041
31
-5.5511151231257827e-16
0
LINE
5
505
100
AcDbEntity
8
0
100
AcDbLine
10
-118.46799376842966
20
181.20682705845408
30
-2.7755575615628914e-16
11
-117.9051761375797
21
181.10758712491412
31
-2.7755575615628914e-16
0
LINE
5
506
100
AcDbEntity
8
0
100
AcDbLine
10
-247.97223589012214
20
166.66409858539367
30
-8.3266726846886741e-16
11
-252.90001692464969
21
165.79519783398408
31
-8.3266726846886741e-16
0
LINE
5
507
100
AcDbEntity
8
0
100
AcDbLine
10
-207.48106998553865
20
214.76256167394143
30
-5.5511151231257827e-16
11
-208.0438876163997
21
214.66332174040411
31
-5.5511151231257827e-16
0
LINE
5
508
100
AcDbEntity
8
0
100
AcDbLine
10
-221.80165192597968
20
212.23745669840412
30
-5.5511151231257827e-16
11
-222.36446955682578
21
212.13821676493839
31
-5.5511151231257827e-16
0
ARC
5
509
100
AcDbEntity
8
0
100
AcDbCircle
10
-196.85688296695972
20
209.57436617820409
30
-5.5511151231257827e-16
40
0.6349999999999929
210
0
220
0
230
1
100
AcDbArc
50
190.00000000728124
51
279.99999999955008
0
ARC
5
510
100
AcDbEntity
8
0
100
AcDbCircle
10
-62.139283774711664
20
168.56744595565408
30
-2.7755575615628914e-16
40
0.25399999999999862
210
0
220
0
230
1
100
AcDbArc
50
-10.000000000575797
51
79.999999999892509
0
LINE
5
511
100
AcDbEntity
8
0
100
AcDbLine
10
-113.81304013557587
20
183.17061905642518
30
-2.7755575615628914e-16
11
-113.10733394152979
21
187.17287776467342
31
-2.7755575615628914e-16
0
LINE
5
512
100
AcDbEntity
8
0
100
AcDbLine
10
-56.796584135576033
20
177.92886205642432
30
-2.7755575615628914e-16
11
-56.090877941536803
21
181.93112076467327
31
-2.7755575615628914e-16
0
ARC
5
513
100
AcDbEntity
8
0
100
AcDbCircle
10
-124.5646857137997
20
230.28656579560416
30
-2.7755575615628914e-16
40
0.25399999999999567
210
0
220
-0
230
1
100
AcDbArc
50
80.000000003002441
51
169.99999999697587
0
LINE
5
514
100
AcDbEntity
8
0
100
AcDbLine
10
-258.1387173632142
20
194.03425029707336
30
-8.3266726846886741e-16
11
-258.8444235572498
21
198.03650900531483
31
-8.3266726846886741e-16
0
LINE
5
515
100
AcDbEntity
8
0
100
AcDbLine
10
-117.62996766300969
20
185.95950927449408
30
-2.7755575615628914e-16
11
-118.46799376842966
21
181.20682705845408
31
-2.7755575615628914e-16
0
ARC
5
516
100
AcDbEntity
8
0
100
AcDbCircle
10
-123.61588148155971
20
235.78732682460412
30
-2.7755575615628914e-16
40
0.25399999999999079
210
0
220
0
230
1
100
AcDbArc
50
169.9999999966634
51
260.00000000301435
0
LINE
5
517
100
AcDbEntity
8
0
100
AcDbLine
10
-107.13717852616924
20
187.02289254388657
30
-2.7755575615628914e-16
11
-103.38506098719969
21
186.36129298697409
31
-2.7755575615628914e-16
0
LINE
5
518
100
AcDbEntity
8
0
100
AcDbLine
10
-257.71879607373523
20
171.77384492584491
30
-8.3266726846886741e-16
11
-257.01308987969969
21
167.7715862176041
31
-8.3266726846886741e-16
0
LINE
5
519
100
AcDbEntity
8
0
100
AcDbLine
10
-240.22388761639971
20
177.57332074048404
30
-5.5511151231257827e-16
11
-239.3858615109697
21
172.82063852444409
31
-5.5511151231257827e-16
0
LINE
5
520
100
AcDbEntity
8
0
100
AcDbLine
10
-231.68223589012212
20
184.09409858539368
30
-5.5511151231257827e-16
11
-236.61007255194289
21
183.22518802539145
31
-5.5511151231257827e-16
0
ARC
5
521
100
AcDbEntity
8
0
100
AcDbCircle
10
-52.510736772271649
20
200.66701412750407
30
-2.7755575615628914e-16
40
0.25400000000001483
210
0
220
-0
230
1
100
AcDbArc
50
77.148541351250117
51
170.00000000607815
0
LINE
5
522
100
AcDbEntity
8
0
100
AcDbLine
10
-208.0438876163997
20
214.66332174040411
30
-5.5511151231257827e-16
11
-207.2058615109697
21
209.91063952440413
31
-5.5511151231257827e-16
0
LINE
5
523
100
AcDbEntity
8
0
100
AcDbLine
10
-259.41388761639973
20
176.63332174048404
30
-8.3266726846886741e-16
11
-258.57586151096973
21
171.88063952444409
31
-8.3266726846886741e-16
0
ARC
5
524
100
AcDbEntity
8
0
100
AcDbCircle
10
-237.37233681426972
20
187.47539237963409
30
-5.5511151231257827e-16
40
0.25399999999997303
210
0
220
0
230
1
100
AcDbArc
50
100.00000000038224
51
189.99999999816438
0
ARC
5
525
100
AcDbEntity
8
0
100
AcDbCircle
10
-200.75857619394969
20
199.38835693420413
30
-5.5511151231257827e-16
40
0.25399999999998168
210
0
220
0
230
1
100
AcDbArc
50
190.00000001631821
51
279.99999999920266
0
ARC
5
526
100
AcDbEntity
8
0
100
AcDbCircle
10
-233.35663062023968
20
164.68313367139413
30
-5.5511151231257827e-16
40
0.2539999999999954
210
0
220
0
230
1
100
AcDbArc
50
190.0000000007837
51
282.85145864962374
0
LINE
5
527
100
AcDbEntity
8
0
100
AcDbLine
10
-201.00871736320221
20
199.34425029700549
30
-5.5511151231257827e-16
11
-201.71442355725006
21
203.34650900530613
31
-5.5511151231257827e-16
0
LINE
5
528
100
AcDbEntity
8
0
100
AcDbLine
10
-258.57586151096973
20
171.88063952444409
30
-8.3266726846886741e-16
11
-258.01304388012971
21
171.97987945798414
31
-8.3266726846886741e-16
0
LINE
5
529
100
AcDbEntity
8
0
100
AcDbLine
10
-204.68074164743939
20
200.32906718860389
30
-5.5511151231257827e-16
11
-203.9750354534097
21
196.32680848041412
31
-5.5511151231257827e-16
0
LINE
5
530
100
AcDbEntity
8
0
100
AcDbLine
10
-134.03868298149865
20
174.79255120048356
30
-2.7755575615628914e-16
11
-104.44846808533241
21
165.73151922834057
31
-2.7755575615628914e-16
0
ARC
5
531
100
AcDbEntity
8
0
100
AcDbCircle
10
-118.96744511898966
20
229.55753962070412
30
-2.7755575615628914e-16
40
0.63499999999999424
210
0
220
-0
230
1
100
AcDbArc
50
79.99999999888405
51
170.00000000160307
0
ARC
5
532
100
AcDbEntity
8
0
100
AcDbCircle
10
-257.96893724299969
20
171.72973828871406
30
-8.3266726846886741e-16
40
0.2539999999999954
210
0
220
-0
230
1
100
AcDbArc
50
10.000000000792257
51
100.00000000038871
0
ARC
5
533
100
AcDbEntity
8
0
100
AcDbCircle
10
-221.79573810742968
20
186.0952732486241
30
-5.5511151231257827e-16
40
0.254000000000008
210
0
220
0
230
1
100
AcDbArc
50
-79.999999999619973
51
9.9999999992153157
0
ARC
5
534
100
AcDbEntity
8
0
100
AcDbCircle
10
-203.1723368142697
20
212.8453933796041
30
-5.5511151231257827e-16
40
0.25399999999999434
210
0
220
0
230
1
100
AcDbArc
50
99.9999999992027
51
189.99999999373321
0
ARC
5
535
100
AcDbEntity
8
0
100
AcDbCircle
10
-55.828229713807659
20
181.88480879568408
30
-2.7755575615628914e-16
40
0.25399999999999501
210
0
220
-0
230
1
100
AcDbArc
50
80.000000000282469
51
169.99999999883184
0
ARC
5
536
100
AcDbEntity
8
0
100
AcDbCircle
10
-227.30476542797973
20
184.86596473512409
30
-5.5511151231257827e-16
40
0.63500000000000179
210
0
220
0
230
1
100
AcDbArc
50
-79.99999999982002
51
10.00000000017995
0
LINE
5
537
100
AcDbEntity
8
0
100
AcDbLine
10
-227.25388761639971
20
213.75332174040409
30
-5.5511151231257827e-16
11
-226.41586151096973
21
209.00063952440411
31
-5.5511151231257827e-16
0
LINE
5
538
100
AcDbEntity
8
0
100
AcDbLine
10
-97.124985709289319
20
168.26539579362344
30
-2.7755575615628914e-16
11
-96.419279515250651
21
172.26765450186411
31
-2.7755575615628914e-16
0
LINE
5
539
100
AcDbEntity
8
0
100
AcDbLine
10
-91.978663084165134
20
167.10004190396418
30
-2.7755575615628914e-16
11
-96.906444118687659
21
167.96894265537415
31
-2.7755575615628914e-16
0
ARC
5
540
100
AcDbEntity
8
0
100
AcDbCircle
10
-189.21517662267971
20
220.7227028432041
30
-5.5511151231257827e-16
40
0.25400000000002892
210
0
220
0
230
1
100
AcDbArc
50
-79.999999996866876
51
10.000000015931233
0
ARC
5
541
100
AcDbEntity
8
0
100
AcDbCircle
10
-204.94338987517966
20
200.2827552196041
30
-5.5511151231257827e-16
40
0.2540000000000126
210
0
220
-0
230
1
100
AcDbArc
50
10.000000003017258
51
99.999999999217536
0
ARC
5
542
100
AcDbEntity
8
0
100
AcDbCircle
10
-207.52517662267968
20
215.0127028432041
30
-5.5511151231257827e-16
40
0.25399999999998779
210
0
220
0
230
1
100
AcDbArc
50
-79.999999996877264
51
10.000000015933468
0
LINE
5
543
100
AcDbEntity
8
0
100
AcDbLine
10
-92.15658413557604
20
196.26886205642438
30
-2.7755575615628914e-16
11
-91.450877941536973
21
200.27112076460216
31
-2.7755575615628914e-16
0
ARC
5
544
100
AcDbEntity
8
0
100
AcDbCircle
10
-204.0985761939497
20
218.0983579342041
30
-5.5511151231257827e-16
40
0.2539999999999879
210
0
220
0
230
1
100
AcDbArc
50
190.00000001631929
51
279.99999999921533
0
ARC
5
545
100
AcDbEntity
8
0
100
AcDbCircle
10
-51.495881481560666
20
206.17732682460414
30
-2.7755575615628914e-16
40
0.25399999999999806
210
0
220
0
230
1
100
AcDbArc
50
169.99999999690479
51
260.00000000145775
0
ARC
5
546
100
AcDbEntity
8
0
100
AcDbCircle
10
-114.35473662201966
20
233.89641875420409
30
-2.7755575615628914e-16
40
0.63499999999999768
210
0
220
0
230
1
100
AcDbArc
50
260.00000000044906
51
350.00000000160122
0
ARC
5
547
100
AcDbEntity
8
0
100
AcDbCircle
10
-54.55304439503665
20
211.43041051020415
30
-2.7755575615628914e-16
40
0.2539999999999798
210
0
220
0
230
1
100
AcDbArc
50
260.00000000145349
51
349.99999998390314
0
LINE
5
548
100
AcDbEntity
8
0
100
AcDbLine
10
-203.49165192597968
20
217.9474566984041
30
-5.5511151231257827e-16
11
-204.05446955682572
21
217.8482167649384
31
-5.5511151231257827e-16
0
ARC
5
549
100
AcDbEntity
8
0
100
AcDbCircle
10
-43.294988968749657
20
166.00518724741417
30
-2.7755575615628914e-16
40
0.25400000000000289
210
0
220
0
230
1
100
AcDbArc
50
257.14854135010859
51
349.99999999941156
0
LINE
5
550
100
AcDbEntity
8
0
100
AcDbLine
10
-191.41672831916455
20
165.73151922834117
30
-5.5511151231257827e-16
11
-161.82651342300031
21
174.7925512004835
31
-1.4988010832439613e-14
0
LINE
5
551
100
AcDbEntity
8
0
100
AcDbLine
10
-226.41586151096973
20
209.00063952440411
30
-5.5511151231257827e-16
11
-225.85304388012972
21
209.09987945790408
31
-5.5511151231257827e-16
0
ARC
5
552
100
AcDbEntity
8
0
100
AcDbCircle
10
-236.66663062023972
20
183.47313367139409
30
-5.5511151231257827e-16
40
0.25399999999998923
210
0
220
0
230
1
100
AcDbArc
50
190.00000000077847
51
282.85145864965642
0
ARC
5
553
100
AcDbEntity
8
0
100
AcDbCircle
10
-41.663043395036652
20
175.26041051022415
30
-2.7755575615628914e-16
40
0.25399999999999656
210
0
220
0
230
1
100
AcDbArc
50
260.00000000027927
51
349.99999999945658
0
LINE
5
554
100
AcDbEntity
8
0
100
AcDbLine
10
-112.80057907668026
20
187.37670696495059
30
-2.7755575615628914e-16
11
-107.8727980421521
21
186.50780621354454
31
-2.7755575615628914e-16
0
ARC
5
555
100
AcDbEntity
8
0
100
AcDbCircle
10
-93.538388540023632
20
186.96953215649413
30
-2.7755575615628914e-16
40
0.25400000000000483
210
0
220
0
230
1
100
AcDbArc
50
169.99999999941818
51
262.85145864992865
0
LINE
5
556
100
AcDbEntity
8
0
100
AcDbLine
10
-30.956584135579448
20
214.49886205640496
30
0
11
-30.250877941536988
21
218.50112076460221
31
0
0
LINE
5
557
100
AcDbEntity
8
0
100
AcDbLine
10
-116.06719603172516
20
190.06856258133328
30
-2.7755575615628914e-16
11
-116.77290222576966
21
186.06630387309411
31
-2.7755575615628914e-16
0
ARC
5
558
100
AcDbEntity
8
0
100
AcDbCircle
10
-50.80268234598465
20
210.18179086470411
30
-2.7755575615628914e-16
40
0.25400000000000983
210
0
220
-0
230
1
100
AcDbArc
50
79.999999997539277
51
170.00000000611712
0
LINE
5
559
100
AcDbEntity
8
0
100
AcDbLine
10
-184.84644345139358
20
218.66553454886983
30
-5.5511151231257827e-16
11
-184.28362582055971
21
218.76477448240411
31
-5.5511151231257827e-16
0
LINE
5
560
100
AcDbEntity
8
0
100
AcDbLine
10
-259.69255973284595
20
160.63306347221999
30
-8.3266726846886741e-16
11
-243.91192094971012
21
159.13014549287374
31
-4.7184478546569145e-15
0
ARC
5
561
100
AcDbEntity
8
0
100
AcDbCircle
10
-55.479283774711661
20
206.1774459556041
30
-2.7755575615628914e-16
40
0.25399999999999301
210
0
220
0
230
1
100
AcDbArc
50
-9.9999999939166315
51
80.000000001456016
0
ARC
5
562
100
AcDbEntity
8
0
100
AcDbCircle
10
-115.21532758000966
20
228.89594006380409
30
-2.7755575615628914e-16
40
0.63499999999999901
210
0
220
0
230
1
100
AcDbArc
50
-10.000000007281475
51
79.999999999771958
0
LINE
5
563
100
AcDbEntity
8
0
100
AcDbLine
10
-237.41644345139878
20
187.72553354889885
30
-5.5511151231257827e-16
11
-236.85362582055973
21
187.8247734824441
31
-5.5511151231257827e-16
0
LINE
5
564
100
AcDbEntity
8
0
100
AcDbLine
10
-96.824449768430654
20
194.38858405845409
30
-2.7755575615628914e-16
11
-96.261632137584655
21
194.28934412491412
31
-2.7755575615628914e-16
0
ARC
5
565
100
AcDbEntity
8
0
100
AcDbCircle
10
-24.107496027213653
20
165.06739257926412
30
0
40
0.25400000000001205
210
0
220
0
230
1
100
AcDbArc
50
259.99999999988978
51
350.00000000072663
0
ARC
5
566
100
AcDbEntity
8
0
100
AcDbCircle
10
-94.673793200997665
20
203.29442621840411
30
-2.7755575615628914e-16
40
0.25400000000000172
210
0
220
0
230
1
100
AcDbArc
50
-9.999999993909201
51
82.851458650054312
0
ARC
5
567
100
AcDbEntity
8
0
100
AcDbCircle
10
-89.55268234598465
20
209.78179086470416
30
-2.7755575615628914e-16
40
0.2539999999999748
210
0
220
-0
230
1
100
AcDbArc
50
79.99999999754337
51
170.00000000613898
0
LINE
5
568
100
AcDbEntity
8
0
100
AcDbLine
10
-181.01677178950416
20
195.59902703426329
30
-5.5511151231257827e-16
11
-181.72247798353962
21
199.6012857425041
31
-5.5511151231257827e-16
0
ARC
5
569
100
AcDbEntity
8
0
100
AcDbCircle
10
-93.711444968749632
20
208.7969442474041
30
-2.7755575615628914e-16
40
0.25399999999997558
210
0
220
0
230
1
100
AcDbArc
50
257.14854135197044
51
349.99999998387051
0
LINE
5
570
100
AcDbEntity
8
0
100
AcDbLine
10
-18.187196031732999
20
197.01856258133418
30
0
11
-18.892902225770648
21
193.01630387309413
31
0
0
ARC
5
571
100
AcDbEntity
8
0
100
AcDbCircle
10
-99.736855161002666
20
228.94801831110414
30
-2.7755575615628914e-16
40
0.63499999999998802
210
0
220
0
230
1
100
AcDbArc
50
170.00000000163743
51
260.00000000063062
0
LINE
5
572
100
AcDbEntity
8
0
100
AcDbLine
10
-89.419142605441877
20
231.51333931850328
30
-2.7755575615628914e-16
11
-90.124848799496959
21
227.51108061020631
31
-2.7755575615628914e-16
0
ARC
5
573
100
AcDbEntity
8
0
100
AcDbCircle
10
-179.75428238798966
20
190.17061564244412
30
-5.5511151231257827e-16
40
0.25399999999997391
210
0
220
0
230
1
100
AcDbArc
50
97.148541349255467
51
190.00000000077847
0
ARC
5
574
100
AcDbEntity
8
0
100
AcDbCircle
10
-90.245881481560687
20
205.7773268246041
30
-2.7755575615628914e-16
40
0.25399999999999806
210
0
220
0
230
1
100
AcDbArc
50
169.99999999690479
51
260.00000000146116
0
ARC
5
575
100
AcDbEntity
8
0
100
AcDbCircle
10
-95.984737622025662
20
228.28641875420413
30
-2.7755575615628914e-16
40
0.63499999999997103
210
0
220
0
230
1
100
AcDbArc
50
260.00000000053802
51
350.0000000016455
0
ARC
5
576
100
AcDbEntity
8
0
100
AcDbCircle
10
-173.8306304699897
20
210.79372904470409
30
-5.5511151231257827e-16
40
0.63499999999998602
210
0
220
-0
230
1
100
AcDbArc
50
9.9999999983990762
51
100.0000000011172
0
ARC
5
577
100
AcDbEntity
8
0
100
AcDbCircle
10
-110.39949939502968
20
223.66216751020409
30
-2.7755575615628914e-16
40
0.25399999999999434
210
0
220
0
230
1
100
AcDbArc
50
260.00000000079513
51
349.99999998367889
0
LINE
5
578
100
AcDbEntity
8
0
100
AcDbLine
10
-12.929129694824688
20
222.33718459880293
30
0
11
-27.701391694829649
21
222.33718959880409
31
0
0
LINE
5
579
100
AcDbEntity
8
0
100
AcDbLine
10
-23.333518656856146
20
198.18391647099418
30
0
11
-18.405681995040879
21
197.31500591099154
31
0
0
LINE
5
580
100
AcDbEntity
8
0
100
AcDbLine
10
-10.88933477494235
20
164.37466415833637
30
0
11
-2.5986021770166445
21
209.95827414080409
31
0
0
LINE
5
581
100
AcDbEntity
8
0
100
AcDbLine
10
-192.74301460179009
20
186.47748241095653
30
-5.5511151231257827e-16
11
-188.99089706280844
21
187.13908196786684
31
-5.5511151231257827e-16
0
ARC
5
582
100
AcDbEntity
8
0
100
AcDbCircle
10
-168.23338987517968
20
211.52275521960411
30
-5.5511151231257827e-16
40
0.25399999999998374
210
0
220
-0
230
1
100
AcDbArc
50
10.000000003030959
51
99.999999999215305
0
LINE
5
583
100
AcDbEntity
8
0
100
AcDbLine
10
-168.03388761639968
20
207.17332074040402
30
-5.5511151231257827e-16
11
-167.19586151096973
21
202.4206385244041
31
-5.5511151231257827e-16
0
ARC
5
584
100
AcDbEntity
8
0
100
AcDbCircle
10
-168.0547654279797
20
178.30596473512406
30
-5.5511151231257827e-16
40
0.635000000000008
210
0
220
0
230
1
100
AcDbArc
50
-79.999999999819153
51
10.000000000180389
0
LINE
5
585
100
AcDbEntity
8
0
100
AcDbLine
10
-178.4416519259797
20
186.01745569847409
30
-5.5511151231257827e-16
11
-179.00446955681889
21
185.91821576493959
31
-5.5511151231257827e-16
0
ARC
5
586
100
AcDbEntity
8
0
100
AcDbCircle
10
-165.89573810742974
20
198.26527324862411
30
-5.5511151231257827e-16
40
0.25400000000004302
210
0
220
0
230
1
100
AcDbArc
50
-79.999999999621096
51
9.9999999992257198
0
ARC
5
587
100
AcDbEntity
8
0
100
AcDbCircle
10
-108.59484454001966
20
211.42128915640413
30
-2.7755575615628914e-16
40
0.25400000000000539
210
0
220
0
230
1
100
AcDbArc
50
169.99999998367025
51
262.85145865097121
0
LINE
5
588
100
AcDbEntity
8
0
100
AcDbLine
10
-37.665758078011649
20
171.84269210046409
30
0
11
-36.827731972590655
21
176.59537431649414
31
0
0
ARC
5
589
100
AcDbEntity
8
0
100
AcDbCircle
10
-99.321192622025691
20
209.52817575420411
30
-2.7755575615628914e-16
40
0.6350000000000029
210
0
220
0
230
1
100
AcDbArc
50
260.00000000054018
51
350.00000000164795
0
ARC
5
590
100
AcDbEntity
8
0
100
AcDbCircle
10
-91.38630025946064
20
222.0566315503041
30
-2.7755575615628914e-16
40
0.25399999999999806
210
0
220
0
230
1
100
AcDbArc
50
-10.000000003088893
51
79.999999997540399
0
LINE
5
591
100
AcDbEntity
8
0
100
AcDbLine
10
-46.612207084168553
20
205.05828490390482
30
-2.7755575615628914e-16
11
-51.539988118681705
21
205.92718565533789
31
-2.7755575615628914e-16
0
ARC
5
592
100
AcDbEntity
8
0
100
AcDbCircle
10
-103.94744511898966
20
205.18753962070409
30
-2.7755575615628914e-16
40
0.63499999999996226
210
0
220
-0
230
1
100
AcDbArc
50
79.99999999888233
51
170.00000000159801
0
ARC
5
593
100
AcDbEntity
8
0
100
AcDbCircle
10
-15.823043395036649
20
211.8304105102041
30
0
40
0.25399999999997824
210
0
220
0
230
1
100
AcDbArc
50
260.00000000145627
51
349.99999998391331
0
ARC
5
594
100
AcDbEntity
8
0
100
AcDbCircle
10
-23.958871580018645
20
198.29418306381413
30
0
40
0.63500000000000112
210
0
220
0
230
1
100
AcDbArc
50
-10.000000000133115
51
80.000000000001208
0
ARC
5
595
100
AcDbEntity
8
0
100
AcDbCircle
10
-100.19532758001866
20
204.52594006380409
30
-2.7755575615628914e-16
40
0.63499999999999401
210
0
220
0
230
1
100
AcDbArc
50
-10.000000007237201
51
79.999999999064798
0
ARC
5
596
100
AcDbEntity
8
0
100
AcDbCircle
10
-100.64744511899569
20
223.94753962070411
30
-2.7755575615628914e-16
40
0.63500000000000245
210
0
220
-0
230
1
100
AcDbArc
50
79.999999998972584
51
170.00000000150757
0
ARC
5
597
100
AcDbEntity
8
0
100
AcDbCircle
10
-93.005738774711645
20
212.79920295560413
30
-2.7755575615628914e-16
40
0.25400000000000172
210
0
220
0
230
1
100
AcDbArc
50
-9.9999999939155622
51
80.000000001454893
0
ARC
5
598
100
AcDbEntity
8
0
100
AcDbCircle
10
-89.669283774711644
20
231.55744595560409
30
-2.7755575615628914e-16
40
0.25400000000000172
210
0
220
0
230
1
100
AcDbArc
50
-9.9999999939103716
51
80.000000001459313
0
ARC
5
599
100
AcDbEntity
8
0
100
AcDbCircle
10
-27.710989118995649
20
198.95578262072411
30
0
40
0.63499999999999912
210
0
220
-0
230
1
100
AcDbArc
50
79.999999998660186
51
169.99999999985388
0
LINE
5
600
100
AcDbEntity
8
0
100
AcDbLine
10
-166.33879607373004
20
202.31384392580583
30
-5.5511151231257827e-16
11
-165.63308987969978
21
198.31158521760457
31
-5.5511151231257827e-16
0
LINE
5
601
100
AcDbEntity
8
0
100
AcDbLine
10
-92.686423663009663
20
217.90126627440412
30
-2.7755575615628914e-16
11
-93.524449768430628
21
213.14858405840411
31
-2.7755575615628914e-16
0
LINE
5
602
100
AcDbEntity
8
0
100
AcDbLine
10
-183.08388761639972
20
182.89332074048411
30
-5.5511151231257827e-16
11
-182.24586151096969
21
178.14063852444409
31
-5.5511151231257827e-16
0
LINE
5
603
100
AcDbEntity
8
0
100
AcDbLine
10
-174.34301460179012
20
192.02748241095648
30
-5.5511151231257827e-16
11
-170.59089706280969
21
192.6890819678741
31
-5.5511151231257827e-16
0
ARC
5
604
100
AcDbEntity
8
0
100
AcDbCircle
10
-175.1568829669597
20
196.37436517821413
30
-5.5511151231257827e-16
40
0.63499999999998946
210
0
220
0
230
1
100
AcDbArc
50
190.00000000017232
51
280.00000000017747
0
LINE
5
605
100
AcDbEntity
8
0
100
AcDbLine
10
-88.107731972590656
20
214.68537431640411
30
-2.7755575615628914e-16
11
-88.670549603436655
21
214.78461425000407
31
-2.7755575615628914e-16
0
LINE
5
606
100
AcDbEntity
8
0
100
AcDbLine
10
-26.65351865685615
20
179.44391647099422
30
0
11
-21.725737622333654
21
178.57501571958412
31
0
0
ARC
5
607
100
AcDbEntity
8
0
100
AcDbCircle
10
-109.55719277226969
20
205.9187711275041
30
-2.7755575615628914e-16
40
0.25400000000001738
210
0
220
-0
230
1
100
AcDbArc
50
77.148541348290465
51
170.00000000587605
0
LINE
5
608
100
AcDbEntity
8
0
100
AcDbLine
10
-106.2005790766854
20
224.92670696487153
30
-2.7755575615628914e-16
11
-101.27279804216136
21
224.05780621350615
31
-2.7755575615628914e-16
0
ARC
5
609
100
AcDbEntity
8
0
100
AcDbCircle
10
-171.40476542797967
20
197.03596473512408
30
-5.5511151231257827e-16
40
0.63500000000002443
210
0
220
0
230
1
100
AcDbArc
50
-79.999999999828049
51
10.000000000176984
0
LINE
5
610
100
AcDbEntity
8
0
100
AcDbLine
10
-90.187994768430627
20
231.90682705840408
30
-2.7755575615628914e-16
11
-89.625177137590612
21
231.80758712487034
31
-2.7755575615628914e-16
0
ARC
5
611
100
AcDbEntity
8
0
100
AcDbCircle
10
-88.743044395036662
20
236.81041051020412
30
-2.7755575615628914e-16
40
0.25399999999998135
210
0
220
0
230
1
100
AcDbArc
50
260.00000000145502
51
349.99999998390751
0
LINE
5
612
100
AcDbEntity
8
0
100
AcDbLine
10
-171.29449883515929
20
196.41061181196164
30
-5.5511151231257827e-16
11
-175.04661637413926
21
195.74901225505172
31
-5.5511151231257827e-16
0
ARC
5
613
100
AcDbEntity
8
0
100
AcDbCircle
10
-162.53323104895966
20
179.5374785804741
30
-5.5511151231257827e-16
40
0.25400000000000023
210
0
220
0
230
1
100
AcDbArc
50
-82.851458650823275
51
10.000000000778703
0
ARC
5
614
100
AcDbEntity
8
0
100
AcDbCircle
10
-16.749282774711649
20
206.57744595560416
30
0
40
0.25400000000000356
210
0
220
0
230
1
100
AcDbArc
50
-9.9999999939222803
51
80.000000001456144
0
LINE
5
615
100
AcDbEntity
8
0
100
AcDbLine
10
-167.47106998553861
20
207.27256067394143
30
-5.5511151231257827e-16
11
-168.03388761639968
21
207.17332074040402
31
-5.5511151231257827e-16
0
LINE
5
616
100
AcDbEntity
8
0
100
AcDbLine
10
-36.827731972590655
20
176.59537431649414
30
0
11
-37.390549603435829
21
176.6946142500388
31
0
0
ARC
5
617
100
AcDbEntity
8
0
100
AcDbCircle
10
-20.069282774711645
20
187.80744595565412
30
0
40
0.2539999999999964
210
0
220
0
230
1
100
AcDbArc
50
-10.000000000576101
51
79.999999999890932
0
LINE
5
618
100
AcDbEntity
8
0
100
AcDbLine
10
-167.97074164744114
20
211.56906718860367
30
-5.5511151231257827e-16
11
-167.26503545340972
21
207.56680848040412
31
-5.5511151231257827e-16
0
ARC
5
619
100
AcDbEntity
8
0
100
AcDbCircle
10
-96.895327580018673
20
223.28594006380413
30
-2.7755575615628914e-16
40
0.63500000000000012
210
0
220
0
230
1
100
AcDbArc
50
-10.000000007239542
51
79.999999999061146
0
ARC
5
620
100
AcDbEntity
8
0
100
AcDbCircle
10
-15.129844259460651
20
215.83487455030411
30
0
40
0.25399999999999767
210
0
220
0
230
1
100
AcDbArc
50
-10.000000003101768
51
79.999999997538652
0
ARC
5
621
100
AcDbEntity
8
0
100
AcDbCircle
10
-17.454988968749653
20
202.5751872474041
30
0
40
0.25399999999998757
210
0
220
0
230
1
100
AcDbArc
50
257.14854135203257
51
349.99999998387113
0
LINE
5
622
100
AcDbEntity
8
0
100
AcDbLine
10
-33.264178703971076
20
199.93495977354544
30
0
11
-28.336342042158122
21
199.0660492135442
31
0
0
ARC
5
623
100
AcDbEntity
8
0
100
AcDbCircle
10
-180.76663062023968
20
195.64313367139408
30
-5.5511151231257827e-16
40
0.25399999999998923
210
0
220
0
230
1
100
AcDbArc
50
190.00000000077847
51
282.85145864964244
0
LINE
5
624
100
AcDbEntity
8
0
100
AcDbLine
10
-20.58799376843065
20
188.1568270584541
30
0
11
-20.025176137583763
21
188.05758712491917
31
0
0
LINE
5
625
100
AcDbEntity
8
0
100
AcDbLine
10
-37.596584135576016
20
176.98886205642438
30
0
11
-36.890877941536651
21
180.99112076467412
31
0
0
LINE
5
626
100
AcDbEntity
8
0
100
AcDbLine
10
-179.78593759394306
20
190.42295233497344
30
-5.5511151231257827e-16
11
-174.85810093212967
21
191.29186289497409
31
-5.5511151231257827e-16
0
LINE
5
627
100
AcDbEntity
8
0
100
AcDbLine
10
-22.507150032162816
20
174.07026934095882
30
0
11
-23.069967663009653
21
174.16950927449417
31
0
0
LINE
5
628
100
AcDbEntity
8
0
100
AcDbLine
10
-39.228529709289319
20
167.7336387936235
30
0
11
-38.52282351525065
21
171.73589750186409
31
0
0
ARC
5
629
100
AcDbEntity
8
0
100
AcDbCircle
10
-37.346442966309645
20
176.9447554193041
30
0
40
0.254
210
0
220
0
230
1
100
AcDbArc
50
170.00000000163163
51
260.00000000027813
0
ARC
5
630
100
AcDbEntity
8
0
100
AcDbCircle
10
-22.463043395036649
20
174.32041051022412
30
0
40
0.25399999999999501
210
0
220
0
230
1
100
AcDbArc
50
260.00000000028211
51
349.99999999946289
0
LINE
5
631
100
AcDbEntity
8
0
100
AcDbLine
10
-165.85163147030067
20
198.01513207935926
30
-5.5511151231257827e-16
11
-170.77941250481723
21
197.14623132794452
31
-5.5511151231257827e-16
0
ARC
5
632
100
AcDbEntity
8
0
100
AcDbCircle
10
-19.143043395036649
20
193.06041051022413
30
0
40
0.2539999999999939
210
0
220
0
230
1
100
AcDbArc
50
260.00000000028325
51
349.99999999945783
0
LINE
5
633
100
AcDbEntity
8
0
100
AcDbLine
10
-173.20527754682388
20
210.90399563750512
30
-5.5511151231257827e-16
11
-168.27749651230366
21
211.77289638886981
31
-5.5511151231257827e-16
0
ARC
5
634
100
AcDbEntity
8
0
100
AcDbCircle
10
-198.15428238798972
20
184.62061564244408
30
-5.5511151231257827e-16
40
0.25399999999997391
210
0
220
0
230
1
100
AcDbArc
50
97.148541349255467
51
190.00000000077128
0
LINE
5
635
100
AcDbEntity
8
0
100
AcDbLine
10
-23.139141605446998
20
169.02333931852414
30
0
11
-23.844847799484729
21
165.0210806102836
31
0
0
ARC
5
636
100
AcDbEntity
8
0
100
AcDbCircle
10
-192.63274800896968
20
185.85212948779412
30
-5.5511151231257827e-16
40
0.63499999999999568
210
0
220
0
230
1
100
AcDbArc
50
100.00000000017492
51
190.00000000017482
0
ARC
5
637
100
AcDbEntity
8
0
100
AcDbCircle
10
-164.16517662267972
20
188.79270184328414
30
-5.5511151231257827e-16
40
0.25400000000002426
210
0
220
0
230
1
100
AcDbArc
50
-79.99999999922376
51
10.000000000386299
0
ARC
5
638
100
AcDbEntity
8
0
100
AcDbCircle
10
-110.26289896630969
20
201.91651241930413
30
-2.7755575615628914e-16
40
0.25400000000001083
210
0
220
0
230
1
100
AcDbArc
50
170.00000000588201
51
260.00000000301975
0
LINE
5
639
100
AcDbEntity
8
0
100
AcDbLine
10
-26.495003214843393
20
183.91106583107128
30
0
11
-30.247120753820653
21
184.57266538798407
31
0
0
ARC
5
640
100
AcDbEntity
8
0
100
AcDbCircle
10
-12.929124694829646
20
211.83718459880413
30
0
40
10.500000000010631
210
0
220
0
230
1
100
AcDbArc
50
-10.30824828816295
51
90.000027283677483
0
ARC
5
641
100
AcDbEntity
8
0
100
AcDbCircle
10
-90.374989968749645
20
227.55518724740412
30
-2.7755575615628914e-16
40
0.2540000000000181
210
0
220
0
230
1
100
AcDbArc
50
257.1485413519656
51
349.99999998387159
0
LINE
5
642
100
AcDbEntity
8
0
100
AcDbLine
10
-27.600722526162521
20
199.5811355438843
30
0
11
-23.848604987200158
21
198.91953598697688
31
0
0
LINE
5
643
100
AcDbEntity
8
0
100
AcDbLine
10
-105.50853070927219
20
230.22363879360284
30
-2.7755575615628914e-16
11
-104.80282451524964
21
234.22589750180407
31
-2.7755575615628914e-16
0
LINE
5
644
100
AcDbEntity
8
0
100
AcDbLine
10
-29.815003214843397
20
165.17106583107122
30
0
11
-33.567120753820646
21
165.83266538798412
31
0
0
ARC
5
645
100
AcDbEntity
8
0
100
AcDbCircle
10
-26.384736622025645
20
184.53641875423412
30
0
40
0.63499999999998691
210
0
220
0
230
1
100
AcDbArc
50
260.00000000006821
51
349.99999999986926
0
LINE
5
646
100
AcDbEntity
8
0
100
AcDbLine
10
-91.12365203172152
20
222.01031958130412
30
-2.7755575615628914e-16
11
-91.829358225770662
21
218.00806087300415
31
-2.7755575615628914e-16
0
ARC
5
647
100
AcDbEntity
8
0
100
AcDbCircle
10
-21.769844259460651
20
178.32487455031415
30
0
40
0.25400000000000095
210
0
220
0
230
1
100
AcDbArc
50
-9.9999999992997584
51
80.000000000280053
0
ARC
5
648
100
AcDbEntity
8
0
100
AcDbCircle
10
-23.389282774711649
20
169.06744595565414
30
0
40
0.25400000000000045
210
0
220
0
230
1
100
AcDbArc
50
-10.000000000595032
51
79.999999999888232
0
ARC
5
649
100
AcDbEntity
8
0
100
AcDbCircle
10
-87.920736772271653
20
219.03701412750408
30
-2.7755575615628914e-16
40
0.25400000000000711
210
0
220
-0
230
1
100
AcDbArc
50
77.148541348086709
51
170.00000000607182
0
LINE
5
650
100
AcDbEntity
8
0
100
AcDbLine
10
-88.876584135579421
20
215.07886205640492
30
-2.7755575615628914e-16
11
-88.170877941541448
21
219.08112076460498
31
-2.7755575615628914e-16
0
LINE
5
651
100
AcDbEntity
8
0
100
AcDbLine
10
-167.19586151096973
20
202.4206385244041
30
-5.5511151231257827e-16
11
-166.63304388012966
21
202.5198784579041
31
-5.5511151231257827e-16
0
ARC
5
652
100
AcDbEntity
8
0
100
AcDbCircle
10
-179.04857619394974
20
186.1683569342041
30
-5.5511151231257827e-16
40
0.2539999999999954
210
0
220
0
230
1
100
AcDbArc
50
190.00000000078481
51
280.00000000079001
0
LINE
5
653
100
AcDbEntity
8
0
100
AcDbLine
10
-36.584178703973926
20
181.194959773546
30
0
11
-31.65634204215765
21
180.32604921354414
31
0
0
ARC
5
654
100
AcDbEntity
8
0
100
AcDbCircle
10
-33.456854161002653
20
166.45801831114412
30
0
40
0.63500000000000123
210
0
220
0
230
1
100
AcDbArc
50
169.99999999985388
51
260.00000000000193
0
LINE
5
655
100
AcDbEntity
8
0
100
AcDbLine
10
-38.228575708856773
20
171.94193203399917
30
0
11
-37.665758078011649
21
171.84269210046409
31
0
0
LINE
5
656
100
AcDbEntity
8
0
100
AcDbLine
10
-42.523518656869825
20
199.16391647090663
30
-2.7755575615628914e-16
11
-37.595737622334475
21
198.29501571957948
31
-2.7755575615628914e-16
0
LINE
5
657
100
AcDbEntity
8
0
100
AcDbLine
10
-23.069967663009653
20
174.16950927449417
30
0
11
-23.907993768430646
21
169.41682705845415
31
0
0
ARC
5
658
100
AcDbEntity
8
0
100
AcDbCircle
10
-29.704736622025649
20
165.79641875423414
30
0
40
0.63500000000002121
210
0
220
0
230
1
100
AcDbArc
50
260.00000000006952
51
349.99999999986466
0
ARC
5
659
100
AcDbEntity
8
0
100
AcDbCircle
10
-31.030989118995649
20
180.2157826207241
30
0
40
0.63500000000004053
210
0
220
-0
230
1
100
AcDbArc
50
79.999999999912177
51
169.99999999985152
0
ARC
5
660
100
AcDbEntity
8
0
100
AcDbCircle
10
-38.96588148156065
20
167.68732682463417
30
0
40
0.25399999999999695
210
0
220
0
230
1
100
AcDbArc
50
169.99999999879915
51
259.99999999989092
0
LINE
5
661
100
AcDbEntity
8
0
100
AcDbLine
10
-21.507196031732189
20
178.27856258133357
30
0
11
-22.21290222577197
21
174.27630387309438
31
0
0
LINE
5
662
100
AcDbEntity
8
0
100
AcDbLine
10
-34.082207084165127
20
166.56828490396421
30
0
11
-39.009988118688533
21
167.43718565536912
31
0
0
ARC
5
663
100
AcDbEntity
8
0
100
AcDbCircle
10
-174.23274800896968
20
191.40212948779407
30
-5.5511151231257827e-16
40
0.63500000000000179
210
0
220
0
230
1
100
AcDbArc
50
100.00000000017745
51
190.00000000017482
0
LINE
5
664
100
AcDbEntity
8
0
100
AcDbLine
10
-19.187150032162815
20
192.8102693409588
30
0
11
-19.749967663009649
21
192.90950927449416
31
0
0
ARC
5
665
100
AcDbEntity
8
0
100
AcDbCircle
10
-38.272682345984649
20
171.69179086473409
30
0
40
0.25400000000000972
210
0
220
-0
230
1
100
AcDbArc
50
79.999999999893618
51
169.99999999945788
0
ARC
5
666
100
AcDbEntity
8
0
100
AcDbCircle
10
-27.278871580018649
20
179.55418306381409
30
0
40
0.63499999999999934
210
0
220
0
230
1
100
AcDbArc
50
-10.000000000125532
51
80.000000000001975
0
ARC
5
667
100
AcDbEntity
8
0
100
AcDbCircle
10
-36.640736772271644
20
180.94701412754409
30
0
40
0.25400000000000389
210
0
220
-0
230
1
100
AcDbArc
50
77.148541350108587
51
169.99999999941261
0
LINE
5
668
100
AcDbEntity
8
0
100
AcDbLine
10
-179.29871736321422
20
186.12425029707327
30
-5.5511151231257827e-16
11
-180.00442355725414
21
190.12650900531332
31
-5.5511151231257827e-16
0
ARC
5
669
100
AcDbEntity
8
0
100
AcDbCircle
10
-88.626442966309668
20
215.0347554193041
30
-2.7755575615628914e-16
40
0.25400000000000172
210
0
220
0
230
1
100
AcDbArc
50
170.00000000608907
51
260.00000000146025
0
LINE
5
670
100
AcDbEntity
8
0
100
AcDbLine
10
-164.12106998554893
20
188.5425606740196
30
-5.5511151231257827e-16
11
-164.68388761639969
21
188.4433207404841
31
-5.5511151231257827e-16
0
LINE
5
671
100
AcDbEntity
8
0
100
AcDbLine
10
-100.53717852616597
20
224.5728925438649
30
-2.7755575615628914e-16
11
-96.785060987189922
21
223.91129298696509
31
-2.7755575615628914e-16
0
LINE
5
672
100
AcDbEntity
8
0
100
AcDbLine
10
-19.749967663009649
20
192.90950927449416
30
0
11
-20.58799376843065
21
188.1568270584541
31
0
0
LINE
5
673
100
AcDbEntity
8
0
100
AcDbLine
10
-169.85527754682727
20
192.17399563752448
30
-5.5511151231257827e-16
11
-164.92744088501595
21
193.04290619752692
31
-5.5511151231257827e-16
0
ARC
5
674
100
AcDbEntity
8
0
100
AcDbCircle
10
-170.48063046998973
20
192.06372904470413
30
-5.5511151231257827e-16
40
0.63499999999999568
210
0
220
-0
230
1
100
AcDbArc
50
10.00000000016896
51
100.00000000001606
0
LINE
5
675
100
AcDbEntity
8
0
100
AcDbLine
10
-96.269974656869849
20
223.17567347090662
30
-2.7755575615628914e-16
11
-91.342193622322498
21
222.30677271956733
31
-2.7755575615628914e-16
0
LINE
5
676
100
AcDbEntity
8
0
100
AcDbLine
10
-20.83154703704739
20
183.55724160141224
30
0
11
-25.759383698863157
21
184.42615216141419
31
0
0
LINE
5
677
100
AcDbEntity
8
0
100
AcDbLine
10
-175.78223589012211
20
196.26409858539375
30
-5.5511151231257827e-16
11
-180.71007255194286
21
195.39518802539138
31
-5.5511151231257827e-16
0
ARC
5
678
100
AcDbEntity
8
0
100
AcDbCircle
10
-20.774988968749653
20
183.80518724741415
30
0
40
0.25400000000000483
210
0
220
0
230
1
100
AcDbArc
50
257.148541350107
51
349.99999999941127
0
ARC
5
679
100
AcDbEntity
8
0
100
AcDbCircle
10
-164.8708828167097
20
192.7949605515241
30
-5.5511151231257827e-16
40
0.2539999999999954
210
0
220
-0
230
1
100
AcDbArc
50
10.000000000784821
51
102.85145865174678
0
LINE
5
680
100
AcDbEntity
8
0
100
AcDbLine
10
-23.907993768430646
20
169.41682705845415
30
0
11
-23.34517613758376
21
169.31758712491916
31
0
0
ARC
5
681
100
AcDbEntity
8
0
100
AcDbCircle
10
-201.64338987517968
20
181.50275521967413
30
-5.5511151231257827e-16
40
0.25400000000001283
210
0
220
-0
230
1
100
AcDbArc
50
9.9999999992342552
51
100.00000000078259
0
LINE
5
682
100
AcDbEntity
8
0
100
AcDbLine
10
-182.52106998554891
20
182.99256067401959
30
-5.5511151231257827e-16
11
-183.08388761639972
21
182.89332074048411
31
-5.5511151231257827e-16
0
LINE
5
683
100
AcDbEntity
8
0
100
AcDbLine
10
-178.16644345139878
20
181.16553354889888
30
-5.5511151231257827e-16
11
-177.60362582055973
21
181.26477348244407
31
-5.5511151231257827e-16
0
LINE
5
684
100
AcDbEntity
8
0
100
AcDbLine
10
-24.151602664341535
20
164.8172514099991
30
0
11
-29.079383698863133
21
165.68615216141416
31
0
0
LINE
5
685
100
AcDbEntity
8
0
100
AcDbLine
10
-103.9457590780097
20
234.3326921004041
30
-2.7755575615628914e-16
11
-103.10773297258969
21
239.08537431640411
31
-2.7755575615628914e-16
0
ARC
5
686
100
AcDbEntity
8
0
100
AcDbCircle
10
-214.16412356176971
20
165.62533900325408
30
-5.5511151231257827e-16
40
0.25400000000000961
210
0
220
0
230
1
100
AcDbArc
50
190.00000000112317
51
279.99999999816964
0
LINE
5
687
100
AcDbEntity
8
0
100
AcDbLine
10
-19.819141605446994
20
187.7633393185242
30
0
11
-20.524847799485002
21
183.76108061028418
31
0
0
ARC
5
688
100
AcDbEntity
8
0
100
AcDbCircle
10
-30.136854161002653
20
185.19801831114418
30
0
40
0.63499999999999335
210
0
220
0
230
1
100
AcDbArc
50
169.99999999986397
51
260.00000000000307
0
LINE
5
689
100
AcDbEntity
8
0
100
AcDbLine
10
-181.51644345139363
20
199.89553354886982
30
-5.5511151231257827e-16
11
-180.95362582055969
21
199.99477348240416
31
-5.5511151231257827e-16
0
LINE
5
690
100
AcDbEntity
8
0
100
AcDbLine
10
-24.280722526165928
20
218.35113554386487
30
0
11
-20.528604987200648
21
217.68953598690413
31
0
0
LINE
5
691
100
AcDbEntity
8
0
100
AcDbLine
10
-108.80160266435071
20
232.9172514099414
30
-2.7755575615628914e-16
11
-113.72938369885382
21
233.78615216140307
31
-2.7755575615628914e-16
0
ARC
5
692
100
AcDbEntity
8
0
100
AcDbCircle
10
-23.064736622025649
20
203.30641875420412
30
0
40
0.63500000000000534
210
0
220
0
230
1
100
AcDbArc
50
260.00000000053956
51
350.00000000165011
0
ARC
5
693
100
AcDbEntity
8
0
100
AcDbCircle
10
-35.64588148156065
20
186.42732682463412
30
0
40
0.25400000000000211
210
0
220
0
230
1
100
AcDbArc
50
169.99999999881231
51
259.99999999988847
0
ARC
5
694
100
AcDbEntity
8
0
100
AcDbCircle
10
-186.45476542797974
20
172.75596473512408
30
-5.5511151231257827e-16
40
0.63500000000000179
210
0
220
0
230
1
100
AcDbArc
50
-79.99999999982002
51
10.000000000181561
0
LINE
5
695
100
AcDbEntity
8
0
100
AcDbLine
10
-92.123606032157724
20
217.80202634093794
30
-2.7755575615628914e-16
11
-92.686423663009663
21
217.90126627440412
31
-2.7755575615628914e-16
0
ARC
5
696
100
AcDbEntity
8
0
100
AcDbCircle
10
-20.638871580018648
20
217.06418306380414
30
0
40
0.63500000000000456
210
0
220
0
230
1
100
AcDbArc
50
-10.000000007234505
51
79.999999999061203
0
LINE
5
697
100
AcDbEntity
8
0
100
AcDbLine
10
-30.920722526176185
20
180.84113554388671
30
0
11
-27.168604987200165
21
180.17953598697687
31
0
0
LINE
5
698
100
AcDbEntity
8
0
100
AcDbLine
10
-107.78914160543971
20
237.12333931850418
30
-2.7755575615628914e-16
11
-108.49484779947932
21
233.12108061020612
31
-2.7755575615628914e-16
0
ARC
5
699
100
AcDbEntity
8
0
100
AcDbCircle
10
-75.378230713807653
20
180.44480879568408
30
-2.7755575615628914e-16
40
0.25399999999999656
210
0
220
-0
230
1
100
AcDbArc
50
80.000000000285169
51
169.99999999884474
0
ARC
5
700
100
AcDbEntity
8
0
100
AcDbCircle
10
-77.02268334598466
20
171.19179086473409
30
-2.7755575615628914e-16
40
0.25400000000001433
210
0
220
-0
230
1
100
AcDbArc
50
79.999999999886654
51
169.99999999945101
0
LINE
5
701
100
AcDbEntity
8
0
100
AcDbLine
10
-128.0741879725897
20
207.17713131640409
30
-2.7755575615628914e-16
11
-128.63700560342394
21
207.27637125003668
31
-2.7755575615628914e-16
0
LINE
5
702
100
AcDbEntity
8
0
100
AcDbLine
10
-180.95362582055969
20
199.99477348240416
30
-5.5511151231257827e-16
11
-181.79165192597969
21
204.74745569840408
31
-5.5511151231257827e-16
0
LINE
5
703
100
AcDbEntity
8
0
100
AcDbLine
10
-106.44418797258966
20
220.32713131640406
30
-2.7755575615628914e-16
11
-107.00700560342395
21
220.42637125003668
31
-2.7755575615628914e-16
0
LINE
5
704
100
AcDbEntity
8
0
100
AcDbLine
10
-128.91221407800967
20
202.4244491004041
30
-2.7755575615628914e-16
11
-128.0741879725897
21
207.17713131640409
31
-2.7755575615628914e-16
0
LINE
5
705
100
AcDbEntity
8
0
100
AcDbLine
10
-128.84304013557932
20
207.57061905640583
30
-2.7755575615628914e-16
11
-128.13733394153931
21
211.57287776460578
31
-2.7755575615628914e-16
0
LINE
5
706
100
AcDbEntity
8
0
100
AcDbLine
10
-23.175003214838263
20
202.68106583104031
30
0
11
-26.9271207538143
21
203.34266538794012
31
0
0
ARC
5
707
100
AcDbEntity
8
0
100
AcDbCircle
10
-77.728389540023656
20
167.1895321564941
30
-2.7755575615628914e-16
40
0.25400000000000483
210
0
220
0
230
1
100
AcDbArc
50
169.99999999940496
51
262.8514586499374
0
ARC
5
708
100
AcDbEntity
8
0
100
AcDbCircle
10
-105.25838954001969
20
230.17953215640406
30
-2.7755575615628914e-16
40
0.25400000000001155
210
0
220
0
230
1
100
AcDbArc
50
169.99999998364967
51
262.85145865097917
0
LINE
5
709
100
AcDbEntity
8
0
100
AcDbLine
10
-204.70449883515928
20
166.39061181196169
30
-5.5511151231257827e-16
11
-208.45661637413929
21
165.72901225505171
31
-5.5511151231257827e-16
0
LINE
5
710
100
AcDbEntity
8
0
100
AcDbLine
10
-164.62074164744521
20
192.83906718865492
30
-5.5511151231257827e-16
11
-163.9150354534149
21
188.83680848041323
31
-5.5511151231257827e-16
0
ARC
5
711
100
AcDbEntity
8
0
100
AcDbCircle
10
-202.59323104895969
20
187.02747858047411
30
-5.5511151231257827e-16
40
0.25400000000000023
210
0
220
0
230
1
100
AcDbArc
50
-82.851458650824085
51
10.000000000771085
0
ARC
5
712
100
AcDbEntity
8
0
100
AcDbCircle
10
-197.44857619394969
20
180.61835693420414
30
-5.5511151231257827e-16
40
0.25399999999998923
210
0
220
0
230
1
100
AcDbArc
50
190.00000000079112
51
280.00000000077131
0
ARC
5
713
100
AcDbEntity
8
0
100
AcDbCircle
10
-79.666300259460655
20
178.85663155031409
30
-2.7755575615628914e-16
40
0.25400000000000095
210
0
220
0
230
1
100
AcDbArc
50
-9.9999999993002167
51
80.000000000284643
0
LINE
5
714
100
AcDbEntity
8
0
100
AcDbLine
10
-100.36220808416856
20
229.05828490390476
30
-2.7755575615628914e-16
11
-105.29004474596886
21
229.92719546389611
31
-2.7755575615628914e-16
0
ARC
5
715
100
AcDbEntity
8
0
100
AcDbCircle
10
-39.964988968749644
20
184.78518724741409
30
-2.7755575615628914e-16
40
0.25400000000001077
210
0
220
0
230
1
100
AcDbArc
50
257.14854135009932
51
349.99999999941735
0
LINE
5
716
100
AcDbEntity
8
0
100
AcDbLine
10
-164.68388761639969
20
188.4433207404841
30
-5.5511151231257827e-16
11
-163.84586151096968
21
183.6906385244441
31
-5.5511151231257827e-16
0
LINE
5
717
100
AcDbEntity
8
0
100
AcDbLine
10
-183.13588196666075
20
209.15296214356684
30
-5.5511151231257827e-16
11
-178.20810093213552
21
210.02186289490308
31
-5.5511151231257827e-16
0
ARC
5
718
100
AcDbEntity
8
0
100
AcDbCircle
10
-24.390989118995652
20
217.72578262070411
30
0
40
0.63500000000000245
210
0
220
-0
230
1
100
AcDbArc
50
79.999999998971518
51
170.00000000162692
0
ARC
5
719
100
AcDbEntity
8
0
100
AcDbCircle
10
-193.51688296695968
20
190.86436517821411
30
-5.5511151231257827e-16
40
0.63500000000000179
210
0
220
0
230
1
100
AcDbArc
50
190.00000000017994
51
280.00000000017496
0
LINE
5
720
100
AcDbEntity
8
0
100
AcDbLine
10
-225.79527754682729
20
179.94399563752452
30
-5.5511151231257827e-16
11
-220.86749651230971
21
180.81289638893409
31
-5.5511151231257827e-16
0
ARC
5
721
100
AcDbEntity
8
0
100
AcDbCircle
10
-99.605738774711654
20
175.24920295565411
30
-2.7755575615628914e-16
40
0.25399999999999862
210
0
220
0
230
1
100
AcDbArc
50
-10.000000000576101
51
79.999999999894086
0
LINE
5
722
100
AcDbEntity
8
0
100
AcDbLine
10
-114.44503170884886
20
178.1236890339986
30
-2.7755575615628914e-16
11
-113.8822140780097
21
178.0244491004641
31
-2.7755575615628914e-16
0
ARC
5
723
100
AcDbEntity
8
0
100
AcDbCircle
10
-88.927445118995649
20
180.7475396207241
30
-2.7755575615628914e-16
40
0.63500000000000711
210
0
220
-0
230
1
100
AcDbArc
50
79.999999999911097
51
169.999999999854
0
LINE
5
724
100
AcDbEntity
8
0
100
AcDbLine
10
-110.2986630841621
20
172.75004190396456
30
-2.7755575615628914e-16
11
-115.22644411867971
21
173.61894265537413
31
-2.7755575615628914e-16
0
ARC
5
725
100
AcDbEntity
8
0
100
AcDbCircle
10
-203.29893724299973
20
191.0297372887141
30
-5.5511151231257827e-16
40
0.2539999999999954
210
0
220
-0
230
1
100
AcDbArc
50
10.000000000783686
51
100.00000000038112
0
ARC
5
726
100
AcDbEntity
8
0
100
AcDbCircle
10
-85.17532758001866
20
180.08594006381404
30
-2.7755575615628914e-16
40
0.63499999999999057
210
0
220
0
230
1
100
AcDbArc
50
-10.000000000122835
51
80.00000000000216
0
LINE
5
727
100
AcDbEntity
8
0
100
AcDbLine
10
-82.048003037047309
20
165.34899860141226
30
-2.7755575615628914e-16
11
-86.975839698862657
21
166.2179091614141
31
-2.7755575615628914e-16
0
ARC
5
728
100
AcDbEntity
8
0
100
AcDbCircle
10
-34.299844259460656
20
216.8148745503041
30
-2.7755575615628914e-16
40
0.25400000000001122
210
0
220
0
230
1
100
AcDbArc
50
-10.000000003088383
51
79.999999997540399
0
LINE
5
729
100
AcDbEntity
8
0
100
AcDbLine
10
-93.788529709288298
20
187.01363879362407
30
-2.7755575615628914e-16
11
-93.082823515250638
21
191.01589750186409
31
-2.7755575615628914e-16
0
ARC
5
730
100
AcDbEntity
8
0
100
AcDbCircle
10
-145.66588248155966
20
220.35732682460412
30
-5.5511151231257827e-16
40
0.25400000000000927
210
0
220
0
230
1
100
AcDbArc
50
169.99999999663811
51
260.00000000300452
0
LINE
5
731
100
AcDbEntity
8
0
100
AcDbLine
10
-45.85351865685616
20
180.38391647099414
30
-2.7755575615628914e-16
11
-40.925737622333649
21
179.51501571958408
31
-2.7755575615628914e-16
0
ARC
5
732
100
AcDbEntity
8
0
100
AcDbCircle
10
-30.706442966309648
20
214.45475541930415
30
0
40
0.25400000000000611
210
0
220
0
230
1
100
AcDbArc
50
170.00000000609091
51
260.00000000145775
0
LINE
5
733
100
AcDbEntity
8
0
100
AcDbLine
10
-117.69914160544486
20
180.81333931852501
30
-2.7755575615628914e-16
11
-118.40484779947964
21
176.81108061028411
31
-2.7755575615628914e-16
0
ARC
5
734
100
AcDbEntity
8
0
100
AcDbCircle
10
-199.12663062023967
20
190.13313367139409
30
-5.5511151231257827e-16
40
0.2539999999999954
210
0
220
0
230
1
100
AcDbArc
50
190.00000000077736
51
282.85145864960981
0
LINE
5
735
100
AcDbEntity
8
0
100
AcDbLine
10
-189.6544988351593
20
190.90061181196171
30
-5.5511151231257827e-16
11
-193.40661637413928
21
190.2390122550517
31
-5.5511151231257827e-16
0
LINE
5
736
100
AcDbEntity
8
0
100
AcDbLine
10
-136.51500421483325
20
217.84106583104048
30
-5.5511151231257827e-16
11
-140.26712175381971
21
218.5026653879041
31
-5.5511151231257827e-16
0
LINE
5
737
100
AcDbEntity
8
0
100
AcDbLine
10
-103.10773297258969
20
239.08537431640411
30
-2.7755575615628914e-16
11
-103.67055060342966
21
239.18461425000407
31
-2.7755575615628914e-16
0
LINE
5
738
100
AcDbEntity
8
0
100
AcDbLine
10
-35.037150032157697
20
212.56026934093794
30
-2.7755575615628914e-16
11
-35.59996766300965
21
212.65950927440414
31
-2.7755575615628914e-16
0
LINE
5
739
100
AcDbEntity
8
0
100
AcDbLine
10
-50.120722526176209
20
181.78113554388676
30
-2.7755575615628914e-16
11
-46.368604987200669
21
181.11953598697411
31
-2.7755575615628914e-16
0
LINE
5
740
100
AcDbEntity
8
0
100
AcDbLine
10
-189.7338876163997
20
220.37332174040412
30
-5.5511151231257827e-16
11
-188.89586151096972
21
215.62063952440411
31
-5.5511151231257827e-16
0
LINE
5
741
100
AcDbEntity
8
0
100
AcDbLine
10
-217.72677178950417
20
184.35902703426331
30
-5.5511151231257827e-16
11
-218.43247798353622
21
188.36128574251472
31
-5.5511151231257827e-16
0
LINE
5
742
100
AcDbEntity
8
0
100
AcDbLine
10
-88.642207084165136
20
185.84828490396416
30
-2.7755575615628914e-16
11
-93.570043745980428
21
186.7171954639667
31
-2.7755575615628914e-16
0
ARC
5
743
100
AcDbEntity
8
0
100
AcDbCircle
10
-98.679499395036657
20
180.50216751022415
30
-2.7755575615628914e-16
40
0.25399999999999195
210
0
220
0
230
1
100
AcDbArc
50
260.00000000028723
51
349.99999999945658
0
LINE
5
744
100
AcDbEntity
8
0
100
AcDbLine
10
-199.31362582055968
20
194.4847734824441
30
-5.5511151231257827e-16
11
-200.15165192597971
21
199.23745569840409
31
-5.5511151231257827e-16
0
ARC
5
745
100
AcDbEntity
8
0
100
AcDbCircle
10
-34.993043395036651
20
212.81041051020409
30
-2.7755575615628914e-16
40
0.25400000000001483
210
0
220
0
230
1
100
AcDbArc
50
260.00000000145275
51
349.99999998390479
0
ARC
5
746
100
AcDbEntity
8
0
100
AcDbCircle
10
-50.230989118995666
20
181.1557826207241
30
-2.7755575615628914e-16
40
0.63500000000003898
210
0
220
-0
230
1
100
AcDbArc
50
79.999999999913697
51
169.99999999984939
0
LINE
5
747
100
AcDbEntity
8
0
100
AcDbLine
10
-92.788575708856769
20
191.22193203399914
30
-2.7755575615628914e-16
11
-92.225758078011665
21
191.12269210046409
31
-2.7755575615628914e-16
0
ARC
5
748
100
AcDbEntity
8
0
100
AcDbCircle
10
-109.67331016099969
20
172.63977531114409
30
-2.7755575615628914e-16
40
0.63500000000000179
210
0
220
0
230
1
100
AcDbArc
50
169.99999999982009
51
259.99999999982384
0
LINE
5
749
100
AcDbEntity
8
0
100
AcDbLine
10
-144.36575907800966
20
224.51269210040408
30
-5.5511151231257827e-16
11
-143.52773297258966
21
229.26537431640409
31
-5.5511151231257827e-16
0
LINE
5
750
100
AcDbEntity
8
0
100
AcDbLine
10
-96.055597605447005
20
193.99509631852419
30
-2.7755575615628914e-16
11
-96.761303799484665
21
189.99283761028408
31
-2.7755575615628914e-16
0
LINE
5
751
100
AcDbEntity
8
0
100
AcDbLine
10
-144.92857670883865
20
224.61193203396687
30
-5.5511151231257827e-16
11
-144.36575907800966
21
224.51269210040408
31
-5.5511151231257827e-16
0
LINE
5
752
100
AcDbEntity
8
0
100
AcDbLine
10
-115.44498570928812
20
173.9153957936247
30
-2.7755575615628914e-16
11
-114.73927951524971
21
177.91765450186409
31
-2.7755575615628914e-16
0
LINE
5
753
100
AcDbEntity
8
0
100
AcDbLine
10
-223.3710699855489
20
195.10256067401957
30
-5.5511151231257827e-16
11
-223.93388761639969
21
195.00332074048407
31
-5.5511151231257827e-16
0
LINE
5
754
100
AcDbEntity
8
0
100
AcDbLine
10
-145.92853070928155
20
220.40363879360228
30
-5.5511151231257827e-16
11
-145.2228245152497
21
224.40589750180408
31
-5.5511151231257827e-16
0
LINE
5
755
100
AcDbEntity
8
0
100
AcDbLine
10
-235.72588196665043
20
178.19296214356865
30
-5.5511151231257827e-16
11
-230.7981009321297
21
179.0618628949741
31
-5.5511151231257827e-16
0
LINE
5
756
100
AcDbEntity
8
0
100
AcDbLine
10
-253.20677178949956
20
165.99902703426488
30
-8.3266726846886741e-16
11
-253.91247798353973
21
170.00128574251409
31
-8.3266726846886741e-16
0
LINE
5
757
100
AcDbEntity
8
0
100
AcDbLine
10
-253.14362582055969
20
170.39477348244412
30
-8.3266726846886741e-16
11
-253.98165192597972
21
175.14745569847403
31
-8.3266726846886741e-16
0
LINE
5
758
100
AcDbEntity
8
0
100
AcDbLine
10
-184.34677178950932
20
214.36902803420242
30
-5.5511151231257827e-16
11
-185.05247798353969
21
218.37128674250408
31
-5.5511151231257827e-16
0
LINE
5
759
100
AcDbEntity
8
0
100
AcDbLine
10
-155.62327469482966
20
243.9001445988041
30
-5.5511151231257827e-16
11
-155.0517746948297
21
243.9001445988041
31
-5.5511151231257827e-16
0
LINE
5
760
100
AcDbEntity
8
0
100
AcDbLine
10
-259.81677178949121
20
203.57902703420748
30
-8.3266726846886741e-16
11
-260.52247798353966
21
207.58128574250406
31
-8.3266726846886741e-16
0
ARC
5
761
100
AcDbEntity
8
0
100
AcDbCircle
10
-166.03233681426968
20
221.69539337960413
30
-5.5511151231257827e-16
40
0.25400000000000045
210
0
220
0
230
1
100
AcDbArc
50
99.999999999215305
51
189.99999999371542
0
LINE
5
762
100
AcDbEntity
8
0
100
AcDbLine
10
-103.8765851355793
20
239.47886205640575
30
-2.7755575615628914e-16
11
-103.17087894153003
21
243.48112076460217
31
-2.7755575615628914e-16
0
LINE
5
763
100
AcDbEntity
8
0
100
AcDbLine
10
-70.318576708846521
20
209.05193203396732
30
-2.7755575615628914e-16
11
-69.755759078011693
21
208.95269210040411
31
-2.7755575615628914e-16
0
ARC
5
764
100
AcDbEntity
8
0
100
AcDbCircle
10
-150.45573810742968
20
220.31527424860411
30
-5.5511151231257827e-16
40
0.25399999999999434
210
0
220
0
230
1
100
AcDbArc
50
-80.000000000791019
51
10.000000003017258
0
ARC
5
765
100
AcDbEntity
8
0
100
AcDbCircle
10
-238.08573810742971
20
168.66527324862406
30
-5.5511151231257827e-16
40
0.25399999999997919
210
0
220
0
230
1
100
AcDbArc
50
-79.999999999622986
51
9.9999999992290522
0
ARC
5
766
100
AcDbEntity
8
0
100
AcDbCircle
10
-220.10517662267969
20
176.56270184328406
30
-5.5511151231257827e-16
40
0.2539999999999954
210
0
220
0
230
1
100
AcDbArc
50
-79.999999999216314
51
10.000000000393737
0
LINE
5
767
100
AcDbEntity
8
0
100
AcDbLine
10
-246.2710699855387
20
215.25256067394139
30
-8.3266726846886741e-16
11
-246.83388761639972
21
215.15332074040413
31
-8.3266726846886741e-16
0
ARC
5
768
100
AcDbEntity
8
0
100
AcDbCircle
10
-121.9964429663097
20
245.04475541930412
30
-2.7755575615628914e-16
40
0.25399999999999234
210
0
220
0
230
1
100
AcDbArc
50
170.00000000589469
51
260.00000000301708
0
ARC
5
769
100
AcDbEntity
8
0
100
AcDbCircle
10
-159.71688296695967
20
218.42436617820411
30
-5.5511151231257827e-16
40
0.63500000000002266
210
0
220
0
230
1
100
AcDbArc
50
190.00000000728838
51
279.99999999954917
0
LINE
5
770
100
AcDbEntity
8
0
100
AcDbLine
10
-236.91301460178329
20
217.33748341086769
30
-8.3266726846886741e-16
11
-233.16089706280968
21
217.99908296780413
31
-5.5511151231257827e-16
0
ARC
5
771
100
AcDbEntity
8
0
100
AcDbCircle
10
-121.2907367722697
20
249.04701412750413
30
-2.7755575615628914e-16
40
0.25399999999999368
210
0
220
-0
230
1
100
AcDbArc
50
77.148541348315462
51
170.00000000588835
0
LINE
5
772
100
AcDbEntity
8
0
100
AcDbLine
10
-223.09586151096968
20
190.25063852444416
30
-5.5511151231257827e-16
11
-222.5330438801297
21
190.34987845798409
31
-5.5511151231257827e-16
0
ARC
5
773
100
AcDbEntity
8
0
100
AcDbCircle
10
-106.37331016099969
20
191.42977531114411
30
-2.7755575615628914e-16
40
0.63499999999999568
210
0
220
0
230
1
100
AcDbArc
50
169.99999999982512
51
259.99999999982504
0
LINE
5
774
100
AcDbEntity
8
0
100
AcDbLine
10
-74.349967663009693
20
212.25950927440411
30
-2.7755575615628914e-16
11
-75.187993768430658
21
207.50682705840407
31
-2.7755575615628914e-16
0
ARC
5
775
100
AcDbEntity
8
0
100
AcDbCircle
10
-122.92268234597969
20
239.7917908647041
30
-2.7755575615628914e-16
40
0.25400000000002892
210
0
220
-0
230
1
100
AcDbArc
50
79.999999996866876
51
170.00000000628052
0
LINE
5
776
100
AcDbEntity
8
0
100
AcDbLine
10
-71.318530709276345
20
204.84363879360194
30
-2.7755575615628914e-16
11
-70.612824515254488
21
208.84589750180481
31
-2.7755575615628914e-16
0
LINE
5
777
100
AcDbEntity
8
0
100
AcDbLine
10
-121.23417870397189
20
249.29495977346642
30
-2.7755575615628914e-16
11
-116.30634204214971
21
248.42604921350414
31
-2.7755575615628914e-16
0
ARC
5
778
100
AcDbEntity
8
0
100
AcDbCircle
10
-97.986300259460677
20
184.5066315503141
30
-2.7755575615628914e-16
40
0.25399999999999839
210
0
220
0
230
1
100
AcDbArc
50
-9.9999999993064748
51
80.000000000280892
0
ARC
5
779
100
AcDbEntity
8
0
100
AcDbCircle
10
-88.016854161002684
20
185.73801831114412
30
-2.7755575615628914e-16
40
0.63499999999999246
210
0
220
0
230
1
100
AcDbArc
50
169.99999999985857
51
260.00000000000483
0
LINE
5
780
100
AcDbEntity
8
0
100
AcDbLine
10
-254.58223589010842
20
204.24409858530612
30
-8.3266726846886741e-16
11
-259.51001692465542
21
203.37519783393671
31
-8.3266726846886741e-16
0
ARC
5
781
100
AcDbEntity
8
0
100
AcDbCircle
10
-192.55517662267971
20
239.50270184320408
30
-5.5511151231257827e-16
40
0.25400000000002892
210
0
220
0
230
1
100
AcDbArc
50
-79.999999996865768
51
10.000000015938671
0
ARC
5
782
100
AcDbEntity
8
0
100
AcDbCircle
10
-188.14233681426967
20
237.15539237960402
30
-5.5511151231257827e-16
40
0.25400000000000045
210
0
220
0
230
1
100
AcDbArc
50
99.999999999215305
51
189.99999999370795
0
LINE
5
783
100
AcDbEntity
8
0
100
AcDbLine
10
-164.58299550458077
20
213.46041984861591
30
-1.4432899320127038e-14
11
-147.93259820224944
21
216.39633413251775
31
-1.4432899320127038e-14
0
ARC
5
784
100
AcDbEntity
8
0
100
AcDbCircle
10
-54.848388540023663
20
187.40953215649409
30
-2.7755575615628914e-16
40
0.25399999999999245
210
0
220
0
230
1
100
AcDbArc
50
169.99999999943051
51
262.85145864994615
0
ARC
5
785
100
AcDbEntity
8
0
100
AcDbCircle
10
-174.73476542797971
20
215.80596573510411
30
-5.5511151231257827e-16
40
0.63499999999999457
210
0
220
0
230
1
100
AcDbArc
50
-80.000000000452417
51
9.9999999984016057
0
ARC
5
786
100
AcDbEntity
8
0
100
AcDbCircle
10
-189.0685761939497
20
242.40835693420411
30
-5.5511151231257827e-16
40
0.2539999999999879
210
0
220
0
230
1
100
AcDbArc
50
190.00000001633194
51
279.99999999921118
0
ARC
5
787
100
AcDbEntity
8
0
100
AcDbCircle
10
-191.62893724299971
20
234.24973728870413
30
-5.5511151231257827e-16
40
0.25400000000000983
210
0
220
-0
230
1
100
AcDbArc
50
9.9999999941042113
51
100.0000000031205
0
LINE
5
788
100
AcDbEntity
8
0
100
AcDbLine
10
-111.14503170884888
20
196.91368903399865
30
-2.7755575615628914e-16
11
-110.58221407800966
21
196.81444910046409
31
-2.7755575615628914e-16
0
ARC
5
789
100
AcDbEntity
8
0
100
AcDbCircle
10
-69.436443966309668
20
214.05475541930412
30
-2.7755575615628914e-16
40
0.25400000000000172
210
0
220
0
230
1
100
AcDbArc
50
170.00000000609083
51
260.00000000145616
0
LINE
5
790
100
AcDbEntity
8
0
100
AcDbLine
10
-69.755759078011693
20
208.95269210040411
30
-2.7755575615628914e-16
11
-68.91773297259067
21
213.70537431640412
31
-2.7755575615628914e-16
0
ARC
5
791
100
AcDbEntity
8
0
100
AcDbCircle
10
-269.86760396695968
20
184.60825517821402
30
-8.3266726846886741e-16
40
0.63499999999999568
210
0
220
0
230
1
100
AcDbArc
50
190.00000000017442
51
280.00000000017241
0
LINE
5
792
100
AcDbEntity
8
0
100
AcDbLine
10
-143.28412407668543
20
233.86494996487158
30
-5.5511151231257827e-16
11
-138.35634304214966
21
232.99604921350411
31
-5.5511151231257827e-16
0
LINE
5
793
100
AcDbEntity
8
0
100
AcDbLine
10
-155.0517746948297
20
248.7261445988041
30
-5.5511151231257827e-16
11
-155.62327469482966
21
248.7261445988041
31
-5.5511151231257827e-16
0
LINE
5
794
100
AcDbEntity
8
0
100
AcDbLine
10
-188.16325883759811
20
255.71443314910411
30
-5.5511151231257827e-16
11
-208.79715461584968
21
248.49391437310413
31
-5.5511151231257827e-16
0
LINE
5
795
100
AcDbEntity
8
0
100
AcDbLine
10
-115.57072252615896
20
248.94113554386476
30
-2.7755575615628914e-16
11
-111.81860498719971
21
248.27953598690414
31
-2.7755575615628914e-16
0
ARC
5
796
100
AcDbEntity
8
0
100
AcDbCircle
10
-169.22573810742966
20
217.03527424860411
30
-5.5511151231257827e-16
40
0.25399999999999434
210
0
220
0
230
1
100
AcDbArc
50
-80.000000000791019
51
10.000000003037259
0
LINE
5
797
100
AcDbEntity
8
0
100
AcDbLine
10
-30.187731972590651
20
214.10537431640415
30
0
11
-30.750549603430688
21
214.20461425003791
31
0
0
LINE
5
798
100
AcDbEntity
8
0
100
AcDbLine
10
-66.172208084168545
20
203.6782849039048
30
-2.7755575615628914e-16
11
-71.10004474597693
21
204.54719546389612
31
-2.7755575615628914e-16
0
LINE
5
799
100
AcDbEntity
8
0
100
AcDbLine
10
-155.85449883516611
20
218.46061281194042
30
-5.5511151231257827e-16
11
-159.60661637414609
21
217.79901325504045
31
-5.5511151231257827e-16
0
LINE
5
800
100
AcDbEntity
8
0
100
AcDbLine
10
-110.58221407800966
20
196.81444910046409
30
-2.7755575615628914e-16
11
-109.74418797258969
21
201.56713131640407
31
-2.7755575615628914e-16
0
ARC
5
801
100
AcDbEntity
8
0
100
AcDbCircle
10
-224.13338987517966
20
199.35275521960415
30
-5.5511151231257827e-16
40
0.25400000000001871
210
0
220
-0
230
1
100
AcDbArc
50
10.000000003023558
51
99.999999999214211
0
LINE
5
802
100
AcDbEntity
8
0
100
AcDbLine
10
-246.83388761639972
20
215.15332074040413
30
-8.3266726846886741e-16
11
-245.99586151096972
21
210.40063852440412
31
-8.3266726846886741e-16
0
ARC
5
803
100
AcDbEntity
8
0
100
AcDbCircle
10
-220.82338987517971
20
180.5627552196741
30
-5.5511151231257827e-16
40
0.25399999999999018
210
0
220
-0
230
1
100
AcDbArc
50
9.999999999254328
51
100.00000000077762
0
LINE
5
804
100
AcDbEntity
8
0
100
AcDbLine
10
-123.87852970928152
20
235.83363879360209
30
-2.7755575615628914e-16
11
-123.17282351524966
21
239.83589750180408
31
-2.7755575615628914e-16
0
LINE
5
805
100
AcDbEntity
8
0
100
AcDbLine
10
-122.87857570883861
20
240.04193203396682
30
-2.7755575615628914e-16
11
-122.31575807800968
21
239.94269210040412
31
-2.7755575615628914e-16
0
ARC
5
806
100
AcDbEntity
8
0
100
AcDbCircle
10
-234.98857619394971
20
173.93835693420411
30
-5.5511151231257827e-16
40
0.2539999999999954
210
0
220
0
230
1
100
AcDbArc
50
190.0000000007837
51
280.00000000077739
0
ARC
5
807
100
AcDbEntity
8
0
100
AcDbCircle
10
-102.62119262201965
20
190.76817575423408
30
-2.7755575615628914e-16
40
0.63500000000001444
210
0
220
0
230
1
100
AcDbArc
50
259.99999999998028
51
349.99999999982282
0
LINE
5
808
100
AcDbEntity
8
0
100
AcDbLine
10
-106.9986630841621
20
191.54004190396452
30
-2.7755575615628914e-16
11
-111.92649974597245
21
192.40895246396667
31
-2.7755575615628914e-16
0
ARC
5
809
100
AcDbEntity
8
0
100
AcDbCircle
10
-216.50177532951972
20
178.88282097430408
30
-5.5511151231257827e-16
40
0.25400000000002426
210
0
220
0
230
1
100
AcDbArc
50
100.00000000076365
51
190.00000000112834
0
LINE
5
810
100
AcDbEntity
8
0
100
AcDbLine
10
-219.3587173632142
20
193.61425029707331
30
-5.5511151231257827e-16
11
-220.06442355725423
21
197.61650900531328
31
-5.5511151231257827e-16
0
LINE
5
811
100
AcDbEntity
8
0
100
AcDbLine
10
-54.098575708856771
20
191.66193203399914
30
-2.7755575615628914e-16
11
-53.535758078011646
21
191.56269210046412
31
-2.7755575615628914e-16
0
LINE
5
812
100
AcDbEntity
8
0
100
AcDbLine
10
-111.30351865686094
20
247.54391647090614
30
-2.7755575615628914e-16
11
-106.37573762232969
21
246.6750157195041
31
-2.7755575615628914e-16
0
ARC
5
813
100
AcDbEntity
8
0
100
AcDbCircle
10
-178.48688296695968
20
215.14436617820408
30
-5.5511151231257827e-16
40
0.63499999999999901
210
0
220
0
230
1
100
AcDbArc
50
190.00000000728375
51
279.99999999954758
0
ARC
5
814
100
AcDbEntity
8
0
100
AcDbCircle
10
-187.43663062023967
20
233.15313367130412
30
-5.5511151231257827e-16
40
0.25400000000000983
210
0
220
0
230
1
100
AcDbArc
50
189.99999999411162
51
282.85145865044984
0
LINE
5
815
100
AcDbEntity
8
0
100
AcDbLine
10
-155.0517746948297
20
243.9001445988041
30
-5.5511151231257827e-16
11
-155.0517746948297
21
248.7261445988041
31
-5.5511151231257827e-16
0
ARC
5
816
100
AcDbEntity
8
0
100
AcDbCircle
10
-54.142682345984667
20
191.41179086473412
30
-2.7755575615628914e-16
40
0.25400000000001277
210
0
220
-0
230
1
100
AcDbArc
50
79.999999999886654
51
169.99999999945743
0
ARC
5
817
100
AcDbEntity
8
0
100
AcDbCircle
10
-223.41517662267967
20
195.35270184328411
30
-5.5511151231257827e-16
40
0.25400000000002426
210
0
220
0
230
1
100
AcDbArc
50
-79.999999999230056
51
10.000000000372562
0
LINE
5
818
100
AcDbEntity
8
0
100
AcDbLine
10
-87.711459214843387
20
165.70282283107122
30
-2.7755575615628914e-16
11
-91.463576753820647
21
166.36442238798409
31
-2.7755575615628914e-16
0
LINE
5
819
100
AcDbEntity
8
0
100
AcDbLine
10
-219.8459375939334
20
197.91295233494515
30
-5.5511151231257827e-16
11
-214.91810093213212
21
198.78186289497364
31
-5.5511151231257827e-16
0
ARC
5
820
100
AcDbEntity
8
0
100
AcDbCircle
10
-45.574736622025654
20
185.51641875423411
30
-2.7755575615628914e-16
40
0.63500000000002121
210
0
220
0
230
1
100
AcDbArc
50
260.00000000006941
51
349.99999999987216
0
ARC
5
821
100
AcDbEntity
8
0
100
AcDbCircle
10
-115.18233748155966
20
173.86908382463415
30
-2.7755575615628914e-16
40
0.25400000000000633
210
0
220
0
230
1
100
AcDbArc
50
169.9999999985391
51
260.00000000143336
0
LINE
5
822
100
AcDbEntity
8
0
100
AcDbLine
10
-75.187993768430658
20
207.50682705840407
30
-2.7755575615628914e-16
11
-74.625176137584674
21
207.40758712490415
31
-2.7755575615628914e-16
0
ARC
5
823
100
AcDbEntity
8
0
100
AcDbCircle
10
-229.73063046998973
20
198.62372904470413
30
-5.5511151231257827e-16
40
0.63500000000000179
210
0
220
-0
230
1
100
AcDbArc
50
10.000000000177423
51
100.00000000111766
0
LINE
5
824
100
AcDbEntity
8
0
100
AcDbLine
10
-232.42527754682385
20
217.48399663750519
30
-5.5511151231257827e-16
11
-227.49744088501771
21
218.35290719749653
31
-5.5511151231257827e-16
0
LINE
5
825
100
AcDbEntity
8
0
100
AcDbLine
10
-97.068003037047404
20
189.78899860141368
30
-2.7755575615628914e-16
11
-101.99583969885722
21
190.65790916141364
31
-2.7755575615628914e-16
0
ARC
5
826
100
AcDbEntity
8
0
100
AcDbCircle
10
-105.92119262201969
20
171.97817575423412
30
-2.7755575615628914e-16
40
0.63499999999997625
210
0
220
0
230
1
100
AcDbArc
50
259.99999999998226
51
349.99999999982492
0
ARC
5
827
100
AcDbEntity
8
0
100
AcDbCircle
10
-115.68098911898966
20
248.31578262070408
30
-2.7755575615628914e-16
40
0.6350000000000291
210
0
220
-0
230
1
100
AcDbArc
50
79.999999998883681
51
170.00000000159642
0
ARC
5
828
100
AcDbEntity
8
0
100
AcDbCircle
10
-49.326854161002665
20
186.17801831114411
30
-2.7755575615628914e-16
40
0.63500000000000123
210
0
220
0
230
1
100
AcDbArc
50
169.99999999985607
51
260.00000000000171
0
ARC
5
829
100
AcDbEntity
8
0
100
AcDbCircle
10
-169.91893724299968
20
221.03973828870411
30
-5.5511151231257827e-16
40
0.25400000000001599
210
0
220
-0
230
1
100
AcDbArc
50
9.99999999411685
51
100.00000000312681
0
LINE
5
830
100
AcDbEntity
8
0
100
AcDbLine
10
-193.01074164744114
20
243.54906718860354
30
-5.5511151231257827e-16
11
-192.30503545342685
21
239.54680848040107
31
-5.5511151231257827e-16
0
LINE
5
831
100
AcDbEntity
8
0
100
AcDbLine
10
-238.54871736321422
20
192.68425029707331
30
-5.5511151231257827e-16
11
-239.25442355724979
21
196.68650900531486
31
-8.3266726846886741e-16
0
LINE
5
832
100
AcDbEntity
8
0
100
AcDbLine
10
-65.225003214843426
20
183.49106583107124
30
-2.7755575615628914e-16
11
-68.97712075382114
21
184.15266538798139
31
-2.7755575615628914e-16
0
ARC
5
833
100
AcDbEntity
8
0
100
AcDbCircle
10
-189.76177532951968
20
246.41282097430405
30
-5.5511151231257827e-16
40
0.25400000000002276
210
0
220
0
230
1
100
AcDbArc
50
100.00000000312978
51
190.00000000302239
0
ARC
5
834
100
AcDbEntity
8
0
100
AcDbCircle
10
-155.96476542797967
20
219.08596573510411
30
-5.5511151231257827e-16
40
0.63499999999999768
210
0
220
0
230
1
100
AcDbArc
50
-80.000000000453781
51
9.9999999984016057
0
LINE
5
835
100
AcDbEntity
8
0
100
AcDbLine
10
-73.78715003215774
20
212.1602693409379
30
-2.7755575615628914e-16
11
-74.349967663009693
21
212.25950927440411
31
-2.7755575615628914e-16
0
LINE
5
836
100
AcDbEntity
8
0
100
AcDbLine
10
-242.35588196666077
20
215.73296314356682
30
-8.3266726846886741e-16
11
-237.42810093212967
21
216.60186389490408
31
-8.3266726846886741e-16
0
LINE
5
837
100
AcDbEntity
8
0
100
AcDbLine
10
-155.87727469482962
20
239.58214459880409
30
-5.5511151231257827e-16
11
-155.87727469482968
21
243.64614459880411
31
-5.5511151231257827e-16
0
ARC
5
838
100
AcDbEntity
8
0
100
AcDbCircle
10
-180.91274800896969
20
228.90213048770408
30
-5.5511151231257827e-16
40
0.63499999999999457
210
0
220
0
230
1
100
AcDbArc
50
99.999999999547128
51
189.99999999839653
0
LINE
5
839
100
AcDbEntity
8
0
100
AcDbLine
10
-112.14498570928416
20
192.70539579362492
30
-2.7755575615628914e-16
11
-111.43927951524971
21
196.70765450186408
31
-2.7755575615628914e-16
0
ARC
5
840
100
AcDbEntity
8
0
100
AcDbCircle
10
-277.10929719394971
20
193.13224693420409
30
-8.3266726846886741e-16
40
0.2539999999999954
210
0
220
0
230
1
100
AcDbArc
50
190.00000000076881
51
280.00000000078364
0
ARC
5
841
100
AcDbEntity
8
0
100
AcDbCircle
10
-276.18305781426966
20
187.87928237963402
30
-8.3266726846886741e-16
40
0.254000000000008
210
0
220
0
230
1
100
AcDbArc
50
100.00000000039265
51
189.99999999816541
0
ARC
5
842
100
AcDbEntity
8
0
100
AcDbCircle
10
-73.037337200997683
20
216.41266921840412
30
-2.7755575615628914e-16
40
0.25400000000000528
210
0
220
0
230
1
100
AcDbArc
50
-9.9999999939287427
51
82.851458650054312
0
ARC
5
843
100
AcDbEntity
8
0
100
AcDbCircle
10
-152.78088281670966
20
233.57496155150412
30
-5.5511151231257827e-16
40
0.2539999999999985
210
0
220
-0
230
1
100
AcDbArc
50
9.9999999941116489
51
102.85145865261606
0
ARC
5
844
100
AcDbEntity
8
0
100
AcDbCircle
10
-177.16063046998971
20
229.5637300447041
30
-5.5511151231257827e-16
40
0.63499999999999213
210
0
220
-0
230
1
100
AcDbArc
50
9.9999999984016057
51
100.00000000111243
0
LINE
5
845
100
AcDbEntity
8
0
100
AcDbLine
10
-137.620723526159
20
233.51113554386475
30
-5.5511151231257827e-16
11
-133.86860598719971
21
232.8495359869041
31
-5.5511151231257827e-16
0
LINE
5
846
100
AcDbEntity
8
0
100
AcDbLine
10
-240.73644345139368
20
206.4755345488698
30
-8.3266726846886741e-16
11
-240.17362582055969
21
206.57477448240402
31
-8.3266726846886741e-16
0
LINE
5
847
100
AcDbEntity
8
0
100
AcDbLine
10
-267.16223589012213
20
165.7240995853937
30
-8.3266726846886741e-16
11
-272.09001692464972
21
164.85519883398408
31
-8.3266726846886741e-16
0
LINE
5
848
100
AcDbEntity
8
0
100
AcDbLine
10
-260.3164434513937
20
207.87553354886981
30
-8.3266726846886741e-16
11
-259.75362582055971
21
207.97477348240409
31
-8.3266726846886741e-16
0
ARC
5
849
100
AcDbEntity
8
0
100
AcDbCircle
10
-275.46484456176972
20
183.8792290032541
30
-8.3266726846886741e-16
40
0.25400000000000961
210
0
220
0
230
1
100
AcDbArc
50
190.00000000112317
51
279.9999999981539
0
LINE
5
850
100
AcDbEntity
8
0
100
AcDbLine
10
-259.75362582055971
20
207.97477348240409
30
-8.3266726846886741e-16
11
-260.5916519259797
21
212.7274556984041
31
-8.3266726846886741e-16
0
ARC
5
851
100
AcDbEntity
8
0
100
AcDbCircle
10
-162.1427480089697
20
232.18213048770409
30
-5.5511151231257827e-16
40
0.63499999999999457
210
0
220
0
230
1
100
AcDbArc
50
99.999999999547569
51
189.99999999839906
0
LINE
5
852
100
AcDbEntity
8
0
100
AcDbLine
10
-261.44871736320215
20
212.83425029700538
30
-8.3266726846886741e-16
11
-262.15442355724969
21
216.83650900530409
31
-8.3266726846886741e-16
0
LINE
5
853
100
AcDbEntity
8
0
100
AcDbLine
10
-266.00521983515932
20
184.64450181196167
30
-8.3266726846886741e-16
11
-269.7573373741393
21
183.98290225505161
31
-8.3266726846886741e-16
0
ARC
5
854
100
AcDbEntity
8
0
100
AcDbCircle
10
-184.25274800896969
20
247.6421294877041
30
-5.5511151231257827e-16
40
0.63500000000000068
210
0
220
0
230
1
100
AcDbArc
50
99.999999999552188
51
189.99999999839693
0
ARC
5
855
100
AcDbEntity
8
0
100
AcDbCircle
10
-68.718230713807657
20
218.05480879560409
30
-2.7755575615628914e-16
40
0.25400000000001172
210
0
220
-0
230
1
100
AcDbArc
50
80.000000001464699
51
169.99999999693856
0
LINE
5
856
100
AcDbEntity
8
0
100
AcDbLine
10
-256.4436258205597
20
189.17477348244407
30
-8.3266726846886741e-16
11
-257.28165192597976
21
193.92745569847409
31
-8.3266726846886741e-16
0
LINE
5
857
100
AcDbEntity
8
0
100
AcDbLine
10
-240.17362582055969
20
206.57477448240402
30
-8.3266726846886741e-16
11
-241.01165192597972
21
211.32745669840409
31
-8.3266726846886741e-16
0
ARC
5
858
100
AcDbEntity
8
0
100
AcDbCircle
10
-193.2733898751797
20
243.50275521960413
30
-5.5511151231257827e-16
40
0.25400000000000639
210
0
220
-0
230
1
100
AcDbArc
50
10.000000003009784
51
99.99999999919639
0
LINE
5
859
100
AcDbEntity
8
0
100
AcDbLine
10
-151.75586151096974
20
224.47063952440413
30
-5.5511151231257827e-16
11
-151.19304388012966
21
224.56987945790411
31
-5.5511151231257827e-16
0
ARC
5
860
100
AcDbEntity
8
0
100
AcDbCircle
10
-167.65177532951969
20
230.95282197430407
30
-5.5511151231257827e-16
40
0.25400000000002276
210
0
220
0
230
1
100
AcDbArc
50
100.00000000312681
51
190.00000000304141
0
LINE
5
861
100
AcDbEntity
8
0
100
AcDbLine
10
-261.93593759394912
20
217.13295233494239
30
-8.3266726846886741e-16
11
-257.00810093212965
21
218.00186289490412
31
-8.3266726846886741e-16
0
ARC
5
862
100
AcDbEntity
8
0
100
AcDbCircle
10
-166.95857619394968
20
226.9483579342041
30
-5.5511151231257827e-16
40
0.25399999999999406
210
0
220
0
230
1
100
AcDbArc
50
190.0000000163308
51
279.99999999920897
0
LINE
5
863
100
AcDbEntity
8
0
100
AcDbLine
10
-268.1651576948297
20
222.33718959880409
30
-8.3266726846886741e-16
11
-282.93741469482973
21
222.3371820396041
31
-8.3266726846886741e-16
0
ARC
5
864
100
AcDbEntity
8
0
100
AcDbCircle
10
-158.39063046998967
20
232.8437300447041
30
-5.5511151231257827e-16
40
0.63500000000000956
210
0
220
-0
230
1
100
AcDbArc
50
9.9999999984032168
51
100.00000000111766
0
LINE
5
865
100
AcDbEntity
8
0
100
AcDbLine
10
-68.239248333903376
20
221.63646457019377
30
-2.7755575615628914e-16
11
-68.548114694829692
21
221.66454459880455
31
-2.7755575615628914e-16
0
LINE
5
866
100
AcDbEntity
8
0
100
AcDbLine
10
-72.787196031727902
20
216.36856258130322
30
-2.7755575615628914e-16
11
-73.492902225784007
21
212.36630387300647
31
-2.7755575615628914e-16
0
LINE
5
867
100
AcDbEntity
8
0
100
AcDbLine
10
-60.257197031732204
20
177.77856258133357
30
-2.7755575615628914e-16
11
-60.962903225771036
21
173.77630387309415
31
-2.7755575615628914e-16
0
LINE
5
868
100
AcDbEntity
8
0
100
AcDbLine
10
-133.35351965686095
20
232.1139164709061
30
-5.5511151231257827e-16
11
-128.4256829950404
21
231.24500591091217
31
-2.7755575615628914e-16
0
LINE
5
869
100
AcDbEntity
8
0
100
AcDbLine
10
-241.01165192597972
20
211.32745669840409
30
-8.3266726846886741e-16
11
-241.57446955682582
21
211.22821676493842
31
-8.3266726846886741e-16
0
ARC
5
870
100
AcDbEntity
8
0
100
AcDbCircle
10
-151.14893724299969
20
224.31973828870412
30
-5.5511151231257827e-16
40
0.25399999999998618
210
0
220
-0
230
1
100
AcDbArc
50
9.9999999940990101
51
100.00000000312149
0
LINE
5
871
100
AcDbEntity
8
0
100
AcDbLine
10
-261.04951707373527
20
190.54773392584491
30
-8.3266726846886741e-16
11
-260.34381087969973
21
186.5454752176046
31
-8.3266726846886741e-16
0
LINE
5
872
100
AcDbEntity
8
0
100
AcDbLine
10
-260.56235247030065
20
186.24902207935929
30
-8.3266726846886741e-16
11
-265.49013350481738
21
185.38012132794447
31
-8.3266726846886741e-16
0
ARC
5
873
100
AcDbEntity
8
0
100
AcDbCircle
10
-257.88857619394969
20
194.07835693420409
30
-8.3266726846886741e-16
40
0.2539999999999954
210
0
220
0
230
1
100
AcDbArc
50
190.00000000076477
51
280.00000000074471
0
LINE
5
874
100
AcDbEntity
8
0
100
AcDbLine
10
-260.5916519259797
20
212.7274556984041
30
-8.3266726846886741e-16
11
-261.15446955681978
21
212.6282157649041
31
-8.3266726846886741e-16
0
ARC
5
875
100
AcDbEntity
8
0
100
AcDbCircle
10
-152.07517662267969
20
229.57270284320407
30
-5.5511151231257827e-16
40
0.25399999999996209
210
0
220
0
230
1
100
AcDbArc
50
-79.999999996863522
51
10.000000015944055
0
LINE
5
876
100
AcDbEntity
8
0
100
AcDbLine
10
-170.80106998553862
20
226.04256167394144
30
-5.5511151231257827e-16
11
-171.36388761639972
21
225.94332174040409
31
-5.5511151231257827e-16
0
LINE
5
877
100
AcDbEntity
8
0
100
AcDbLine
10
-270.49295689012212
20
184.49798858539361
30
-8.3266726846886741e-16
11
-275.42073792465038
21
183.62908783398757
31
-8.3266726846886741e-16
0
LINE
5
878
100
AcDbEntity
8
0
100
AcDbLine
10
-133.78852970928421
20
179.52363879362491
30
-2.7755575615628914e-16
11
-133.08282351524446
21
183.5258975018632
31
-2.7755575615628914e-16
0
LINE
5
879
100
AcDbEntity
8
0
100
AcDbLine
10
-55.098529709288321
20
187.45363879362398
30
-2.7755575615628914e-16
11
-54.392823515249368
21
191.45589750186389
31
-2.7755575615628914e-16
0
ARC
5
880
100
AcDbEntity
8
0
100
AcDbCircle
10
-195.53063046998972
20
223.99373004470408
30
-5.5511151231257827e-16
40
0.63499999999998602
210
0
220
-0
230
1
100
AcDbArc
50
9.9999999983990762
51
100.00000000111199
0
LINE
5
881
100
AcDbEntity
8
0
100
AcDbLine
10
-177.96449883516613
20
233.92061181194043
30
-5.5511151231257827e-16
11
-181.71661637413968
21
233.25901225500411
31
-5.5511151231257827e-16
0
LINE
5
882
100
AcDbEntity
8
0
100
AcDbLine
10
-201.49588196666076
20
203.64296214356685
30
-5.5511151231257827e-16
11
-196.56810093213551
21
204.51186289490309
31
-5.5511151231257827e-16
0
ARC
5
883
100
AcDbEntity
8
0
100
AcDbCircle
10
-253.07274800896977
20
199.31212948770408
30
-8.3266726846886741e-16
40
0.63499999999999457
210
0
220
0
230
1
100
AcDbArc
50
99.999999999547569
51
189.99999999839906
0
LINE
5
884
100
AcDbEntity
8
0
100
AcDbLine
10
-206.05677178950941
20
227.57902703420243
30
-5.5511151231257827e-16
11
-206.7624779835397
21
231.58128574250412
31
-5.5511151231257827e-16
0
ARC
5
885
100
AcDbEntity
8
0
100
AcDbCircle
10
-49.876442966309682
20
215.43475541930408
30
-2.7755575615628914e-16
40
0.25399999999999917
210
0
220
0
230
1
100
AcDbArc
50
170.00000000607758
51
260.00000000145963
0
LINE
5
886
100
AcDbEntity
8
0
100
AcDbLine
10
-251.27223589012215
20
185.44409858539368
30
-8.3266726846886741e-16
11
-256.20007255194298
21
184.57518802539138
31
-8.3266726846886741e-16
0
ARC
5
887
100
AcDbEntity
8
0
100
AcDbCircle
10
-238.9917753295197
20
196.7328209743041
30
-5.5511151231257827e-16
40
0.2539999999999954
210
0
220
0
230
1
100
AcDbArc
50
100.00000000078482
51
190.0000000011421
0
LINE
5
888
100
AcDbEntity
8
0
100
AcDbLine
10
-262.6814626474395
20
199.8029571886039
30
-8.3266726846886741e-16
11
-261.97575645341493
21
195.80069848041322
31
-8.3266726846886741e-16
0
LINE
5
889
100
AcDbEntity
8
0
100
AcDbLine
10
-61.889142605447006
20
168.52333931852417
30
-2.7755575615628914e-16
11
-62.594848799485007
21
164.52108061028417
31
-2.7755575615628914e-16
0
LINE
5
890
100
AcDbEntity
8
0
100
AcDbLine
10
-226.6910699855386
20
213.85256167394135
30
-5.5511151231257827e-16
11
-227.25388761639971
21
213.75332174040409
31
-5.5511151231257827e-16
0
ARC
5
891
100
AcDbEntity
8
0
100
AcDbCircle
10
-199.28274800896972
20
223.33213048770409
30
-5.5511151231257827e-16
40
0.63499999999999457
210
0
220
0
230
1
100
AcDbArc
50
99.999999999547128
51
189.99999999839733
0
LINE
5
892
100
AcDbEntity
8
0
100
AcDbLine
10
-246.78449883515927
20
185.59061181196168
30
-8.3266726846886741e-16
11
-250.53661637413967
21
184.92901225505409
31
-8.3266726846886741e-16
0
ARC
5
893
100
AcDbEntity
8
0
100
AcDbCircle
10
-246.89476542797976
20
186.21596473512409
30
-8.3266726846886741e-16
40
0.63500000000000179
210
0
220
0
230
1
100
AcDbArc
50
-79.999999999817518
51
10.000000000174895
0
LINE
5
894
100
AcDbEntity
8
0
100
AcDbLine
10
-237.6916519259797
20
192.57745569847413
30
-5.5511151231257827e-16
11
-238.25446955681889
21
192.47821576493962
31
-5.5511151231257827e-16
0
LINE
5
895
100
AcDbEntity
8
0
100
AcDbLine
10
-236.85362582055973
20
187.8247734824441
30
-5.5511151231257827e-16
11
-237.6916519259797
21
192.57745569847413
31
-5.5511151231257827e-16
0
LINE
5
896
100
AcDbEntity
8
0
100
AcDbLine
10
-213.2152775468239
20
218.39399663750515
30
-5.5511151231257827e-16
11
-208.28749651230365
21
219.26289738886982
31
-5.5511151231257827e-16
0
LINE
5
897
100
AcDbEntity
8
0
100
AcDbLine
10
-242.68586151096969
20
191.60063852444409
30
-8.3266726846886741e-16
11
-242.12304388012879
21
191.69987845797891
31
-8.3266726846886741e-16
0
LINE
5
898
100
AcDbEntity
8
0
100
AcDbLine
10
-53.597197031721535
20
215.38856258130414
30
-2.7755575615628914e-16
11
-54.302903225783965
21
211.38630387300648
31
-2.7755575615628914e-16
0
ARC
5
899
100
AcDbEntity
8
0
100
AcDbCircle
10
-272.13412356176968
20
165.1053400032541
30
-8.3266726846886741e-16
40
0.25400000000000345
210
0
220
0
230
1
100
AcDbArc
50
190.00000000111461
51
279.99999999815589
0
LINE
5
900
100
AcDbEntity
8
0
100
AcDbLine
10
-258.62588196665047
20
198.33296214356861
30
-8.3266726846886741e-16
11
-253.69810093213559
21
199.20186289490306
31
-8.3266726846886741e-16
0
ARC
5
901
100
AcDbEntity
8
0
100
AcDbCircle
10
-201.45177532951973
20
203.3928209743041
30
-5.5511151231257827e-16
40
0.25399999999998779
210
0
220
0
230
1
100
AcDbArc
50
100.00000000311938
51
190.00000000301205
0
LINE
5
902
100
AcDbEntity
8
0
100
AcDbLine
10
-241.34157584300681
20
187.19514188794642
30
-8.3266726846886741e-16
11
-246.26941250481735
21
186.3262313279445
31
-8.3266726846886741e-16
0
ARC
5
903
100
AcDbEntity
8
0
100
AcDbCircle
10
-165.32663062023968
20
217.69313467130411
30
-5.5511151231257827e-16
40
0.25400000000000983
210
0
220
0
230
1
100
AcDbArc
50
189.99999999411054
51
282.85145865048247
0
LINE
5
904
100
AcDbEntity
8
0
100
AcDbLine
10
-262.74460861639972
20
195.40721074048409
30
-8.3266726846886741e-16
11
-261.90658251096971
21
190.65452852444409
31
-8.3266726846886741e-16
0
ARC
5
905
100
AcDbEntity
8
0
100
AcDbCircle
10
-258.58177532951976
20
198.0828209743041
30
-8.3266726846886741e-16
40
0.25399999999998923
210
0
220
0
230
1
100
AcDbArc
50
100.00000000075845
51
190.00000000112942
0
LINE
5
906
100
AcDbEntity
8
0
100
AcDbLine
10
-59.561547037047433
20
183.13724160141223
30
-2.7755575615628914e-16
11
-64.489383698863193
21
184.00615216141418
31
-2.7755575615628914e-16
0
ARC
5
907
100
AcDbEntity
8
0
100
AcDbCircle
10
-60.519845259460652
20
177.82487455031415
30
-2.7755575615628914e-16
40
0.25400000000000095
210
0
220
0
230
1
100
AcDbArc
50
-9.9999999992999111
51
80.000000000279258
0
LINE
5
908
100
AcDbEntity
8
0
100
AcDbLine
10
-197.48223589010846
20
209.46409958530612
30
-5.5511151231257827e-16
11
-202.41001692465545
21
208.59519883393671
31
-5.5511151231257827e-16
0
LINE
5
909
100
AcDbEntity
8
0
100
AcDbLine
10
-279.85461390807404
20
154.00604660902175
30
-8.3266726846886741e-16
11
-274.40090733119962
21
154.00604660902175
31
-1.3877787807814457e-15
0
ARC
5
910
100
AcDbEntity
8
0
100
AcDbCircle
10
-69.780990118995675
20
179.71578262072416
30
-2.7755575615628914e-16
40
0.63499999999996903
210
0
220
-0
230
1
100
AcDbArc
50
79.999999999911466
51
169.99999999986176
0
ARC
5
911
100
AcDbEntity
8
0
100
AcDbCircle
10
-66.028872580018657
20
179.05418306381409
30
-2.7755575615628914e-16
40
0.63500000000000545
210
0
220
0
230
1
100
AcDbArc
50
-10.000000000132962
51
80.000000000002785
0
LINE
5
912
100
AcDbEntity
8
0
100
AcDbLine
10
-196.05301460178325
20
205.24748241086772
30
-5.5511151231257827e-16
11
-192.30089706280967
21
205.90908196780413
31
-5.5511151231257827e-16
0
ARC
5
913
100
AcDbEntity
8
0
100
AcDbCircle
10
-246.02063046998973
20
181.1937290447041
30
-8.3266726846886741e-16
40
0.63499999999999568
210
0
220
-0
230
1
100
AcDbArc
50
10.000000000169438
51
100.00000000002022
0
ARC
5
914
100
AcDbEntity
8
0
100
AcDbCircle
10
-200.19688296695972
20
228.35436517820412
30
-5.5511151231257827e-16
40
0.63500000000000512
210
0
220
0
230
1
100
AcDbArc
50
190.00000000728463
51
279.99999999955338
0
ARC
5
915
100
AcDbEntity
8
0
100
AcDbCircle
10
-239.70517662267966
20
177.92270184328413
30
-5.5511151231257827e-16
40
0.2539999999999954
210
0
220
0
230
1
100
AcDbArc
50
-79.999999999230056
51
10.000000000374211
0
LINE
5
916
100
AcDbEntity
8
0
100
AcDbLine
10
-239.03588196665052
20
196.98296214356859
30
-5.5511151231257827e-16
11
-234.1081009321297
21
197.85186289497409
31
-5.5511151231257827e-16
0
ARC
5
917
100
AcDbEntity
8
0
100
AcDbCircle
10
-192.19063046998971
20
205.28372904470413
30
-5.5511151231257827e-16
40
0.63499999999997991
210
0
220
-0
230
1
100
AcDbArc
50
9.9999999983931076
51
100.00000000111243
0
LINE
5
918
100
AcDbEntity
8
0
100
AcDbLine
10
-243.52388761639972
20
196.35332074048409
30
-8.3266726846886741e-16
11
-242.68586151096969
21
191.60063852444409
31
-8.3266726846886741e-16
0
LINE
5
919
100
AcDbEntity
8
0
100
AcDbLine
10
-62.657994768430655
20
168.91682705845415
30
-2.7755575615628914e-16
11
-62.095177137583789
21
168.81758712491913
31
-2.7755575615628914e-16
0
LINE
5
920
100
AcDbEntity
8
0
100
AcDbLine
10
-61.819968663009661
20
173.66950927449409
30
-2.7755575615628914e-16
11
-62.657994768430655
21
168.91682705845415
31
-2.7755575615628914e-16
0
LINE
5
921
100
AcDbEntity
8
0
100
AcDbLine
10
-267.91599854682391
20
199.13788563750504
30
-8.3266726846886741e-16
11
-262.98821751230366
21
200.00678638886984
31
-8.3266726846886741e-16
0
ARC
5
922
100
AcDbEntity
8
0
100
AcDbCircle
10
-249.7727480089697
20
180.53212948779407
30
-8.3266726846886741e-16
40
0.635000000000008
210
0
220
0
230
1
100
AcDbArc
50
100.00000000017953
51
190.00000000017695
0
LINE
5
923
100
AcDbEntity
8
0
100
AcDbLine
10
-61.25715103216281
20
173.57026934095899
30
-2.7755575615628914e-16
11
-61.819968663009661
21
173.66950927449409
31
-2.7755575615628914e-16
0
LINE
5
924
100
AcDbEntity
8
0
100
AcDbLine
10
-207.98074164744111
20
219.05906818860359
30
-5.5511151231257827e-16
11
-207.27503545342685
21
215.05680948040106
31
-5.5511151231257827e-16
0
LINE
5
925
100
AcDbEntity
8
0
100
AcDbLine
10
-223.14593759394924
20
216.6429533349424
30
-5.5511151231257827e-16
11
-218.21810093213554
21
217.51186389490306
31
-5.5511151231257827e-16
0
LINE
5
926
100
AcDbEntity
8
0
100
AcDbLine
10
-46.766712694829657
20
221.59337559880413
30
-2.7755575615628914e-16
11
-54.739319694829653
21
221.28718859880408
31
-2.7755575615628914e-16
0
LINE
5
927
100
AcDbEntity
8
0
100
AcDbLine
10
-217.70301460178331
20
218.24748341086772
30
-5.5511151231257827e-16
11
-213.95089706282045
21
218.90908296786472
31
-5.5511151231257827e-16
0
LINE
5
928
100
AcDbEntity
8
0
100
AcDbLine
10
-266.02460861639975
20
214.2272107404041
30
-8.3266726846886741e-16
11
-265.18658251096969
21
209.47452852440409
31
-8.3266726846886741e-16
0
ARC
5
929
100
AcDbEntity
8
0
100
AcDbCircle
10
-222.48893724299973
20
190.09973728871412
30
-5.5511151231257827e-16
40
0.2539999999999954
210
0
220
-0
230
1
100
AcDbArc
50
10.000000000777383
51
100.00000000038054
0
ARC
5
930
100
AcDbEntity
8
0
100
AcDbCircle
10
-261.90428238798978
20
216.88061564240402
30
-8.3266726846886741e-16
40
0.25400000000003747
210
0
220
0
230
1
100
AcDbArc
50
97.14854135027413
51
189.99999999410096
0
LINE
5
931
100
AcDbEntity
8
0
100
AcDbLine
10
-220.06106998554887
20
176.31256067401955
30
-5.5511151231257827e-16
11
-220.62388761639968
21
176.21332074048408
31
-5.5511151231257827e-16
0
ARC
5
932
100
AcDbEntity
8
0
100
AcDbCircle
10
-92.832682345984651
20
190.97179086473409
30
-2.7755575615628914e-16
40
0.25399999999997935
210
0
220
-0
230
1
100
AcDbArc
50
79.999999999890932
51
169.99999999945734
0
LINE
5
933
100
AcDbEntity
8
0
100
AcDbLine
10
-50.126584135579463
20
215.47886205640495
30
-2.7755575615628914e-16
11
-49.420877941537007
21
219.4811207646022
31
-2.7755575615628914e-16
0
ARC
5
934
100
AcDbEntity
8
0
100
AcDbCircle
10
-140.51027469482966
20
239.58214459880409
30
-5.5511151231257827e-16
40
0.25399999999999695
210
0
220
0
230
1
100
AcDbArc
50
-92.851458649896728
51
0
0
LINE
5
935
100
AcDbEntity
8
0
100
AcDbLine
10
-268.66437444340829
20
156.67467098428628
30
-8.3266726846886741e-16
11
-268.28936117618105
21
157.11994291259447
31
-1.9428902930940239e-15
0
ARC
5
936
100
AcDbEntity
8
0
100
AcDbCircle
10
-52.656854161002649
20
167.39801831114414
30
-2.7755575615628914e-16
40
0.63499999999998902
210
0
220
0
230
1
100
AcDbArc
50
169.99999999986147
51
260.00000000000193
0
ARC
5
937
100
AcDbEntity
8
0
100
AcDbCircle
10
-140.51027469482966
20
243.64614459880411
30
-5.5511151231257827e-16
40
0.25399999999999423
210
0
220
0
230
1
100
AcDbArc
50
0
51
90
0
LINE
5
938
100
AcDbEntity
8
0
100
AcDbLine
10
-92.225758078011665
20
191.12269210046409
30
-2.7755575615628914e-16
11
-91.3877319725907
21
195.87537431649409
31
-2.7755575615628914e-16
0
ARC
5
939
100
AcDbEntity
8
0
100
AcDbCircle
10
-146.16177469482966
20
239.3281445988041
30
-5.5511151231257827e-16
40
0.63499999999997669
210
0
220
0
230
1
100
AcDbArc
50
-90
51
0
0
LINE
5
940
100
AcDbEntity
8
0
100
AcDbLine
10
-257.00644345139881
20
189.07553354889893
30
-8.3266726846886741e-16
11
-256.4436258205597
21
189.17477348244407
31
-8.3266726846886741e-16
0
LINE
5
941
100
AcDbEntity
8
0
100
AcDbLine
10
-147.93259820224944
20
216.39633413251775
30
-1.4432899320127038e-14
11
-131.28220089991822
21
213.46041984861591
31
-2.7755575615628914e-16
0
LINE
5
942
100
AcDbEntity
8
0
100
AcDbLine
10
-265.4617909855387
20
214.32645067394139
30
-8.3266726846886741e-16
11
-266.02460861639975
21
214.2272107404041
31
-8.3266726846886741e-16
0
LINE
5
943
100
AcDbEntity
8
0
100
AcDbLine
10
-257.23157584300674
20
167.47514288794645
30
-8.3266726846886741e-16
11
-262.15941250481978
21
166.6062323279441
31
-8.3266726846886741e-16
0
ARC
5
944
100
AcDbEntity
8
0
100
AcDbCircle
10
-274.40090733119962
20
161.50604660902158
30
-8.3266726846886741e-16
40
7.4999999999998579
210
0
220
-7.4014868308345528e-17
230
1
100
AcDbArc
50
270
51
319.89552156854529
0
LINE
5
945
100
AcDbEntity
8
0
100
AcDbLine
10
-192.99449883516613
20
209.61061281194051
30
-5.5511151231257827e-16
11
-196.74661637414613
21
208.94901325504048
31
-5.5511151231257827e-16
0
LINE
5
946
100
AcDbEntity
8
0
100
AcDbLine
10
-167.69588196666075
20
231.20296314356679
30
-5.5511151231257827e-16
11
-162.76810093213552
21
232.07186389490306
31
-5.5511151231257827e-16
0
LINE
5
947
100
AcDbEntity
8
0
100
AcDbLine
10
-241.82879607373522
20
191.49384392584491
30
-8.3266726846886741e-16
11
-241.12308987969968
21
187.4915852176041
31
-8.3266726846886741e-16
0
LINE
5
948
100
AcDbEntity
8
0
100
AcDbLine
10
-227.19074164744003
20
218.14906818860578
30
-5.5511151231257827e-16
11
-226.4850354534268
21
214.146809480401
31
-5.5511151231257827e-16
0
ARC
5
949
100
AcDbEntity
8
0
100
AcDbCircle
10
-60.538944694829659
20
306.34312459880414
30
-2.7755575615628914e-16
40
85.055940000311011
210
0
220
0
230
1
100
AcDbArc
50
264.80577356940398
51
269.99984506632592
0
ARC
5
950
100
AcDbEntity
8
0
100
AcDbCircle
10
-205.8066306202397
20
227.62313367130412
30
-5.5511151231257827e-16
40
0.25400000000001599
210
0
220
0
230
1
100
AcDbArc
50
189.99999999410829
51
282.85145865048247
0
LINE
5
951
100
AcDbEntity
8
0
100
AcDbLine
10
-132.7885757088489
20
183.73193203399859
30
-2.7755575615628914e-16
11
-132.22575807800968
21
183.63269210046408
31
-2.7755575615628914e-16
0
LINE
5
952
100
AcDbEntity
8
0
100
AcDbLine
10
-256.50677178950417
20
184.77902703426332
30
-8.3266726846886741e-16
11
-257.21247798353625
21
188.78128574251474
31
-8.3266726846886741e-16
0
ARC
5
953
100
AcDbEntity
8
0
100
AcDbCircle
10
-240.41088281670966
20
181.92496055152412
30
-5.5511151231257827e-16
40
0.25399999999998923
210
0
220
-0
230
1
100
AcDbArc
50
10.000000000773319
51
102.85145865176696
0
LINE
5
954
100
AcDbEntity
8
0
100
AcDbLine
10
-222.65871736320224
20
212.34425129700543
30
-5.5511151231257827e-16
11
-223.36442355725933
21
216.34651000530243
31
-5.5511151231257827e-16
0
ARC
5
955
100
AcDbEntity
8
0
100
AcDbCircle
10
-53.859845259460656
20
215.43487455030413
30
-2.7755575615628914e-16
40
0.25400000000000428
210
0
220
0
230
1
100
AcDbArc
50
-10.000000003101563
51
79.999999997540854
0
LINE
5
956
100
AcDbEntity
8
0
100
AcDbLine
10
-257.28165192597976
20
193.92745569847409
30
-8.3266726846886741e-16
11
-257.84446955681904
21
193.82821576493956
31
-8.3266726846886741e-16
0
ARC
5
957
100
AcDbEntity
8
0
100
AcDbCircle
10
-97.011444968749657
20
190.03694424741408
30
-2.7755575615628914e-16
40
0.25399999999999684
210
0
220
0
230
1
100
AcDbArc
50
257.1485413500418
51
349.99999999941826
0
ARC
5
958
100
AcDbEntity
8
0
100
AcDbCircle
10
-48.904736622025659
20
166.73641875423414
30
-2.7755575615628914e-16
40
0.6349999999999878
210
0
220
0
230
1
100
AcDbArc
50
260.00000000006833
51
349.99999999986926
0
ARC
5
959
100
AcDbEntity
8
0
100
AcDbCircle
10
-114.48913834597965
20
177.87354786473406
30
-2.7755575615628914e-16
40
0.25400000000002732
210
0
220
-0
230
1
100
AcDbArc
50
79.999999999223732
51
169.9999999996102
0
LINE
5
960
100
AcDbEntity
8
0
100
AcDbLine
10
-107.15715003215365
20
242.1702693409384
30
-2.7755575615628914e-16
11
-107.71996766300965
21
242.26950927440413
31
-2.7755575615628914e-16
0
LINE
5
961
100
AcDbEntity
8
0
100
AcDbLine
10
-243.46074164743942
20
200.7490671886039
30
-8.3266726846886741e-16
11
-242.75503545341485
21
196.74680848041319
31
-8.3266726846886741e-16
0
LINE
5
962
100
AcDbEntity
8
0
100
AcDbLine
10
-262.1817909855489
20
195.50645067401962
30
-8.3266726846886741e-16
11
-262.74460861639972
21
195.40721074048409
31
-8.3266726846886741e-16
0
ARC
5
963
100
AcDbEntity
8
0
100
AcDbCircle
10
-250.64688296695977
20
185.55436517821414
30
-8.3266726846886741e-16
40
0.63499999999999568
210
0
220
0
230
1
100
AcDbArc
50
190.00000000018039
51
280.00000000018412
0
ARC
5
964
100
AcDbEntity
8
0
100
AcDbCircle
10
-49.158229713807664
20
219.43480879560411
30
-2.7755575615628914e-16
40
0.25400000000001483
210
0
220
-0
230
1
100
AcDbArc
50
80.000000001456158
51
169.99999999693773
0
LINE
5
965
100
AcDbEntity
8
0
100
AcDbLine
10
-58.743519656869829
20
216.55391647090664
30
-2.7755575615628914e-16
11
-53.81573862232252
21
215.68501571956733
31
-2.7755575615628914e-16
0
ARC
5
966
100
AcDbEntity
8
0
100
AcDbCircle
10
-266.53688296695969
20
165.83436617821408
30
-8.3266726846886741e-16
40
0.63499999999999568
210
0
220
0
230
1
100
AcDbArc
50
190.00000000017192
51
280.00000000017241
0
LINE
5
967
100
AcDbEntity
8
0
100
AcDbLine
10
-262.67449883515928
20
165.87061281196168
30
-8.3266726846886741e-16
11
-266.42661637413931
21
165.20901325505167
31
-8.3266726846886741e-16
0
ARC
5
968
100
AcDbEntity
8
0
100
AcDbCircle
10
-241.3732310489597
20
187.44747858047415
30
-8.3266726846886741e-16
40
0.25400000000001344
210
0
220
0
230
1
100
AcDbArc
50
-82.851458650804176
51
10.000000000763867
0
LINE
5
969
100
AcDbEntity
8
0
100
AcDbLine
10
-106.15719603172046
20
246.37856258130449
30
-2.7755575615628914e-16
11
-106.86290222576966
21
242.37630387300413
31
-2.7755575615628914e-16
0
ARC
5
970
100
AcDbEntity
8
0
100
AcDbCircle
10
-204.79177532951968
20
222.10282197430411
30
-5.5511151231257827e-16
40
0.25400000000002892
210
0
220
0
230
1
100
AcDbArc
50
100.00000000313203
51
190.00000000302873
0
LINE
5
971
100
AcDbEntity
8
0
100
AcDbLine
10
-202.71677178949119
20
208.79902803420759
30
-5.5511151231257827e-16
11
-203.42247798353964
21
212.80128674250406
31
-5.5511151231257827e-16
0
ARC
5
972
100
AcDbEntity
8
0
100
AcDbCircle
10
-42.589282774711641
20
170.00744595565413
30
-2.7755575615628914e-16
40
0.25399999999999862
210
0
220
0
230
1
100
AcDbArc
50
-10.000000000576101
51
79.999999999894086
0
ARC
5
973
100
AcDbEntity
8
0
100
AcDbCircle
10
-222.16042212000883
20
266.12985233935103
30
-5.5511151231257827e-16
40
104.99999999994938
210
1.0148337537797885e-17
220
-7.8649615917946185e-17
230
1
100
AcDbArc
50
277.35237935989119
51
287.02548777987425
0
ARC
5
974
100
AcDbEntity
8
0
100
AcDbCircle
10
-196.44476542797972
20
229.01596473510409
30
-5.5511151231257827e-16
40
0.63499999999999457
210
0
220
0
230
1
100
AcDbArc
50
-80.000000000452872
51
9.9999999983990762
0
LINE
5
975
100
AcDbEntity
8
0
100
AcDbLine
10
-272.39677178949955
20
165.05902803426491
30
-8.3266726846886741e-16
11
-273.10247798353623
21
169.06128674251471
31
-8.3266726846886741e-16
0
LINE
5
976
100
AcDbEntity
8
0
100
AcDbLine
10
-242.9610699855489
20
196.45256067401962
30
-8.3266726846886741e-16
11
-243.52388761639972
21
196.35332074048409
31
-8.3266726846886741e-16
0
ARC
5
977
100
AcDbEntity
8
0
100
AcDbCircle
10
-260.64065065912592
20
150.67810874628046
30
-8.3266726846886741e-16
40
10.000000000000014
210
0
220
-0
230
1
100
AcDbArc
50
84.55966796899439
51
139.89552156854421
0
LINE
5
978
100
AcDbEntity
8
0
100
AcDbLine
10
-261.90658251096971
20
190.65452852444409
30
-8.3266726846886741e-16
11
-261.34376488012879
21
190.75376845797894
31
-8.3266726846886741e-16
0
ARC
5
979
100
AcDbEntity
8
0
100
AcDbCircle
10
-125.59098911898971
20
192.00578262072412
30
-2.7755575615628914e-16
40
0.63499999999999568
210
0
220
-0
230
1
100
AcDbArc
50
79.999999999825079
51
169.99999999982765
0
ARC
5
980
100
AcDbEntity
8
0
100
AcDbCircle
10
-140.51027469482966
20
248.98014459880412
30
-5.5511151231257827e-16
40
0.25399999999997647
210
0
220
0
230
1
100
AcDbArc
50
-90
51
0
0
ARC
5
981
100
AcDbEntity
8
0
100
AcDbCircle
10
-277.80249632951973
20
197.13671097430409
30
-8.3266726846886741e-16
40
0.25399999999998923
210
0
220
0
230
1
100
AcDbArc
50
100.00000000077331
51
190.00000000112942
0
LINE
5
982
100
AcDbEntity
8
0
100
AcDbLine
10
-27.575835228317949
20
157.11994291259452
30
0
11
-27.200821961090696
21
156.67467098428631
31
0
0
LINE
5
983
100
AcDbEntity
8
0
100
AcDbLine
10
-279.50716445139369
20
206.94942354886976
30
-8.3266726846886741e-16
11
-278.94434682055976
21
207.04866348240412
31
-8.3266726846886741e-16
0
ARC
5
984
100
AcDbEntity
8
0
100
AcDbCircle
10
-149.97177469482966
20
239.3281445988041
30
-5.5511151231257827e-16
40
0.63499999999999446
210
0
220
0
230
1
100
AcDbArc
50
180
51
270
0
ARC
5
985
100
AcDbEntity
8
0
100
AcDbCircle
10
-246.31517662267967
20
215.50270184320411
30
-8.3266726846886741e-16
40
0.25400000000002276
210
0
220
0
230
1
100
AcDbArc
50
-79.999999996892129
51
10.000000015933468
0
ARC
5
986
100
AcDbEntity
8
0
100
AcDbCircle
10
-116.31733720098964
20
190.11266921846411
30
-2.7755575615628914e-16
40
0.2539999999999954
210
0
220
0
230
1
100
AcDbArc
50
-10.000000000784796
51
82.851458650826459
0
LINE
5
987
100
AcDbEntity
8
0
100
AcDbLine
10
-281.12660296666081
20
216.20685214356683
30
-8.3266726846886741e-16
11
-276.19882193212965
21
217.0757528949041
31
-8.3266726846886741e-16
0
ARC
5
988
100
AcDbEntity
8
0
100
AcDbCircle
10
-178.07476542797968
20
234.54596473510409
30
-5.5511151231257827e-16
40
0.63499999999999457
210
0
220
0
230
1
100
AcDbArc
50
-80.000000000453326
51
9.9999999984019716
0
LINE
5
989
100
AcDbEntity
8
0
100
AcDbLine
10
-187.68677178950929
20
233.10902703420243
30
-5.5511151231257827e-16
11
-188.39247798353961
21
237.11128574250409
31
-5.5511151231257827e-16
0
LINE
5
990
100
AcDbEntity
8
0
100
AcDbLine
10
-211.3044988351661
20
203.90061281194048
30
-5.5511151231257827e-16
11
-215.05661637413968
21
203.23901325500407
31
-5.5511151231257827e-16
0
ARC
5
991
100
AcDbEntity
8
0
100
AcDbCircle
10
-80.98473662202565
20
203.8864187542041
30
-2.7755575615628914e-16
40
0.6349999999999999
210
0
220
0
230
1
100
AcDbArc
50
260.00000000054223
51
350.00000000165073
0
ARC
5
992
100
AcDbEntity
8
0
100
AcDbCircle
10
-57.873043395036667
20
192.64041051022411
30
-2.7755575615628914e-16
40
0.25399999999999351
210
0
220
0
230
1
100
AcDbArc
50
260.00000000028075
51
349.99999999945027
0
ARC
5
993
100
AcDbEntity
8
0
100
AcDbCircle
10
-268.54135146998976
20
199.0276190447041
30
-8.3266726846886741e-16
40
0.63499999999997359
210
0
220
-0
230
1
100
AcDbArc
50
9.9999999983910186
51
100.0000000011101
0
LINE
5
994
100
AcDbEntity
8
0
100
AcDbLine
10
-77.93351865686985
20
217.53391647090663
30
-2.7755575615628914e-16
11
-73.00568199504437
21
216.66500591091219
31
-2.7755575615628914e-16
0
LINE
5
995
100
AcDbEntity
8
0
100
AcDbLine
10
-162.25301460178326
20
232.80748341086769
30
-5.5511151231257827e-16
11
-158.50089706282037
21
233.46908296786469
31
-5.5511151231257827e-16
0
LINE
5
996
100
AcDbEntity
8
0
100
AcDbLine
10
-141.0817746948297
20
243.9001445988041
30
-5.5511151231257827e-16
11
-140.51027469482966
21
243.9001445988041
31
-5.5511151231257827e-16
0
LINE
5
997
100
AcDbEntity
8
0
100
AcDbLine
10
-272.40373560179017
20
198.99137241095647
30
-8.3266726846886741e-16
11
-268.65161806282038
21
199.65297196786469
31
-8.3266726846886741e-16
0
LINE
5
998
100
AcDbEntity
8
0
100
AcDbLine
10
-121.06145921483842
20
195.75282283107143
30
-2.7755575615628914e-16
11
-124.8135767538197
21
196.41442238798416
31
-2.7755575615628914e-16
0
LINE
5
999
100
AcDbEntity
8
0
100
AcDbLine
10
-250.09449883516621
20
204.39061181194049
30
-8.3266726846886741e-16
11
-253.84661637414612
21
203.72901225504049
31
-8.3266726846886741e-16
0
ARC
5
1000
100
AcDbEntity
8
0
100
AcDbCircle
10
-243.72338987517966
20
200.70275521960411
30
-8.3266726846886741e-16
40
0.2540000000000126
210
0
220
-0
230
1
100
AcDbArc
50
10.000000003017258
51
99.999999999215305
0
ARC
5
1001
100
AcDbEntity
8
0
100
AcDbCircle
10
-147.93327469482966
20
140.74999459880414
30
-5.5511151231257827e-16
40
121.80013856851895
210
-7.5266996591931952e-19
220
-2.150889948933661e-18
230
1
100
AcDbArc
50
70.713312186701842
51
109.28668543788017
0
ARC
5
1002
100
AcDbEntity
8
0
100
AcDbCircle
10
-162.52110613366477
20
178.73178221253309
30
-5.5511151231257827e-16
40
4.0000000000001021
210
6.2656166634458754e-16
220
-3.5534077872268036e-15
230
1
100
AcDbArc
50
-80.000000000047791
51
9.9999999999498996
0
LINE
5
1003
100
AcDbEntity
8
0
100
AcDbLine
10
-56.917196031733006
20
196.59856258133416
30
-2.7755575615628914e-16
11
-57.622902225771988
21
192.59630387309431
31
-2.7755575615628914e-16
0
ARC
5
1004
100
AcDbEntity
8
0
100
AcDbCircle
10
-221.09080469482967
20
229.83575459880413
30
-5.5511151231257827e-16
40
6.8249841192269969
210
0
220
0
230
1
100
AcDbArc
50
-72.491912752141886
51
11.521478382041387
0
LINE
5
1005
100
AcDbEntity
8
0
100
AcDbLine
10
-167.2087173632022
20
226.9042512970054
30
-5.5511151231257827e-16
11
-167.91442355725002
21
230.9065100053059
31
-5.5511151231257827e-16
0
LINE
5
1006
100
AcDbEntity
8
0
100
AcDbLine
10
-245.13879607373011
20
210.29384392580585
30
-8.3266726846886741e-16
11
-244.43308987969945
21
206.29158521760223
31
-8.3266726846886741e-16
0
ARC
5
1007
100
AcDbEntity
8
0
100
AcDbCircle
10
-52.309612116272611
20
166.63014549287396
30
-2.7755575615628914e-16
40
7.5000000000001776
210
0
220
0
230
1
100
AcDbArc
50
270.00000000000023
51
275.44033203100525
0
LINE
5
1008
100
AcDbEntity
8
0
100
AcDbLine
10
-131.14417870397293
20
192.98495977354648
30
-2.7755575615628914e-16
11
-126.21634204215212
21
192.1160492135445
31
-2.7755575615628914e-16
0
LINE
5
1009
100
AcDbEntity
8
0
100
AcDbLine
10
-164.58299550458077
20
213.46041984861591
30
-1.4432899320127038e-14
11
-147.93259820224944
21
216.39633413251775
31
-1.4432899320127038e-14
0
LINE
5
1010
100
AcDbEntity
8
0
100
AcDbLine
10
-165.5136258205597
20
222.04477448240411
30
-5.5511151231257827e-16
11
-166.3516519259797
21
226.79745669840412
31
-5.5511151231257827e-16
0
ARC
5
1011
100
AcDbEntity
8
0
100
AcDbCircle
10
-249.32063046998974
20
199.9737290447041
30
-8.3266726846886741e-16
40
0.63499999999998602
210
0
220
-0
230
1
100
AcDbArc
50
9.9999999983990762
51
100.00000000111514
0
LINE
5
1012
100
AcDbEntity
8
0
100
AcDbLine
10
-56.922050143016129
20
159.13014549287374
30
-2.7755575615628914e-16
11
-52.309612116272575
21
159.13014549287382
31
-2.7755575615628914e-16
0
ARC
5
1013
100
AcDbEntity
8
0
100
AcDbCircle
10
-121.83887158000971
20
191.34418306381409
30
-2.7755575615628914e-16
40
0.63500000000000179
210
0
220
0
230
1
100
AcDbArc
50
-10.000000000177439
51
80.000000000713001
0
ARC
5
1014
100
AcDbEntity
8
0
100
AcDbCircle
10
-236.8027480089697
20
216.71213048770412
30
-8.3266726846886741e-16
40
0.63500000000000068
210
0
220
0
230
1
100
AcDbArc
50
99.999999999550539
51
189.99999999840239
0
ARC
5
1015
100
AcDbEntity
8
0
100
AcDbCircle
10
-274.40090733119962
20
161.50604660902158
30
-8.3266726846886741e-16
40
7.4999999999998579
210
0
220
-7.4014868308345528e-17
230
1
100
AcDbArc
50
270
51
319.89552156854529
0
LINE
5
1016
100
AcDbEntity
8
0
100
AcDbLine
10
-206.83165192597968
20
236.72745569840407
30
-5.5511151231257827e-16
11
-207.3944695568197
21
236.62821576490413
31
-5.5511151231257827e-16
0
ARC
5
1017
100
AcDbEntity
8
0
100
AcDbCircle
10
-66.440989118995674
20
198.53578262072409
30
-2.7755575615628914e-16
40
0.63500000000000001
210
0
220
-0
230
1
100
AcDbArc
50
79.999999998660186
51
169.999999999854
0
ARC
5
1018
100
AcDbEntity
8
0
100
AcDbCircle
10
-58.799282774711656
20
187.3874459556541
30
-2.7755575615628914e-16
40
0.25399999999999862
210
0
220
0
230
1
100
AcDbArc
50
-10.000000000582666
51
79.99999999989322
0
LINE
5
1019
100
AcDbEntity
8
0
100
AcDbLine
10
-275.72749278949959
20
183.83291703426491
30
-8.3266726846886741e-16
11
-276.43319898353622
21
187.83517574251462
31
-8.3266726846886741e-16
0
ARC
5
1020
100
AcDbEntity
8
0
100
AcDbCircle
10
-21.464289073299319
20
161.50604660902187
30
0
40
7.5000000000000533
210
0
220
0
230
1
100
AcDbArc
50
220.10447843145593
51
270
0
ARC
5
1021
100
AcDbEntity
8
0
100
AcDbCircle
10
-130.22484454001966
20
198.27128915649411
30
-2.7755575615628914e-16
40
0.2539999999999954
210
0
220
0
230
1
100
AcDbArc
50
169.99999999921633
51
262.85145865082961
0
ARC
5
1022
100
AcDbEntity
8
0
100
AcDbCircle
10
-208.13177532951968
20
240.88282097430408
30
-5.5511151231257827e-16
40
0.25399999999999395
210
0
220
0
230
1
100
AcDbArc
50
100.00000000313423
51
190.0000000030436
0
LINE
5
1023
100
AcDbEntity
8
0
100
AcDbLine
10
-269.28521983516612
20
203.46450181194044
30
-8.3266726846886741e-16
11
-273.03733737413967
21
202.80290225500408
31
-8.3266726846886741e-16
0
ARC
5
1024
100
AcDbEntity
8
0
100
AcDbCircle
10
-272.29346900896974
20
198.36601948779406
30
-8.3266726846886741e-16
40
0.63500000000000179
210
0
220
0
230
1
100
AcDbArc
50
100.00000000017745
51
190.00000000017232
0
ARC
5
1025
100
AcDbEntity
8
0
100
AcDbCircle
10
-261.19857619394969
20
212.87835693420413
30
-8.3266726846886741e-16
40
0.25399999999999406
210
0
220
0
230
1
100
AcDbArc
50
190.00000001634567
51
279.99999999919004
0
ARC
5
1026
100
AcDbEntity
8
0
100
AcDbCircle
10
-111.18913834597969
20
196.66354786473414
30
-2.7755575615628914e-16
40
0.2539999999999954
210
0
220
-0
230
1
100
AcDbArc
50
79.999999999219455
51
169.99999999962802
0
LINE
5
1027
100
AcDbEntity
8
0
100
AcDbLine
10
-68.91773297259067
20
213.70537431640412
30
-2.7755575615628914e-16
11
-69.480550603430714
21
213.80461425003787
31
-2.7755575615628914e-16
0
ARC
5
1028
100
AcDbEntity
8
0
100
AcDbCircle
10
-239.98663062023968
20
202.22313467130408
30
-8.3266726846886741e-16
40
0.25400000000001599
210
0
220
0
230
1
100
AcDbArc
50
189.99999999409792
51
282.8514586504964
0
ARC
5
1029
100
AcDbEntity
8
0
100
AcDbCircle
10
-170.8451766226797
20
226.2927028432041
30
-5.5511151231257827e-16
40
0.25399999999998779
210
0
220
0
230
1
100
AcDbArc
50
-79.999999996864645
51
10.000000015936619
0
ARC
5
1030
100
AcDbEntity
8
0
100
AcDbCircle
10
-46.900989118995646
20
199.93578262070412
30
-2.7755575615628914e-16
40
0.63499999999999945
210
0
220
-0
230
1
100
AcDbArc
50
79.999999998972783
51
170.0000000016324
0
LINE
5
1031
100
AcDbEntity
8
0
100
AcDbLine
10
-115.15444976842966
20
199.99858405840411
30
-2.7755575615628914e-16
11
-114.59163213757969
21
199.89934412490413
31
-2.7755575615628914e-16
0
LINE
5
1032
100
AcDbEntity
8
0
100
AcDbLine
10
-279.7823729259797
20
211.80134569840405
30
-8.3266726846886741e-16
11
-280.34519055681972
21
211.70210576490405
31
-8.3266726846886741e-16
0
ARC
5
1033
100
AcDbEntity
8
0
100
AcDbCircle
10
-133.97887258000966
20
232.22418306380411
30
-5.5511151231257827e-16
40
0.63500000000000512
210
0
220
0
230
1
100
AcDbArc
50
-10.000000007284223
51
79.999999999776563
0
LINE
5
1034
100
AcDbEntity
8
0
100
AcDbLine
10
-141.0817746948297
20
248.7261445988041
30
-5.5511151231257827e-16
11
-141.0817746948297
21
243.9001445988041
31
-5.5511151231257827e-16
0
ARC
5
1035
100
AcDbEntity
8
0
100
AcDbCircle
10
-53.21644296630965
20
196.66475541930413
30
-2.7755575615628914e-16
40
0.254
210
0
220
0
230
1
100
AcDbArc
50
170.00000000163772
51
260.00000000027978
0
ARC
5
1036
100
AcDbEntity
8
0
100
AcDbCircle
10
-35.224545745373092
20
150.67810874628046
30
0
40
10.000000000000037
210
0
220
-0
230
1
100
AcDbArc
50
40.104478431455995
51
95.440332031005354
0
ARC
5
1037
100
AcDbEntity
8
0
100
AcDbCircle
10
-144.04644396630968
20
229.61475541930412
30
-5.5511151231257827e-16
40
0.25399999999998618
210
0
220
0
230
1
100
AcDbArc
50
170.00000000590211
51
260.00000000301344
0
LINE
5
1038
100
AcDbEntity
8
0
100
AcDbLine
10
-82.200722526165919
20
218.93113554386485
30
-2.7755575615628914e-16
11
-78.44860498718991
21
218.26953598696505
31
-2.7755575615628914e-16
0
LINE
5
1039
100
AcDbEntity
8
0
100
AcDbLine
10
-206.55644345139365
20
231.87553354886975
30
-5.5511151231257827e-16
11
-205.99362582055971
21
231.97477348240412
31
-5.5511151231257827e-16
0
LINE
5
1040
100
AcDbEntity
8
0
100
AcDbLine
10
-174.64074164744116
20
249.07906718860352
30
-5.5511151231257827e-16
11
-173.93503545342691
21
245.07680848040107
31
-5.5511151231257827e-16
0
LINE
5
1041
100
AcDbEntity
8
0
100
AcDbLine
10
-160.34223589010844
20
218.31409958530605
30
-5.5511151231257827e-16
11
-165.27007255194118
21
217.44518902531178
31
-5.5511151231257827e-16
0
LINE
5
1042
100
AcDbEntity
8
0
100
AcDbLine
10
-245.99586151096972
20
210.40063852440412
30
-8.3266726846886741e-16
11
-245.4330438801297
21
210.49987845790412
31
-8.3266726846886741e-16
0
LINE
5
1043
100
AcDbEntity
8
0
100
AcDbLine
10
-268.66437444340829
20
156.67467098428628
30
-8.3266726846886741e-16
11
-268.28936117618105
21
157.11994291259447
31
-1.9428902930940239e-15
0
ARC
5
1044
100
AcDbEntity
8
0
100
AcDbCircle
10
-143.32823071379971
20
233.61480879560412
30
-5.5511151231257827e-16
40
0.25399999999999567
210
0
220
-0
230
1
100
AcDbArc
50
80.000000003006704
51
169.99999999697644
0
ARC
5
1045
100
AcDbEntity
8
0
100
AcDbCircle
10
-128.45733820098968
20
230.9926692184041
30
-2.7755575615628914e-16
40
0.2539999999999985
210
0
220
0
230
1
100
AcDbArc
50
-9.9999999941179976
51
82.851458650952893
0
LINE
5
1046
100
AcDbEntity
8
0
100
AcDbLine
10
-158.58187512161524
20
179.42637492319739
30
-5.5511151231257827e-16
11
-164.58299550458077
21
213.46041984861591
31
-1.4432899320127038e-14
0
ARC
5
1047
100
AcDbEntity
8
0
100
AcDbCircle
10
-233.0506304699897
20
217.37373004470413
30
-5.5511151231257827e-16
40
0.63499999999999213
210
0
220
-0
230
1
100
AcDbArc
50
9.9999999984011652
51
100.00000000111497
0
ARC
5
1048
100
AcDbEntity
8
0
100
AcDbCircle
10
-137.73099011898972
20
232.88578262070411
30
-5.5511151231257827e-16
40
0.6350000000000261
210
0
220
-0
230
1
100
AcDbArc
50
79.99999999888071
51
170.00000000159969
0
LINE
5
1049
100
AcDbEntity
8
0
100
AcDbLine
10
-280.63943836320226
20
211.90814029700539
30
-8.3266726846886741e-16
11
-281.34514455724997
21
215.91039900530603
31
-8.3266726846886741e-16
0
ARC
5
1050
100
AcDbEntity
8
0
100
AcDbCircle
10
-114.63573877470969
20
199.6492029556041
30
-2.7755575615628914e-16
40
0.25399999999999362
210
0
220
0
230
1
100
AcDbArc
50
-9.9999999937142459
51
80.000000000791019
0
ARC
5
1051
100
AcDbEntity
8
0
100
AcDbCircle
10
-173.25893724299974
20
239.7797372887041
30
-5.5511151231257827e-16
40
0.25400000000000983
210
0
220
-0
230
1
100
AcDbArc
50
9.9999999941042113
51
100.0000000031205
0
LINE
5
1052
100
AcDbEntity
8
0
100
AcDbLine
10
-206.34879607373009
20
209.80384492580578
30
-5.5511151231257827e-16
11
-205.64308987969966
21
205.8015862176041
31
-5.5511151231257827e-16
0
LINE
5
1053
100
AcDbEntity
8
0
100
AcDbLine
10
-205.99362582055971
20
231.97477348240412
30
-5.5511151231257827e-16
11
-206.83165192597968
21
236.72745569840407
31
-5.5511151231257827e-16
0
LINE
5
1054
100
AcDbEntity
8
0
100
AcDbLine
10
-243.91192094971012
20
159.13014549287374
30
-4.7184478546569145e-15
11
-238.94314626148275
21
159.13014549287377
31
-8.3266726846886741e-16
0
ARC
5
1055
100
AcDbEntity
8
0
100
AcDbCircle
10
-235.32759469482968
20
306.34312459880402
30
-8.3266726846886741e-16
40
85.055939642365018
210
0
220
0
230
1
100
AcDbArc
50
270.00015358643907
51
275.19422399103746
0
LINE
5
1056
100
AcDbEntity
8
0
100
AcDbLine
10
-170.52586151096966
20
221.19063952440402
30
-5.5511151231257827e-16
11
-169.96304388014073
21
221.28987945796683
31
-5.5511151231257827e-16
0
ARC
5
1057
100
AcDbEntity
8
0
100
AcDbCircle
10
-43.148871580018657
20
199.27418306380412
30
-2.7755575615628914e-16
40
0.63499999999999401
210
0
220
0
230
1
100
AcDbArc
50
-10.000000007236896
51
79.999999999061316
0
LINE
5
1058
100
AcDbEntity
8
0
100
AcDbLine
10
-125.3286630841621
20
197.15004190396456
30
-2.7755575615628914e-16
11
-130.25649974597243
21
198.01895246396668
31
-2.7755575615628914e-16
0
LINE
5
1059
100
AcDbEntity
8
0
100
AcDbLine
10
-249.40134569482973
20
221.61656859880409
30
-8.3266726846886741e-16
11
-268.1651576948297
21
222.33718959880409
31
-8.3266726846886741e-16
0
LINE
5
1060
100
AcDbEntity
8
0
100
AcDbLine
10
-293.26793523906525
20
209.95827759109062
30
-8.3266726846886741e-16
11
-284.97720168858973
21
164.37466514557411
31
-8.3266726846886741e-16
0
ARC
5
1061
100
AcDbEntity
8
0
100
AcDbCircle
10
-180.50063046998969
20
248.30372904470408
30
-5.5511151231257827e-16
40
0.63499999999998602
210
0
220
-0
230
1
100
AcDbArc
50
9.9999999984020072
51
100.00000000111451
0
ARC
5
1062
100
AcDbEntity
8
0
100
AcDbCircle
10
-155.62327469482966
20
239.58214459880409
30
-5.5511151231257827e-16
40
0.25399999999999423
210
0
220
0
230
1
100
AcDbArc
50
180
51
272.85145864988391
0
LINE
5
1063
100
AcDbEntity
8
0
100
AcDbLine
10
-140.2562746948297
20
253.04414459880408
30
-5.5511151231257827e-16
11
-140.2562746948297
21
248.98014459880412
31
-5.5511151231257827e-16
0
LINE
5
1064
100
AcDbEntity
8
0
100
AcDbLine
10
-46.790722526165936
20
200.56113554386488
30
-2.7755575615628914e-16
11
-43.038604987189913
21
199.89953598696505
31
-2.7755575615628914e-16
0
LINE
5
1065
100
AcDbEntity
8
0
100
AcDbLine
10
-69.686585135579463
20
214.09886205640493
30
-2.7755575615628914e-16
11
-68.980878941537028
21
218.10112076460211
31
-2.7755575615628914e-16
0
LINE
5
1066
100
AcDbEntity
8
0
100
AcDbLine
10
-21.464289073299323
20
154.00604660902178
30
0
11
-16.011921352041373
21
154.00604660902184
31
0
0
LINE
5
1067
100
AcDbEntity
8
0
100
AcDbLine
10
-115.39800303704637
20
195.39899860141347
30
-2.7755575615628914e-16
11
-120.32583969885964
21
196.26790916141414
31
-2.7755575615628914e-16
0
ARC
5
1068
100
AcDbEntity
8
0
100
AcDbCircle
10
-181.82688296695969
20
233.88436517820409
30
-5.5511151231257827e-16
40
0.63499999999999901
210
0
220
0
230
1
100
AcDbArc
50
190.00000000728417
51
279.99999999955082
0
LINE
5
1069
100
AcDbEntity
8
0
100
AcDbLine
10
-173.00879607373008
20
239.82384392580576
30
-5.5511151231257827e-16
11
-172.30308987970716
21
235.8215852176028
31
-5.5511151231257827e-16
0
LINE
5
1070
100
AcDbEntity
8
0
100
AcDbLine
10
-140.51027469482966
20
248.72614459880413
30
-5.5511151231257827e-16
11
-141.0817746948297
21
248.7261445988041
31
-5.5511151231257827e-16
0
LINE
5
1071
100
AcDbEntity
8
0
100
AcDbLine
10
-259.69255973284595
20
160.63306347221999
30
-8.3266726846886741e-16
11
-243.91192094971012
21
159.13014549287374
31
-4.7184478546569145e-15
0
LINE
5
1072
100
AcDbEntity
8
0
100
AcDbLine
10
-208.17588196666077
20
241.13296214356677
30
-5.5511151231257827e-16
11
-203.24810093213554
21
242.00186289490304
31
-5.5511151231257827e-16
0
LINE
5
1073
100
AcDbEntity
8
0
100
AcDbLine
10
-51.598543921562658
20
159.16392944841914
30
-2.7755575615628914e-16
11
-36.172636671653031
21
160.63306347222007
31
0
0
ARC
5
1074
100
AcDbEntity
8
0
100
AcDbCircle
10
-124.70331016099969
20
197.03977531114418
30
-2.7755575615628914e-16
40
0.63499999999999568
210
0
220
0
230
1
100
AcDbArc
50
169.99999999982765
51
259.99999999982305
0
ARC
5
1075
100
AcDbEntity
8
0
100
AcDbCircle
10
-57.167337200997672
20
196.64266921846408
30
-2.7755575615628914e-16
40
0.25400000000000483
210
0
220
0
230
1
100
AcDbArc
50
-10.000000000575492
51
82.851458649931843
0
ARC
5
1076
100
AcDbEntity
8
0
100
AcDbCircle
10
-155.62327469482966
20
243.64614459880411
30
-5.5511151231257827e-16
40
0.25400000000001199
210
0
220
-0
230
1
100
AcDbArc
50
90
51
180
0
ARC
5
1077
100
AcDbEntity
8
0
100
AcDbCircle
10
-171.5508828167097
20
230.29496155150412
30
-5.5511151231257827e-16
40
0.25400000000000983
210
0
220
-0
230
1
100
AcDbArc
50
9.999999994103149
51
102.8514586526132
0
LINE
5
1078
100
AcDbEntity
8
0
100
AcDbLine
10
-81.463192474970541
20
231.19895169183721
30
-2.7755575615628914e-16
11
-80.206964459570685
21
236.70428455600413
31
-2.7755575615628914e-16
0
ARC
5
1079
100
AcDbEntity
8
0
100
AcDbCircle
10
-133.34409027083422
20
178.73178221253309
30
-2.7755575615628914e-16
40
4.0000000000000764
210
0
220
0
230
1
100
AcDbArc
50
170.00000000005014
51
260.00000000004803
0
LINE
5
1080
100
AcDbEntity
8
0
100
AcDbLine
10
-128.20719703172006
20
230.94856258130238
30
-2.7755575615628914e-16
11
-128.91290322577714
21
226.94630387300549
31
-2.7755575615628914e-16
0
LINE
5
1081
100
AcDbEntity
8
0
100
AcDbLine
10
-182.4522358901084
20
233.77409858530609
30
-5.5511151231257827e-16
11
-187.38007255194131
21
232.9051880253117
31
-5.5511151231257827e-16
0
ARC
5
1082
100
AcDbEntity
8
0
100
AcDbCircle
10
-174.9033898751797
20
249.0327552196041
30
-5.5511151231257827e-16
40
0.25400000000000639
210
0
220
-0
230
1
100
AcDbArc
50
10.000000003009784
51
99.999999999215305
0
LINE
5
1083
100
AcDbEntity
8
0
100
AcDbLine
10
-205.86157584300082
20
205.50514288786744
30
-5.5511151231257827e-16
11
-210.78941250481967
21
204.63623232790411
31
-5.5511151231257827e-16
0
LINE
5
1084
100
AcDbEntity
8
0
100
AcDbLine
10
-275.66434682055973
20
188.22866348244406
30
-8.3266726846886741e-16
11
-276.50237292597973
21
192.98134569847409
31
-8.3266726846886741e-16
0
LINE
5
1085
100
AcDbEntity
8
0
100
AcDbLine
10
-276.50237292597973
20
192.98134569847409
30
-8.3266726846886741e-16
11
-277.06519055681889
21
192.88210576493958
31
-8.3266726846886741e-16
0
ARC
5
1086
100
AcDbEntity
8
0
100
AcDbCircle
10
-155.62327469482966
20
248.98014459880412
30
-5.5511151231257827e-16
40
0.25399999999999423
210
0
220
0
230
1
100
AcDbArc
50
180
51
270
0
LINE
5
1087
100
AcDbEntity
8
0
100
AcDbLine
10
-276.22716445139878
20
188.12942354889884
30
-8.3266726846886741e-16
11
-275.66434682055973
21
188.22866348244406
31
-8.3266726846886741e-16
0
ARC
5
1088
100
AcDbEntity
8
0
100
AcDbCircle
10
-120.95119262201969
20
196.37817575423412
30
-2.7755575615628914e-16
40
0.63500000000001755
210
0
220
0
230
1
100
AcDbArc
50
259.99999999997851
51
349.99999999982606
0
ARC
5
1089
100
AcDbEntity
8
0
100
AcDbCircle
10
-111.8948445400197
20
192.66128915649409
30
-2.7755575615628914e-16
40
0.2539999999999954
210
0
220
0
230
1
100
AcDbArc
50
169.99999999921414
51
262.85145865082882
0
ARC
5
1090
100
AcDbEntity
8
0
100
AcDbCircle
10
-115.34144496874966
20
195.64694424741415
30
-2.7755575615628914e-16
40
0.25399999999997153
210
0
220
0
230
1
100
AcDbArc
50
257.14854135028446
51
349.99999999960573
0
ARC
5
1091
100
AcDbEntity
8
0
100
AcDbCircle
10
-247.02088281670967
20
219.5049605515041
30
-8.3266726846886741e-16
40
0.25400000000000983
210
0
220
-0
230
1
100
AcDbArc
50
9.9999999941042113
51
102.85145865258822
0
LINE
5
1092
100
AcDbEntity
8
0
100
AcDbLine
10
-114.38559760543976
20
199.60509631850414
30
-2.7755575615628914e-16
11
-115.09130379948488
21
195.60283761028504
31
-2.7755575615628914e-16
0
ARC
5
1093
100
AcDbEntity
8
0
100
AcDbCircle
10
-238.94314626148361
20
284.13014549290688
30
-8.3266726846886741e-16
40
125.00000000003313
210
0
220
0
230
1
100
AcDbArc
50
270.0000000000004
51
277.35237935989085
0
ARC
5
1094
100
AcDbEntity
8
0
100
AcDbCircle
10
-62.688871580018663
20
197.87418306381412
30
-2.7755575615628914e-16
40
0.63500000000000545
210
0
220
0
230
1
100
AcDbArc
50
-10.000000000130417
51
80.000000000000909
0
ARC
5
1095
100
AcDbEntity
8
0
100
AcDbCircle
10
-172.55323104895973
20
235.77747858040411
30
-5.5511151231257827e-16
40
0.25400000000002415
210
0
220
0
230
1
100
AcDbArc
50
-82.851458649751336
51
10.00000001632862
0
LINE
5
1096
100
AcDbEntity
8
0
100
AcDbLine
10
-62.063518656856154
20
197.76391647099419
30
-2.7755575615628914e-16
11
-57.135681995040883
21
196.89500591099159
31
-2.7755575615628914e-16
0
ARC
5
1097
100
AcDbEntity
8
0
100
AcDbCircle
10
-222.16042212000883
20
266.12985233935103
30
-5.5511151231257827e-16
40
104.99999999994938
210
1.0148337537797885e-17
220
-7.8649615917946185e-17
230
1
100
AcDbArc
50
277.35237935989119
51
287.02548777987425
0
LINE
5
1098
100
AcDbEntity
8
0
100
AcDbLine
10
-207.2058615109697
20
209.91063952440413
30
-5.5511151231257827e-16
11
-206.64304388012971
21
210.00987945790402
31
-5.5511151231257827e-16
0
LINE
5
1099
100
AcDbEntity
8
0
100
AcDbLine
10
-273.77295689010845
20
203.31798858530604
30
-8.3266726846886741e-16
11
-278.70073792465564
21
202.44908783393663
31
-8.3266726846886741e-16
0
ARC
5
1100
100
AcDbEntity
8
0
100
AcDbCircle
10
-245.38893724299967
20
210.2497372887041
30
-8.3266726846886741e-16
40
0.25400000000002215
210
0
220
-0
230
1
100
AcDbArc
50
9.9999999941264832
51
100.00000000313298
0
LINE
5
1101
100
AcDbEntity
8
0
100
AcDbLine
10
-52.45417870397111
20
200.91495977354549
30
-2.7755575615628914e-16
11
-47.526342042161538
21
200.0460492135048
31
-2.7755575615628914e-16
0
ARC
5
1102
100
AcDbEntity
8
0
100
AcDbCircle
10
-220.7766306202397
20
203.13313467130402
30
-5.5511151231257827e-16
40
0.25400000000000983
210
0
220
0
230
1
100
AcDbArc
50
189.99999999409269
51
282.85145865048395
0
LINE
5
1103
100
AcDbEntity
8
0
100
AcDbLine
10
-179.11223589010842
20
215.03409958530608
30
-5.5511151231257827e-16
11
-184.04007255194114
21
214.16518902531178
31
-5.5511151231257827e-16
0
LINE
5
1104
100
AcDbEntity
8
0
100
AcDbLine
10
-52.697731972590667
20
196.31537431649411
30
-2.7755575615628914e-16
11
-53.260549603435827
21
196.41461425003882
31
-2.7755575615628914e-16
0
LINE
5
1105
100
AcDbEntity
8
0
100
AcDbLine
10
-198.2452775468239
20
242.88399563750514
30
-5.5511151231257827e-16
11
-193.31749651230359
21
243.75289638886983
31
-5.5511151231257827e-16
0
LINE
5
1106
100
AcDbEntity
8
0
100
AcDbLine
10
-155.87727469482965
20
248.98014459880412
30
-5.5511151231257827e-16
11
-155.87727469482968
21
253.04414459880408
31
-5.5511151231257827e-16
0
LINE
5
1107
100
AcDbEntity
8
0
100
AcDbLine
10
-191.37879607373006
20
234.29384392580579
30
-5.5511151231257827e-16
11
-190.67308987969932
21
230.29158521760209
31
-5.5511151231257827e-16
0
LINE
5
1108
100
AcDbEntity
8
0
100
AcDbLine
10
-102.73145921483837
20
190.14282283107136
30
-2.7755575615628914e-16
11
-106.4835767538201
21
190.8044223879817
31
-2.7755575615628914e-16
0
LINE
5
1109
100
AcDbEntity
8
0
100
AcDbLine
10
-188.18644345139364
20
237.40553354886973
30
-5.5511151231257827e-16
11
-187.62362582055968
21
237.50477348240409
31
-5.5511151231257827e-16
0
LINE
5
1110
100
AcDbEntity
8
0
100
AcDbLine
10
-121.2135186568473
20
191.23391647099365
30
-2.7755575615628914e-16
11
-116.28568199503688
21
190.36500591099156
31
-2.7755575615628914e-16
0
LINE
5
1111
100
AcDbEntity
8
0
100
AcDbLine
10
-147.93259820224944
20
216.39633413251775
30
-1.4432899320127038e-14
11
-131.28220089991822
21
213.46041984861591
31
-2.7755575615628914e-16
0
LINE
5
1112
100
AcDbEntity
8
0
100
AcDbLine
10
-249.09983569482966
20
221.59337559880413
30
-8.3266726846886741e-16
11
-249.40134569482973
21
221.61656859880409
31
-8.3266726846886741e-16
0
LINE
5
1113
100
AcDbEntity
8
0
100
AcDbLine
10
-244.65163147030577
20
205.99513207933839
30
-8.3266726846886741e-16
11
-249.57941250481394
21
205.12623132790512
31
-8.3266726846886741e-16
0
LINE
5
1114
100
AcDbEntity
8
0
100
AcDbLine
10
-134.03868298149865
20
174.79255120048356
30
-2.7755575615628914e-16
11
-104.44846808533241
21
165.73151922834057
31
-2.7755575615628914e-16
0
LINE
5
1115
100
AcDbEntity
8
0
100
AcDbLine
10
-122.31575807800968
20
239.94269210040412
30
-2.7755575615628914e-16
11
-121.47773197258969
21
244.69537431640416
31
-2.7755575615628914e-16
0
ARC
5
1116
100
AcDbEntity
8
0
100
AcDbCircle
10
-211.41476542797972
20
204.52596573510414
30
-5.5511151231257827e-16
40
0.63499999999999457
210
0
220
0
230
1
100
AcDbArc
50
-80.000000000448296
51
9.9999999983960368
0
LINE
5
1117
100
AcDbEntity
8
0
100
AcDbLine
10
-140.25627469482967
20
243.64614459880411
30
-5.5511151231257827e-16
11
-140.25627469482967
21
239.58214459880409
31
-5.5511151231257827e-16
0
ARC
5
1118
100
AcDbEntity
8
0
100
AcDbCircle
10
-71.068389540023688
20
204.79953215640407
30
-2.7755575615628914e-16
40
0.25400000000000345
210
0
220
0
230
1
100
AcDbArc
50
169.9999999838578
51
262.851458650067
0
LINE
5
1119
100
AcDbEntity
8
0
100
AcDbLine
10
-53.466584135576014
20
196.70886205642438
30
-2.7755575615628914e-16
11
-52.760877941541445
21
200.71112076460494
31
-2.7755575615628914e-16
0
LINE
5
1120
100
AcDbEntity
8
0
100
AcDbLine
10
-171.36388761639972
20
225.94332174040409
30
-5.5511151231257827e-16
11
-170.52586151096966
21
221.19063952440402
31
-5.5511151231257827e-16
0
ARC
5
1121
100
AcDbEntity
8
0
100
AcDbCircle
10
-282.93741469482973
20
211.8371845988041
30
-8.3266726846886741e-16
40
10.499997440799973
210
0
220
-0
230
1
100
AcDbArc
50
90
51
190.30823169182565
0
LINE
5
1122
100
AcDbEntity
8
0
100
AcDbLine
10
-222.94672905770798
20
160.15791216362047
30
-5.5511151231257827e-16
11
-208.72343166884676
21
161.99317634282838
31
-8.8817841970012507e-15
0
ARC
5
1123
100
AcDbEntity
8
0
100
AcDbCircle
10
-205.89323104895971
20
205.75747958040409
30
-5.5511151231257827e-16
40
0.25400000000001977
210
0
220
0
230
1
100
AcDbArc
50
-82.851458649764069
51
10.000000016326275
0
ARC
5
1124
100
AcDbEntity
8
0
100
AcDbCircle
10
-70.362683345984664
20
208.80179086470409
30
-2.7755575615628914e-16
40
0.2539999999999748
210
0
220
-0
230
1
100
AcDbArc
50
79.999999997540399
51
170.00000000611078
0
ARC
5
1125
100
AcDbEntity
8
0
100
AcDbCircle
10
-56.922050143015923
20
284.13014549289824
30
-2.7755575615628914e-16
40
125.00000000002451
210
0
220
0
230
1
100
AcDbArc
50
262.64762064010887
51
269.99999999999989
0
ARC
5
1126
100
AcDbEntity
8
0
100
AcDbCircle
10
-278.7448445617697
20
202.6992290032041
30
-8.3266726846886741e-16
40
0.25400000000001871
210
0
220
0
230
1
100
AcDbArc
50
190.00000000302239
51
279.99999999694279
0
LINE
5
1127
100
AcDbEntity
8
0
100
AcDbLine
10
-174.62449883516615
20
215.18061281194051
30
-5.5511151231257827e-16
11
-178.37661637414612
21
214.51901325504048
31
-5.5511151231257827e-16
0
LINE
5
1128
100
AcDbEntity
8
0
100
AcDbLine
10
-246.77074164744002
20
219.54906718860576
30
-8.3266726846886741e-16
11
-246.06503545342684
21
215.54680848040107
31
-8.3266726846886741e-16
0
LINE
5
1129
100
AcDbEntity
8
0
100
AcDbLine
10
-187.62362582055968
20
237.50477348240409
30
-5.5511151231257827e-16
11
-188.46165192597968
21
242.2574556984041
31
-5.5511151231257827e-16
0
ARC
5
1130
100
AcDbEntity
8
0
100
AcDbCircle
10
-75.374988968749662
20
203.15518724740411
30
-2.7755575615628914e-16
40
0.25399999999997969
210
0
220
0
230
1
100
AcDbArc
50
257.14854135204041
51
349.99999998387051
0
ARC
5
1131
100
AcDbEntity
8
0
100
AcDbCircle
10
-271.82135146998968
20
217.84761904470412
30
-8.3266726846886741e-16
40
0.63499999999998602
210
0
220
-0
230
1
100
AcDbArc
50
9.9999999983978682
51
100.00000000111451
0
ARC
5
1132
100
AcDbEntity
8
0
100
AcDbCircle
10
-260.64065065912592
20
150.67810874628046
30
-8.3266726846886741e-16
40
10.000000000000014
210
0
220
-0
230
1
100
AcDbArc
50
84.55966796899439
51
139.89552156854421
0
ARC
5
1133
100
AcDbEntity
8
0
100
AcDbCircle
10
-280.38929719394969
20
211.95224693420414
30
-8.3266726846886741e-16
40
0.25399999999999406
210
0
220
0
230
1
100
AcDbArc
50
190.00000001634126
51
279.99999999920044
0
LINE
5
1134
100
AcDbEntity
8
0
100
AcDbLine
10
-155.61057469482969
20
253.2981445988041
30
-5.5511151231257827e-16
11
-150.60677469482962
21
253.2981445988041
31
-5.5511151231257827e-16
0
LINE
5
1135
100
AcDbEntity
8
0
100
AcDbLine
10
-252.00527754682389
20
218.88399563750511
30
-8.3266726846886741e-16
11
-247.07744088501769
21
219.75290619749654
31
-8.3266726846886741e-16
0
LINE
5
1136
100
AcDbEntity
8
0
100
AcDbLine
10
-169.18163147030572
20
216.78513307933841
30
-5.5511151231257827e-16
11
-174.10941250481389
21
215.91623232790516
31
-5.5511151231257827e-16
0
LINE
5
1137
100
AcDbEntity
8
0
100
AcDbLine
10
-74.419141605441894
20
207.11333931850331
30
-2.7755575615628914e-16
11
-75.124847799497005
21
203.1110806102063
31
-2.7755575615628914e-16
0
ARC
5
1138
100
AcDbEntity
8
0
100
AcDbCircle
10
-205.32904469482969
20
238.58319459880408
30
-5.5511151231257827e-16
40
10.500007279472673
210
0
220
0
230
1
100
AcDbArc
50
109.28673967085368
51
190.30818911511568
0
LINE
5
1139
100
AcDbEntity
8
0
100
AcDbLine
10
-150.41163147030574
20
220.06513307933841
30
-5.5511151231257827e-16
11
-155.33941250481385
21
219.19623232790516
31
-5.5511151231257827e-16
0
LINE
5
1140
100
AcDbEntity
8
0
100
AcDbLine
10
-215.65957631507686
20
236.70429350719442
30
-5.5511151231257827e-16
11
-214.40334469482963
21
231.19894459880413
31
-5.5511151231257827e-16
0
LINE
5
1141
100
AcDbEntity
8
0
100
AcDbLine
10
-193.0738876163997
20
239.1533207404041
30
-5.5511151231257827e-16
11
-192.2358615109697
21
234.40063852440414
31
-5.5511151231257827e-16
0
ARC
5
1142
100
AcDbEntity
8
0
100
AcDbCircle
10
-155.61057469482969
20
253.04414459880408
30
-5.5511151231257827e-16
40
0.25400000000001199
210
0
220
-0
230
1
100
AcDbArc
50
90
51
180
0
LINE
5
1143
100
AcDbEntity
8
0
100
AcDbLine
10
-166.07644345139366
20
221.94553454886983
30
-5.5511151231257827e-16
11
-165.5136258205597
21
222.04477448240411
31
-5.5511151231257827e-16
0
ARC
5
1144
100
AcDbEntity
8
0
100
AcDbCircle
10
-207.43857619394973
20
236.87835693420411
30
-5.5511151231257827e-16
40
0.25399999999999406
210
0
220
0
230
1
100
AcDbArc
50
190.00000001632455
51
279.99999999921749
0
ARC
5
1145
100
AcDbEntity
8
0
100
AcDbCircle
10
-206.59893724299968
20
209.75973828870411
30
-5.5511151231257827e-16
40
0.25400000000000983
210
0
220
-0
230
1
100
AcDbArc
50
9.9999999941064459
51
100.00000000313744
0
LINE
5
1146
100
AcDbEntity
8
0
100
AcDbLine
10
-173.86586151096969
20
239.93063852440415
30
-5.5511151231257827e-16
11
-173.30304388014076
21
240.02987845796682
31
-5.5511151231257827e-16
0
ARC
5
1147
100
AcDbEntity
8
0
100
AcDbCircle
10
-206.5123368142697
20
231.62539237960414
30
-5.5511151231257827e-16
40
0.25399999999999434
210
0
220
0
230
1
100
AcDbArc
50
99.999999999212363
51
189.99999999372463
0
LINE
5
1148
100
AcDbEntity
8
0
100
AcDbLine
10
-122.24658413557933
20
245.08886205640579
30
-2.7755575615628914e-16
11
-121.54087794153932
21
249.09112076460582
31
-2.7755575615628914e-16
0
ARC
5
1149
100
AcDbEntity
8
0
100
AcDbCircle
10
-266.22411087517969
20
218.57664521960413
30
-8.3266726846886741e-16
40
0.25400000000000639
210
0
220
-0
230
1
100
AcDbArc
50
10.000000003012056
51
99.999999999204903
0
LINE
5
1150
100
AcDbEntity
8
0
100
AcDbLine
10
-131.28220089991822
20
213.46041984861591
30
-2.7755575615628914e-16
11
-137.28332128288375
21
179.42637492319739
31
-2.7755575615628914e-16
0
ARC
5
1151
100
AcDbEntity
8
0
100
AcDbCircle
10
-113.56289896630969
20
183.12651241930408
30
-2.7755575615628914e-16
40
0.25400000000000195
210
0
220
0
230
1
100
AcDbArc
50
170.00000000144129
51
260.00000000184184
0
LINE
5
1152
100
AcDbEntity
8
0
100
AcDbLine
10
-192.51106998553863
20
239.25256067394139
30
-5.5511151231257827e-16
11
-193.0738876163997
21
239.1533207404041
31
-5.5511151231257827e-16
0
LINE
5
1153
100
AcDbEntity
8
0
100
AcDbLine
10
-204.1810699855489
20
196.03256067401958
30
-5.5511151231257827e-16
11
-204.74388761639972
21
195.93332074048408
31
-5.5511151231257827e-16
0
LINE
5
1154
100
AcDbEntity
8
0
100
AcDbLine
10
-75.431547037050677
20
202.90724160134289
30
-2.7755575615628914e-16
11
-80.359383698859716
21
203.77615216140362
31
-2.7755575615628914e-16
0
ARC
5
1155
100
AcDbEntity
8
0
100
AcDbCircle
10
-242.31177532951972
20
215.4828219743041
30
-8.3266726846886741e-16
40
0.25399999999998779
210
0
220
0
230
1
100
AcDbArc
50
100.00000000312681
51
190.00000000303723
0
LINE
5
1156
100
AcDbEntity
8
0
100
AcDbLine
10
-150.89879607373007
20
224.36384492580575
30
-5.5511151231257827e-16
11
-150.1930898796993
21
220.36158621760219
31
-5.5511151231257827e-16
0
LINE
5
1157
100
AcDbEntity
8
0
100
AcDbLine
10
-235.3273666948094
20
221.28718495674462
30
-8.3266726846886741e-16
11
-241.12722969482974
21
221.28718859880408
31
-8.3266726846886741e-16
0
LINE
5
1158
100
AcDbEntity
8
0
100
AcDbLine
10
-241.12722969482974
20
221.28718859880408
30
-8.3266726846886741e-16
11
-249.09983569482966
21
221.59337559880413
31
-8.3266726846886741e-16
0
LINE
5
1159
100
AcDbEntity
8
0
100
AcDbLine
10
-169.66879607373002
20
221.08384492580583
30
-5.5511151231257827e-16
11
-168.96308987969942
21
217.08158621760222
31
-5.5511151231257827e-16
0
ARC
5
1160
100
AcDbEntity
8
0
100
AcDbCircle
10
-186.43428238798973
20
227.67061664240413
30
-5.5511151231257827e-16
40
0.25399999999998024
210
0
220
0
230
1
100
AcDbArc
50
97.148541350295602
51
189.99999999411278
0
ARC
5
1161
100
AcDbEntity
8
0
100
AcDbCircle
10
-279.46305781426975
20
206.69928237960414
30
-8.3266726846886741e-16
40
0.25399999999999434
210
0
220
0
230
1
100
AcDbArc
50
99.999999999212363
51
189.99999999373838
0
LINE
5
1162
100
AcDbEntity
8
0
100
AcDbLine
10
-253.18301460178333
20
199.93748241086769
30
-8.3266726846886741e-16
11
-249.43089706282041
21
200.59908196786469
31
-8.3266726846886741e-16
0
ARC
5
1163
100
AcDbEntity
8
0
100
AcDbCircle
10
-281.0824963295197
20
215.95671097430409
30
-8.3266726846886741e-16
40
0.25400000000003509
210
0
220
0
230
1
100
AcDbArc
50
100.00000000313833
51
190.00000000302239
0
ARC
5
1164
100
AcDbEntity
8
0
100
AcDbCircle
10
-45.986854161002661
20
204.94801831110408
30
-2.7755575615628914e-16
40
0.63500000000000056
210
0
220
0
230
1
100
AcDbArc
50
170.00000000162731
51
260.00000000062812
0
ARC
5
1165
100
AcDbEntity
8
0
100
AcDbCircle
10
-74.669282774711661
20
207.15744595560409
30
-2.7755575615628914e-16
40
0.25399999999999301
210
0
220
0
230
1
100
AcDbArc
50
-9.9999999939040105
51
80.000000001461387
0
ARC
5
1166
100
AcDbEntity
8
0
100
AcDbCircle
10
-275.57346900896971
20
217.1860194877041
30
-8.3266726846886741e-16
40
0.63499999999999457
210
0
220
0
230
1
100
AcDbArc
50
99.999999999547569
51
189.99999999840034
0
LINE
5
1167
100
AcDbEntity
8
0
100
AcDbLine
10
-95.423606032166234
20
199.0420263409394
30
-2.7755575615628914e-16
11
-95.98642366300966
21
199.1412662744041
31
-2.7755575615628914e-16
0
ARC
5
1168
100
AcDbEntity
8
0
100
AcDbCircle
10
-149.97177469482966
20
253.2981445988041
30
-5.5511151231257827e-16
40
0.63500000000001222
210
0
220
-0
230
1
100
AcDbArc
50
90
51
180
0
LINE
5
1169
100
AcDbEntity
8
0
100
AcDbLine
10
-192.2358615109697
20
234.40063852440414
30
-5.5511151231257827e-16
11
-191.67304388014074
21
234.49987845796684
31
-5.5511151231257827e-16
0
ARC
5
1170
100
AcDbEntity
8
0
100
AcDbCircle
10
-204.22517662267967
20
196.28270184328414
30
-5.5511151231257827e-16
40
0.25399999999998923
210
0
220
0
230
1
100
AcDbArc
50
-79.999999999231179
51
10.000000000380512
0
LINE
5
1171
100
AcDbEntity
8
0
100
AcDbLine
10
-248.69527754682392
20
200.08399563750513
30
-8.3266726846886741e-16
11
-243.76749651230364
21
200.95289638886982
31
-8.3266726846886741e-16
0
ARC
5
1172
100
AcDbEntity
8
0
100
AcDbCircle
10
-103.49532758000969
20
185.73594006381413
30
-2.7755575615628914e-16
40
0.63500000000000179
210
0
220
0
230
1
100
AcDbArc
50
-10.000000000179933
51
80.00000000071239
0
LINE
5
1173
100
AcDbEntity
8
0
100
AcDbLine
10
-215.7922358901084
20
203.75409958530611
30
-5.5511151231257827e-16
11
-220.7200725519412
21
202.88518902531169
31
-5.5511151231257827e-16
0
ARC
5
1174
100
AcDbEntity
8
0
100
AcDbCircle
10
-190.9357381074297
20
230.24527324860412
30
-5.5511151231257827e-16
40
0.25399999999999434
210
0
220
0
230
1
100
AcDbArc
50
-80.000000000791019
51
10.000000003024695
0
ARC
5
1175
100
AcDbEntity
8
0
100
AcDbCircle
10
-43.560989118995657
20
218.70578262070413
30
-2.7755575615628914e-16
40
0.63499999999999945
210
0
220
-0
230
1
100
AcDbArc
50
79.999999998973848
51
170.00000000162981
0
LINE
5
1176
100
AcDbEntity
8
0
100
AcDbLine
10
-130.47498570928417
20
198.31539579362493
30
-2.7755575615628914e-16
11
-129.76927951524968
21
202.31765450180407
31
-2.7755575615628914e-16
0
ARC
5
1177
100
AcDbEntity
8
0
100
AcDbCircle
10
-146.16177469482966
20
253.2981445988041
30
-5.5511151231257827e-16
40
0.63499999999999446
210
0
220
0
230
1
100
AcDbArc
50
0
51
90
0
ARC
5
1178
100
AcDbEntity
8
0
100
AcDbCircle
10
-140.52297469482968
20
253.04414459880408
30
-5.5511151231257827e-16
40
0.25399999999999423
210
0
220
0
230
1
100
AcDbArc
50
0
51
90
0
LINE
5
1179
100
AcDbEntity
8
0
100
AcDbLine
10
-121.47773197258969
20
244.69537431640416
30
-2.7755575615628914e-16
11
-122.04054960342393
21
244.79461425003672
31
-2.7755575615628914e-16
0
LINE
5
1180
100
AcDbEntity
8
0
100
AcDbLine
10
-227.19449883515927
20
184.24061181196168
30
-5.5511151231257827e-16
11
-230.94661637413924
21
183.57901225505171
31
-5.5511151231257827e-16
0
ARC
5
1181
100
AcDbEntity
8
0
100
AcDbCircle
10
-189.9333898751797
20
224.72275621960415
30
-5.5511151231257827e-16
40
0.25399999999998374
210
0
220
-0
230
1
100
AcDbArc
50
10.000000003023558
51
99.999999999213443
0
LINE
5
1182
100
AcDbEntity
8
0
100
AcDbLine
10
-165.57677178950934
20
217.64902803420242
30
-5.5511151231257827e-16
11
-166.28247798353959
21
221.65128674250417
31
-5.5511151231257827e-16
0
ARC
5
1183
100
AcDbEntity
8
0
100
AcDbCircle
10
-215.16688296695972
20
203.86436617820408
30
-5.5511151231257827e-16
40
0.63499999999999901
210
0
220
0
230
1
100
AcDbArc
50
190.00000000728213
51
279.99999999955293
0
LINE
5
1184
100
AcDbEntity
8
0
100
AcDbLine
10
-264.58527754682734
20
180.36399663752451
30
-8.3266726846886741e-16
11
-259.65749651231056
21
181.23289738893862
31
-8.3266726846886741e-16
0
LINE
5
1185
100
AcDbEntity
8
0
100
AcDbLine
10
-189.6707416474411
20
224.76906818860363
30
-5.5511151231257827e-16
11
-188.96503545342682
21
220.76680948040107
31
-5.5511151231257827e-16
0
LINE
5
1186
100
AcDbEntity
8
0
100
AcDbLine
10
-225.0715758430008
20
204.59514288786747
30
-5.5511151231257827e-16
11
-229.99941250481967
21
203.72623232790409
31
-5.5511151231257827e-16
0
LINE
5
1187
100
AcDbEntity
8
0
100
AcDbLine
10
-54.597151032157704
20
211.18026934093794
30
-2.7755575615628914e-16
11
-55.159968663009657
21
211.27950927440412
31
-2.7755575615628914e-16
0
LINE
5
1188
100
AcDbEntity
8
0
100
AcDbLine
10
-66.330722526162546
20
199.16113554388428
30
-2.7755575615628914e-16
11
-62.578604987200173
21
198.49953598697687
31
-2.7755575615628914e-16
0
ARC
5
1189
100
AcDbEntity
8
0
100
AcDbCircle
10
-273.14760396695976
20
203.4282551782041
30
-8.3266726846886741e-16
40
0.63500000000001133
210
0
220
0
230
1
100
AcDbArc
50
190.00000000728969
51
279.99999999955799
0
LINE
5
1190
100
AcDbEntity
8
0
100
AcDbLine
10
-230.51449883516614
20
202.99061281194042
30
-5.5511151231257827e-16
11
-234.26661637413969
21
202.32901325500407
31
-5.5511151231257827e-16
0
ARC
5
1191
100
AcDbEntity
8
0
100
AcDbCircle
10
-256.38274800896971
20
218.11212948770412
30
-8.3266726846886741e-16
40
0.63499999999999457
210
0
220
0
230
1
100
AcDbArc
50
99.999999999547569
51
189.99999999840034
0
ARC
5
1192
100
AcDbEntity
8
0
100
AcDbCircle
10
-118.65498896874968
20
176.85518724741414
30
-2.7755575615628914e-16
40
0.25400000000000222
210
0
220
0
230
1
100
AcDbArc
50
257.14854135028901
51
349.99999999960966
0
LINE
5
1193
100
AcDbEntity
8
0
100
AcDbLine
10
-54.739319694829653
20
221.28718859880408
30
-2.7755575615628914e-16
11
-60.539174694829626
21
221.28718459880412
31
-2.7755575615628914e-16
0
LINE
5
1194
100
AcDbEntity
8
0
100
AcDbLine
10
-98.723606032162806
20
180.25202634095882
30
-2.7755575615628914e-16
11
-99.286423663009643
21
180.35126627449412
31
-2.7755575615628914e-16
0
ARC
5
1195
100
AcDbEntity
8
0
100
AcDbCircle
10
-230.17274800896971
20
179.17212948779408
30
-5.5511151231257827e-16
40
0.63499999999998946
210
0
220
0
230
1
100
AcDbArc
50
100.00000000017241
51
190.00000000017482
0
LINE
5
1196
100
AcDbEntity
8
0
100
AcDbLine
10
-106.03145921483838
20
171.35282283107142
30
-2.7755575615628914e-16
11
-109.78357675382011
21
172.01442238798168
31
-2.7755575615628914e-16
0
LINE
5
1197
100
AcDbEntity
8
0
100
AcDbLine
10
-199.37677178950418
20
190.0890270342633
30
-5.5511151231257827e-16
11
-200.08247798353614
21
194.09128574251469
31
-5.5511151231257827e-16
0
LINE
5
1198
100
AcDbEntity
8
0
100
AcDbLine
10
-254.8387173632143
20
175.25425029707333
30
-8.3266726846886741e-16
11
-255.54442355724987
21
179.25650900531477
31
-8.3266726846886741e-16
0
LINE
5
1199
100
AcDbEntity
8
0
100
AcDbLine
10
-102.86997465684728
20
185.62567347099366
30
-2.7755575615628914e-16
11
-97.9421936223345
21
184.75677271957943
31
-2.7755575615628914e-16
0
ARC
5
1200
100
AcDbEntity
8
0
100
AcDbCircle
10
-40.969844259460658
20
179.26487455031418
30
-2.7755575615628914e-16
40
0.25400000000001333
210
0
220
0
230
1
100
AcDbArc
50
-9.9999999993188418
51
80.000000000275449
0
LINE
5
1201
100
AcDbEntity
8
0
100
AcDbLine
10
-87.864178703972925
20
219.28495977346583
30
-2.7755575615628914e-16
11
-82.936342042161542
21
218.41604921350472
31
-2.7755575615628914e-16
0
LINE
5
1202
100
AcDbEntity
8
0
100
AcDbLine
10
-174.7038876163997
20
244.6833207404041
30
-5.5511151231257827e-16
11
-173.86586151096969
21
239.93063852440415
31
-5.5511151231257827e-16
0
ARC
5
1203
100
AcDbEntity
8
0
100
AcDbCircle
10
-235.68177532951972
20
177.94282097430408
30
-5.5511151231257827e-16
40
0.25400000000002426
210
0
220
0
230
1
100
AcDbArc
50
100.00000000075622
51
190.00000000112317
0
LINE
5
1204
100
AcDbEntity
8
0
100
AcDbLine
10
-95.98642366300966
20
199.1412662744041
30
-2.7755575615628914e-16
11
-96.824449768430654
21
194.38858405845409
31
-2.7755575615628914e-16
0
ARC
5
1205
100
AcDbEntity
8
0
100
AcDbCircle
10
-107.2474451189897
20
186.3975396207241
30
-2.7755575615628914e-16
40
0.63499999999999879
210
0
220
-0
230
1
100
AcDbArc
50
79.999999999820915
51
169.99999999982236
0
LINE
5
1206
100
AcDbEntity
8
0
100
AcDbLine
10
-46.465202694829657
20
221.61656859880409
30
-2.7755575615628914e-16
11
-46.766712694829657
21
221.59337559880413
31
-2.7755575615628914e-16
0
LINE
5
1207
100
AcDbEntity
8
0
100
AcDbLine
10
-43.450722526165954
20
219.33113554386492
30
-2.7755575615628914e-16
11
-39.698604987200653
21
218.66953598690412
31
-2.7755575615628914e-16
0
ARC
5
1208
100
AcDbEntity
8
0
100
AcDbCircle
10
-252.63063046998974
20
218.77372904470408
30
-8.3266726846886741e-16
40
0.63499999999998602
210
0
220
-0
230
1
100
AcDbArc
50
9.9999999983986019
51
100.00000000110947
0
ARC
5
1209
100
AcDbEntity
8
0
100
AcDbCircle
10
-42.234736622025657
20
204.28641875420411
30
-2.7755575615628914e-16
40
0.63499999999996948
210
0
220
0
230
1
100
AcDbArc
50
260.00000000053905
51
350.00000000164755
0
LINE
5
1210
100
AcDbEntity
8
0
100
AcDbLine
10
-100.36805866434158
20
170.99900840999908
30
-2.7755575615628914e-16
11
-105.29583969885729
21
171.86790916141371
31
-2.7755575615628914e-16
0
LINE
5
1211
100
AcDbEntity
8
0
100
AcDbLine
10
-56.027731972590651
20
177.53537431649417
30
-2.7755575615628914e-16
11
-56.590549603435825
21
177.63461425003874
31
-2.7755575615628914e-16
0
LINE
5
1212
100
AcDbEntity
8
0
100
AcDbLine
10
-166.3516519259797
20
226.79745669840412
30
-5.5511151231257827e-16
11
-166.91446955682574
21
226.69821676493839
31
-5.5511151231257827e-16
0
ARC
5
1213
100
AcDbEntity
8
0
100
AcDbCircle
10
-269.39548642797968
20
204.08985473510404
30
-8.3266726846886741e-16
40
0.63499999999999457
210
0
220
0
230
1
100
AcDbArc
50
-80.000000000452417
51
9.9999999984069898
0
LINE
5
1214
100
AcDbEntity
8
0
100
AcDbLine
10
-125.4807225261693
20
192.63113554388653
30
-2.7755575615628914e-16
11
-121.72860498719899
21
191.9695359869782
31
-2.7755575615628914e-16
0
LINE
5
1215
100
AcDbEntity
8
0
100
AcDbLine
10
-100.12444976843071
20
175.59858405845409
30
-2.7755575615628914e-16
11
-99.561632137583786
21
175.49934412491916
31
-2.7755575615628914e-16
0
ARC
5
1216
100
AcDbEntity
8
0
100
AcDbCircle
10
-226.4206304699897
20
179.83372904470406
30
-5.5511151231257827e-16
40
0.63500000000000179
210
0
220
-0
230
1
100
AcDbArc
50
10.00000000017995
51
100.00000000001806
0
LINE
5
1217
100
AcDbEntity
8
0
100
AcDbLine
10
-55.159968663009657
20
211.27950927440412
30
-2.7755575615628914e-16
11
-55.997994768430658
21
206.52682705840414
31
-2.7755575615628914e-16
0
LINE
5
1218
100
AcDbEntity
8
0
100
AcDbLine
10
-140.52291820939601
20
239.3281445988041
30
-5.5511151231257827e-16
11
-145.5267746948297
21
239.3281445988041
31
-5.5511151231257827e-16
0
LINE
5
1219
100
AcDbEntity
8
0
100
AcDbLine
10
-99.286423663009643
20
180.35126627449412
30
-2.7755575615628914e-16
11
-100.12444976843071
21
175.59858405845409
31
-2.7755575615628914e-16
0
LINE
5
1220
100
AcDbEntity
8
0
100
AcDbLine
10
-71.994123076686634
20
199.51494996487037
30
-2.7755575615628914e-16
11
-67.066342042158155
21
198.64604921354419
31
-2.7755575615628914e-16
0
LINE
5
1221
100
AcDbEntity
8
0
100
AcDbLine
10
-202.73301460178334
20
242.7374824108677
30
-5.5511151231257827e-16
11
-198.98089706282039
21
243.3990819678647
31
-5.5511151231257827e-16
0
LINE
5
1222
100
AcDbEntity
8
0
100
AcDbLine
10
-94.480579076681465
20
181.72670696494944
30
-2.7755575615628914e-16
11
-89.55279804215813
21
180.85780621354419
31
-2.7755575615628914e-16
0
ARC
5
1223
100
AcDbEntity
8
0
100
AcDbCircle
10
-39.808871580018646
20
218.04418306380413
30
-2.7755575615628914e-16
40
0.63499999999999401
210
0
220
0
230
1
100
AcDbArc
50
-10.0000000072371
51
79.999999999061842
0
ARC
5
1224
100
AcDbEntity
8
0
100
AcDbCircle
10
-265.5058976226797
20
214.57659184320408
30
-8.3266726846886741e-16
40
0.25399999999998163
210
0
220
0
230
1
100
AcDbArc
50
-79.999999996884696
51
10.000000015941785
0
LINE
5
1225
100
AcDbEntity
8
0
100
AcDbLine
10
-199.87644345139884
20
194.38553354889891
30
-5.5511151231257827e-16
11
-199.31362582055968
21
194.4847734824441
31
-5.5511151231257827e-16
0
LINE
5
1226
100
AcDbEntity
8
0
100
AcDbLine
10
-174.14106998553862
20
244.78256067394139
30
-5.5511151231257827e-16
11
-174.7038876163997
21
244.6833207404041
31
-5.5511151231257827e-16
0
LINE
5
1227
100
AcDbEntity
8
0
100
AcDbLine
10
-130.85160366435073
20
217.48725140994139
30
-2.7755575615628914e-16
11
-135.7793846988597
21
218.35615216140411
31
-5.5511151231257827e-16
0
LINE
5
1228
100
AcDbEntity
8
0
100
AcDbLine
10
-81.095003214838229
20
203.26106583104033
30
-2.7755575615628914e-16
11
-84.847120753814309
21
203.92266538794016
31
-2.7755575615628914e-16
0
LINE
5
1229
100
AcDbEntity
8
0
100
AcDbLine
10
-235.23871736321422
20
173.89425029707328
30
-5.5511151231257827e-16
11
-235.94442355724982
21
177.89650900531484
31
-5.5511151231257827e-16
0
LINE
5
1230
100
AcDbEntity
8
0
100
AcDbLine
10
-190.89163147030575
20
229.99513207933842
30
-5.5511151231257827e-16
11
-195.8194125048139
21
229.12623132790512
31
-5.5511151231257827e-16
0
LINE
5
1231
100
AcDbEntity
8
0
100
AcDbLine
10
-88.787151032157709
20
236.56026934093791
30
-2.7755575615628914e-16
11
-89.349968663009662
21
236.65950927440412
31
-2.7755575615628914e-16
0
ARC
5
1232
100
AcDbEntity
8
0
100
AcDbCircle
10
-234.3768829669597
20
202.95436617820405
30
-5.5511151231257827e-16
40
0.6349999999999929
210
0
220
0
230
1
100
AcDbArc
50
190.00000000728124
51
279.99999999955082
0
ARC
5
1233
100
AcDbEntity
8
0
100
AcDbCircle
10
-221.4823368142697
20
207.13539337960412
30
-5.5511151231257827e-16
40
0.25399999999999434
210
0
220
0
230
1
100
AcDbArc
50
99.99999999920901
51
189.99999999373097
0
LINE
5
1234
100
AcDbEntity
8
0
100
AcDbLine
10
-203.04879607373522
20
191.07384392584493
30
-5.5511151231257827e-16
11
-202.34308987969519
21
187.07158521760488
31
-5.5511151231257827e-16
0
LINE
5
1235
100
AcDbEntity
8
0
100
AcDbLine
10
-58.428529709289322
20
168.67363879362344
30
-2.7755575615628914e-16
11
-57.722823515249353
21
172.67589750186386
31
-2.7755575615628914e-16
0
ARC
5
1236
100
AcDbEntity
8
0
100
AcDbCircle
10
-225.80893724299969
20
208.84973828870415
30
-5.5511151231257827e-16
40
0.25400000000000983
210
0
220
-0
230
1
100
AcDbArc
50
9.9999999940852735
51
100.00000000313632
0
LINE
5
1237
100
AcDbEntity
8
0
100
AcDbLine
10
-94.724187972590656
20
177.12713131649411
30
-2.7755575615628914e-16
11
-95.287005603435858
21
177.22637125003877
31
-2.7755575615628914e-16
0
LINE
5
1238
100
AcDbEntity
8
0
100
AcDbLine
10
-42.345003214838272
20
203.66106583104033
30
-2.7755575615628914e-16
11
-46.097120753814309
21
204.32266538794011
31
-2.7755575615628914e-16
0
ARC
5
1239
100
AcDbEntity
8
0
100
AcDbCircle
10
-185.72857619394969
20
223.6683579342041
30
-5.5511151231257827e-16
40
0.2539999999999879
210
0
220
0
230
1
100
AcDbArc
50
190.00000001632341
51
279.99999999920897
0
ARC
5
1240
100
AcDbEntity
8
0
100
AcDbCircle
10
-253.66233681426974
20
170.04539237963402
30
-8.3266726846886741e-16
40
0.254000000000008
210
0
220
0
230
1
100
AcDbArc
50
100.00000000038
51
189.99999999815063
0
LINE
5
1241
100
AcDbEntity
8
0
100
AcDbLine
10
-97.723652031732215
20
184.46031958133347
30
-2.7755575615628914e-16
11
-98.429358225771978
21
180.45806087309438
31
-2.7755575615628914e-16
0
LINE
5
1242
100
AcDbEntity
8
0
100
AcDbLine
10
-129.76996866300968
20
226.83950927440409
30
-2.7755575615628914e-16
11
-130.60799476842968
21
222.08682705840408
31
-2.7755575615628914e-16
0
LINE
5
1243
100
AcDbEntity
8
0
100
AcDbLine
10
-221.75163147030062
20
185.84513207935927
30
-5.5511151231257827e-16
11
-226.67941250481732
21
184.97623132794456
31
-5.5511151231257827e-16
0
ARC
5
1244
100
AcDbEntity
8
0
100
AcDbCircle
10
-230.6247654279797
20
203.61596573510411
30
-5.5511151231257827e-16
40
0.63500000000002332
210
0
220
0
230
1
100
AcDbArc
50
-80.000000000453781
51
9.9999999983964774
0
LINE
5
1245
100
AcDbEntity
8
0
100
AcDbLine
10
-129.20715103215366
20
226.74026934093843
30
-2.7755575615628914e-16
11
-129.76996866300968
21
226.83950927440409
31
-2.7755575615628914e-16
0
ARC
5
1246
100
AcDbEntity
8
0
100
AcDbCircle
10
-255.28177532951972
20
179.3028209743041
30
-8.3266726846886741e-16
40
0.25400000000002426
210
0
220
0
230
1
100
AcDbArc
50
100.00000000076997
51
190.00000000112834
0
ARC
5
1247
100
AcDbEntity
8
0
100
AcDbCircle
10
-111.32573877470968
20
218.40920295560409
30
-2.7755575615628914e-16
40
0.25399999999999362
210
0
220
0
230
1
100
AcDbArc
50
-9.9999999937074264
51
80.000000000784695
0
ARC
5
1248
100
AcDbEntity
8
0
100
AcDbCircle
10
-171.80688296695968
20
177.64436517821412
30
-5.5511151231257827e-16
40
0.63499999999999568
210
0
220
0
230
1
100
AcDbArc
50
190.00000000017653
51
280.00000000017445
0
LINE
5
1249
100
AcDbEntity
8
0
100
AcDbLine
10
-16.499141605441864
20
206.53333931850329
30
0
11
-17.204847799496978
21
202.53108061020629
31
0
0
LINE
5
1250
100
AcDbEntity
8
0
100
AcDbLine
10
-51.758529709282683
20
206.22363879360111
30
-2.7755575615628914e-16
11
-51.052823515254474
21
210.22589750180481
31
-2.7755575615628914e-16
0
LINE
5
1251
100
AcDbEntity
8
0
100
AcDbLine
10
-177.69301460178329
20
210.75748241086771
30
-5.5511151231257827e-16
11
-173.9408970628204
21
211.41908196786471
31
-5.5511151231257827e-16
0
ARC
5
1252
100
AcDbEntity
8
0
100
AcDbCircle
10
-92.079499395036663
20
218.0521675102041
30
-2.7755575615628914e-16
40
0.25399999999998135
210
0
220
0
230
1
100
AcDbArc
50
260.00000000144962
51
349.99999998391957
0
LINE
5
1253
100
AcDbEntity
8
0
100
AcDbLine
10
-203.90586151096969
20
191.18063852444408
30
-5.5511151231257827e-16
11
-203.34304388012879
21
191.2798784579789
31
-5.5511151231257827e-16
0
ARC
5
1254
100
AcDbEntity
8
0
100
AcDbCircle
10
-117.94928277470966
20
180.85744595565413
30
-2.7755575615628914e-16
40
0.25399999999999667
210
0
220
0
230
1
100
AcDbArc
50
-10.000000000393715
51
79.999999999231861
0
LINE
5
1255
100
AcDbEntity
8
0
100
AcDbLine
10
-89.349968663009662
20
236.65950927440412
30
-2.7755575615628914e-16
11
-90.187994768430627
21
231.90682705840408
31
-2.7755575615628914e-16
0
LINE
5
1256
100
AcDbEntity
8
0
100
AcDbLine
10
-204.74388761639972
20
195.93332074048408
30
-5.5511151231257827e-16
11
-203.90586151096969
21
191.18063852444408
31
-5.5511151231257827e-16
0
LINE
5
1257
100
AcDbEntity
8
0
100
AcDbLine
10
-92.755597605441849
20
212.75509631850329
30
-2.7755575615628914e-16
11
-93.461303799496974
21
208.75283761020629
31
-2.7755575615628914e-16
0
ARC
5
1258
100
AcDbEntity
8
0
100
AcDbCircle
10
-162.52110613366477
20
178.73178221253309
30
-5.5511151231257827e-16
40
4.0000000000001021
210
6.2656166634458754e-16
220
-3.5534077872268036e-15
230
1
100
AcDbArc
50
-80.000000000047791
51
9.9999999999498996
0
ARC
5
1259
100
AcDbEntity
8
0
100
AcDbCircle
10
-91.90644296630964
20
196.2247554193041
30
-2.7755575615628914e-16
40
0.254
210
0
220
0
230
1
100
AcDbArc
50
170.00000000163274
51
260.00000000027239
0
LINE
5
1260
100
AcDbEntity
8
0
100
AcDbLine
10
-50.758575708846507
20
210.43193203396731
30
-2.7755575615628914e-16
11
-50.195758078011664
21
210.33269210040416
31
-2.7755575615628914e-16
0
LINE
5
1261
100
AcDbEntity
8
0
100
AcDbLine
10
-88.817178526176178
20
181.37289254388668
30
-2.7755575615628914e-16
11
-85.065060987200184
21
180.71129298697679
31
-2.7755575615628914e-16
0
LINE
5
1262
100
AcDbEntity
8
0
100
AcDbLine
10
-56.865758078011652
20
172.78269210046409
30
-2.7755575615628914e-16
11
-56.027731972590651
21
177.53537431649417
31
-2.7755575615628914e-16
0
ARC
5
1263
100
AcDbEntity
8
0
100
AcDbCircle
10
-96.305738774711642
20
194.03920295565413
30
-2.7755575615628914e-16
40
0.25399999999999862
210
0
220
0
230
1
100
AcDbArc
50
-10.000000000582972
51
79.999999999891642
0
LINE
5
1264
100
AcDbEntity
8
0
100
AcDbLine
10
-53.282207084165123
20
167.50828490396415
30
-2.7755575615628914e-16
11
-58.209988118688543
21
168.37718565536909
31
-2.7755575615628914e-16
0
LINE
5
1265
100
AcDbEntity
8
0
100
AcDbLine
10
-130.60799476842968
20
222.08682705840408
30
-2.7755575615628914e-16
11
-130.04517713757969
21
221.98758712490414
31
-2.7755575615628914e-16
0
ARC
5
1266
100
AcDbEntity
8
0
100
AcDbCircle
10
-117.02304339502966
20
186.11041051022409
30
-2.7755575615628914e-16
40
0.25399999999997613
210
0
220
0
230
1
100
AcDbArc
50
259.99999999960721
51
349.99999999922932
0
ARC
5
1267
100
AcDbEntity
8
0
100
AcDbCircle
10
-166.58893724299969
20
202.26973728870411
30
-5.5511151231257827e-16
40
0.25400000000001599
210
0
220
-0
230
1
100
AcDbArc
50
9.99999999411685
51
100.00000000312149
0
ARC
5
1268
100
AcDbEntity
8
0
100
AcDbCircle
10
-167.51517662267969
20
207.52270184320409
30
-5.5511151231257827e-16
40
0.25399999999999395
210
0
220
0
230
1
100
AcDbArc
50
-79.999999996864645
51
10.000000015944055
0
LINE
5
1269
100
AcDbEntity
8
0
100
AcDbLine
10
-255.32588196665048
20
179.55296214356864
30
-8.3266726846886741e-16
11
-250.39810093213214
21
180.42186289497363
31
-8.3266726846886741e-16
0
LINE
5
1270
100
AcDbEntity
8
0
100
AcDbLine
10
-49.114123076686617
20
219.68494996487036
30
-2.7755575615628914e-16
11
-44.186342042161549
21
218.81604921350484
31
-2.7755575615628914e-16
0
ARC
5
1271
100
AcDbEntity
8
0
100
AcDbCircle
10
-18.43733720099765
20
197.06266921846409
30
0
40
0.25400000000000483
210
0
220
0
230
1
100
AcDbArc
50
-10.000000000576101
51
82.851458649934244
0
ARC
5
1272
100
AcDbEntity
8
0
100
AcDbCircle
10
-112.84468571379966
20
187.12656579568409
30
-2.7755575615628914e-16
40
0.25400000000000938
210
0
220
-0
230
1
100
AcDbArc
50
80.000000001832376
51
169.99999999885793
0
LINE
5
1273
100
AcDbEntity
8
0
100
AcDbLine
10
-99.431459214838299
20
208.90282283104031
30
-2.7755575615628914e-16
11
-103.18357675381966
21
209.56442238790413
31
-2.7755575615628914e-16
0
ARC
5
1274
100
AcDbEntity
8
0
100
AcDbCircle
10
-163.23893724299973
20
183.53973728871409
30
-5.5511151231257827e-16
40
0.2539999999999954
210
0
220
-0
230
1
100
AcDbArc
50
10.000000000782586
51
100.00000000037312
0
LINE
5
1275
100
AcDbEntity
8
0
100
AcDbLine
10
-57.428575708856762
20
172.88193203399914
30
-2.7755575615628914e-16
11
-56.865758078011652
21
172.78269210046409
31
-2.7755575615628914e-16
0
LINE
5
1276
100
AcDbEntity
8
0
100
AcDbLine
10
-36.681547037050649
20
203.30724160134292
30
-2.7755575615628914e-16
11
-41.609383698859766
21
204.17615216140359
31
-2.7755575615628914e-16
0
LINE
5
1277
100
AcDbEntity
8
0
100
AcDbLine
10
-103.69866308416547
20
210.30004190390514
30
-2.7755575615628914e-16
11
-108.62649974596886
21
211.16895246389603
31
-2.7755575615628914e-16
0
LINE
5
1278
100
AcDbEntity
8
0
100
AcDbLine
10
-129.83914260543975
20
221.69333931850414
30
-2.7755575615628914e-16
11
-130.54484879947933
21
217.69108061020603
31
-2.7755575615628914e-16
0
LINE
5
1279
100
AcDbEntity
8
0
100
AcDbLine
10
-185.97871736320224
20
223.62425129700543
30
-5.5511151231257827e-16
11
-186.68442355725932
21
227.62651000530244
31
-5.5511151231257827e-16
0
ARC
5
1280
100
AcDbEntity
8
0
100
AcDbCircle
10
-95.379499395036646
20
199.29216751020417
30
-2.7755575615628914e-16
40
0.25399999999999556
210
0
220
0
230
1
100
AcDbArc
50
259.99999999950097
51
349.99999998389387
0
LINE
5
1281
100
AcDbEntity
8
0
100
AcDbLine
10
-185.12165192597968
20
223.51745669840412
30
-5.5511151231257827e-16
11
-185.68446955682575
21
223.41821676493839
31
-5.5511151231257827e-16
0
LINE
5
1282
100
AcDbEntity
8
0
100
AcDbLine
10
-222.23879607373522
20
190.14384392584492
30
-5.5511151231257827e-16
11
-221.53308987969979
21
186.14158521760456
31
-5.5511151231257827e-16
0
ARC
5
1283
100
AcDbEntity
8
0
100
AcDbCircle
10
-91.188229713807644
20
200.22480879560416
30
-2.7755575615628914e-16
40
0.25399999999998135
210
0
220
-0
230
1
100
AcDbArc
50
80.000000001452818
51
169.99999999694325
0
ARC
5
1284
100
AcDbEntity
8
0
100
AcDbCircle
10
-254.58857619394976
20
175.29835693420409
30
-8.3266726846886741e-16
40
0.2539999999999954
210
0
220
0
230
1
100
AcDbArc
50
190.00000000076994
51
280.00000000077102
0
LINE
5
1285
100
AcDbEntity
8
0
100
AcDbLine
10
-95.562214078011664
20
172.37444910046409
30
-2.7755575615628914e-16
11
-94.724187972590656
21
177.12713131649411
31
-2.7755575615628914e-16
0
LINE
5
1286
100
AcDbEntity
8
0
100
AcDbLine
10
-93.768003037050661
20
208.54899860134427
30
-2.7755575615628914e-16
11
-98.695839698859771
21
209.4179091614036
31
-2.7755575615628914e-16
0
ARC
5
1287
100
AcDbEntity
8
0
100
AcDbCircle
10
-225.10323104895971
20
204.84747958040413
30
-5.5511151231257827e-16
40
0.25400000000001532
210
0
220
0
230
1
100
AcDbArc
50
-82.851458649770422
51
10.000000016321072
0
LINE
5
1288
100
AcDbEntity
8
0
100
AcDbLine
10
-186.46593759394909
20
227.92295333494241
30
-5.5511151231257827e-16
11
-181.53810093213551
21
228.79186389490309
31
-5.5511151231257827e-16
0
LINE
5
1289
100
AcDbEntity
8
0
100
AcDbLine
10
-188.2552775468273
20
186.62399563752456
30
-5.5511151231257827e-16
11
-183.32749651231046
21
187.49289638893856
31
-5.5511151231257827e-16
0
ARC
5
1290
100
AcDbEntity
8
0
100
AcDbCircle
10
-103.07331016099965
20
210.18977531110409
30
-2.7755575615628914e-16
40
0.63500000000000956
210
0
220
0
230
1
100
AcDbArc
50
170.00000000159841
51
260.00000000044872
0
LINE
5
1291
100
AcDbEntity
8
0
100
AcDbLine
10
-218.44163147030065
20
167.05513207935925
30
-5.5511151231257827e-16
11
-223.36941250481729
21
166.18623132794454
31
-5.5511151231257827e-16
0
ARC
5
1292
100
AcDbEntity
8
0
100
AcDbCircle
10
-111.92887158000966
20
247.65418306380411
30
-2.7755575615628914e-16
40
0.63500000000000512
210
0
220
0
230
1
100
AcDbArc
50
-10.000000007281677
51
79.999999999777003
0
ARC
5
1293
100
AcDbEntity
8
0
100
AcDbCircle
10
-107.11304339502966
20
242.42041051020408
30
-2.7755575615628914e-16
40
0.25399999999999739
210
0
220
0
230
1
100
AcDbArc
50
260.0000000007804
51
349.99999998368469
0
ARC
5
1294
100
AcDbEntity
8
0
100
AcDbCircle
10
-215.80857619394973
20
174.87835693420411
30
-5.5511151231257827e-16
40
0.2539999999999954
210
0
220
0
230
1
100
AcDbArc
50
190.00000000077847
51
280.00000000078279
0
LINE
5
1295
100
AcDbEntity
8
0
100
AcDbLine
10
-49.015003214843411
20
166.11106583107127
30
-2.7755575615628914e-16
11
-52.767120753821132
21
166.77266538798136
31
-2.7755575615628914e-16
0
ARC
5
1296
100
AcDbEntity
8
0
100
AcDbCircle
10
-32.338388540023644
20
205.19953215640413
30
0
40
0.25399999999999723
210
0
220
0
230
1
100
AcDbArc
50
169.99999998387185
51
262.85145865006541
0
ARC
5
1297
100
AcDbEntity
8
0
100
AcDbCircle
10
-187.59573810742972
20
211.46527424860409
30
-5.5511151231257827e-16
40
0.25399999999999434
210
0
220
0
230
1
100
AcDbArc
50
-80.000000000784667
51
10.000000003023558
0
LINE
5
1298
100
AcDbEntity
8
0
100
AcDbLine
10
-185.83106998553865
20
201.76256067394138
30
-5.5511151231257827e-16
11
-186.3938876163997
21
201.66332074040412
31
-5.5511151231257827e-16
0
ARC
5
1299
100
AcDbEntity
8
0
100
AcDbCircle
10
-184.80233681426967
20
218.41539337960413
30
-5.5511151231257827e-16
40
0.25399999999999434
210
0
220
0
230
1
100
AcDbArc
50
99.9999999992027
51
189.99999999372989
0
LINE
5
1300
100
AcDbEntity
8
0
100
AcDbLine
10
-96.125031708856767
20
172.47368903399914
30
-2.7755575615628914e-16
11
-95.562214078011664
21
172.37444910046409
31
-2.7755575615628914e-16
0
ARC
5
1301
100
AcDbEntity
8
0
100
AcDbCircle
10
-188.28893724299971
20
215.46973828870415
30
-5.5511151231257827e-16
40
0.25400000000001599
210
0
220
-0
230
1
100
AcDbArc
50
9.9999999941105493
51
100.0000000031216
0
ARC
5
1302
100
AcDbEntity
8
0
100
AcDbCircle
10
-102.90823071379968
20
243.43480879560411
30
-2.7755575615628914e-16
40
0.25399999999999567
210
0
220
-0
230
1
100
AcDbArc
50
80.000000003001318
51
169.99999999697644
0
LINE
5
1303
100
AcDbEntity
8
0
100
AcDbLine
10
-184.28362582055971
20
218.76477448240411
30
-5.5511151231257827e-16
11
-185.12165192597968
21
223.51745669840412
31
-5.5511151231257827e-16
0
ARC
5
1304
100
AcDbEntity
8
0
100
AcDbCircle
10
-95.242898966309639
20
177.47651241930413
30
-2.7755575615628914e-16
40
0.25399999999999379
210
0
220
0
230
1
100
AcDbArc
50
170.000000001638
51
260.00000000027251
0
ARC
5
1305
100
AcDbEntity
8
0
100
AcDbCircle
10
-186.59338987517967
20
206.01275521960414
30
-5.5511151231257827e-16
40
0.25399999999998374
210
0
220
-0
230
1
100
AcDbArc
50
10.000000003023558
51
99.999999999218645
0
LINE
5
1306
100
AcDbEntity
8
0
100
AcDbLine
10
-107.71996766300965
20
242.26950927440413
30
-2.7755575615628914e-16
11
-108.55799376842965
21
237.51682705840409
31
-2.7755575615628914e-16
0
LINE
5
1307
100
AcDbEntity
8
0
100
AcDbLine
10
-238.52879607373524
20
172.71384392584491
30
-5.5511151231257827e-16
11
-237.82308987969969
21
168.71158521760461
31
-5.5511151231257827e-16
0
ARC
5
1308
100
AcDbEntity
8
0
100
AcDbCircle
10
-257.26323104895971
20
167.7274795804741
30
-8.3266726846886741e-16
40
0.25399999999998707
210
0
220
0
230
1
100
AcDbArc
50
-82.851458650783513
51
10.000000000776506
0
LINE
5
1309
100
AcDbEntity
8
0
100
AcDbLine
10
-42.33914160544699
20
169.96333931852422
30
-2.7755575615628914e-16
11
-43.044847799484998
21
165.9610806102842
31
-2.7755575615628914e-16
0
ARC
5
1310
100
AcDbEntity
8
0
100
AcDbCircle
10
-21.464289073299319
20
161.50604660902187
30
0
40
7.5000000000000533
210
0
220
0
230
1
100
AcDbArc
50
220.10447843145593
51
270
0
LINE
5
1311
100
AcDbEntity
8
0
100
AcDbLine
10
-40.707196031732202
20
179.21856258133357
30
-2.7755575615628914e-16
11
-41.412902225771973
21
175.21630387309438
31
-2.7755575615628914e-16
0
ARC
5
1312
100
AcDbEntity
8
0
100
AcDbCircle
10
-56.922050143015923
20
284.13014549289824
30
-2.7755575615628914e-16
40
125.00000000002451
210
0
220
0
230
1
100
AcDbArc
50
262.64762064010887
51
269.99999999999989
0
LINE
5
1313
100
AcDbEntity
8
0
100
AcDbLine
10
-239.3858615109697
20
172.82063852444409
30
-5.5511151231257827e-16
11
-238.82304388012969
21
172.91987845798414
31
-5.5511151231257827e-16
0
LINE
5
1314
100
AcDbEntity
8
0
100
AcDbLine
10
-99.355597605447002
20
175.2050963185242
30
-2.7755575615628914e-16
11
-100.06130379948476
21
171.20283761028358
31
-2.7755575615628914e-16
0
ARC
5
1315
100
AcDbEntity
8
0
100
AcDbCircle
10
-103.62644396630969
20
239.43475541930411
30
-2.7755575615628914e-16
40
0.25399999999999234
210
0
220
0
230
1
100
AcDbArc
50
170.00000000590043
51
260.00000000301975
0
ARC
5
1316
100
AcDbEntity
8
0
100
AcDbCircle
10
-91.353310161002653
20
166.98977531114409
30
-2.7755575615628914e-16
40
0.63500000000001
210
0
220
0
230
1
100
AcDbArc
50
169.999999999854
51
260.00000000000193
0
LINE
5
1317
100
AcDbEntity
8
0
100
AcDbLine
10
-102.86412407668539
20
243.68494996487152
30
-2.7755575615628914e-16
11
-97.936343042161553
21
242.81604921350478
31
-2.7755575615628914e-16
0
ARC
5
1318
100
AcDbEntity
8
0
100
AcDbCircle
10
-219.17893724299972
20
171.30973728871408
30
-5.5511151231257827e-16
40
0.2539999999999954
210
0
220
-0
230
1
100
AcDbArc
50
10.000000000776248
51
100.00000000038463
0
LINE
5
1319
100
AcDbEntity
8
0
100
AcDbLine
10
-216.05871736321421
20
174.83425029707331
30
-5.5511151231257827e-16
11
-216.76442355724981
21
178.83650900531478
31
-5.5511151231257827e-16
0
ARC
5
1320
100
AcDbEntity
8
0
100
AcDbCircle
10
-207.2406304699897
20
180.77372904470408
30
-5.5511151231257827e-16
40
0.63500000000000179
210
0
220
-0
230
1
100
AcDbArc
50
10.000000000180426
51
100.00000000001978
0
ARC
5
1321
100
AcDbEntity
8
0
100
AcDbCircle
10
-35.919282774711647
20
207.55744595560412
30
-2.7755575615628914e-16
40
0.25400000000000356
210
0
220
0
230
1
100
AcDbArc
50
-9.9999999939224313
51
80.000000001454893
0
LINE
5
1322
100
AcDbEntity
8
0
100
AcDbLine
10
-35.669141605441865
20
207.51333931850326
30
-2.7755575615628914e-16
11
-36.374847799484655
21
203.51108061020412
31
-2.7755575615628914e-16
0
ARC
5
1323
100
AcDbEntity
8
0
100
AcDbCircle
10
-185.87517662267967
20
202.01270184320407
30
-5.5511151231257827e-16
40
0.25399999999998779
210
0
220
0
230
1
100
AcDbArc
50
-79.999999996878387
51
10.000000015933468
0
ARC
5
1324
100
AcDbEntity
8
0
100
AcDbCircle
10
-208.11476542797973
20
185.7959647351241
30
-5.5511151231257827e-16
40
0.63500000000000179
210
0
220
0
230
1
100
AcDbArc
50
-79.999999999820474
51
10.000000000176946
0
ARC
5
1325
100
AcDbEntity
8
0
100
AcDbCircle
10
-218.48573810742971
20
167.3052732486241
30
-5.5511151231257827e-16
40
0.25400000000001416
210
0
220
0
230
1
100
AcDbArc
50
-79.999999999621096
51
9.9999999992279527
0
LINE
5
1326
100
AcDbEntity
8
0
100
AcDbLine
10
-158.58187512161524
20
179.42637492319739
30
-5.5511151231257827e-16
11
-164.58299550458077
21
213.46041984861591
31
-1.4432899320127038e-14
0
LINE
5
1327
100
AcDbEntity
8
0
100
AcDbLine
10
-234.10644345139883
20
168.93553354889886
30
-5.5511151231257827e-16
11
-233.5436258205597
21
169.03477348244411
31
-5.5511151231257827e-16
0
LINE
5
1328
100
AcDbEntity
8
0
100
AcDbLine
10
-112.08800303704977
20
214.15899860134414
30
-2.7755575615628914e-16
11
-117.01583969885382
21
215.0279091614031
31
-2.7755575615628914e-16
0
ARC
5
1329
100
AcDbEntity
8
0
100
AcDbCircle
10
-96.862337481560701
20
168.21908382463417
30
-2.7755575615628914e-16
40
0.25399999999998901
210
0
220
0
230
1
100
AcDbArc
50
169.99999999881149
51
259.99999999989905
0
LINE
5
1330
100
AcDbEntity
8
0
100
AcDbLine
10
-122.01866308416552
20
215.91004190390518
30
-2.7755575615628914e-16
11
-126.94644411867398
21
216.77894265533669
31
-2.7755575615628914e-16
0
LINE
5
1331
100
AcDbEntity
8
0
100
AcDbLine
10
-117.75145921483328
20
214.51282283104049
30
-2.7755575615628914e-16
11
-121.50357675381328
21
215.1744223879405
31
-2.7755575615628914e-16
0
ARC
5
1332
100
AcDbEntity
8
0
100
AcDbCircle
10
-184.09663062023967
20
214.41313467130411
30
-5.5511151231257827e-16
40
0.25400000000000983
210
0
220
0
230
1
100
AcDbArc
50
189.99999999411054
51
282.85145865048872
0
ARC
5
1333
100
AcDbEntity
8
0
100
AcDbCircle
10
-106.41984425945969
20
246.42487455030414
30
-2.7755575615628914e-16
40
0.25399999999999506
210
0
220
0
230
1
100
AcDbArc
50
-10.000000003023551
51
79.999999996871111
0
LINE
5
1334
100
AcDbEntity
8
0
100
AcDbLine
10
-97.200723526165959
20
243.33113554386486
30
-2.7755575615628914e-16
11
-93.448605987189922
21
242.66953598696506
31
-2.7755575615628914e-16
0
LINE
5
1335
100
AcDbEntity
8
0
100
AcDbLine
10
-233.5436258205597
20
169.03477348244411
30
-5.5511151231257827e-16
11
-234.38165192597972
21
173.78745569847408
31
-5.5511151231257827e-16
0
ARC
5
1336
100
AcDbEntity
8
0
100
AcDbCircle
10
-52.309612116272611
20
166.63014549287396
30
-2.7755575615628914e-16
40
7.5000000000001776
210
0
220
0
230
1
100
AcDbArc
50
270.00000000000023
51
275.44033203100525
0
LINE
5
1337
100
AcDbEntity
8
0
100
AcDbLine
10
-220.56074164744842
20
180.60906718865485
30
-5.5511151231257827e-16
11
-219.8550354534149
21
176.60680848041318
31
-5.5511151231257827e-16
0
ARC
5
1338
100
AcDbEntity
8
0
100
AcDbCircle
10
-96.169138345984649
20
172.22354786473409
30
-2.7755575615628914e-16
40
0.25399999999997935
210
0
220
-0
230
1
100
AcDbArc
50
79.999999999890932
51
169.99999999945155
0
ARC
5
1339
100
AcDbEntity
8
0
100
AcDbCircle
10
-100.32395202721366
20
171.2491495792641
30
-2.7755575615628914e-16
40
0.25400000000001433
210
0
220
0
230
1
100
AcDbArc
50
259.99999999988347
51
350.00000000073373
0
ARC
5
1340
100
AcDbEntity
8
0
100
AcDbCircle
10
-214.88233681426971
20
169.62539237963409
30
-5.5511151231257827e-16
40
0.254000000000008
210
0
220
0
230
1
100
AcDbArc
50
100.00000000039486
51
189.9999999981558
0
LINE
5
1341
100
AcDbEntity
8
0
100
AcDbLine
10
-85.480722526165934
20
200.12113554386488
30
-2.7755575615628914e-16
11
-81.728604987188191
21
199.45953598697474
31
-2.7755575615628914e-16
0
LINE
5
1342
100
AcDbEntity
8
0
100
AcDbLine
10
-234.38165192597972
20
173.78745569847408
30
-5.5511151231257827e-16
11
-234.94446955681892
21
173.6882157649396
31
-5.5511151231257827e-16
0
LINE
5
1343
100
AcDbEntity
8
0
100
AcDbLine
10
-186.3938876163997
20
201.66332074040412
30
-5.5511151231257827e-16
11
-185.55586151096972
21
196.91063852444412
31
-5.5511151231257827e-16
0
LINE
5
1344
100
AcDbEntity
8
0
100
AcDbLine
10
-43.107993768430653
20
170.35682705845409
30
-2.7755575615628914e-16
11
-42.545176137583773
21
170.25758712491918
31
-2.7755575615628914e-16
0
LINE
5
1345
100
AcDbEntity
8
0
100
AcDbLine
10
-41.707150032162836
20
175.01026934095881
30
-2.7755575615628914e-16
11
-42.269967663009645
21
175.10950927449414
31
-2.7755575615628914e-16
0
LINE
5
1346
100
AcDbEntity
8
0
100
AcDbLine
10
-186.33074164744113
20
206.05906718860359
30
-5.5511151231257827e-16
11
-185.62503545342685
21
202.05680848040103
31
-5.5511151231257827e-16
0
ARC
5
1347
100
AcDbEntity
8
0
100
AcDbCircle
10
-87.601192622025664
20
166.32817575423414
30
-2.7755575615628914e-16
40
0.63499999999998469
210
0
220
0
230
1
100
AcDbArc
50
260.00000000007179
51
349.99999999986733
0
ARC
5
1348
100
AcDbEntity
8
0
100
AcDbCircle
10
-199.83233681426967
20
194.13539237963408
30
-5.5511151231257827e-16
40
0.25400000000001416
210
0
220
0
230
1
100
AcDbArc
50
100.00000000040527
51
189.9999999981687
0
ARC
5
1349
100
AcDbEntity
8
0
100
AcDbCircle
10
-31.550394694829649
20
168.1324945988041
30
0
40
21.000016348388076
210
0
220
0
230
1
100
AcDbArc
50
317.72517412524184
51
349.69173341188241
0
ARC
5
1350
100
AcDbEntity
8
0
100
AcDbCircle
10
-217.47663062023972
20
184.40313367139407
30
-5.5511151231257827e-16
40
0.2539999999999954
210
0
220
0
230
1
100
AcDbArc
50
190.00000000077333
51
282.85145864962232
0
LINE
5
1351
100
AcDbEntity
8
0
100
AcDbLine
10
-55.784123076681489
20
182.13494996494941
30
-2.7755575615628914e-16
11
-50.856342042158175
21
181.26604921354425
31
-2.7755575615628914e-16
0
ARC
5
1352
100
AcDbEntity
8
0
100
AcDbCircle
10
-129.51913834597968
20
202.27354786470411
30
-2.7755575615628914e-16
40
0.25399999999998474
210
0
220
-0
230
1
100
AcDbArc
50
79.999999996880632
51
170.00000000628793
0
LINE
5
1353
100
AcDbEntity
8
0
100
AcDbLine
10
-253.98165192597972
20
175.14745569847403
30
-8.3266726846886741e-16
11
-254.544469556819
21
175.04821576493958
31
-8.3266726846886741e-16
0
LINE
5
1354
100
AcDbEntity
8
0
100
AcDbLine
10
-187.55163147030575
20
211.21513307933839
30
-5.5511151231257827e-16
11
-192.47941250481387
21
210.34623232790511
31
-5.5511151231257827e-16
0
LINE
5
1355
100
AcDbEntity
8
0
100
AcDbLine
10
-230.28301460179009
20
179.79748241095649
30
-5.5511151231257827e-16
11
-226.53089706280841
21
180.45908196786681
31
-5.5511151231257827e-16
0
ARC
5
1356
100
AcDbEntity
8
0
100
AcDbCircle
10
-144.9726833459797
20
224.36179086470412
30
-5.5511151231257827e-16
40
0.25400000000003203
210
0
220
-0
230
1
100
AcDbArc
50
79.999999996874308
51
170.00000000628793
0
ARC
5
1357
100
AcDbEntity
8
0
100
AcDbCircle
10
-35.224545745373092
20
150.67810874628046
30
0
40
10.000000000000037
210
0
220
-0
230
1
100
AcDbArc
50
40.104478431455995
51
95.440332031005354
0
LINE
5
1358
100
AcDbEntity
8
0
100
AcDbLine
10
-188.89586151096972
20
215.62063952440411
30
-5.5511151231257827e-16
11
-188.33304388014074
21
215.71987945796684
31
-5.5511151231257827e-16
0
LINE
5
1359
100
AcDbEntity
8
0
100
AcDbLine
10
-39.183518656869829
20
217.93391647090664
30
-2.7755575615628914e-16
11
-34.255737622322513
21
217.06501571956733
31
-2.7755575615628914e-16
0
ARC
5
1360
100
AcDbEntity
8
0
100
AcDbCircle
10
-238.77893724299969
20
172.66973728871406
30
-5.5511151231257827e-16
40
0.2539999999999954
210
0
220
-0
230
1
100
AcDbArc
50
10.000000000792257
51
100.0000000003824
0
LINE
5
1361
100
AcDbEntity
8
0
100
AcDbLine
10
-233.59301460179012
20
198.58748241095643
30
-5.5511151231257827e-16
11
-229.84089706282043
21
199.24908196786473
31
-5.5511151231257827e-16
0
ARC
5
1362
100
AcDbEntity
8
0
100
AcDbCircle
10
-31.632682345984652
20
209.20179086470412
30
0
40
0.25400000000000905
210
0
220
-0
230
1
100
AcDbArc
50
79.999999997541181
51
170.00000000611905
0
ARC
5
1363
100
AcDbEntity
8
0
100
AcDbCircle
10
-29.988229713807648
20
218.45480879560412
30
0
40
0.25399999999997902
210
0
220
-0
230
1
100
AcDbArc
50
80.000000001455518
51
169.99999999694924
0
LINE
5
1364
100
AcDbEntity
8
0
100
AcDbLine
10
-140.78220808416555
20
219.23828490390517
30
-5.5511151231257827e-16
11
-145.70998911867395
21
220.10718565533671
31
-5.5511151231257827e-16
0
LINE
5
1365
100
AcDbEntity
8
0
100
AcDbLine
10
-223.87074164743939
20
199.39906718860391
30
-5.5511151231257827e-16
11
-223.16503545341482
21
195.39680848041314
31
-5.5511151231257827e-16
0
ARC
5
1366
100
AcDbEntity
8
0
100
AcDbCircle
10
-36.624988968749655
20
203.55518724740418
30
-2.7755575615628914e-16
40
0.25400000000001827
210
0
220
0
230
1
100
AcDbArc
50
257.14854135203711
51
349.99999998385516
0
ARC
5
1367
100
AcDbEntity
8
0
100
AcDbCircle
10
-262.78476542797978
20
166.49596573512409
30
-8.3266726846886741e-16
40
0.635000000000008
210
0
220
0
230
1
100
AcDbArc
50
-79.999999999817518
51
10.000000000177387
0
ARC
5
1368
100
AcDbEntity
8
0
100
AcDbCircle
10
-46.478871580018655
20
180.49418306381409
30
-2.7755575615628914e-16
40
0.63499999999999668
210
0
220
0
230
1
100
AcDbArc
50
-10.000000000133165
51
80.00000000000297
0
LINE
5
1369
100
AcDbEntity
8
0
100
AcDbLine
10
-189.17106998553862
20
220.47256167394139
30
-5.5511151231257827e-16
11
-189.7338876163997
21
220.37332174040412
31
-5.5511151231257827e-16
0
ARC
5
1370
100
AcDbEntity
8
0
100
AcDbCircle
10
-252.94412356176974
20
166.0453390032541
30
-8.3266726846886741e-16
40
0.25400000000000961
210
0
220
0
230
1
100
AcDbArc
50
190.00000000112317
51
279.99999999817481
0
ARC
5
1371
100
AcDbEntity
8
0
100
AcDbCircle
10
-130.08928377470968
20
221.7374459556041
30
-2.7755575615628914e-16
40
0.25399999999999362
210
0
220
0
230
1
100
AcDbArc
50
-9.9999999937142459
51
80.000000000791019
0
LINE
5
1372
100
AcDbEntity
8
0
100
AcDbLine
10
-206.61527754682731
20
180.88399563752455
30
-5.5511151231257827e-16
11
-201.6874965123105
21
181.75289638893867
31
-5.5511151231257827e-16
0
LINE
5
1373
100
AcDbEntity
8
0
100
AcDbLine
10
-229.10527754682732
20
198.73399563752457
30
-5.5511151231257827e-16
11
-224.17749651230363
21
199.60289638886988
31
-5.5511151231257827e-16
0
ARC
5
1374
100
AcDbEntity
8
0
100
AcDbCircle
10
-94.524685713807642
20
181.47656579568408
30
-2.7755575615628914e-16
40
0.25399999999996314
210
0
220
-0
230
1
100
AcDbArc
50
80.000000000282
51
169.99999999883099
0
LINE
5
1375
100
AcDbEntity
8
0
100
AcDbLine
10
-34.0371960317215
20
216.76856258130417
30
-2.7755575615628914e-16
11
-34.742902225783922
21
212.76630387300642
31
-2.7755575615628914e-16
0
LINE
5
1376
100
AcDbEntity
8
0
100
AcDbLine
10
-253.7064434513988
20
170.29553354889885
30
-8.3266726846886741e-16
11
-253.14362582055969
21
170.39477348244412
31
-8.3266726846886741e-16
0
LINE
5
1377
100
AcDbEntity
8
0
100
AcDbLine
10
-188.03879607373005
20
215.51384492580584
30
-5.5511151231257827e-16
11
-187.33308987969937
21
211.51158621760217
31
-5.5511151231257827e-16
0
LINE
5
1378
100
AcDbEntity
8
0
100
AcDbLine
10
-233.60677178950419
20
164.63902703426331
30
-5.5511151231257827e-16
11
-234.31247798353974
21
168.6412857425141
31
-5.5511151231257827e-16
0
ARC
5
1379
100
AcDbEntity
8
0
100
AcDbCircle
10
-136.4047376220197
20
218.46641875420414
30
-5.5511151231257827e-16
40
0.63500000000000068
210
0
220
0
230
1
100
AcDbArc
50
260.00000000045333
51
350.00000000159804
0
ARC
5
1380
100
AcDbEntity
8
0
100
AcDbCircle
10
-130.80749702720968
20
217.73739257920411
30
-2.7755575615628914e-16
40
0.25400000000002587
210
0
220
0
230
1
100
AcDbArc
50
259.99999999687321
51
349.99999999696382
0
ARC
5
1381
100
AcDbEntity
8
0
100
AcDbCircle
10
-211.86688296695968
20
185.13436517821415
30
-5.5511151231257827e-16
40
0.63500000000000179
210
0
220
0
230
1
100
AcDbArc
50
190.00000000017906
51
280.00000000017701
0
ARC
5
1382
100
AcDbEntity
8
0
100
AcDbCircle
10
-140.15685516099967
20
219.12801831110411
30
-5.5511151231257827e-16
40
0.63500000000000345
210
0
220
0
230
1
100
AcDbArc
50
170.00000000159929
51
260.00000000044707
0
LINE
5
1383
100
AcDbEntity
8
0
100
AcDbLine
10
-194.14223589012209
20
190.75409858539365
30
-5.5511151231257827e-16
11
-199.07007255194301
21
189.88518802539141
31
-5.5511151231257827e-16
0
LINE
5
1384
100
AcDbEntity
8
0
100
AcDbLine
10
-42.269967663009645
20
175.10950927449414
30
-2.7755575615628914e-16
11
-43.107993768430653
21
170.35682705845409
31
-2.7755575615628914e-16
0
LINE
5
1385
100
AcDbEntity
8
0
100
AcDbLine
10
-223.93388761639969
20
195.00332074048407
30
-5.5511151231257827e-16
11
-223.09586151096968
21
190.25063852444416
31
-5.5511151231257827e-16
0
LINE
5
1386
100
AcDbEntity
8
0
100
AcDbLine
10
-43.351547037047375
20
165.75724160141226
30
-2.7755575615628914e-16
11
-48.279383698863171
21
166.62615216141421
31
-2.7755575615628914e-16
0
ARC
5
1387
100
AcDbEntity
8
0
100
AcDbCircle
10
-233.48274800896971
20
197.9621294877941
30
-5.5511151231257827e-16
40
0.63499999999999568
210
0
220
0
230
1
100
AcDbArc
50
100.00000000017626
51
190.00000000017741
0
ARC
5
1388
100
AcDbEntity
8
0
100
AcDbCircle
10
-234.06233681426968
20
168.6853923796341
30
-5.5511151231257827e-16
40
0.25400000000001416
210
0
220
0
230
1
100
AcDbArc
50
100.00000000040116
51
189.99999999816106
0
CIRCLE
5
1389
100
AcDbEntity
8
0
100
AcDbCircle
10
20.342507058239953
20
156.70001222204417
30
-2.4912386155505997e-15
40
2.0026103867333216
210
1.2246467991473532e-16
220
0
230
-1
0
CIRCLE
5
1390
100
AcDbEntity
8
0
100
AcDbCircle
10
8.3825070582399572
20
214.1000122220442
30
-2.46980729656552e-15
40
2.0026103867333216
210
1.2246467991473532e-16
220
0
230
-1
0
CIRCLE
5
1391
100
AcDbEntity
8
0
100
AcDbCircle
10
-148.60250705824001
20
257.32001222204417
30
0
40
2.0026103867333216
210
0
220
0
230
1
0
CIRCLE
5
1392
100
AcDbEntity
8
0
100
AcDbCircle
10
-212.35250705824001
20
240.42001222204419
30
0
40
2.0026103867333216
210
0
220
0
230
1
0
CIRCLE
5
1393
100
AcDbEntity
8
0
100
AcDbCircle
10
-275.39750705824002
20
157.03001222204418
30
0
40
2.0026103867333216
210
0
220
0
230
1
0
CIRCLE
5
1394
100
AcDbEntity
8
0
100
AcDbCircle
10
-287.18250705823999
20
213.83001222204416
30
0
40
2.0026103867333216
210
0
220
0
230
1
0
CIRCLE
5
1395
100
AcDbEntity
8
0
100
AcDbCircle
10
-83.002507058240013
20
241.22001222204415
30
0
40
2.0026103867333216
210
0
220
0
230
1
0
CIRCLE
5
1396
100
AcDbEntity
8
0
100
AcDbCircle
10
-94.142507058240014
20
194.17001222204416
30
0
40
1.5000000000000036
210
0
220
0
230
1
0
CIRCLE
5
1397
100
AcDbEntity
8
0
100
AcDbCircle
10
-201.74250705823999
20
194.04001222204417
30
0
40
1.4999999999999858
210
0
220
0
230
1
0
ENDSEC
0
SECTION
2
OBJECTS
0
DICTIONARY
5
C
100
AcDbDictionary
3
ACAD_GROUP
350
D
3
ACAD_MLINESTYLE
350
17
0
DICTIONARY
5
D
100
AcDbDictionary
0
DICTIONARY
5
1A
330
C
100
AcDbDictionary
0
DICTIONARY
5
17
100
AcDbDictionary
0
ENDSEC
0
EOF
